###############################################################
#  Generated by:      Cadence Tempus 20.20-p001_1
#  OS:                Linux x86_64(Host ID APL4.kletech.ac.in)
#  Generated on:      Fri Apr  4 17:15:07 2025
#  Design:            momal
#  Command:           report_timing -early  -max_paths 50 -nworst 1 -path_type full_clock -net  > outputs/worst_min_path.rpt
###############################################################
Path 1: MET Hold Check with Pin U460_reg/CK 
Endpoint:   U460_reg/D (v) checked with  leading edge of 'in_rclk'
Beginpoint: U432_reg/Q (v) triggered by  leading edge of 'in_rclk'
Path Groups: {in_rclk}
Other End Arrival Time          0.000
+ Hold                          0.019
+ Phase Shift                   0.000
= Required Time                 0.019
  Arrival Time                  0.253
  Slack Time                    0.234
     Clock Rise Edge                      0.000
     = Beginpoint Arrival Time            0.000
     Timing Path:
      --------------------------------------------------------------------------------------
      Pin                      Edge  Net                   Cell     Delay  Arrival  Required  
                                                                           Time     Time  
      --------------------------------------------------------------------------------------
      in_rclk                  ^     in_rclk               -        -      0.000    -0.234  
      atop_ATctod_i158380_1/A  ^     in_rclk               BUF_X16  0.000  0.000    -0.234  
      atop_ATctod_i158380_1/Z  ^     atop_ATctod_149615_1  BUF_X16  0.000  0.000    -0.234  
      U432_reg/CK              ^     atop_ATctod_149615_1  SDFF_X1  0.000  0.000    -0.234  
      U432_reg/Q               v     sbn_37718             SDFF_X1  0.253  0.253    0.019  
      U460_reg/D               v     sbn_37718             DFF_X2   0.000  0.253    0.019  
      --------------------------------------------------------------------------------------
     Clock Rise Edge                      0.000
     = Beginpoint Arrival Time            0.000
     Other End Path:
      --------------------------------------------------------------------------------------
      Pin                      Edge  Net                   Cell     Delay  Arrival  Required  
                                                                           Time     Time  
      --------------------------------------------------------------------------------------
      in_rclk                  ^     in_rclk               -        -      0.000    0.234  
      atop_ATctod_i158379_1/A  ^     in_rclk               BUF_X16  0.000  0.000    0.234  
      atop_ATctod_i158379_1/Z  ^     atop_ATctod_149614_1  BUF_X16  0.000  0.000    0.234  
      U460_reg/CK              ^     atop_ATctod_149614_1  DFF_X2   0.000  0.000    0.234  
      --------------------------------------------------------------------------------------
Path 2: MET Hold Check with Pin U241_reg/CK 
Endpoint:   U241_reg/D (v) checked with  leading edge of 'in_rclk'
Beginpoint: U165_reg/Q (v) triggered by  leading edge of 'in_rclk'
Path Groups: {in_rclk}
Other End Arrival Time          0.000
+ Hold                          0.019
+ Phase Shift                   0.000
= Required Time                 0.019
  Arrival Time                  0.253
  Slack Time                    0.234
     Clock Rise Edge                      0.000
     = Beginpoint Arrival Time            0.000
     Timing Path:
      --------------------------------------------------------------------------------------------
      Pin                         Edge  Net                      Cell     Delay  Arrival  Required  
                                                                                 Time     Time  
      --------------------------------------------------------------------------------------------
      in_rclk                     ^     in_rclk                  -        -      0.000    -0.234  
      in_rclk_ATctos_i158229_1/A  ^     in_rclk                  BUF_X2   0.000  0.000    -0.234  
      in_rclk_ATctos_i158229_1/Z  ^     in_rclk_ATctos_149604_1  BUF_X2   0.000  0.000    -0.234  
      in_rclk_ATctod_i158386_1/A  ^     in_rclk_ATctos_149604_1  BUF_X8   0.000  0.000    -0.234  
      in_rclk_ATctod_i158386_1/Z  ^     in_rclk_ATctod_149621_1  BUF_X8   0.000  0.000    -0.234  
      U165_reg/CK                 ^     in_rclk_ATctod_149621_1  SDFF_X1  0.000  0.000    -0.234  
      U165_reg/Q                  v     sbn_37717                SDFF_X1  0.253  0.253    0.019  
      U241_reg/D                  v     sbn_37717                DFF_X2   0.000  0.253    0.019  
      --------------------------------------------------------------------------------------------
     Clock Rise Edge                      0.000
     = Beginpoint Arrival Time            0.000
     Other End Path:
      -------------------------------------------------------------------------------------------
      Pin                         Edge  Net                      Cell    Delay  Arrival  Required  
                                                                                Time     Time  
      -------------------------------------------------------------------------------------------
      in_rclk                     ^     in_rclk                  -       -      0.000    0.234  
      in_rclk_ATctos_i158229_1/A  ^     in_rclk                  BUF_X2  0.000  0.000    0.234  
      in_rclk_ATctos_i158229_1/Z  ^     in_rclk_ATctos_149604_1  BUF_X2  0.000  0.000    0.234  
      in_rclk_ATctod_i158386_1/A  ^     in_rclk_ATctos_149604_1  BUF_X8  0.000  0.000    0.234  
      in_rclk_ATctod_i158386_1/Z  ^     in_rclk_ATctod_149621_1  BUF_X8  0.000  0.000    0.234  
      U241_reg/CK                 ^     in_rclk_ATctod_149621_1  DFF_X2  0.000  0.000    0.234  
      -------------------------------------------------------------------------------------------
Path 3: MET Hold Check with Pin U787_reg/CK 
Endpoint:   U787_reg/D (^) checked with  leading edge of 'in_rclk'
Beginpoint: U739_reg/Q (^) triggered by  leading edge of 'in_rclk'
Path Groups: {in_rclk}
Other End Arrival Time          0.000
+ Hold                          0.032
+ Phase Shift                   0.000
= Required Time                 0.032
  Arrival Time                  0.358
  Slack Time                    0.326
     Clock Rise Edge                      0.000
     = Beginpoint Arrival Time            0.000
     Timing Path:
      --------------------------------------------------------------------------------------------
      Pin                         Edge  Net                      Cell     Delay  Arrival  Required  
                                                                                 Time     Time  
      --------------------------------------------------------------------------------------------
      in_rclk                     ^     in_rclk                  -        -      0.000    -0.326  
      in_rclk_ATctos_i158230_1/A  ^     in_rclk                  BUF_X2   0.000  0.000    -0.326  
      in_rclk_ATctos_i158230_1/Z  ^     in_rclk_ATctos_149605_1  BUF_X2   0.000  0.000    -0.326  
      atop_ATctod_i158392_1/A     ^     in_rclk_ATctos_149605_1  BUF_X8   0.000  0.000    -0.326  
      atop_ATctod_i158392_1/Z     ^     atop_ATctod_149627_1     BUF_X8   0.000  0.000    -0.326  
      U739_reg/CK                 ^     atop_ATctod_149627_1     DFFR_X1  0.000  0.000    -0.326  
      U739_reg/Q                  ^     sbn_37500                DFFR_X1  0.358  0.358    0.032  
      U787_reg/D                  ^     sbn_37500                DFFR_X1  0.000  0.358    0.032  
      --------------------------------------------------------------------------------------------
     Clock Rise Edge                      0.000
     = Beginpoint Arrival Time            0.000
     Other End Path:
      --------------------------------------------------------------------------------------------
      Pin                         Edge  Net                      Cell     Delay  Arrival  Required  
                                                                                 Time     Time  
      --------------------------------------------------------------------------------------------
      in_rclk                     ^     in_rclk                  -        -      0.000    0.326  
      in_rclk_ATctos_i158230_1/A  ^     in_rclk                  BUF_X2   0.000  0.000    0.326  
      in_rclk_ATctos_i158230_1/Z  ^     in_rclk_ATctos_149605_1  BUF_X2   0.000  0.000    0.326  
      atop_ATctod_i158392_1/A     ^     in_rclk_ATctos_149605_1  BUF_X8   0.000  0.000    0.326  
      atop_ATctod_i158392_1/Z     ^     atop_ATctod_149627_1     BUF_X8   0.000  0.000    0.326  
      U787_reg/CK                 ^     atop_ATctod_149627_1     DFFR_X1  0.000  0.000    0.326  
      --------------------------------------------------------------------------------------------
Path 4: MET Hold Check with Pin U568_reg_0/CK 
Endpoint:   U568_reg_0/D (^) checked with  leading edge of 'in_rclk'
Beginpoint: U725_reg_0/Q (^) triggered by  leading edge of 'in_rclk'
Path Groups: {in_rclk}
Other End Arrival Time          0.000
+ Hold                          0.032
+ Phase Shift                   0.000
= Required Time                 0.032
  Arrival Time                  0.358
  Slack Time                    0.326
     Clock Rise Edge                      0.000
     = Beginpoint Arrival Time            0.000
     Timing Path:
      --------------------------------------------------------------------------------------------
      Pin                         Edge  Net                      Cell     Delay  Arrival  Required  
                                                                                 Time     Time  
      --------------------------------------------------------------------------------------------
      in_rclk                     ^     in_rclk                  -        -      0.000    -0.326  
      in_rclk_ATctos_i158229_1/A  ^     in_rclk                  BUF_X2   0.000  0.000    -0.326  
      in_rclk_ATctos_i158229_1/Z  ^     in_rclk_ATctos_149604_1  BUF_X2   0.000  0.000    -0.326  
      in_rclk_ATctod_i158386_1/A  ^     in_rclk_ATctos_149604_1  BUF_X8   0.000  0.000    -0.326  
      in_rclk_ATctod_i158386_1/Z  ^     in_rclk_ATctod_149621_1  BUF_X8   0.000  0.000    -0.326  
      U725_reg_0/CK               ^     in_rclk_ATctod_149621_1  DFFR_X1  0.000  0.000    -0.326  
      U725_reg_0/Q                ^     sbn_54114                DFFR_X1  0.358  0.358    0.032  
      U568_reg_0/D                ^     sbn_54114                DFFR_X1  0.000  0.358    0.032  
      --------------------------------------------------------------------------------------------
     Clock Rise Edge                      0.000
     = Beginpoint Arrival Time            0.000
     Other End Path:
      --------------------------------------------------------------------------------------------
      Pin                         Edge  Net                      Cell     Delay  Arrival  Required  
                                                                                 Time     Time  
      --------------------------------------------------------------------------------------------
      in_rclk                     ^     in_rclk                  -        -      0.000    0.326  
      in_rclk_ATctos_i158229_1/A  ^     in_rclk                  BUF_X2   0.000  0.000    0.326  
      in_rclk_ATctos_i158229_1/Z  ^     in_rclk_ATctos_149604_1  BUF_X2   0.000  0.000    0.326  
      in_rclk_ATctod_i158386_1/A  ^     in_rclk_ATctos_149604_1  BUF_X8   0.000  0.000    0.326  
      in_rclk_ATctod_i158386_1/Z  ^     in_rclk_ATctod_149621_1  BUF_X8   0.000  0.000    0.326  
      U568_reg_0/CK               ^     in_rclk_ATctod_149621_1  DFFR_X1  0.000  0.000    0.326  
      --------------------------------------------------------------------------------------------
Path 5: MET Hold Check with Pin U862_reg_0/CK 
Endpoint:   U862_reg_0/D (^) checked with  leading edge of 'in_rclk'
Beginpoint: U545_reg_0/Q (^) triggered by  leading edge of 'in_rclk'
Path Groups: {in_rclk}
Other End Arrival Time          0.000
+ Hold                          0.032
+ Phase Shift                   0.000
= Required Time                 0.032
  Arrival Time                  0.360
  Slack Time                    0.327
     Clock Rise Edge                      0.000
     = Beginpoint Arrival Time            0.000
     Timing Path:
      --------------------------------------------------------------------------------------------
      Pin                         Edge  Net                      Cell     Delay  Arrival  Required  
                                                                                 Time     Time  
      --------------------------------------------------------------------------------------------
      in_rclk                     ^     in_rclk                  -        -      0.000    -0.327  
      in_rclk_ATctos_i158230_1/A  ^     in_rclk                  BUF_X2   0.000  0.000    -0.327  
      in_rclk_ATctos_i158230_1/Z  ^     in_rclk_ATctos_149605_1  BUF_X2   0.000  0.000    -0.327  
      in_rclk_ATctod_i158391_1/A  ^     in_rclk_ATctos_149605_1  BUF_X8   0.000  0.000    -0.327  
      in_rclk_ATctod_i158391_1/Z  ^     in_rclk_ATctod_149626_1  BUF_X8   0.000  0.000    -0.327  
      U545_reg_0/CK               ^     in_rclk_ATctod_149626_1  DFFR_X1  0.000  0.000    -0.327  
      U545_reg_0/Q                ^     sbn_54184                DFFR_X1  0.360  0.360    0.032  
      U862_reg_0/D                ^     sbn_54184                DFFR_X2  0.000  0.360    0.032  
      --------------------------------------------------------------------------------------------
     Clock Rise Edge                      0.000
     = Beginpoint Arrival Time            0.000
     Other End Path:
      --------------------------------------------------------------------------------------------
      Pin                         Edge  Net                      Cell     Delay  Arrival  Required  
                                                                                 Time     Time  
      --------------------------------------------------------------------------------------------
      in_rclk                     ^     in_rclk                  -        -      0.000    0.327  
      in_rclk_ATctos_i158230_1/A  ^     in_rclk                  BUF_X2   0.000  0.000    0.327  
      in_rclk_ATctos_i158230_1/Z  ^     in_rclk_ATctos_149605_1  BUF_X2   0.000  0.000    0.327  
      in_rclk_ATctod_i158391_1/A  ^     in_rclk_ATctos_149605_1  BUF_X8   0.000  0.000    0.327  
      in_rclk_ATctod_i158391_1/Z  ^     in_rclk_ATctod_149626_1  BUF_X8   0.000  0.000    0.327  
      U862_reg_0/CK               ^     in_rclk_ATctod_149626_1  DFFR_X2  0.000  0.000    0.327  
      --------------------------------------------------------------------------------------------
Path 6: MET Hold Check with Pin U775_reg_0/CK 
Endpoint:   U775_reg_0/D (^) checked with  leading edge of 'in_rclk'
Beginpoint: U421_reg_0/Q (^) triggered by  leading edge of 'in_rclk'
Path Groups: {in_rclk}
Other End Arrival Time          0.000
+ Hold                          0.032
+ Phase Shift                   0.000
= Required Time                 0.032
  Arrival Time                  0.360
  Slack Time                    0.327
     Clock Rise Edge                      0.000
     = Beginpoint Arrival Time            0.000
     Timing Path:
      --------------------------------------------------------------------------------------------
      Pin                         Edge  Net                      Cell     Delay  Arrival  Required  
                                                                                 Time     Time  
      --------------------------------------------------------------------------------------------
      in_rclk                     ^     in_rclk                  -        -      0.000    -0.327  
      in_rclk_ATctos_i158229_1/A  ^     in_rclk                  BUF_X2   0.000  0.000    -0.327  
      in_rclk_ATctos_i158229_1/Z  ^     in_rclk_ATctos_149604_1  BUF_X2   0.000  0.000    -0.327  
      atop_ATctod_i158387_1/A     ^     in_rclk_ATctos_149604_1  BUF_X8   0.000  0.000    -0.327  
      atop_ATctod_i158387_1/Z     ^     atop_ATctod_149622_1     BUF_X8   0.000  0.000    -0.327  
      U421_reg_0/CK               ^     atop_ATctod_149622_1     DFFR_X1  0.000  0.000    -0.327  
      U421_reg_0/Q                ^     sbn_50904                DFFR_X1  0.360  0.360    0.032  
      U775_reg_0/D                ^     sbn_50904                DFFR_X2  0.000  0.360    0.032  
      --------------------------------------------------------------------------------------------
     Clock Rise Edge                      0.000
     = Beginpoint Arrival Time            0.000
     Other End Path:
      --------------------------------------------------------------------------------------------
      Pin                         Edge  Net                      Cell     Delay  Arrival  Required  
                                                                                 Time     Time  
      --------------------------------------------------------------------------------------------
      in_rclk                     ^     in_rclk                  -        -      0.000    0.327  
      in_rclk_ATctos_i158229_1/A  ^     in_rclk                  BUF_X2   0.000  0.000    0.327  
      in_rclk_ATctos_i158229_1/Z  ^     in_rclk_ATctos_149604_1  BUF_X2   0.000  0.000    0.327  
      atop_ATctod_i158387_1/A     ^     in_rclk_ATctos_149604_1  BUF_X8   0.000  0.000    0.327  
      atop_ATctod_i158387_1/Z     ^     atop_ATctod_149622_1     BUF_X8   0.000  0.000    0.327  
      U775_reg_0/CK               ^     atop_ATctod_149622_1     DFFR_X2  0.000  0.000    0.327  
      --------------------------------------------------------------------------------------------
Path 7: MET Hold Check with Pin U657_reg/CK 
Endpoint:   U657_reg/D (^) checked with  leading edge of 'in_rclk'
Beginpoint: U642_reg/Q (^) triggered by  leading edge of 'in_rclk'
Path Groups: {in_rclk}
Other End Arrival Time          0.000
+ Hold                          0.032
+ Phase Shift                   0.000
= Required Time                 0.032
  Arrival Time                  0.360
  Slack Time                    0.327
     Clock Rise Edge                      0.000
     = Beginpoint Arrival Time            0.000
     Timing Path:
      --------------------------------------------------------------------------------------
      Pin                      Edge  Net                   Cell     Delay  Arrival  Required  
                                                                           Time     Time  
      --------------------------------------------------------------------------------------
      in_rclk                  ^     in_rclk               -        -      0.000    -0.327  
      atop_ATctod_i158381_1/A  ^     in_rclk               BUF_X16  0.000  0.000    -0.327  
      atop_ATctod_i158381_1/Z  ^     atop_ATctod_149616_1  BUF_X16  0.000  0.000    -0.327  
      U642_reg/CK              ^     atop_ATctod_149616_1  DFFR_X1  0.000  0.000    -0.327  
      U642_reg/Q               ^     sbn_37712             DFFR_X1  0.360  0.360    0.032  
      U657_reg/D               ^     sbn_37712             DFFR_X2  0.000  0.360    0.032  
      --------------------------------------------------------------------------------------
     Clock Rise Edge                      0.000
     = Beginpoint Arrival Time            0.000
     Other End Path:
      --------------------------------------------------------------------------------------------
      Pin                         Edge  Net                      Cell     Delay  Arrival  Required  
                                                                                 Time     Time  
      --------------------------------------------------------------------------------------------
      in_rclk                     ^     in_rclk                  -        -      0.000    0.327  
      in_rclk_ATctod_i158375_1/A  ^     in_rclk                  BUF_X16  0.000  0.000    0.327  
      in_rclk_ATctod_i158375_1/Z  ^     in_rclk_ATctod_149610_1  BUF_X16  0.000  0.000    0.327  
      U657_reg/CK                 ^     in_rclk_ATctod_149610_1  DFFR_X2  0.000  0.000    0.327  
      --------------------------------------------------------------------------------------------
Path 8: MET Hold Check with Pin U739_reg/CK 
Endpoint:   U739_reg/D (v) checked with  leading edge of 'in_rclk'
Beginpoint: U627_reg/Q (v) triggered by  leading edge of 'in_rclk'
Path Groups: {in_rclk}
Other End Arrival Time          0.000
+ Hold                          0.013
+ Phase Shift                   0.000
= Required Time                 0.013
  Arrival Time                  0.394
  Slack Time                    0.381
     Clock Rise Edge                      0.000
     = Beginpoint Arrival Time            0.000
     Timing Path:
      ---------------------------------------------------------------------------------------------
      Pin                         Edge  Net                      Cell      Delay  Arrival  Required  
                                                                                  Time     Time  
      ---------------------------------------------------------------------------------------------
      in_rclk                     ^     in_rclk                  -         -      0.000    -0.381  
      in_rclk_ATctos_i158230_1/A  ^     in_rclk                  BUF_X2    0.000  0.000    -0.381  
      in_rclk_ATctos_i158230_1/Z  ^     in_rclk_ATctos_149605_1  BUF_X2    0.000  0.000    -0.381  
      atop_ATctod_i158392_1/A     ^     in_rclk_ATctos_149605_1  BUF_X8    0.000  0.000    -0.381  
      atop_ATctod_i158392_1/Z     ^     atop_ATctod_149627_1     BUF_X8    0.000  0.000    -0.381  
      U627_reg/CK                 ^     atop_ATctod_149627_1     SDFFR_X1  0.000  0.000    -0.381  
      U627_reg/Q                  v     sbn_37501                SDFFR_X1  0.394  0.394    0.013  
      U739_reg/D                  v     sbn_37501                DFFR_X1   0.000  0.394    0.013  
      ---------------------------------------------------------------------------------------------
     Clock Rise Edge                      0.000
     = Beginpoint Arrival Time            0.000
     Other End Path:
      --------------------------------------------------------------------------------------------
      Pin                         Edge  Net                      Cell     Delay  Arrival  Required  
                                                                                 Time     Time  
      --------------------------------------------------------------------------------------------
      in_rclk                     ^     in_rclk                  -        -      0.000    0.381  
      in_rclk_ATctos_i158230_1/A  ^     in_rclk                  BUF_X2   0.000  0.000    0.381  
      in_rclk_ATctos_i158230_1/Z  ^     in_rclk_ATctos_149605_1  BUF_X2   0.000  0.000    0.381  
      atop_ATctod_i158392_1/A     ^     in_rclk_ATctos_149605_1  BUF_X8   0.000  0.000    0.381  
      atop_ATctod_i158392_1/Z     ^     atop_ATctod_149627_1     BUF_X8   0.000  0.000    0.381  
      U739_reg/CK                 ^     atop_ATctod_149627_1     DFFR_X1  0.000  0.000    0.381  
      --------------------------------------------------------------------------------------------
Path 9: MET Hold Check with Pin U725_reg_0/CK 
Endpoint:   U725_reg_0/D (v) checked with  leading edge of 'in_rclk'
Beginpoint: U341_reg/Q   (v) triggered by  leading edge of 'in_rclk'
Path Groups: {in_rclk}
Other End Arrival Time          0.000
+ Hold                          0.013
+ Phase Shift                   0.000
= Required Time                 0.013
  Arrival Time                  0.394
  Slack Time                    0.381
     Clock Rise Edge                      0.000
     = Beginpoint Arrival Time            0.000
     Timing Path:
      ---------------------------------------------------------------------------------------------
      Pin                         Edge  Net                      Cell      Delay  Arrival  Required  
                                                                                  Time     Time  
      ---------------------------------------------------------------------------------------------
      in_rclk                     ^     in_rclk                  -         -      0.000    -0.381  
      in_rclk_ATctos_i158229_1/A  ^     in_rclk                  BUF_X2    0.000  0.000    -0.381  
      in_rclk_ATctos_i158229_1/Z  ^     in_rclk_ATctos_149604_1  BUF_X2    0.000  0.000    -0.381  
      in_rclk_ATctod_i158386_1/A  ^     in_rclk_ATctos_149604_1  BUF_X8    0.000  0.000    -0.381  
      in_rclk_ATctod_i158386_1/Z  ^     in_rclk_ATctod_149621_1  BUF_X8    0.000  0.000    -0.381  
      U341_reg/CK                 ^     in_rclk_ATctod_149621_1  SDFFR_X1  0.000  0.000    -0.381  
      U341_reg/Q                  v     sbn_54115                SDFFR_X1  0.394  0.394    0.013  
      U725_reg_0/D                v     sbn_54115                DFFR_X1   0.000  0.394    0.013  
      ---------------------------------------------------------------------------------------------
     Clock Rise Edge                      0.000
     = Beginpoint Arrival Time            0.000
     Other End Path:
      --------------------------------------------------------------------------------------------
      Pin                         Edge  Net                      Cell     Delay  Arrival  Required  
                                                                                 Time     Time  
      --------------------------------------------------------------------------------------------
      in_rclk                     ^     in_rclk                  -        -      0.000    0.381  
      in_rclk_ATctos_i158229_1/A  ^     in_rclk                  BUF_X2   0.000  0.000    0.381  
      in_rclk_ATctos_i158229_1/Z  ^     in_rclk_ATctos_149604_1  BUF_X2   0.000  0.000    0.381  
      in_rclk_ATctod_i158386_1/A  ^     in_rclk_ATctos_149604_1  BUF_X8   0.000  0.000    0.381  
      in_rclk_ATctod_i158386_1/Z  ^     in_rclk_ATctod_149621_1  BUF_X8   0.000  0.000    0.381  
      U725_reg_0/CK               ^     in_rclk_ATctod_149621_1  DFFR_X1  0.000  0.000    0.381  
      --------------------------------------------------------------------------------------------
Path 10: MET Hold Check with Pin U642_reg/CK 
Endpoint:   U642_reg/D (v) checked with  leading edge of 'in_rclk'
Beginpoint: U528_reg/Q (v) triggered by  leading edge of 'in_rclk'
Path Groups: {in_rclk}
Other End Arrival Time          0.000
+ Hold                          0.013
+ Phase Shift                   0.000
= Required Time                 0.013
  Arrival Time                  0.394
  Slack Time                    0.381
     Clock Rise Edge                      0.000
     = Beginpoint Arrival Time            0.000
     Timing Path:
      ---------------------------------------------------------------------------------------
      Pin                      Edge  Net                   Cell      Delay  Arrival  Required  
                                                                            Time     Time  
      ---------------------------------------------------------------------------------------
      in_rclk                  ^     in_rclk               -         -      0.000    -0.381  
      atop_ATctod_i158381_1/A  ^     in_rclk               BUF_X16   0.000  0.000    -0.381  
      atop_ATctod_i158381_1/Z  ^     atop_ATctod_149616_1  BUF_X16   0.000  0.000    -0.381  
      U528_reg/CK              ^     atop_ATctod_149616_1  SDFFR_X1  0.000  0.000    -0.381  
      U528_reg/Q               v     sbn_37713             SDFFR_X1  0.394  0.394    0.013  
      U642_reg/D               v     sbn_37713             DFFR_X1   0.000  0.394    0.013  
      ---------------------------------------------------------------------------------------
     Clock Rise Edge                      0.000
     = Beginpoint Arrival Time            0.000
     Other End Path:
      --------------------------------------------------------------------------------------
      Pin                      Edge  Net                   Cell     Delay  Arrival  Required  
                                                                           Time     Time  
      --------------------------------------------------------------------------------------
      in_rclk                  ^     in_rclk               -        -      0.000    0.381  
      atop_ATctod_i158381_1/A  ^     in_rclk               BUF_X16  0.000  0.000    0.381  
      atop_ATctod_i158381_1/Z  ^     atop_ATctod_149616_1  BUF_X16  0.000  0.000    0.381  
      U642_reg/CK              ^     atop_ATctod_149616_1  DFFR_X1  0.000  0.000    0.381  
      --------------------------------------------------------------------------------------
Path 11: MET Hold Check with Pin U545_reg_0/CK 
Endpoint:   U545_reg_0/D (v) checked with  leading edge of 'in_rclk'
Beginpoint: U701_reg/Q   (v) triggered by  leading edge of 'in_rclk'
Path Groups: {in_rclk}
Other End Arrival Time          0.000
+ Hold                          0.013
+ Phase Shift                   0.000
= Required Time                 0.013
  Arrival Time                  0.394
  Slack Time                    0.381
     Clock Rise Edge                      0.000
     = Beginpoint Arrival Time            0.000
     Timing Path:
      ---------------------------------------------------------------------------------------------
      Pin                         Edge  Net                      Cell      Delay  Arrival  Required  
                                                                                  Time     Time  
      ---------------------------------------------------------------------------------------------
      in_rclk                     ^     in_rclk                  -         -      0.000    -0.381  
      in_rclk_ATctos_i158230_1/A  ^     in_rclk                  BUF_X2    0.000  0.000    -0.381  
      in_rclk_ATctos_i158230_1/Z  ^     in_rclk_ATctos_149605_1  BUF_X2    0.000  0.000    -0.381  
      in_rclk_ATctod_i158391_1/A  ^     in_rclk_ATctos_149605_1  BUF_X8    0.000  0.000    -0.381  
      in_rclk_ATctod_i158391_1/Z  ^     in_rclk_ATctod_149626_1  BUF_X8    0.000  0.000    -0.381  
      U701_reg/CK                 ^     in_rclk_ATctod_149626_1  SDFFR_X1  0.000  0.000    -0.381  
      U701_reg/Q                  v     sbn_54185                SDFFR_X1  0.394  0.394    0.013  
      U545_reg_0/D                v     sbn_54185                DFFR_X1   0.000  0.394    0.013  
      ---------------------------------------------------------------------------------------------
     Clock Rise Edge                      0.000
     = Beginpoint Arrival Time            0.000
     Other End Path:
      --------------------------------------------------------------------------------------------
      Pin                         Edge  Net                      Cell     Delay  Arrival  Required  
                                                                                 Time     Time  
      --------------------------------------------------------------------------------------------
      in_rclk                     ^     in_rclk                  -        -      0.000    0.381  
      in_rclk_ATctos_i158230_1/A  ^     in_rclk                  BUF_X2   0.000  0.000    0.381  
      in_rclk_ATctos_i158230_1/Z  ^     in_rclk_ATctos_149605_1  BUF_X2   0.000  0.000    0.381  
      in_rclk_ATctod_i158391_1/A  ^     in_rclk_ATctos_149605_1  BUF_X8   0.000  0.000    0.381  
      in_rclk_ATctod_i158391_1/Z  ^     in_rclk_ATctod_149626_1  BUF_X8   0.000  0.000    0.381  
      U545_reg_0/CK               ^     in_rclk_ATctod_149626_1  DFFR_X1  0.000  0.000    0.381  
      --------------------------------------------------------------------------------------------
Path 12: MET Hold Check with Pin U421_reg_0/CK 
Endpoint:   U421_reg_0/D (v) checked with  leading edge of 'in_rclk'
Beginpoint: U852_reg/Q   (v) triggered by  leading edge of 'in_rclk'
Path Groups: {in_rclk}
Other End Arrival Time          0.000
+ Hold                          0.013
+ Phase Shift                   0.000
= Required Time                 0.013
  Arrival Time                  0.394
  Slack Time                    0.381
     Clock Rise Edge                      0.000
     = Beginpoint Arrival Time            0.000
     Timing Path:
      ---------------------------------------------------------------------------------------------
      Pin                         Edge  Net                      Cell      Delay  Arrival  Required  
                                                                                  Time     Time  
      ---------------------------------------------------------------------------------------------
      in_rclk                     ^     in_rclk                  -         -      0.000    -0.381  
      in_rclk_ATctos_i158229_1/A  ^     in_rclk                  BUF_X2    0.000  0.000    -0.381  
      in_rclk_ATctos_i158229_1/Z  ^     in_rclk_ATctos_149604_1  BUF_X2    0.000  0.000    -0.381  
      atop_ATctod_i158387_1/A     ^     in_rclk_ATctos_149604_1  BUF_X8    0.000  0.000    -0.381  
      atop_ATctod_i158387_1/Z     ^     atop_ATctod_149622_1     BUF_X8    0.000  0.000    -0.381  
      U852_reg/CK                 ^     atop_ATctod_149622_1     SDFFR_X1  0.000  0.000    -0.381  
      U852_reg/Q                  v     sbn_50905                SDFFR_X1  0.394  0.394    0.013  
      U421_reg_0/D                v     sbn_50905                DFFR_X1   0.000  0.394    0.013  
      ---------------------------------------------------------------------------------------------
     Clock Rise Edge                      0.000
     = Beginpoint Arrival Time            0.000
     Other End Path:
      --------------------------------------------------------------------------------------------
      Pin                         Edge  Net                      Cell     Delay  Arrival  Required  
                                                                                 Time     Time  
      --------------------------------------------------------------------------------------------
      in_rclk                     ^     in_rclk                  -        -      0.000    0.381  
      in_rclk_ATctos_i158229_1/A  ^     in_rclk                  BUF_X2   0.000  0.000    0.381  
      in_rclk_ATctos_i158229_1/Z  ^     in_rclk_ATctos_149604_1  BUF_X2   0.000  0.000    0.381  
      atop_ATctod_i158387_1/A     ^     in_rclk_ATctos_149604_1  BUF_X8   0.000  0.000    0.381  
      atop_ATctod_i158387_1/Z     ^     atop_ATctod_149622_1     BUF_X8   0.000  0.000    0.381  
      U421_reg_0/CK               ^     atop_ATctod_149622_1     DFFR_X1  0.000  0.000    0.381  
      --------------------------------------------------------------------------------------------
Path 13: MET Hold Check with Pin U766_reg/CK 
Endpoint:   U766_reg/D (v) checked with  leading edge of 'in_rclk'
Beginpoint: U494_reg/Q (v) triggered by  leading edge of 'in_rclk'
Path Groups: {in_rclk}
Other End Arrival Time          0.000
+ Hold                          0.012
+ Phase Shift                   0.000
= Required Time                 0.012
  Arrival Time                  0.396
  Slack Time                    0.384
     Clock Rise Edge                      0.000
     = Beginpoint Arrival Time            0.000
     Timing Path:
      ---------------------------------------------------------------------------------------------
      Pin                         Edge  Net                      Cell      Delay  Arrival  Required  
                                                                                  Time     Time  
      ---------------------------------------------------------------------------------------------
      in_rclk                     ^     in_rclk                  -         -      0.000    -0.384  
      in_rclk_ATctos_i158229_1/A  ^     in_rclk                  BUF_X2    0.000  0.000    -0.384  
      in_rclk_ATctos_i158229_1/Z  ^     in_rclk_ATctos_149604_1  BUF_X2    0.000  0.000    -0.384  
      in_rclk_ATctod_i158386_1/A  ^     in_rclk_ATctos_149604_1  BUF_X8    0.000  0.000    -0.384  
      in_rclk_ATctod_i158386_1/Z  ^     in_rclk_ATctod_149621_1  BUF_X8    0.000  0.000    -0.384  
      U494_reg/CK                 ^     in_rclk_ATctod_149621_1  SDFFR_X1  0.000  0.000    -0.384  
      U494_reg/Q                  v     sbn_37763                SDFFR_X1  0.396  0.396    0.012  
      U766_reg/D                  v     sbn_37763                DFFR_X2   0.000  0.396    0.012  
      ---------------------------------------------------------------------------------------------
     Clock Rise Edge                      0.000
     = Beginpoint Arrival Time            0.000
     Other End Path:
      --------------------------------------------------------------------------------------------
      Pin                         Edge  Net                      Cell     Delay  Arrival  Required  
                                                                                 Time     Time  
      --------------------------------------------------------------------------------------------
      in_rclk                     ^     in_rclk                  -        -      0.000    0.384  
      in_rclk_ATctos_i158229_1/A  ^     in_rclk                  BUF_X2   0.000  0.000    0.384  
      in_rclk_ATctos_i158229_1/Z  ^     in_rclk_ATctos_149604_1  BUF_X2   0.000  0.000    0.384  
      in_rclk_ATctod_i158386_1/A  ^     in_rclk_ATctos_149604_1  BUF_X8   0.000  0.000    0.384  
      in_rclk_ATctod_i158386_1/Z  ^     in_rclk_ATctod_149621_1  BUF_X8   0.000  0.000    0.384  
      U766_reg/CK                 ^     in_rclk_ATctod_149621_1  DFFR_X2  0.000  0.000    0.384  
      --------------------------------------------------------------------------------------------
Path 14: MET Hold Check with Pin U878_reg/CK 
Endpoint:   U878_reg/D  (^) checked with  leading edge of 'in_rclk'
Beginpoint: U642_reg/QN (v) triggered by  leading edge of 'in_rclk'
Path Groups: {in_rclk}
Other End Arrival Time          0.000
+ Hold                         -0.048
+ Phase Shift                   0.000
= Required Time                -0.048
  Arrival Time                  0.396
  Slack Time                    0.444
     Clock Rise Edge                      0.000
     = Beginpoint Arrival Time            0.000
     Timing Path:
      ---------------------------------------------------------------------------------------
      Pin                      Edge  Net                   Cell      Delay  Arrival  Required  
                                                                            Time     Time  
      ---------------------------------------------------------------------------------------
      in_rclk                  ^     in_rclk               -         -      0.000    -0.444  
      atop_ATctod_i158381_1/A  ^     in_rclk               BUF_X16   0.000  0.000    -0.444  
      atop_ATctod_i158381_1/Z  ^     atop_ATctod_149616_1  BUF_X16   0.000  0.000    -0.444  
      U642_reg/CK              ^     atop_ATctod_149616_1  DFFR_X1   0.000  0.000    -0.444  
      U642_reg/QN              v     sbn_37711             DFFR_X1   0.275  0.275    -0.169  
      U29418/A1                v     sbn_37711             NOR2_X2   0.000  0.275    -0.169  
      U29418/ZN                ^     sbn_36828             NOR2_X2   0.121  0.396    -0.048  
      U878_reg/D               ^     sbn_36828             SDFFR_X2  0.000  0.396    -0.048  
      ---------------------------------------------------------------------------------------
     Clock Rise Edge                      0.000
     = Beginpoint Arrival Time            0.000
     Other End Path:
      ---------------------------------------------------------------------------------------
      Pin                      Edge  Net                   Cell      Delay  Arrival  Required  
                                                                            Time     Time  
      ---------------------------------------------------------------------------------------
      in_rclk                  ^     in_rclk               -         -      0.000    0.444  
      atop_ATctod_i158381_1/A  ^     in_rclk               BUF_X16   0.000  0.000    0.444  
      atop_ATctod_i158381_1/Z  ^     atop_ATctod_149616_1  BUF_X16   0.000  0.000    0.444  
      U878_reg/CK              ^     atop_ATctod_149616_1  SDFFR_X2  0.000  0.000    0.444  
      ---------------------------------------------------------------------------------------
Path 15: MET Hold Check with Pin U444_reg_7/CK 
Endpoint:   U444_reg_7/D  (v) checked with  leading edge of 'in_rclk'
Beginpoint: U462_reg_7/QN (^) triggered by  leading edge of 'in_rclk'
Path Groups: {in_rclk}
Other End Arrival Time          0.000
+ Hold                          0.011
+ Phase Shift                   0.000
= Required Time                 0.011
  Arrival Time                  0.476
  Slack Time                    0.465
     Clock Rise Edge                      0.000
     = Beginpoint Arrival Time            0.000
     Timing Path:
      ---------------------------------------------------------------------------------------------
      Pin                         Edge  Net                      Cell      Delay  Arrival  Required  
                                                                                  Time     Time  
      ---------------------------------------------------------------------------------------------
      in_rclk                     ^     in_rclk                  -         -      0.000    -0.465  
      in_rclk_ATctos_i158229_1/A  ^     in_rclk                  BUF_X2    0.000  0.000    -0.465  
      in_rclk_ATctos_i158229_1/Z  ^     in_rclk_ATctos_149604_1  BUF_X2    0.000  0.000    -0.465  
      in_rclk_ATctod_i158386_1/A  ^     in_rclk_ATctos_149604_1  BUF_X8    0.000  0.000    -0.465  
      in_rclk_ATctod_i158386_1/Z  ^     in_rclk_ATctod_149621_1  BUF_X8    0.000  0.000    -0.465  
      U462_reg_7/CK               ^     in_rclk_ATctod_149621_1  SDFFR_X2  0.000  0.000    -0.465  
      U462_reg_7/QN               ^     sbn_37772                SDFFR_X2  0.430  0.430    -0.035  
      U9958/A                     ^     sbn_37772                INV_X4    0.000  0.430    -0.035  
      U9958/ZN                    v     sbn_37758                INV_X4    0.046  0.476    0.011  
      U444_reg_7/D                v     sbn_37758                DFFR_X2   0.000  0.476    0.011  
      ---------------------------------------------------------------------------------------------
     Clock Rise Edge                      0.000
     = Beginpoint Arrival Time            0.000
     Other End Path:
      --------------------------------------------------------------------------------------------
      Pin                         Edge  Net                      Cell     Delay  Arrival  Required  
                                                                                 Time     Time  
      --------------------------------------------------------------------------------------------
      in_rclk                     ^     in_rclk                  -        -      0.000    0.465  
      in_rclk_ATctos_i158230_1/A  ^     in_rclk                  BUF_X2   0.000  0.000    0.465  
      in_rclk_ATctos_i158230_1/Z  ^     in_rclk_ATctos_149605_1  BUF_X2   0.000  0.000    0.465  
      atop_ATctod_i158392_1/A     ^     in_rclk_ATctos_149605_1  BUF_X8   0.000  0.000    0.465  
      atop_ATctod_i158392_1/Z     ^     atop_ATctod_149627_1     BUF_X8   0.000  0.000    0.465  
      U444_reg_7/CK               ^     atop_ATctod_149627_1     DFFR_X2  0.000  0.000    0.465  
      --------------------------------------------------------------------------------------------
Path 16: MET Hold Check with Pin U471_reg/CK 
Endpoint:   U471_reg/D  (^) checked with  leading edge of 'in_rclk'
Beginpoint: U739_reg/QN (v) triggered by  leading edge of 'in_rclk'
Path Groups: {in_rclk}
Other End Arrival Time          0.000
+ Hold                         -0.048
+ Phase Shift                   0.000
= Required Time                -0.048
  Arrival Time                  0.425
  Slack Time                    0.473
     Clock Rise Edge                      0.000
     = Beginpoint Arrival Time            0.000
     Timing Path:
      ---------------------------------------------------------------------------------------------
      Pin                         Edge  Net                      Cell      Delay  Arrival  Required  
                                                                                  Time     Time  
      ---------------------------------------------------------------------------------------------
      in_rclk                     ^     in_rclk                  -         -      0.000    -0.473  
      in_rclk_ATctos_i158230_1/A  ^     in_rclk                  BUF_X2    0.000  0.000    -0.473  
      in_rclk_ATctos_i158230_1/Z  ^     in_rclk_ATctos_149605_1  BUF_X2    0.000  0.000    -0.473  
      atop_ATctod_i158392_1/A     ^     in_rclk_ATctos_149605_1  BUF_X8    0.000  0.000    -0.473  
      atop_ATctod_i158392_1/Z     ^     atop_ATctod_149627_1     BUF_X8    0.000  0.000    -0.473  
      U739_reg/CK                 ^     atop_ATctod_149627_1     DFFR_X1   0.000  0.000    -0.473  
      U739_reg/QN                 v     sbn_37499                DFFR_X1   0.278  0.278    -0.195  
      U34774/B1                   v     sbn_37499                OAI21_X2  0.000  0.278    -0.195  
      U34774/ZN                   ^     sbn_37442                OAI21_X2  0.147  0.425    -0.048  
      U471_reg/D                  ^     sbn_37442                SDFFR_X2  0.000  0.425    -0.048  
      ---------------------------------------------------------------------------------------------
     Clock Rise Edge                      0.000
     = Beginpoint Arrival Time            0.000
     Other End Path:
      ---------------------------------------------------------------------------------------------
      Pin                         Edge  Net                      Cell      Delay  Arrival  Required  
                                                                                  Time     Time  
      ---------------------------------------------------------------------------------------------
      in_rclk                     ^     in_rclk                  -         -      0.000    0.473  
      in_rclk_ATctod_i158375_1/A  ^     in_rclk                  BUF_X16   0.000  0.000    0.473  
      in_rclk_ATctod_i158375_1/Z  ^     in_rclk_ATctod_149610_1  BUF_X16   0.000  0.000    0.473  
      U471_reg/CK                 ^     in_rclk_ATctod_149610_1  SDFFR_X2  0.000  0.000    0.473  
      ---------------------------------------------------------------------------------------------
Path 17: MET Hold Check with Pin U686_reg/CK 
Endpoint:   U686_reg/D  (v) checked with  leading edge of 'in_rclk'
Beginpoint: U878_reg/QN (^) triggered by  leading edge of 'in_rclk'
Path Groups: {in_rclk}
Other End Arrival Time          0.000
+ Hold                          0.008
+ Phase Shift                   0.000
= Required Time                 0.008
  Arrival Time                  0.498
  Slack Time                    0.490
     Clock Rise Edge                      0.000
     = Beginpoint Arrival Time            0.000
     Timing Path:
      ---------------------------------------------------------------------------------------
      Pin                      Edge  Net                   Cell      Delay  Arrival  Required  
                                                                            Time     Time  
      ---------------------------------------------------------------------------------------
      in_rclk                  ^     in_rclk               -         -      0.000    -0.490  
      atop_ATctod_i158381_1/A  ^     in_rclk               BUF_X16   0.000  0.000    -0.490  
      atop_ATctod_i158381_1/Z  ^     atop_ATctod_149616_1  BUF_X16   0.000  0.000    -0.490  
      U878_reg/CK              ^     atop_ATctod_149616_1  SDFFR_X2  0.000  0.000    -0.490  
      U878_reg/QN              ^     sbn_36826             SDFFR_X2  0.430  0.430    -0.060  
      U41052/A                 ^     sbn_36826             INV_X4    0.000  0.430    -0.060  
      U41052/ZN                v     sbn_35443             INV_X4    0.069  0.498    0.008  
      U686_reg/D               v     sbn_35443             DFFR_X1   0.000  0.498    0.008  
      ---------------------------------------------------------------------------------------
     Clock Rise Edge                      0.000
     = Beginpoint Arrival Time            0.000
     Other End Path:
      --------------------------------------------------------------------------------------------
      Pin                         Edge  Net                      Cell     Delay  Arrival  Required  
                                                                                 Time     Time  
      --------------------------------------------------------------------------------------------
      in_rclk                     ^     in_rclk                  -        -      0.000    0.490  
      in_rclk_ATctod_i158375_1/A  ^     in_rclk                  BUF_X16  0.000  0.000    0.490  
      in_rclk_ATctod_i158375_1/Z  ^     in_rclk_ATctod_149610_1  BUF_X16  0.000  0.000    0.490  
      U686_reg/CK                 ^     in_rclk_ATctod_149610_1  DFFR_X1  0.000  0.000    0.490  
      --------------------------------------------------------------------------------------------
Path 18: MET Hold Check with Pin U444_reg_1/CK 
Endpoint:   U444_reg_1/D (^) checked with  leading edge of 'in_rclk'
Beginpoint: U462_reg_1/Q (^) triggered by  leading edge of 'in_rclk'
Path Groups: {in_rclk}
Other End Arrival Time          0.000
+ Hold                          0.024
+ Phase Shift                   0.000
= Required Time                 0.024
  Arrival Time                  0.526
  Slack Time                    0.502
     Clock Rise Edge                      0.000
     = Beginpoint Arrival Time            0.000
     Timing Path:
      ----------------------------------------------------------------------------------------------
      Pin                         Edge  Net                       Cell      Delay  Arrival  Required  
                                                                                   Time     Time  
      ----------------------------------------------------------------------------------------------
      in_rclk                     ^     in_rclk                   -         -      0.000    -0.502  
      in_rclk_ATctos_i158229_1/A  ^     in_rclk                   BUF_X2    0.000  0.000    -0.502  
      in_rclk_ATctos_i158229_1/Z  ^     in_rclk_ATctos_149604_1   BUF_X2    0.000  0.000    -0.502  
      in_rclk_ATctod_i158386_1/A  ^     in_rclk_ATctos_149604_1   BUF_X8    0.000  0.000    -0.502  
      in_rclk_ATctod_i158386_1/Z  ^     in_rclk_ATctod_149621_1   BUF_X8    0.000  0.000    -0.502  
      U462_reg_1/CK               ^     in_rclk_ATctod_149621_1   SDFFR_X2  0.000  0.000    -0.502  
      U462_reg_1/Q                ^     mbn_281[1]                SDFFR_X2  0.374  0.374    -0.128  
      mbn_281_1__ATgbl_i6646_3/A  ^     mbn_281[1]                BUF_X8    0.000  0.374    -0.128  
      mbn_281_1__ATgbl_i6646_3/Z  ^     mbn_281_1__ATgbl_12259_3  BUF_X8    0.152  0.526    0.024  
      U444_reg_1/D                ^     mbn_281_1__ATgbl_12259_3  DFFR_X2   0.000  0.526    0.024  
      ----------------------------------------------------------------------------------------------
     Clock Rise Edge                      0.000
     = Beginpoint Arrival Time            0.000
     Other End Path:
      --------------------------------------------------------------------------------------------
      Pin                         Edge  Net                      Cell     Delay  Arrival  Required  
                                                                                 Time     Time  
      --------------------------------------------------------------------------------------------
      in_rclk                     ^     in_rclk                  -        -      0.000    0.502  
      in_rclk_ATctod_i158375_1/A  ^     in_rclk                  BUF_X16  0.000  0.000    0.502  
      in_rclk_ATctod_i158375_1/Z  ^     in_rclk_ATctod_149610_1  BUF_X16  0.000  0.000    0.502  
      U444_reg_1/CK               ^     in_rclk_ATctod_149610_1  DFFR_X2  0.000  0.000    0.502  
      --------------------------------------------------------------------------------------------
Path 19: MET Hold Check with Pin U444_reg_3/CK 
Endpoint:   U444_reg_3/D (^) checked with  leading edge of 'in_rclk'
Beginpoint: U462_reg_3/Q (^) triggered by  leading edge of 'in_rclk'
Path Groups: {in_rclk}
Other End Arrival Time          0.000
+ Hold                          0.025
+ Phase Shift                   0.000
= Required Time                 0.025
  Arrival Time                  0.527
  Slack Time                    0.503
     Clock Rise Edge                      0.000
     = Beginpoint Arrival Time            0.000
     Timing Path:
      ----------------------------------------------------------------------------------------------
      Pin                         Edge  Net                       Cell      Delay  Arrival  Required  
                                                                                   Time     Time  
      ----------------------------------------------------------------------------------------------
      in_rclk                     ^     in_rclk                   -         -      0.000    -0.503  
      in_rclk_ATctos_i158229_1/A  ^     in_rclk                   BUF_X2    0.000  0.000    -0.503  
      in_rclk_ATctos_i158229_1/Z  ^     in_rclk_ATctos_149604_1   BUF_X2    0.000  0.000    -0.503  
      in_rclk_ATctod_i158386_1/A  ^     in_rclk_ATctos_149604_1   BUF_X8    0.000  0.000    -0.503  
      in_rclk_ATctod_i158386_1/Z  ^     in_rclk_ATctod_149621_1   BUF_X8    0.000  0.000    -0.503  
      U462_reg_3/CK               ^     in_rclk_ATctod_149621_1   SDFFR_X2  0.000  0.000    -0.503  
      U462_reg_3/Q                ^     mbn_281[3]                SDFFR_X2  0.374  0.374    -0.129  
      mbn_281_3__ATgbl_i6564_1/A  ^     mbn_281[3]                BUF_X8    0.000  0.374    -0.129  
      mbn_281_3__ATgbl_i6564_1/Z  ^     mbn_281_3__ATgbl_12142_1  BUF_X8    0.153  0.527    0.025  
      U444_reg_3/D                ^     mbn_281_3__ATgbl_12142_1  DFFR_X2   0.000  0.527    0.025  
      ----------------------------------------------------------------------------------------------
     Clock Rise Edge                      0.000
     = Beginpoint Arrival Time            0.000
     Other End Path:
      --------------------------------------------------------------------------------------------
      Pin                         Edge  Net                      Cell     Delay  Arrival  Required  
                                                                                 Time     Time  
      --------------------------------------------------------------------------------------------
      in_rclk                     ^     in_rclk                  -        -      0.000    0.503  
      in_rclk_ATctos_i158230_1/A  ^     in_rclk                  BUF_X2   0.000  0.000    0.503  
      in_rclk_ATctos_i158230_1/Z  ^     in_rclk_ATctos_149605_1  BUF_X2   0.000  0.000    0.503  
      atop_ATctod_i158392_1/A     ^     in_rclk_ATctos_149605_1  BUF_X8   0.000  0.000    0.503  
      atop_ATctod_i158392_1/Z     ^     atop_ATctod_149627_1     BUF_X8   0.000  0.000    0.503  
      U444_reg_3/CK               ^     atop_ATctod_149627_1     DFFR_X2  0.000  0.000    0.503  
      --------------------------------------------------------------------------------------------
Path 20: MET Hold Check with Pin U444_reg_4/CK 
Endpoint:   U444_reg_4/D (^) checked with  leading edge of 'in_rclk'
Beginpoint: U462_reg_4/Q (^) triggered by  leading edge of 'in_rclk'
Path Groups: {in_rclk}
Other End Arrival Time          0.000
+ Hold                          0.026
+ Phase Shift                   0.000
= Required Time                 0.026
  Arrival Time                  0.530
  Slack Time                    0.504
     Clock Rise Edge                      0.000
     = Beginpoint Arrival Time            0.000
     Timing Path:
      -----------------------------------------------------------------------------------------------
      Pin                          Edge  Net                       Cell      Delay  Arrival  Required  
                                                                                    Time     Time  
      -----------------------------------------------------------------------------------------------
      in_rclk                      ^     in_rclk                   -         -      0.000    -0.504  
      in_rclk_ATctos_i158229_1/A   ^     in_rclk                   BUF_X2    0.000  0.000    -0.504  
      in_rclk_ATctos_i158229_1/Z   ^     in_rclk_ATctos_149604_1   BUF_X2    0.000  0.000    -0.504  
      atop_ATctod_i158387_1/A      ^     in_rclk_ATctos_149604_1   BUF_X8    0.000  0.000    -0.504  
      atop_ATctod_i158387_1/Z      ^     atop_ATctod_149622_1      BUF_X8    0.000  0.000    -0.504  
      U462_reg_4/CK                ^     atop_ATctod_149622_1      SDFFR_X2  0.000  0.000    -0.504  
      U462_reg_4/Q                 ^     mbn_281[4]                SDFFR_X2  0.374  0.374    -0.130  
      mbn_281_4__ATgbl_i13551_5/A  ^     mbn_281[4]                BUF_X8    0.000  0.374    -0.130  
      mbn_281_4__ATgbl_i13551_5/Z  ^     mbn_281_4__ATgbl_13438_5  BUF_X8    0.156  0.530    0.026  
      U444_reg_4/D                 ^     mbn_281_4__ATgbl_13438_5  DFFR_X2   0.000  0.530    0.026  
      -----------------------------------------------------------------------------------------------
     Clock Rise Edge                      0.000
     = Beginpoint Arrival Time            0.000
     Other End Path:
      --------------------------------------------------------------------------------------------
      Pin                         Edge  Net                      Cell     Delay  Arrival  Required  
                                                                                 Time     Time  
      --------------------------------------------------------------------------------------------
      in_rclk                     ^     in_rclk                  -        -      0.000    0.504  
      in_rclk_ATctos_i158230_1/A  ^     in_rclk                  BUF_X2   0.000  0.000    0.504  
      in_rclk_ATctos_i158230_1/Z  ^     in_rclk_ATctos_149605_1  BUF_X2   0.000  0.000    0.504  
      in_rclk_ATctod_i158391_1/A  ^     in_rclk_ATctos_149605_1  BUF_X8   0.000  0.000    0.504  
      in_rclk_ATctod_i158391_1/Z  ^     in_rclk_ATctod_149626_1  BUF_X8   0.000  0.000    0.504  
      U444_reg_4/CK               ^     in_rclk_ATctod_149626_1  DFFR_X2  0.000  0.000    0.504  
      --------------------------------------------------------------------------------------------
Path 21: MET Hold Check with Pin U444_reg_6/CK 
Endpoint:   U444_reg_6/D (^) checked with  leading edge of 'in_rclk'
Beginpoint: U462_reg_6/Q (^) triggered by  leading edge of 'in_rclk'
Path Groups: {in_rclk}
Other End Arrival Time          0.000
+ Hold                          0.026
+ Phase Shift                   0.000
= Required Time                 0.026
  Arrival Time                  0.530
  Slack Time                    0.504
     Clock Rise Edge                      0.000
     = Beginpoint Arrival Time            0.000
     Timing Path:
      ----------------------------------------------------------------------------------------------
      Pin                         Edge  Net                       Cell      Delay  Arrival  Required  
                                                                                   Time     Time  
      ----------------------------------------------------------------------------------------------
      in_rclk                     ^     in_rclk                   -         -      0.000    -0.504  
      in_rclk_ATctos_i158229_1/A  ^     in_rclk                   BUF_X2    0.000  0.000    -0.504  
      in_rclk_ATctos_i158229_1/Z  ^     in_rclk_ATctos_149604_1   BUF_X2    0.000  0.000    -0.504  
      in_rclk_ATctod_i158386_1/A  ^     in_rclk_ATctos_149604_1   BUF_X8    0.000  0.000    -0.504  
      in_rclk_ATctod_i158386_1/Z  ^     in_rclk_ATctod_149621_1   BUF_X8    0.000  0.000    -0.504  
      U462_reg_6/CK               ^     in_rclk_ATctod_149621_1   SDFFR_X2  0.000  0.000    -0.504  
      U462_reg_6/Q                ^     mbn_281[6]                SDFFR_X2  0.374  0.374    -0.130  
      mbn_281_6__ATgbl_i6049_1/A  ^     mbn_281[6]                BUF_X8    0.000  0.374    -0.130  
      mbn_281_6__ATgbl_i6049_1/Z  ^     mbn_281_6__ATgbl_10079_1  BUF_X8    0.156  0.530    0.026  
      U444_reg_6/D                ^     mbn_281_6__ATgbl_10079_1  DFFR_X2   0.000  0.530    0.026  
      ----------------------------------------------------------------------------------------------
     Clock Rise Edge                      0.000
     = Beginpoint Arrival Time            0.000
     Other End Path:
      --------------------------------------------------------------------------------------------
      Pin                         Edge  Net                      Cell     Delay  Arrival  Required  
                                                                                 Time     Time  
      --------------------------------------------------------------------------------------------
      in_rclk                     ^     in_rclk                  -        -      0.000    0.504  
      in_rclk_ATctod_i158375_1/A  ^     in_rclk                  BUF_X16  0.000  0.000    0.504  
      in_rclk_ATctod_i158375_1/Z  ^     in_rclk_ATctod_149610_1  BUF_X16  0.000  0.000    0.504  
      U444_reg_6/CK               ^     in_rclk_ATctod_149610_1  DFFR_X2  0.000  0.000    0.504  
      --------------------------------------------------------------------------------------------
Path 22: MET Hold Check with Pin U444_reg_5/CK 
Endpoint:   U444_reg_5/D (^) checked with  leading edge of 'in_rclk'
Beginpoint: U462_reg_5/Q (^) triggered by  leading edge of 'in_rclk'
Path Groups: {in_rclk}
Other End Arrival Time          0.000
+ Hold                          0.025
+ Phase Shift                   0.000
= Required Time                 0.025
  Arrival Time                  0.529
  Slack Time                    0.504
     Clock Rise Edge                      0.000
     = Beginpoint Arrival Time            0.000
     Timing Path:
      -----------------------------------------------------------------------------------------------
      Pin                          Edge  Net                       Cell      Delay  Arrival  Required  
                                                                                    Time     Time  
      -----------------------------------------------------------------------------------------------
      in_rclk                      ^     in_rclk                   -         -      0.000    -0.504  
      in_rclk_ATctos_i158229_1/A   ^     in_rclk                   BUF_X2    0.000  0.000    -0.504  
      in_rclk_ATctos_i158229_1/Z   ^     in_rclk_ATctos_149604_1   BUF_X2    0.000  0.000    -0.504  
      atop_ATctod_i158387_1/A      ^     in_rclk_ATctos_149604_1   BUF_X8    0.000  0.000    -0.504  
      atop_ATctod_i158387_1/Z      ^     atop_ATctod_149622_1      BUF_X8    0.000  0.000    -0.504  
      U462_reg_5/CK                ^     atop_ATctod_149622_1      SDFFR_X2  0.000  0.000    -0.504  
      U462_reg_5/Q                 ^     mbn_281[5]                SDFFR_X2  0.374  0.374    -0.130  
      mbn_281_5__ATgbl_i13404_6/A  ^     mbn_281[5]                BUF_X8    0.000  0.374    -0.130  
      mbn_281_5__ATgbl_i13404_6/Z  ^     mbn_281_5__ATgbl_12905_6  BUF_X8    0.155  0.529    0.025  
      U444_reg_5/D                 ^     mbn_281_5__ATgbl_12905_6  DFFR_X2   0.000  0.529    0.025  
      -----------------------------------------------------------------------------------------------
     Clock Rise Edge                      0.000
     = Beginpoint Arrival Time            0.000
     Other End Path:
      --------------------------------------------------------------------------------------------
      Pin                         Edge  Net                      Cell     Delay  Arrival  Required  
                                                                                 Time     Time  
      --------------------------------------------------------------------------------------------
      in_rclk                     ^     in_rclk                  -        -      0.000    0.504  
      in_rclk_ATctod_i158375_1/A  ^     in_rclk                  BUF_X16  0.000  0.000    0.504  
      in_rclk_ATctod_i158375_1/Z  ^     in_rclk_ATctod_149610_1  BUF_X16  0.000  0.000    0.504  
      U444_reg_5/CK               ^     in_rclk_ATctod_149610_1  DFFR_X2  0.000  0.000    0.504  
      --------------------------------------------------------------------------------------------
Path 23: MET Hold Check with Pin U444_reg_2/CK 
Endpoint:   U444_reg_2/D (^) checked with  leading edge of 'in_rclk'
Beginpoint: U462_reg_2/Q (^) triggered by  leading edge of 'in_rclk'
Path Groups: {in_rclk}
Other End Arrival Time          0.000
+ Hold                          0.020
+ Phase Shift                   0.000
= Required Time                 0.020
  Arrival Time                  0.543
  Slack Time                    0.523
     Clock Rise Edge                      0.000
     = Beginpoint Arrival Time            0.000
     Timing Path:
      ---------------------------------------------------------------------------------------------
      Pin                         Edge  Net                      Cell      Delay  Arrival  Required  
                                                                                  Time     Time  
      ---------------------------------------------------------------------------------------------
      in_rclk                     ^     in_rclk                  -         -      0.000    -0.523  
      in_rclk_ATctos_i158229_1/A  ^     in_rclk                  BUF_X2    0.000  0.000    -0.523  
      in_rclk_ATctos_i158229_1/Z  ^     in_rclk_ATctos_149604_1  BUF_X2    0.000  0.000    -0.523  
      in_rclk_ATctod_i158386_1/A  ^     in_rclk_ATctos_149604_1  BUF_X8    0.000  0.000    -0.523  
      in_rclk_ATctod_i158386_1/Z  ^     in_rclk_ATctod_149621_1  BUF_X8    0.000  0.000    -0.523  
      U462_reg_2/CK               ^     in_rclk_ATctod_149621_1  SDFFR_X2  0.000  0.000    -0.523  
      U462_reg_2/Q                ^     sbn_37770                SDFFR_X2  0.374  0.374    -0.149  
      sbn_37770_ATdrc_i18918_1/A  ^     sbn_37770                BUF_X16   0.000  0.374    -0.149  
      sbn_37770_ATdrc_i18918_1/Z  ^     sbn_37770_ATdrc_60014_1  BUF_X16   0.169  0.543    0.020  
      U444_reg_2/D                ^     sbn_37770_ATdrc_60014_1  DFFR_X1   0.000  0.543    0.020  
      ---------------------------------------------------------------------------------------------
     Clock Rise Edge                      0.000
     = Beginpoint Arrival Time            0.000
     Other End Path:
      --------------------------------------------------------------------------------------------
      Pin                         Edge  Net                      Cell     Delay  Arrival  Required  
                                                                                 Time     Time  
      --------------------------------------------------------------------------------------------
      in_rclk                     ^     in_rclk                  -        -      0.000    0.523  
      in_rclk_ATctod_i158375_1/A  ^     in_rclk                  BUF_X16  0.000  0.000    0.523  
      in_rclk_ATctod_i158375_1/Z  ^     in_rclk_ATctod_149610_1  BUF_X16  0.000  0.000    0.523  
      U444_reg_2/CK               ^     in_rclk_ATctod_149610_1  DFFR_X1  0.000  0.000    0.523  
      --------------------------------------------------------------------------------------------
Path 24: MET Hold Check with Pin U494_reg/CK 
Endpoint:   U494_reg/D   (^) checked with  leading edge of 'in_rclk'
Beginpoint: U462_reg_0/Q (v) triggered by  leading edge of 'in_rclk'
Path Groups: {in_rclk}
Other End Arrival Time          0.000
+ Hold                         -0.048
+ Phase Shift                   0.000
= Required Time                -0.048
  Arrival Time                  0.507
  Slack Time                    0.556
     Clock Rise Edge                      0.000
     = Beginpoint Arrival Time            0.000
     Timing Path:
      ---------------------------------------------------------------------------------------------
      Pin                         Edge  Net                      Cell      Delay  Arrival  Required  
                                                                                  Time     Time  
      ---------------------------------------------------------------------------------------------
      in_rclk                     ^     in_rclk                  -         -      0.000    -0.556  
      in_rclk_ATctos_i158229_1/A  ^     in_rclk                  BUF_X2    0.000  0.000    -0.556  
      in_rclk_ATctos_i158229_1/Z  ^     in_rclk_ATctos_149604_1  BUF_X2    0.000  0.000    -0.556  
      in_rclk_ATctod_i158386_1/A  ^     in_rclk_ATctos_149604_1  BUF_X8    0.000  0.000    -0.556  
      in_rclk_ATctod_i158386_1/Z  ^     in_rclk_ATctod_149621_1  BUF_X8    0.000  0.000    -0.556  
      U462_reg_0/CK               ^     in_rclk_ATctod_149621_1  SDFFR_X2  0.000  0.000    -0.556  
      U462_reg_0/Q                v     sbn_37767                SDFFR_X2  0.379  0.379    -0.176  
      U32791/A1                   v     sbn_37767                NOR2_X2   0.000  0.379    -0.176  
      U32791/ZN                   ^     sbn_37764                NOR2_X2   0.128  0.507    -0.048  
      U494_reg/D                  ^     sbn_37764                SDFFR_X1  0.000  0.507    -0.048  
      ---------------------------------------------------------------------------------------------
     Clock Rise Edge                      0.000
     = Beginpoint Arrival Time            0.000
     Other End Path:
      ---------------------------------------------------------------------------------------------
      Pin                         Edge  Net                      Cell      Delay  Arrival  Required  
                                                                                  Time     Time  
      ---------------------------------------------------------------------------------------------
      in_rclk                     ^     in_rclk                  -         -      0.000    0.556  
      in_rclk_ATctos_i158229_1/A  ^     in_rclk                  BUF_X2    0.000  0.000    0.556  
      in_rclk_ATctos_i158229_1/Z  ^     in_rclk_ATctos_149604_1  BUF_X2    0.000  0.000    0.556  
      in_rclk_ATctod_i158386_1/A  ^     in_rclk_ATctos_149604_1  BUF_X8    0.000  0.000    0.556  
      in_rclk_ATctod_i158386_1/Z  ^     in_rclk_ATctod_149621_1  BUF_X8    0.000  0.000    0.556  
      U494_reg/CK                 ^     in_rclk_ATctod_149621_1  SDFFR_X1  0.000  0.000    0.556  
      ---------------------------------------------------------------------------------------------
Path 25: MET Hold Check with Pin U514_reg_4/CK 
Endpoint:   U514_reg_4/D  (v) checked with  leading edge of 'in_rclk'
Beginpoint: U514_reg_4/QN (^) triggered by  leading edge of 'in_rclk'
Path Groups: {in_rclk}
Other End Arrival Time          0.000
+ Hold                         -0.165
+ Phase Shift                   0.000
= Required Time                -0.165
  Arrival Time                  0.392
  Slack Time                    0.557
     Clock Rise Edge                      0.000
     = Beginpoint Arrival Time            0.000
     Timing Path:
      ----------------------------------------------------------------------------------------
      Pin                      Edge  Net                   Cell       Delay  Arrival  Required  
                                                                             Time     Time  
      ----------------------------------------------------------------------------------------
      in_rclk                  ^     in_rclk               -          -      0.000    -0.557  
      atop_ATctod_i158380_1/A  ^     in_rclk               BUF_X16    0.000  0.000    -0.557  
      atop_ATctod_i158380_1/Z  ^     atop_ATctod_149615_1  BUF_X16    0.000  0.000    -0.557  
      U514_reg_4/CK            ^     atop_ATctod_149615_1  SDFF_X2    0.000  0.000    -0.557  
      U514_reg_4/QN            ^     sbn_36741             SDFF_X2    0.321  0.321    -0.236  
      U13958/C1                ^     sbn_36741             OAI211_X2  0.000  0.321    -0.236  
      U13958/ZN                v     sbn_36742             OAI211_X2  0.071  0.392    -0.165  
      U514_reg_4/D             v     sbn_36742             SDFF_X2    0.000  0.392    -0.165  
      ----------------------------------------------------------------------------------------
     Clock Rise Edge                      0.000
     = Beginpoint Arrival Time            0.000
     Other End Path:
      --------------------------------------------------------------------------------------
      Pin                      Edge  Net                   Cell     Delay  Arrival  Required  
                                                                           Time     Time  
      --------------------------------------------------------------------------------------
      in_rclk                  ^     in_rclk               -        -      0.000    0.557  
      atop_ATctod_i158380_1/A  ^     in_rclk               BUF_X16  0.000  0.000    0.557  
      atop_ATctod_i158380_1/Z  ^     atop_ATctod_149615_1  BUF_X16  0.000  0.000    0.557  
      U514_reg_4/CK            ^     atop_ATctod_149615_1  SDFF_X2  0.000  0.000    0.557  
      --------------------------------------------------------------------------------------
Path 26: MET Removal Check with Pin U228_reg_0/CK 
Endpoint:   U228_reg_0/SN (^) checked with  leading edge of 'in_rclk'
Beginpoint: U568_reg_0/Q  (^) triggered by  leading edge of 'in_rclk'
Path Groups: {async_default}
Other End Arrival Time          0.000
+ Removal                       0.346
+ Phase Shift                   0.000
= Required Time                 0.346
  Arrival Time                  0.906
  Slack Time                    0.560
     Clock Rise Edge                      0.000
     = Beginpoint Arrival Time            0.000
     Timing Path:
      ----------------------------------------------------------------------------------------------
      Pin                         Edge  Net                      Cell       Delay  Arrival  Required  
                                                                                   Time     Time  
      ----------------------------------------------------------------------------------------------
      in_rclk                     ^     in_rclk                  -          -      0.000    -0.560  
      in_rclk_ATctos_i158229_1/A  ^     in_rclk                  BUF_X2     0.000  0.000    -0.560  
      in_rclk_ATctos_i158229_1/Z  ^     in_rclk_ATctos_149604_1  BUF_X2     0.000  0.000    -0.560  
      in_rclk_ATctod_i158386_1/A  ^     in_rclk_ATctos_149604_1  BUF_X8     0.000  0.000    -0.560  
      in_rclk_ATctod_i158386_1/Z  ^     in_rclk_ATctod_149621_1  BUF_X8     0.000  0.000    -0.560  
      U568_reg_0/CK               ^     in_rclk_ATctod_149621_1  DFFR_X1    0.000  0.000    -0.560  
      U568_reg_0/Q                ^     sbn_54113                DFFR_X1    0.358  0.358    -0.203  
      U25685/A                    ^     sbn_54113                MUX2_X2    0.000  0.358    -0.203  
      U25685/Z                    ^     sbn_54111                MUX2_X2    0.159  0.516    -0.044  
      sbn_54111_ATdrc_i14908_8/A  ^     sbn_54111                BUF_X8     0.000  0.516    -0.044  
      sbn_54111_ATdrc_i14908_8/Z  ^     sbn_54111_ATdrc_36632_8  BUF_X8     0.126  0.642    0.082  
      sbn_54111_AThdrc_i831/A     ^     sbn_54111_ATdrc_36632_8  BUF_X16    0.000  0.642    0.082  
      sbn_54111_AThdrc_i831/Z     ^     sbn_54111_AThdrc_831     BUF_X16    0.264  0.906    0.346  
      U228_reg_0/SN               ^     sbn_54111_AThdrc_831     SDFFRS_X2  0.000  0.906    0.346  
      ----------------------------------------------------------------------------------------------
     Clock Rise Edge                      0.000
     = Beginpoint Arrival Time            0.000
     Other End Path:
      ----------------------------------------------------------------------------------------
      Pin                      Edge  Net                   Cell       Delay  Arrival  Required  
                                                                             Time     Time  
      ----------------------------------------------------------------------------------------
      in_rclk                  ^     in_rclk               -          -      0.000    0.560  
      atop_ATctod_i158383_1/A  ^     in_rclk               BUF_X16    0.000  0.000    0.560  
      atop_ATctod_i158383_1/Z  ^     atop_ATctod_149618_1  BUF_X16    0.000  0.000    0.560  
      U228_reg_0/CK            ^     atop_ATctod_149618_1  SDFFRS_X2  0.000  0.000    0.560  
      ----------------------------------------------------------------------------------------
Path 27: MET Removal Check with Pin U74_reg_0/CK 
Endpoint:   U74_reg_0/SN (^) checked with  leading edge of 'in_rclk'
Beginpoint: U568_reg_0/Q (^) triggered by  leading edge of 'in_rclk'
Path Groups: {async_default}
Other End Arrival Time          0.000
+ Removal                       0.346
+ Phase Shift                   0.000
= Required Time                 0.346
  Arrival Time                  0.906
  Slack Time                    0.560
     Clock Rise Edge                      0.000
     = Beginpoint Arrival Time            0.000
     Timing Path:
      ----------------------------------------------------------------------------------------------
      Pin                         Edge  Net                      Cell       Delay  Arrival  Required  
                                                                                   Time     Time  
      ----------------------------------------------------------------------------------------------
      in_rclk                     ^     in_rclk                  -          -      0.000    -0.560  
      in_rclk_ATctos_i158229_1/A  ^     in_rclk                  BUF_X2     0.000  0.000    -0.560  
      in_rclk_ATctos_i158229_1/Z  ^     in_rclk_ATctos_149604_1  BUF_X2     0.000  0.000    -0.560  
      in_rclk_ATctod_i158386_1/A  ^     in_rclk_ATctos_149604_1  BUF_X8     0.000  0.000    -0.560  
      in_rclk_ATctod_i158386_1/Z  ^     in_rclk_ATctod_149621_1  BUF_X8     0.000  0.000    -0.560  
      U568_reg_0/CK               ^     in_rclk_ATctod_149621_1  DFFR_X1    0.000  0.000    -0.560  
      U568_reg_0/Q                ^     sbn_54113                DFFR_X1    0.358  0.358    -0.203  
      U25685/A                    ^     sbn_54113                MUX2_X2    0.000  0.358    -0.203  
      U25685/Z                    ^     sbn_54111                MUX2_X2    0.159  0.516    -0.044  
      sbn_54111_ATdrc_i14908_8/A  ^     sbn_54111                BUF_X8     0.000  0.516    -0.044  
      sbn_54111_ATdrc_i14908_8/Z  ^     sbn_54111_ATdrc_36632_8  BUF_X8     0.126  0.642    0.082  
      sbn_54111_AThdrc_i831/A     ^     sbn_54111_ATdrc_36632_8  BUF_X16    0.000  0.642    0.082  
      sbn_54111_AThdrc_i831/Z     ^     sbn_54111_AThdrc_831     BUF_X16    0.264  0.906    0.346  
      U74_reg_0/SN                ^     sbn_54111_AThdrc_831     SDFFRS_X2  0.000  0.906    0.346  
      ----------------------------------------------------------------------------------------------
     Clock Rise Edge                      0.000
     = Beginpoint Arrival Time            0.000
     Other End Path:
      ----------------------------------------------------------------------------------------
      Pin                      Edge  Net                   Cell       Delay  Arrival  Required  
                                                                             Time     Time  
      ----------------------------------------------------------------------------------------
      in_rclk                  ^     in_rclk               -          -      0.000    0.560  
      atop_ATctod_i158383_1/A  ^     in_rclk               BUF_X16    0.000  0.000    0.560  
      atop_ATctod_i158383_1/Z  ^     atop_ATctod_149618_1  BUF_X16    0.000  0.000    0.560  
      U74_reg_0/CK             ^     atop_ATctod_149618_1  SDFFRS_X2  0.000  0.000    0.560  
      ----------------------------------------------------------------------------------------
Path 28: MET Hold Check with Pin U440_reg_8/CK 
Endpoint:   U440_reg_8/D  (v) checked with  leading edge of 'in_rclk'
Beginpoint: U440_reg_8/QN (^) triggered by  leading edge of 'in_rclk'
Path Groups: {in_rclk}
Other End Arrival Time          0.000
+ Hold                         -0.161
+ Phase Shift                   0.000
= Required Time                -0.161
  Arrival Time                  0.404
  Slack Time                    0.565
     Clock Rise Edge                      0.000
     = Beginpoint Arrival Time            0.000
     Timing Path:
      ---------------------------------------------------------------------------------------
      Pin                      Edge  Net                   Cell      Delay  Arrival  Required  
                                                                            Time     Time  
      ---------------------------------------------------------------------------------------
      in_rclk                  ^     in_rclk               -         -      0.000    -0.565  
      atop_ATctod_i158379_1/A  ^     in_rclk               BUF_X16   0.000  0.000    -0.565  
      atop_ATctod_i158379_1/Z  ^     atop_ATctod_149614_1  BUF_X16   0.000  0.000    -0.565  
      U440_reg_8/CK            ^     atop_ATctod_149614_1  SDFF_X2   0.000  0.000    -0.565  
      U440_reg_8/QN            ^     sbn_37443             SDFF_X2   0.330  0.330    -0.235  
      U25924/B1                ^     sbn_37443             OAI22_X2  0.000  0.330    -0.235  
      U25924/ZN                v     sbn_37444             OAI22_X2  0.074  0.404    -0.161  
      U440_reg_8/D             v     sbn_37444             SDFF_X2   0.000  0.404    -0.161  
      ---------------------------------------------------------------------------------------
     Clock Rise Edge                      0.000
     = Beginpoint Arrival Time            0.000
     Other End Path:
      --------------------------------------------------------------------------------------
      Pin                      Edge  Net                   Cell     Delay  Arrival  Required  
                                                                           Time     Time  
      --------------------------------------------------------------------------------------
      in_rclk                  ^     in_rclk               -        -      0.000    0.565  
      atop_ATctod_i158379_1/A  ^     in_rclk               BUF_X16  0.000  0.000    0.565  
      atop_ATctod_i158379_1/Z  ^     atop_ATctod_149614_1  BUF_X16  0.000  0.000    0.565  
      U440_reg_8/CK            ^     atop_ATctod_149614_1  SDFF_X2  0.000  0.000    0.565  
      --------------------------------------------------------------------------------------
Path 29: MET Hold Check with Pin U514_reg_8/CK 
Endpoint:   U514_reg_8/D  (v) checked with  leading edge of 'in_rclk'
Beginpoint: U514_reg_8/QN (^) triggered by  leading edge of 'in_rclk'
Path Groups: {in_rclk}
Other End Arrival Time          0.000
+ Hold                         -0.161
+ Phase Shift                   0.000
= Required Time                -0.161
  Arrival Time                  0.404
  Slack Time                    0.565
     Clock Rise Edge                      0.000
     = Beginpoint Arrival Time            0.000
     Timing Path:
      ---------------------------------------------------------------------------------------
      Pin                      Edge  Net                   Cell      Delay  Arrival  Required  
                                                                            Time     Time  
      ---------------------------------------------------------------------------------------
      in_rclk                  ^     in_rclk               -         -      0.000    -0.565  
      atop_ATctod_i158380_1/A  ^     in_rclk               BUF_X16   0.000  0.000    -0.565  
      atop_ATctod_i158380_1/Z  ^     atop_ATctod_149615_1  BUF_X16   0.000  0.000    -0.565  
      U514_reg_8/CK            ^     atop_ATctod_149615_1  SDFF_X2   0.000  0.000    -0.565  
      U514_reg_8/QN            ^     sbn_37445             SDFF_X2   0.330  0.330    -0.235  
      U31010/B1                ^     sbn_37445             OAI22_X2  0.000  0.330    -0.235  
      U31010/ZN                v     sbn_37446             OAI22_X2  0.074  0.404    -0.161  
      U514_reg_8/D             v     sbn_37446             SDFF_X2   0.000  0.404    -0.161  
      ---------------------------------------------------------------------------------------
     Clock Rise Edge                      0.000
     = Beginpoint Arrival Time            0.000
     Other End Path:
      --------------------------------------------------------------------------------------
      Pin                      Edge  Net                   Cell     Delay  Arrival  Required  
                                                                           Time     Time  
      --------------------------------------------------------------------------------------
      in_rclk                  ^     in_rclk               -        -      0.000    0.565  
      atop_ATctod_i158380_1/A  ^     in_rclk               BUF_X16  0.000  0.000    0.565  
      atop_ATctod_i158380_1/Z  ^     atop_ATctod_149615_1  BUF_X16  0.000  0.000    0.565  
      U514_reg_8/CK            ^     atop_ATctod_149615_1  SDFF_X2  0.000  0.000    0.565  
      --------------------------------------------------------------------------------------
Path 30: MET Hold Check with Pin U119_reg_6/CK 
Endpoint:   U119_reg_6/D  (v) checked with  leading edge of 'in_rclk'
Beginpoint: U119_reg_6/QN (^) triggered by  leading edge of 'in_rclk'
Path Groups: {in_rclk}
Other End Arrival Time          0.000
+ Hold                         -0.173
+ Phase Shift                   0.000
= Required Time                -0.173
  Arrival Time                  0.397
  Slack Time                    0.571
     Clock Rise Edge                      0.000
     = Beginpoint Arrival Time            0.000
     Timing Path:
      ----------------------------------------------------------------------------------------
      Pin                      Edge  Net                   Cell       Delay  Arrival  Required  
                                                                             Time     Time  
      ----------------------------------------------------------------------------------------
      in_rclk                  ^     in_rclk               -          -      0.000    -0.571  
      atop_ATctod_i158379_1/A  ^     in_rclk               BUF_X16    0.000  0.000    -0.571  
      atop_ATctod_i158379_1/Z  ^     atop_ATctod_149614_1  BUF_X16    0.000  0.000    -0.571  
      U119_reg_6/CK            ^     atop_ATctod_149614_1  SDFF_X2    0.000  0.000    -0.571  
      U119_reg_6/QN            ^     sbn_36366             SDFF_X2    0.312  0.312    -0.259  
      U12353/C1                ^     sbn_36366             OAI211_X1  0.000  0.312    -0.259  
      U12353/ZN                v     sbn_36368             OAI211_X1  0.086  0.397    -0.173  
      U119_reg_6/D             v     sbn_36368             SDFF_X2    0.000  0.397    -0.173  
      ----------------------------------------------------------------------------------------
     Clock Rise Edge                      0.000
     = Beginpoint Arrival Time            0.000
     Other End Path:
      --------------------------------------------------------------------------------------
      Pin                      Edge  Net                   Cell     Delay  Arrival  Required  
                                                                           Time     Time  
      --------------------------------------------------------------------------------------
      in_rclk                  ^     in_rclk               -        -      0.000    0.571  
      atop_ATctod_i158379_1/A  ^     in_rclk               BUF_X16  0.000  0.000    0.571  
      atop_ATctod_i158379_1/Z  ^     atop_ATctod_149614_1  BUF_X16  0.000  0.000    0.571  
      U119_reg_6/CK            ^     atop_ATctod_149614_1  SDFF_X2  0.000  0.000    0.571  
      --------------------------------------------------------------------------------------
Path 31: MET Hold Check with Pin U440_reg_6/CK 
Endpoint:   U440_reg_6/D  (v) checked with  leading edge of 'in_rclk'
Beginpoint: U440_reg_6/QN (^) triggered by  leading edge of 'in_rclk'
Path Groups: {in_rclk}
Other End Arrival Time          0.000
+ Hold                         -0.165
+ Phase Shift                   0.000
= Required Time                -0.165
  Arrival Time                  0.406
  Slack Time                    0.572
     Clock Rise Edge                      0.000
     = Beginpoint Arrival Time            0.000
     Timing Path:
      ----------------------------------------------------------------------------------------
      Pin                      Edge  Net                   Cell       Delay  Arrival  Required  
                                                                             Time     Time  
      ----------------------------------------------------------------------------------------
      in_rclk                  ^     in_rclk               -          -      0.000    -0.572  
      atop_ATctod_i158379_1/A  ^     in_rclk               BUF_X16    0.000  0.000    -0.572  
      atop_ATctod_i158379_1/Z  ^     atop_ATctod_149614_1  BUF_X16    0.000  0.000    -0.572  
      U440_reg_6/CK            ^     atop_ATctod_149614_1  SDFF_X2    0.000  0.000    -0.572  
      U440_reg_6/QN            ^     sbn_36753             SDFF_X2    0.331  0.331    -0.241  
      U24336/C1                ^     sbn_36753             OAI211_X2  0.000  0.331    -0.241  
      U24336/ZN                v     sbn_36754             OAI211_X2  0.075  0.406    -0.165  
      U440_reg_6/D             v     sbn_36754             SDFF_X2    0.000  0.406    -0.165  
      ----------------------------------------------------------------------------------------
     Clock Rise Edge                      0.000
     = Beginpoint Arrival Time            0.000
     Other End Path:
      --------------------------------------------------------------------------------------
      Pin                      Edge  Net                   Cell     Delay  Arrival  Required  
                                                                           Time     Time  
      --------------------------------------------------------------------------------------
      in_rclk                  ^     in_rclk               -        -      0.000    0.572  
      atop_ATctod_i158379_1/A  ^     in_rclk               BUF_X16  0.000  0.000    0.572  
      atop_ATctod_i158379_1/Z  ^     atop_ATctod_149614_1  BUF_X16  0.000  0.000    0.572  
      U440_reg_6/CK            ^     atop_ATctod_149614_1  SDFF_X2  0.000  0.000    0.572  
      --------------------------------------------------------------------------------------
Path 32: MET Hold Check with Pin U444_reg_0/CK 
Endpoint:   U444_reg_0/D  (v) checked with  leading edge of 'in_rclk'
Beginpoint: U462_reg_0/QN (^) triggered by  leading edge of 'in_rclk'
Path Groups: {in_rclk}
Other End Arrival Time          0.000
+ Hold                          0.012
+ Phase Shift                   0.000
= Required Time                 0.012
  Arrival Time                  0.584
  Slack Time                    0.572
     Clock Rise Edge                      0.000
     = Beginpoint Arrival Time            0.000
     Timing Path:
      ---------------------------------------------------------------------------------------------
      Pin                         Edge  Net                      Cell      Delay  Arrival  Required  
                                                                                  Time     Time  
      ---------------------------------------------------------------------------------------------
      in_rclk                     ^     in_rclk                  -         -      0.000    -0.572  
      in_rclk_ATctos_i158229_1/A  ^     in_rclk                  BUF_X2    0.000  0.000    -0.572  
      in_rclk_ATctos_i158229_1/Z  ^     in_rclk_ATctos_149604_1  BUF_X2    0.000  0.000    -0.572  
      in_rclk_ATctod_i158386_1/A  ^     in_rclk_ATctos_149604_1  BUF_X8    0.000  0.000    -0.572  
      in_rclk_ATctod_i158386_1/Z  ^     in_rclk_ATctod_149621_1  BUF_X8    0.000  0.000    -0.572  
      U462_reg_0/CK               ^     in_rclk_ATctod_149621_1  SDFFR_X2  0.000  0.000    -0.572  
      U462_reg_0/QN               ^     sbn_37766                SDFFR_X2  0.412  0.412    -0.160  
      sbn_37766_ATgbl_i13536_5/A  ^     sbn_37766                BUF_X8    0.000  0.412    -0.160  
      sbn_37766_ATgbl_i13536_5/Z  ^     sbn_37766_ATgbl_13418_5  BUF_X8    0.128  0.540    -0.032  
      U23334/A                    ^     sbn_37766_ATgbl_13418_5  INV_X4    0.000  0.540    -0.032  
      U23334/ZN                   v     sbn_37753                INV_X4    0.044  0.584    0.012  
      U444_reg_0/D                v     sbn_37753                DFFR_X2   0.000  0.584    0.012  
      ---------------------------------------------------------------------------------------------
     Clock Rise Edge                      0.000
     = Beginpoint Arrival Time            0.000
     Other End Path:
      --------------------------------------------------------------------------------------------
      Pin                         Edge  Net                      Cell     Delay  Arrival  Required  
                                                                                 Time     Time  
      --------------------------------------------------------------------------------------------
      in_rclk                     ^     in_rclk                  -        -      0.000    0.572  
      in_rclk_ATctod_i158375_1/A  ^     in_rclk                  BUF_X16  0.000  0.000    0.572  
      in_rclk_ATctod_i158375_1/Z  ^     in_rclk_ATctod_149610_1  BUF_X16  0.000  0.000    0.572  
      U444_reg_0/CK               ^     in_rclk_ATctod_149610_1  DFFR_X2  0.000  0.000    0.572  
      --------------------------------------------------------------------------------------------
Path 33: MET Hold Check with Pin U514_reg_6/CK 
Endpoint:   U514_reg_6/D  (v) checked with  leading edge of 'in_rclk'
Beginpoint: U514_reg_6/QN (^) triggered by  leading edge of 'in_rclk'
Path Groups: {in_rclk}
Other End Arrival Time          0.000
+ Hold                         -0.165
+ Phase Shift                   0.000
= Required Time                -0.165
  Arrival Time                  0.407
  Slack Time                    0.573
     Clock Rise Edge                      0.000
     = Beginpoint Arrival Time            0.000
     Timing Path:
      ----------------------------------------------------------------------------------------
      Pin                      Edge  Net                   Cell       Delay  Arrival  Required  
                                                                             Time     Time  
      ----------------------------------------------------------------------------------------
      in_rclk                  ^     in_rclk               -          -      0.000    -0.573  
      atop_ATctod_i158380_1/A  ^     in_rclk               BUF_X16    0.000  0.000    -0.573  
      atop_ATctod_i158380_1/Z  ^     atop_ATctod_149615_1  BUF_X16    0.000  0.000    -0.573  
      U514_reg_6/CK            ^     atop_ATctod_149615_1  SDFF_X2    0.000  0.000    -0.573  
      U514_reg_6/QN            ^     sbn_36751             SDFF_X2    0.332  0.332    -0.241  
      U16351/C1                ^     sbn_36751             OAI211_X2  0.000  0.332    -0.241  
      U16351/ZN                v     sbn_36752             OAI211_X2  0.076  0.407    -0.165  
      U514_reg_6/D             v     sbn_36752             SDFF_X2    0.000  0.407    -0.165  
      ----------------------------------------------------------------------------------------
     Clock Rise Edge                      0.000
     = Beginpoint Arrival Time            0.000
     Other End Path:
      --------------------------------------------------------------------------------------
      Pin                      Edge  Net                   Cell     Delay  Arrival  Required  
                                                                           Time     Time  
      --------------------------------------------------------------------------------------
      in_rclk                  ^     in_rclk               -        -      0.000    0.573  
      atop_ATctod_i158380_1/A  ^     in_rclk               BUF_X16  0.000  0.000    0.573  
      atop_ATctod_i158380_1/Z  ^     atop_ATctod_149615_1  BUF_X16  0.000  0.000    0.573  
      U514_reg_6/CK            ^     atop_ATctod_149615_1  SDFF_X2  0.000  0.000    0.573  
      --------------------------------------------------------------------------------------
Path 34: MET Hold Check with Pin U440_reg_4/CK 
Endpoint:   U440_reg_4/D  (v) checked with  leading edge of 'in_rclk'
Beginpoint: U440_reg_4/QN (^) triggered by  leading edge of 'in_rclk'
Path Groups: {in_rclk}
Other End Arrival Time          0.000
+ Hold                         -0.165
+ Phase Shift                   0.000
= Required Time                -0.165
  Arrival Time                  0.407
  Slack Time                    0.573
     Clock Rise Edge                      0.000
     = Beginpoint Arrival Time            0.000
     Timing Path:
      ----------------------------------------------------------------------------------------
      Pin                      Edge  Net                   Cell       Delay  Arrival  Required  
                                                                             Time     Time  
      ----------------------------------------------------------------------------------------
      in_rclk                  ^     in_rclk               -          -      0.000    -0.573  
      atop_ATctod_i158379_1/A  ^     in_rclk               BUF_X16    0.000  0.000    -0.573  
      atop_ATctod_i158379_1/Z  ^     atop_ATctod_149614_1  BUF_X16    0.000  0.000    -0.573  
      U440_reg_4/CK            ^     atop_ATctod_149614_1  SDFF_X2    0.000  0.000    -0.573  
      U440_reg_4/QN            ^     sbn_36746             SDFF_X2    0.332  0.332    -0.241  
      U12211/C1                ^     sbn_36746             OAI211_X2  0.000  0.332    -0.241  
      U12211/ZN                v     sbn_36747             OAI211_X2  0.076  0.407    -0.165  
      U440_reg_4/D             v     sbn_36747             SDFF_X2    0.000  0.407    -0.165  
      ----------------------------------------------------------------------------------------
     Clock Rise Edge                      0.000
     = Beginpoint Arrival Time            0.000
     Other End Path:
      --------------------------------------------------------------------------------------
      Pin                      Edge  Net                   Cell     Delay  Arrival  Required  
                                                                           Time     Time  
      --------------------------------------------------------------------------------------
      in_rclk                  ^     in_rclk               -        -      0.000    0.573  
      atop_ATctod_i158379_1/A  ^     in_rclk               BUF_X16  0.000  0.000    0.573  
      atop_ATctod_i158379_1/Z  ^     atop_ATctod_149614_1  BUF_X16  0.000  0.000    0.573  
      U440_reg_4/CK            ^     atop_ATctod_149614_1  SDFF_X2  0.000  0.000    0.573  
      --------------------------------------------------------------------------------------
Path 35: MET Hold Check with Pin U230_reg_7/CK 
Endpoint:   U230_reg_7/D (^) checked with  leading edge of 'in_rclk'
Beginpoint: U230_reg_7/Q (^) triggered by  leading edge of 'in_rclk'
Path Groups: {in_rclk}
Other End Arrival Time          0.000
+ Hold                         -0.041
+ Phase Shift                   0.000
= Required Time                -0.041
  Arrival Time                  0.532
  Slack Time                    0.574
     Clock Rise Edge                      0.000
     = Beginpoint Arrival Time            0.000
     Timing Path:
      ---------------------------------------------------------------------------------------------
      Pin                         Edge  Net                      Cell      Delay  Arrival  Required  
                                                                                  Time     Time  
      ---------------------------------------------------------------------------------------------
      in_rclk                     ^     in_rclk                  -         -      0.000    -0.574  
      in_rclk_ATctos_i158230_1/A  ^     in_rclk                  BUF_X2    0.000  0.000    -0.574  
      in_rclk_ATctos_i158230_1/Z  ^     in_rclk_ATctos_149605_1  BUF_X2    0.000  0.000    -0.574  
      atop_ATctod_i158392_1/A     ^     in_rclk_ATctos_149605_1  BUF_X8    0.000  0.000    -0.574  
      atop_ATctod_i158392_1/Z     ^     atop_ATctod_149627_1     BUF_X8    0.000  0.000    -0.574  
      U230_reg_7/CK               ^     atop_ATctod_149627_1     SDFFR_X2  0.000  0.000    -0.574  
      U230_reg_7/Q                ^     mbn_295[7]               SDFFR_X2  0.414  0.414    -0.160  
      U32101/A2                   ^     mbn_295[7]               OAI22_X2  0.000  0.414    -0.160  
      U32101/ZN                   v     sbn_34948                OAI22_X2  0.070  0.483    -0.090  
      U16791/A                    v     sbn_34948                INV_X4    0.000  0.483    -0.090  
      U16791/ZN                   ^     sbn_37276                INV_X4    0.049  0.532    -0.041  
      U230_reg_7/D                ^     sbn_37276                SDFFR_X2  0.000  0.532    -0.041  
      ---------------------------------------------------------------------------------------------
     Clock Rise Edge                      0.000
     = Beginpoint Arrival Time            0.000
     Other End Path:
      ---------------------------------------------------------------------------------------------
      Pin                         Edge  Net                      Cell      Delay  Arrival  Required  
                                                                                  Time     Time  
      ---------------------------------------------------------------------------------------------
      in_rclk                     ^     in_rclk                  -         -      0.000    0.574  
      in_rclk_ATctos_i158230_1/A  ^     in_rclk                  BUF_X2    0.000  0.000    0.574  
      in_rclk_ATctos_i158230_1/Z  ^     in_rclk_ATctos_149605_1  BUF_X2    0.000  0.000    0.574  
      atop_ATctod_i158392_1/A     ^     in_rclk_ATctos_149605_1  BUF_X8    0.000  0.000    0.574  
      atop_ATctod_i158392_1/Z     ^     atop_ATctod_149627_1     BUF_X8    0.000  0.000    0.574  
      U230_reg_7/CK               ^     atop_ATctod_149627_1     SDFFR_X2  0.000  0.000    0.574  
      ---------------------------------------------------------------------------------------------
Path 36: MET Hold Check with Pin lckup31/GN 
Endpoint:   lckup31/D     (^) checked with  leading edge of 'in_rclk'
Beginpoint: U151_reg_7/QN (^) triggered by  leading edge of 'in_rclk'
Path Groups: {in_rclk}
Other End Arrival Time          0.000
+ Hold                         -0.070
+ Phase Shift                   0.000
= Required Time                -0.070
  Arrival Time                  0.505
  Slack Time                    0.575
     Clock Rise Edge                      0.000
     = Beginpoint Arrival Time            0.000
     Timing Path:
      ---------------------------------------------------------------------------------------
      Pin                      Edge  Net                   Cell      Delay  Arrival  Required  
                                                                            Time     Time  
      ---------------------------------------------------------------------------------------
      in_rclk                  ^     in_rclk               -         -      0.000    -0.575  
      atop_ATctod_i158381_1/A  ^     in_rclk               BUF_X16   0.000  0.000    -0.575  
      atop_ATctod_i158381_1/Z  ^     atop_ATctod_149616_1  BUF_X16   0.000  0.000    -0.575  
      U151_reg_7/CK            ^     atop_ATctod_149616_1  SDFFR_X2  0.000  0.000    -0.575  
      U151_reg_7/QN            ^     net834                SDFFR_X2  0.412  0.412    -0.163  
      net834_ATdrc_i18490_1/A  ^     net834                BUF_X4    0.000  0.412    -0.163  
      net834_ATdrc_i18490_1/Z  ^     net834_ATdrc_57997_1  BUF_X4    0.093  0.505    -0.070  
      lckup31/D                ^     net834_ATdrc_57997_1  DLL_X2    0.000  0.505    -0.070  
      ---------------------------------------------------------------------------------------
     Clock Rise Edge                      0.000
     = Beginpoint Arrival Time            0.000
     Other End Path:
      --------------------------------------------------------------------------------------
      Pin                      Edge  Net                   Cell     Delay  Arrival  Required  
                                                                           Time     Time  
      --------------------------------------------------------------------------------------
      in_rclk                  ^     in_rclk               -        -      0.000    0.575  
      atop_ATctod_i158383_1/A  ^     in_rclk               BUF_X16  0.000  0.000    0.575  
      atop_ATctod_i158383_1/Z  ^     atop_ATctod_149618_1  BUF_X16  0.000  0.000    0.575  
      lckup31/GN               ^     atop_ATctod_149618_1  DLL_X2   0.000  0.000    0.575  
      --------------------------------------------------------------------------------------
Path 37: MET Hold Check with Pin U119_reg_7/CK 
Endpoint:   U119_reg_7/D (^) checked with  leading edge of 'in_rclk'
Beginpoint: U119_reg_7/Q (^) triggered by  leading edge of 'in_rclk'
Path Groups: {in_rclk}
Other End Arrival Time          0.000
+ Hold                         -0.048
+ Phase Shift                   0.000
= Required Time                -0.048
  Arrival Time                  0.528
  Slack Time                    0.577
     Clock Rise Edge                      0.000
     = Beginpoint Arrival Time            0.000
     Timing Path:
      ---------------------------------------------------------------------------------------
      Pin                      Edge  Net                   Cell      Delay  Arrival  Required  
                                                                            Time     Time  
      ---------------------------------------------------------------------------------------
      in_rclk                  ^     in_rclk               -         -      0.000    -0.577  
      atop_ATctod_i158379_1/A  ^     in_rclk               BUF_X16   0.000  0.000    -0.577  
      atop_ATctod_i158379_1/Z  ^     atop_ATctod_149614_1  BUF_X16   0.000  0.000    -0.577  
      U119_reg_7/CK            ^     atop_ATctod_149614_1  SDFF_X2   0.000  0.000    -0.577  
      U119_reg_7/Q             ^     sbn_36707             SDFF_X2   0.339  0.339    -0.238  
      U41322/A1                ^     sbn_36707             NAND2_X2  0.000  0.339    -0.238  
      U41322/ZN                v     sbn_36240             NAND2_X2  0.057  0.396    -0.181  
      U19124/A3                v     sbn_36240             NAND3_X2  0.000  0.396    -0.181  
      U19124/ZN                ^     sbn_36708             NAND3_X2  0.133  0.529    -0.048  
      U119_reg_7/D             ^     sbn_36708             SDFF_X2   0.000  0.528    -0.048  
      ---------------------------------------------------------------------------------------
     Clock Rise Edge                      0.000
     = Beginpoint Arrival Time            0.000
     Other End Path:
      --------------------------------------------------------------------------------------
      Pin                      Edge  Net                   Cell     Delay  Arrival  Required  
                                                                           Time     Time  
      --------------------------------------------------------------------------------------
      in_rclk                  ^     in_rclk               -        -      0.000    0.577  
      atop_ATctod_i158379_1/A  ^     in_rclk               BUF_X16  0.000  0.000    0.577  
      atop_ATctod_i158379_1/Z  ^     atop_ATctod_149614_1  BUF_X16  0.000  0.000    0.577  
      U119_reg_7/CK            ^     atop_ATctod_149614_1  SDFF_X2  0.000  0.000    0.577  
      --------------------------------------------------------------------------------------
Path 38: MET Hold Check with Pin U508_reg_2/CK 
Endpoint:   U508_reg_2/D (^) checked with  leading edge of 'in_rclk'
Beginpoint: U508_reg_2/Q (^) triggered by  leading edge of 'in_rclk'
Path Groups: {in_rclk}
Other End Arrival Time          0.000
+ Hold                         -0.046
+ Phase Shift                   0.000
= Required Time                -0.046
  Arrival Time                  0.534
  Slack Time                    0.580
     Clock Rise Edge                      0.000
     = Beginpoint Arrival Time            0.000
     Timing Path:
      ---------------------------------------------------------------------------------------------
      Pin                         Edge  Net                      Cell      Delay  Arrival  Required  
                                                                                  Time     Time  
      ---------------------------------------------------------------------------------------------
      in_rclk                     ^     in_rclk                  -         -      0.000    -0.580  
      in_rclk_ATctos_i158233_1/A  ^     in_rclk                  BUF_X4    0.000  0.000    -0.580  
      in_rclk_ATctos_i158233_1/Z  ^     in_rclk_ATctos_149608_1  BUF_X4    0.000  0.000    -0.580  
      in_rclk_ATctod_i158384_1/A  ^     in_rclk_ATctos_149608_1  BUF_X8    0.000  0.000    -0.580  
      in_rclk_ATctod_i158384_1/Z  ^     in_rclk_ATctod_149619_1  BUF_X8    0.000  0.000    -0.580  
      U508_reg_2/CK               ^     in_rclk_ATctod_149619_1  SDFFR_X2  0.000  0.000    -0.580  
      U508_reg_2/Q                ^     mbn_294[2]               SDFFR_X2  0.397  0.397    -0.183  
      U17982/A1                   ^     mbn_294[2]               AND2_X2   0.000  0.397    -0.183  
      U17982/ZN                   ^     sbn_37570                AND2_X2   0.136  0.534    -0.046  
      U508_reg_2/D                ^     sbn_37570                SDFFR_X2  0.000  0.534    -0.046  
      ---------------------------------------------------------------------------------------------
     Clock Rise Edge                      0.000
     = Beginpoint Arrival Time            0.000
     Other End Path:
      ---------------------------------------------------------------------------------------------
      Pin                         Edge  Net                      Cell      Delay  Arrival  Required  
                                                                                  Time     Time  
      ---------------------------------------------------------------------------------------------
      in_rclk                     ^     in_rclk                  -         -      0.000    0.580  
      in_rclk_ATctos_i158233_1/A  ^     in_rclk                  BUF_X4    0.000  0.000    0.580  
      in_rclk_ATctos_i158233_1/Z  ^     in_rclk_ATctos_149608_1  BUF_X4    0.000  0.000    0.580  
      in_rclk_ATctod_i158384_1/A  ^     in_rclk_ATctos_149608_1  BUF_X8    0.000  0.000    0.580  
      in_rclk_ATctod_i158384_1/Z  ^     in_rclk_ATctod_149619_1  BUF_X8    0.000  0.000    0.580  
      U508_reg_2/CK               ^     in_rclk_ATctod_149619_1  SDFFR_X2  0.000  0.000    0.580  
      ---------------------------------------------------------------------------------------------
Path 39: MET Hold Check with Pin U108_reg_2/CK 
Endpoint:   U108_reg_2/D (^) checked with  leading edge of 'in_rclk'
Beginpoint: U108_reg_2/Q (^) triggered by  leading edge of 'in_rclk'
Path Groups: {in_rclk}
Other End Arrival Time          0.000
+ Hold                         -0.046
+ Phase Shift                   0.000
= Required Time                -0.046
  Arrival Time                  0.534
  Slack Time                    0.580
     Clock Rise Edge                      0.000
     = Beginpoint Arrival Time            0.000
     Timing Path:
      ---------------------------------------------------------------------------------------------
      Pin                         Edge  Net                      Cell      Delay  Arrival  Required  
                                                                                  Time     Time  
      ---------------------------------------------------------------------------------------------
      in_rclk                     ^     in_rclk                  -         -      0.000    -0.580  
      in_rclk_ATctos_i158229_1/A  ^     in_rclk                  BUF_X2    0.000  0.000    -0.580  
      in_rclk_ATctos_i158229_1/Z  ^     in_rclk_ATctos_149604_1  BUF_X2    0.000  0.000    -0.580  
      atop_ATctod_i158387_1/A     ^     in_rclk_ATctos_149604_1  BUF_X8    0.000  0.000    -0.580  
      atop_ATctod_i158387_1/Z     ^     atop_ATctod_149622_1     BUF_X8    0.000  0.000    -0.580  
      U108_reg_2/CK               ^     atop_ATctod_149622_1     SDFFR_X2  0.000  0.000    -0.580  
      U108_reg_2/Q                ^     mbn_293[2]               SDFFR_X2  0.397  0.397    -0.183  
      U20061/A1                   ^     mbn_293[2]               AND2_X2   0.000  0.397    -0.183  
      U20061/ZN                   ^     sbn_37703                AND2_X2   0.136  0.534    -0.046  
      U108_reg_2/D                ^     sbn_37703                SDFFR_X2  0.000  0.534    -0.046  
      ---------------------------------------------------------------------------------------------
     Clock Rise Edge                      0.000
     = Beginpoint Arrival Time            0.000
     Other End Path:
      ---------------------------------------------------------------------------------------------
      Pin                         Edge  Net                      Cell      Delay  Arrival  Required  
                                                                                  Time     Time  
      ---------------------------------------------------------------------------------------------
      in_rclk                     ^     in_rclk                  -         -      0.000    0.580  
      in_rclk_ATctos_i158229_1/A  ^     in_rclk                  BUF_X2    0.000  0.000    0.580  
      in_rclk_ATctos_i158229_1/Z  ^     in_rclk_ATctos_149604_1  BUF_X2    0.000  0.000    0.580  
      atop_ATctod_i158387_1/A     ^     in_rclk_ATctos_149604_1  BUF_X8    0.000  0.000    0.580  
      atop_ATctod_i158387_1/Z     ^     atop_ATctod_149622_1     BUF_X8    0.000  0.000    0.580  
      U108_reg_2/CK               ^     atop_ATctod_149622_1     SDFFR_X2  0.000  0.000    0.580  
      ---------------------------------------------------------------------------------------------
Path 40: MET Hold Check with Pin U108_reg_6/CK 
Endpoint:   U108_reg_6/D (^) checked with  leading edge of 'in_rclk'
Beginpoint: U108_reg_6/Q (^) triggered by  leading edge of 'in_rclk'
Path Groups: {in_rclk}
Other End Arrival Time          0.000
+ Hold                         -0.046
+ Phase Shift                   0.000
= Required Time                -0.046
  Arrival Time                  0.534
  Slack Time                    0.580
     Clock Rise Edge                      0.000
     = Beginpoint Arrival Time            0.000
     Timing Path:
      ---------------------------------------------------------------------------------------------
      Pin                         Edge  Net                      Cell      Delay  Arrival  Required  
                                                                                  Time     Time  
      ---------------------------------------------------------------------------------------------
      in_rclk                     ^     in_rclk                  -         -      0.000    -0.580  
      in_rclk_ATctos_i158234_1/A  ^     in_rclk                  BUF_X16   0.000  0.000    -0.580  
      in_rclk_ATctos_i158234_1/Z  ^     in_rclk_ATctos_149609_1  BUF_X16   0.000  0.000    -0.580  
      in_rclk_ATctod_i158388_1/A  ^     in_rclk_ATctos_149609_1  BUF_X8    0.000  0.000    -0.580  
      in_rclk_ATctod_i158388_1/Z  ^     in_rclk_ATctod_149623_1  BUF_X8    0.000  0.000    -0.580  
      U108_reg_6/CK               ^     in_rclk_ATctod_149623_1  SDFFR_X2  0.000  0.000    -0.580  
      U108_reg_6/Q                ^     mbn_293[6]               SDFFR_X2  0.397  0.397    -0.183  
      U1641/A1                    ^     mbn_293[6]               AND2_X2   0.000  0.397    -0.183  
      U1641/ZN                    ^     sbn_37708                AND2_X2   0.136  0.534    -0.046  
      U108_reg_6/D                ^     sbn_37708                SDFFR_X2  0.000  0.534    -0.046  
      ---------------------------------------------------------------------------------------------
     Clock Rise Edge                      0.000
     = Beginpoint Arrival Time            0.000
     Other End Path:
      ---------------------------------------------------------------------------------------------
      Pin                         Edge  Net                      Cell      Delay  Arrival  Required  
                                                                                  Time     Time  
      ---------------------------------------------------------------------------------------------
      in_rclk                     ^     in_rclk                  -         -      0.000    0.580  
      in_rclk_ATctos_i158234_1/A  ^     in_rclk                  BUF_X16   0.000  0.000    0.580  
      in_rclk_ATctos_i158234_1/Z  ^     in_rclk_ATctos_149609_1  BUF_X16   0.000  0.000    0.580  
      in_rclk_ATctod_i158388_1/A  ^     in_rclk_ATctos_149609_1  BUF_X8    0.000  0.000    0.580  
      in_rclk_ATctod_i158388_1/Z  ^     in_rclk_ATctod_149623_1  BUF_X8    0.000  0.000    0.580  
      U108_reg_6/CK               ^     in_rclk_ATctod_149623_1  SDFFR_X2  0.000  0.000    0.580  
      ---------------------------------------------------------------------------------------------
Path 41: MET Hold Check with Pin U313_reg_7/CK 
Endpoint:   U313_reg_7/D (^) checked with  leading edge of 'in_rclk'
Beginpoint: U313_reg_7/Q (^) triggered by  leading edge of 'in_rclk'
Path Groups: {in_rclk}
Other End Arrival Time          0.000
+ Hold                         -0.041
+ Phase Shift                   0.000
= Required Time                -0.041
  Arrival Time                  0.540
  Slack Time                    0.581
     Clock Rise Edge                      0.000
     = Beginpoint Arrival Time            0.000
     Timing Path:
      ---------------------------------------------------------------------------------------------
      Pin                         Edge  Net                      Cell      Delay  Arrival  Required  
                                                                                  Time     Time  
      ---------------------------------------------------------------------------------------------
      in_rclk                     ^     in_rclk                  -         -      0.000    -0.581  
      in_rclk_ATctod_i158375_1/A  ^     in_rclk                  BUF_X16   0.000  0.000    -0.581  
      in_rclk_ATctod_i158375_1/Z  ^     in_rclk_ATctod_149610_1  BUF_X16   0.000  0.000    -0.581  
      U313_reg_7/CK               ^     in_rclk_ATctod_149610_1  SDFFR_X2  0.000  0.000    -0.581  
      U313_reg_7/Q                ^     mbn_292[7]               SDFFR_X2  0.414  0.414    -0.166  
      U25837/B1                   ^     mbn_292[7]               OAI22_X2  0.000  0.414    -0.166  
      U25837/ZN                   v     sbn_34975                OAI22_X2  0.079  0.493    -0.088  
      U42306/A                    v     sbn_34975                INV_X4    0.000  0.493    -0.088  
      U42306/ZN                   ^     sbn_37576                INV_X4    0.047  0.540    -0.041  
      U313_reg_7/D                ^     sbn_37576                SDFFR_X2  0.000  0.540    -0.041  
      ---------------------------------------------------------------------------------------------
     Clock Rise Edge                      0.000
     = Beginpoint Arrival Time            0.000
     Other End Path:
      ---------------------------------------------------------------------------------------------
      Pin                         Edge  Net                      Cell      Delay  Arrival  Required  
                                                                                  Time     Time  
      ---------------------------------------------------------------------------------------------
      in_rclk                     ^     in_rclk                  -         -      0.000    0.581  
      in_rclk_ATctod_i158375_1/A  ^     in_rclk                  BUF_X16   0.000  0.000    0.581  
      in_rclk_ATctod_i158375_1/Z  ^     in_rclk_ATctod_149610_1  BUF_X16   0.000  0.000    0.581  
      U313_reg_7/CK               ^     in_rclk_ATctod_149610_1  SDFFR_X2  0.000  0.000    0.581  
      ---------------------------------------------------------------------------------------------
Path 42: MET Hold Check with Pin U108_reg_5/CK 
Endpoint:   U108_reg_5/D (^) checked with  leading edge of 'in_rclk'
Beginpoint: U108_reg_5/Q (^) triggered by  leading edge of 'in_rclk'
Path Groups: {in_rclk}
Other End Arrival Time          0.000
+ Hold                         -0.046
+ Phase Shift                   0.000
= Required Time                -0.046
  Arrival Time                  0.537
  Slack Time                    0.583
     Clock Rise Edge                      0.000
     = Beginpoint Arrival Time            0.000
     Timing Path:
      ---------------------------------------------------------------------------------------
      Pin                      Edge  Net                   Cell      Delay  Arrival  Required  
                                                                            Time     Time  
      ---------------------------------------------------------------------------------------
      in_rclk                  ^     in_rclk               -         -      0.000    -0.583  
      atop_ATctod_i158377_1/A  ^     in_rclk               BUF_X16   0.000  0.000    -0.583  
      atop_ATctod_i158377_1/Z  ^     atop_ATctod_149612_1  BUF_X16   0.000  0.000    -0.583  
      U108_reg_5/CK            ^     atop_ATctod_149612_1  SDFFR_X2  0.000  0.000    -0.583  
      U108_reg_5/Q             ^     mbn_293[5]            SDFFR_X2  0.400  0.400    -0.184  
      U12776/A1                ^     mbn_293[5]            AND2_X2   0.000  0.400    -0.184  
      U12776/ZN                ^     sbn_37707             AND2_X2   0.137  0.537    -0.046  
      U108_reg_5/D             ^     sbn_37707             SDFFR_X2  0.000  0.537    -0.046  
      ---------------------------------------------------------------------------------------
     Clock Rise Edge                      0.000
     = Beginpoint Arrival Time            0.000
     Other End Path:
      ---------------------------------------------------------------------------------------
      Pin                      Edge  Net                   Cell      Delay  Arrival  Required  
                                                                            Time     Time  
      ---------------------------------------------------------------------------------------
      in_rclk                  ^     in_rclk               -         -      0.000    0.583  
      atop_ATctod_i158377_1/A  ^     in_rclk               BUF_X16   0.000  0.000    0.583  
      atop_ATctod_i158377_1/Z  ^     atop_ATctod_149612_1  BUF_X16   0.000  0.000    0.583  
      U108_reg_5/CK            ^     atop_ATctod_149612_1  SDFFR_X2  0.000  0.000    0.583  
      ---------------------------------------------------------------------------------------
Path 43: MET Hold Check with Pin U108_reg_3/CK 
Endpoint:   U108_reg_3/D (^) checked with  leading edge of 'in_rclk'
Beginpoint: U108_reg_3/Q (^) triggered by  leading edge of 'in_rclk'
Path Groups: {in_rclk}
Other End Arrival Time          0.000
+ Hold                         -0.046
+ Phase Shift                   0.000
= Required Time                -0.046
  Arrival Time                  0.537
  Slack Time                    0.583
     Clock Rise Edge                      0.000
     = Beginpoint Arrival Time            0.000
     Timing Path:
      ---------------------------------------------------------------------------------------
      Pin                      Edge  Net                   Cell      Delay  Arrival  Required  
                                                                            Time     Time  
      ---------------------------------------------------------------------------------------
      in_rclk                  ^     in_rclk               -         -      0.000    -0.583  
      atop_ATctod_i158376_1/A  ^     in_rclk               BUF_X16   0.000  0.000    -0.583  
      atop_ATctod_i158376_1/Z  ^     atop_ATctod_149611_1  BUF_X16   0.000  0.000    -0.583  
      U108_reg_3/CK            ^     atop_ATctod_149611_1  SDFFR_X2  0.000  0.000    -0.583  
      U108_reg_3/Q             ^     mbn_293[3]            SDFFR_X2  0.400  0.400    -0.184  
      U4086/A1                 ^     mbn_293[3]            AND2_X2   0.000  0.400    -0.184  
      U4086/ZN                 ^     sbn_37705             AND2_X2   0.137  0.537    -0.046  
      U108_reg_3/D             ^     sbn_37705             SDFFR_X2  0.000  0.537    -0.046  
      ---------------------------------------------------------------------------------------
     Clock Rise Edge                      0.000
     = Beginpoint Arrival Time            0.000
     Other End Path:
      ---------------------------------------------------------------------------------------
      Pin                      Edge  Net                   Cell      Delay  Arrival  Required  
                                                                            Time     Time  
      ---------------------------------------------------------------------------------------
      in_rclk                  ^     in_rclk               -         -      0.000    0.583  
      atop_ATctod_i158376_1/A  ^     in_rclk               BUF_X16   0.000  0.000    0.583  
      atop_ATctod_i158376_1/Z  ^     atop_ATctod_149611_1  BUF_X16   0.000  0.000    0.583  
      U108_reg_3/CK            ^     atop_ATctod_149611_1  SDFFR_X2  0.000  0.000    0.583  
      ---------------------------------------------------------------------------------------
Path 44: MET Hold Check with Pin U108_reg_7/CK 
Endpoint:   U108_reg_7/D (^) checked with  leading edge of 'in_rclk'
Beginpoint: U108_reg_7/Q (^) triggered by  leading edge of 'in_rclk'
Path Groups: {in_rclk}
Other End Arrival Time          0.000
+ Hold                         -0.046
+ Phase Shift                   0.000
= Required Time                -0.046
  Arrival Time                  0.537
  Slack Time                    0.583
     Clock Rise Edge                      0.000
     = Beginpoint Arrival Time            0.000
     Timing Path:
      ---------------------------------------------------------------------------------------
      Pin                      Edge  Net                   Cell      Delay  Arrival  Required  
                                                                            Time     Time  
      ---------------------------------------------------------------------------------------
      in_rclk                  ^     in_rclk               -         -      0.000    -0.583  
      atop_ATctod_i158377_1/A  ^     in_rclk               BUF_X16   0.000  0.000    -0.583  
      atop_ATctod_i158377_1/Z  ^     atop_ATctod_149612_1  BUF_X16   0.000  0.000    -0.583  
      U108_reg_7/CK            ^     atop_ATctod_149612_1  SDFFR_X2  0.000  0.000    -0.583  
      U108_reg_7/Q             ^     mbn_293[7]            SDFFR_X2  0.400  0.400    -0.184  
      U35018/A1                ^     mbn_293[7]            AND2_X2   0.000  0.400    -0.184  
      U35018/ZN                ^     sbn_37709             AND2_X2   0.137  0.537    -0.046  
      U108_reg_7/D             ^     sbn_37709             SDFFR_X2  0.000  0.537    -0.046  
      ---------------------------------------------------------------------------------------
     Clock Rise Edge                      0.000
     = Beginpoint Arrival Time            0.000
     Other End Path:
      ---------------------------------------------------------------------------------------
      Pin                      Edge  Net                   Cell      Delay  Arrival  Required  
                                                                            Time     Time  
      ---------------------------------------------------------------------------------------
      in_rclk                  ^     in_rclk               -         -      0.000    0.583  
      atop_ATctod_i158377_1/A  ^     in_rclk               BUF_X16   0.000  0.000    0.583  
      atop_ATctod_i158377_1/Z  ^     atop_ATctod_149612_1  BUF_X16   0.000  0.000    0.583  
      U108_reg_7/CK            ^     atop_ATctod_149612_1  SDFFR_X2  0.000  0.000    0.583  
      ---------------------------------------------------------------------------------------
Path 45: MET Hold Check with Pin U108_reg_4/CK 
Endpoint:   U108_reg_4/D (^) checked with  leading edge of 'in_rclk'
Beginpoint: U108_reg_4/Q (^) triggered by  leading edge of 'in_rclk'
Path Groups: {in_rclk}
Other End Arrival Time          0.000
+ Hold                         -0.046
+ Phase Shift                   0.000
= Required Time                -0.046
  Arrival Time                  0.537
  Slack Time                    0.583
     Clock Rise Edge                      0.000
     = Beginpoint Arrival Time            0.000
     Timing Path:
      ---------------------------------------------------------------------------------------------
      Pin                         Edge  Net                      Cell      Delay  Arrival  Required  
                                                                                  Time     Time  
      ---------------------------------------------------------------------------------------------
      in_rclk                     ^     in_rclk                  -         -      0.000    -0.583  
      in_rclk_ATctos_i158231_1/A  ^     in_rclk                  BUF_X16   0.000  0.000    -0.583  
      in_rclk_ATctos_i158231_1/Z  ^     in_rclk_ATctos_149606_1  BUF_X16   0.000  0.000    -0.583  
      U108_reg_4/CK               ^     in_rclk_ATctos_149606_1  SDFFR_X2  0.000  0.000    -0.583  
      U108_reg_4/Q                ^     mbn_293[4]               SDFFR_X2  0.400  0.400    -0.184  
      U15696/A1                   ^     mbn_293[4]               AND2_X2   0.000  0.400    -0.184  
      U15696/ZN                   ^     sbn_37706                AND2_X2   0.137  0.537    -0.046  
      U108_reg_4/D                ^     sbn_37706                SDFFR_X2  0.000  0.537    -0.046  
      ---------------------------------------------------------------------------------------------
     Clock Rise Edge                      0.000
     = Beginpoint Arrival Time            0.000
     Other End Path:
      ---------------------------------------------------------------------------------------------
      Pin                         Edge  Net                      Cell      Delay  Arrival  Required  
                                                                                  Time     Time  
      ---------------------------------------------------------------------------------------------
      in_rclk                     ^     in_rclk                  -         -      0.000    0.583  
      in_rclk_ATctos_i158231_1/A  ^     in_rclk                  BUF_X16   0.000  0.000    0.583  
      in_rclk_ATctos_i158231_1/Z  ^     in_rclk_ATctos_149606_1  BUF_X16   0.000  0.000    0.583  
      U108_reg_4/CK               ^     in_rclk_ATctos_149606_1  SDFFR_X2  0.000  0.000    0.583  
      ---------------------------------------------------------------------------------------------
Path 46: MET Hold Check with Pin U108_reg_1/CK 
Endpoint:   U108_reg_1/D (^) checked with  leading edge of 'in_rclk'
Beginpoint: U108_reg_1/Q (^) triggered by  leading edge of 'in_rclk'
Path Groups: {in_rclk}
Other End Arrival Time          0.000
+ Hold                         -0.046
+ Phase Shift                   0.000
= Required Time                -0.046
  Arrival Time                  0.537
  Slack Time                    0.583
     Clock Rise Edge                      0.000
     = Beginpoint Arrival Time            0.000
     Timing Path:
      ---------------------------------------------------------------------------------------
      Pin                      Edge  Net                   Cell      Delay  Arrival  Required  
                                                                            Time     Time  
      ---------------------------------------------------------------------------------------
      in_rclk                  ^     in_rclk               -         -      0.000    -0.583  
      atop_ATctod_i158376_1/A  ^     in_rclk               BUF_X16   0.000  0.000    -0.583  
      atop_ATctod_i158376_1/Z  ^     atop_ATctod_149611_1  BUF_X16   0.000  0.000    -0.583  
      U108_reg_1/CK            ^     atop_ATctod_149611_1  SDFFR_X2  0.000  0.000    -0.583  
      U108_reg_1/Q             ^     mbn_293[1]            SDFFR_X2  0.400  0.400    -0.184  
      U18454/A1                ^     mbn_293[1]            AND2_X2   0.000  0.400    -0.184  
      U18454/ZN                ^     sbn_37702             AND2_X2   0.137  0.537    -0.046  
      U108_reg_1/D             ^     sbn_37702             SDFFR_X2  0.000  0.537    -0.046  
      ---------------------------------------------------------------------------------------
     Clock Rise Edge                      0.000
     = Beginpoint Arrival Time            0.000
     Other End Path:
      ---------------------------------------------------------------------------------------
      Pin                      Edge  Net                   Cell      Delay  Arrival  Required  
                                                                            Time     Time  
      ---------------------------------------------------------------------------------------
      in_rclk                  ^     in_rclk               -         -      0.000    0.583  
      atop_ATctod_i158376_1/A  ^     in_rclk               BUF_X16   0.000  0.000    0.583  
      atop_ATctod_i158376_1/Z  ^     atop_ATctod_149611_1  BUF_X16   0.000  0.000    0.583  
      U108_reg_1/CK            ^     atop_ATctod_149611_1  SDFFR_X2  0.000  0.000    0.583  
      ---------------------------------------------------------------------------------------
Path 47: MET Hold Check with Pin U108_reg_0/CK 
Endpoint:   U108_reg_0/D (^) checked with  leading edge of 'in_rclk'
Beginpoint: U108_reg_0/Q (^) triggered by  leading edge of 'in_rclk'
Path Groups: {in_rclk}
Other End Arrival Time          0.000
+ Hold                         -0.046
+ Phase Shift                   0.000
= Required Time                -0.046
  Arrival Time                  0.537
  Slack Time                    0.583
     Clock Rise Edge                      0.000
     = Beginpoint Arrival Time            0.000
     Timing Path:
      ---------------------------------------------------------------------------------------
      Pin                      Edge  Net                   Cell      Delay  Arrival  Required  
                                                                            Time     Time  
      ---------------------------------------------------------------------------------------
      in_rclk                  ^     in_rclk               -         -      0.000    -0.583  
      atop_ATctod_i158376_1/A  ^     in_rclk               BUF_X16   0.000  0.000    -0.583  
      atop_ATctod_i158376_1/Z  ^     atop_ATctod_149611_1  BUF_X16   0.000  0.000    -0.583  
      U108_reg_0/CK            ^     atop_ATctod_149611_1  SDFFR_X2  0.000  0.000    -0.583  
      U108_reg_0/Q             ^     mbn_293[0]            SDFFR_X2  0.400  0.400    -0.184  
      U7307/A1                 ^     mbn_293[0]            AND2_X2   0.000  0.400    -0.184  
      U7307/ZN                 ^     sbn_37701             AND2_X2   0.137  0.537    -0.046  
      U108_reg_0/D             ^     sbn_37701             SDFFR_X2  0.000  0.537    -0.046  
      ---------------------------------------------------------------------------------------
     Clock Rise Edge                      0.000
     = Beginpoint Arrival Time            0.000
     Other End Path:
      ---------------------------------------------------------------------------------------
      Pin                      Edge  Net                   Cell      Delay  Arrival  Required  
                                                                            Time     Time  
      ---------------------------------------------------------------------------------------
      in_rclk                  ^     in_rclk               -         -      0.000    0.583  
      atop_ATctod_i158376_1/A  ^     in_rclk               BUF_X16   0.000  0.000    0.583  
      atop_ATctod_i158376_1/Z  ^     atop_ATctod_149611_1  BUF_X16   0.000  0.000    0.583  
      U108_reg_0/CK            ^     atop_ATctod_149611_1  SDFFR_X2  0.000  0.000    0.583  
      ---------------------------------------------------------------------------------------
Path 48: MET Hold Check with Pin U508_reg_0/CK 
Endpoint:   U508_reg_0/D (^) checked with  leading edge of 'in_rclk'
Beginpoint: U508_reg_0/Q (^) triggered by  leading edge of 'in_rclk'
Path Groups: {in_rclk}
Other End Arrival Time          0.000
+ Hold                         -0.046
+ Phase Shift                   0.000
= Required Time                -0.046
  Arrival Time                  0.538
  Slack Time                    0.584
     Clock Rise Edge                      0.000
     = Beginpoint Arrival Time            0.000
     Timing Path:
      ---------------------------------------------------------------------------------------
      Pin                      Edge  Net                   Cell      Delay  Arrival  Required  
                                                                            Time     Time  
      ---------------------------------------------------------------------------------------
      in_rclk                  ^     in_rclk               -         -      0.000    -0.584  
      atop_ATctod_i158376_1/A  ^     in_rclk               BUF_X16   0.000  0.000    -0.584  
      atop_ATctod_i158376_1/Z  ^     atop_ATctod_149611_1  BUF_X16   0.000  0.000    -0.584  
      U508_reg_0/CK            ^     atop_ATctod_149611_1  SDFFR_X2  0.000  0.000    -0.584  
      U508_reg_0/Q             ^     mbn_294[0]            SDFFR_X2  0.400  0.400    -0.184  
      U14780/A1                ^     mbn_294[0]            AND2_X2   0.000  0.400    -0.184  
      U14780/ZN                ^     sbn_37568             AND2_X2   0.137  0.538    -0.046  
      U508_reg_0/D             ^     sbn_37568             SDFFR_X2  0.000  0.538    -0.046  
      ---------------------------------------------------------------------------------------
     Clock Rise Edge                      0.000
     = Beginpoint Arrival Time            0.000
     Other End Path:
      ---------------------------------------------------------------------------------------
      Pin                      Edge  Net                   Cell      Delay  Arrival  Required  
                                                                            Time     Time  
      ---------------------------------------------------------------------------------------
      in_rclk                  ^     in_rclk               -         -      0.000    0.584  
      atop_ATctod_i158376_1/A  ^     in_rclk               BUF_X16   0.000  0.000    0.584  
      atop_ATctod_i158376_1/Z  ^     atop_ATctod_149611_1  BUF_X16   0.000  0.000    0.584  
      U508_reg_0/CK            ^     atop_ATctod_149611_1  SDFFR_X2  0.000  0.000    0.584  
      ---------------------------------------------------------------------------------------
Path 49: MET Hold Check with Pin U508_reg_6/CK 
Endpoint:   U508_reg_6/D (^) checked with  leading edge of 'in_rclk'
Beginpoint: U508_reg_6/Q (^) triggered by  leading edge of 'in_rclk'
Path Groups: {in_rclk}
Other End Arrival Time          0.000
+ Hold                         -0.046
+ Phase Shift                   0.000
= Required Time                -0.046
  Arrival Time                  0.538
  Slack Time                    0.584
     Clock Rise Edge                      0.000
     = Beginpoint Arrival Time            0.000
     Timing Path:
      ---------------------------------------------------------------------------------------
      Pin                      Edge  Net                   Cell      Delay  Arrival  Required  
                                                                            Time     Time  
      ---------------------------------------------------------------------------------------
      in_rclk                  ^     in_rclk               -         -      0.000    -0.584  
      atop_ATctod_i158377_1/A  ^     in_rclk               BUF_X16   0.000  0.000    -0.584  
      atop_ATctod_i158377_1/Z  ^     atop_ATctod_149612_1  BUF_X16   0.000  0.000    -0.584  
      U508_reg_6/CK            ^     atop_ATctod_149612_1  SDFFR_X2  0.000  0.000    -0.584  
      U508_reg_6/Q             ^     mbn_294[6]            SDFFR_X2  0.400  0.400    -0.184  
      U37516/A1                ^     mbn_294[6]            AND2_X2   0.000  0.400    -0.184  
      U37516/ZN                ^     sbn_37574             AND2_X2   0.137  0.538    -0.046  
      U508_reg_6/D             ^     sbn_37574             SDFFR_X2  0.000  0.538    -0.046  
      ---------------------------------------------------------------------------------------
     Clock Rise Edge                      0.000
     = Beginpoint Arrival Time            0.000
     Other End Path:
      ---------------------------------------------------------------------------------------
      Pin                      Edge  Net                   Cell      Delay  Arrival  Required  
                                                                            Time     Time  
      ---------------------------------------------------------------------------------------
      in_rclk                  ^     in_rclk               -         -      0.000    0.584  
      atop_ATctod_i158377_1/A  ^     in_rclk               BUF_X16   0.000  0.000    0.584  
      atop_ATctod_i158377_1/Z  ^     atop_ATctod_149612_1  BUF_X16   0.000  0.000    0.584  
      U508_reg_6/CK            ^     atop_ATctod_149612_1  SDFFR_X2  0.000  0.000    0.584  
      ---------------------------------------------------------------------------------------
Path 50: MET Hold Check with Pin U508_reg_5/CK 
Endpoint:   U508_reg_5/D (^) checked with  leading edge of 'in_rclk'
Beginpoint: U508_reg_5/Q (^) triggered by  leading edge of 'in_rclk'
Path Groups: {in_rclk}
Other End Arrival Time          0.000
+ Hold                         -0.046
+ Phase Shift                   0.000
= Required Time                -0.046
  Arrival Time                  0.538
  Slack Time                    0.584
     Clock Rise Edge                      0.000
     = Beginpoint Arrival Time            0.000
     Timing Path:
      ---------------------------------------------------------------------------------------
      Pin                      Edge  Net                   Cell      Delay  Arrival  Required  
                                                                            Time     Time  
      ---------------------------------------------------------------------------------------
      in_rclk                  ^     in_rclk               -         -      0.000    -0.584  
      atop_ATctod_i158377_1/A  ^     in_rclk               BUF_X16   0.000  0.000    -0.584  
      atop_ATctod_i158377_1/Z  ^     atop_ATctod_149612_1  BUF_X16   0.000  0.000    -0.584  
      U508_reg_5/CK            ^     atop_ATctod_149612_1  SDFFR_X2  0.000  0.000    -0.584  
      U508_reg_5/Q             ^     mbn_294[5]            SDFFR_X2  0.400  0.400    -0.184  
      U42336/A1                ^     mbn_294[5]            AND2_X2   0.000  0.400    -0.184  
      U42336/ZN                ^     sbn_37573             AND2_X2   0.137  0.538    -0.046  
      U508_reg_5/D             ^     sbn_37573             SDFFR_X2  0.000  0.538    -0.046  
      ---------------------------------------------------------------------------------------
     Clock Rise Edge                      0.000
     = Beginpoint Arrival Time            0.000
     Other End Path:
      ---------------------------------------------------------------------------------------
      Pin                      Edge  Net                   Cell      Delay  Arrival  Required  
                                                                            Time     Time  
      ---------------------------------------------------------------------------------------
      in_rclk                  ^     in_rclk               -         -      0.000    0.584  
      atop_ATctod_i158377_1/A  ^     in_rclk               BUF_X16   0.000  0.000    0.584  
      atop_ATctod_i158377_1/Z  ^     atop_ATctod_149612_1  BUF_X16   0.000  0.000    0.584  
      U508_reg_5/CK            ^     atop_ATctod_149612_1  SDFFR_X2  0.000  0.000    0.584  
      ---------------------------------------------------------------------------------------

