================================================================================================================
name                                            type       length  si_so_clocks  state   is_non_scannable_reason
----------------------------------------------  ---------  ------  ------------  ------  -----------------------
/\u_csr_branch_target_q_reg[2]                  leaf_cell  1       +clk_i        usable  --                     
/\u_csr_branch_target_q_reg[3]                  leaf_cell  1       +clk_i        usable  --                     
/\u_csr_branch_target_q_reg[4]                  leaf_cell  1       +clk_i        usable  --                     
/\u_csr_branch_target_q_reg[5]                  leaf_cell  1       +clk_i        usable  --                     
/\u_csr_branch_target_q_reg[6]                  leaf_cell  1       +clk_i        usable  --                     
/\u_csr_branch_target_q_reg[7]                  leaf_cell  1       +clk_i        usable  --                     
/\u_csr_branch_target_q_reg[8]                  leaf_cell  1       +clk_i        usable  --                     
/\u_csr_branch_target_q_reg[9]                  leaf_cell  1       +clk_i        usable  --                     
/\u_csr_branch_target_q_reg[10]                 leaf_cell  1       +clk_i        usable  --                     
/\u_csr_branch_target_q_reg[11]                 leaf_cell  1       +clk_i        usable  --                     
/\u_csr_branch_target_q_reg[12]                 leaf_cell  1       +clk_i        usable  --                     
/\u_csr_branch_target_q_reg[13]                 leaf_cell  1       +clk_i        usable  --                     
/\u_csr_branch_target_q_reg[14]                 leaf_cell  1       +clk_i        usable  --                     
/\u_csr_branch_target_q_reg[15]                 leaf_cell  1       +clk_i        usable  --                     
/\u_csr_branch_target_q_reg[16]                 leaf_cell  1       +clk_i        usable  --                     
/\u_csr_branch_target_q_reg[17]                 leaf_cell  1       +clk_i        usable  --                     
/\u_csr_branch_target_q_reg[18]                 leaf_cell  1       +clk_i        usable  --                     
/\u_csr_branch_target_q_reg[19]                 leaf_cell  1       +clk_i        usable  --                     
/\u_csr_branch_target_q_reg[20]                 leaf_cell  1       +clk_i        usable  --                     
/\u_csr_branch_target_q_reg[21]                 leaf_cell  1       +clk_i        usable  --                     
/\u_csr_branch_target_q_reg[22]                 leaf_cell  1       +clk_i        usable  --                     
/\u_csr_branch_target_q_reg[23]                 leaf_cell  1       +clk_i        usable  --                     
/\u_csr_branch_target_q_reg[24]                 leaf_cell  1       +clk_i        usable  --                     
/\u_csr_branch_target_q_reg[25]                 leaf_cell  1       +clk_i        usable  --                     
/\u_csr_branch_target_q_reg[26]                 leaf_cell  1       +clk_i        usable  --                     
/\u_csr_branch_target_q_reg[27]                 leaf_cell  1       +clk_i        usable  --                     
/\u_csr_branch_target_q_reg[28]                 leaf_cell  1       +clk_i        usable  --                     
/\u_csr_branch_target_q_reg[29]                 leaf_cell  1       +clk_i        usable  --                     
/\u_csr_branch_target_q_reg[30]                 leaf_cell  1       +clk_i        usable  --                     
/\u_csr_branch_target_q_reg[31]                 leaf_cell  1       +clk_i        usable  --                     
/\u_csr_exception_e1_q_reg[0]                   leaf_cell  1       +clk_i        usable  --                     
/\u_csr_exception_e1_q_reg[1]                   leaf_cell  1       +clk_i        usable  --                     
/\u_csr_exception_e1_q_reg[2]                   leaf_cell  1       +clk_i        usable  --                     
/\u_csr_exception_e1_q_reg[3]                   leaf_cell  1       +clk_i        usable  --                     
/\u_csr_exception_e1_q_reg[4]                   leaf_cell  1       +clk_i        usable  --                     
/\u_csr_exception_e1_q_reg[5]                   leaf_cell  1       +clk_i        usable  --                     
/u_csr_ifence_q_reg                             leaf_cell  1       +clk_i        usable  --                     
/\u_csr_rd_result_e1_q_reg[0]                   leaf_cell  1       +clk_i        usable  --                     
/\u_csr_rd_result_e1_q_reg[1]                   leaf_cell  1       +clk_i        usable  --                     
/\u_csr_rd_result_e1_q_reg[2]                   leaf_cell  1       +clk_i        usable  --                     
/\u_csr_rd_result_e1_q_reg[3]                   leaf_cell  1       +clk_i        usable  --                     
/\u_csr_rd_result_e1_q_reg[4]                   leaf_cell  1       +clk_i        usable  --                     
/\u_csr_rd_result_e1_q_reg[5]                   leaf_cell  1       +clk_i        usable  --                     
/\u_csr_rd_result_e1_q_reg[6]                   leaf_cell  1       +clk_i        usable  --                     
/\u_csr_rd_result_e1_q_reg[7]                   leaf_cell  1       +clk_i        usable  --                     
/\u_csr_rd_result_e1_q_reg[8]                   leaf_cell  1       +clk_i        usable  --                     
/\u_csr_rd_result_e1_q_reg[9]                   leaf_cell  1       +clk_i        usable  --                     
/\u_csr_rd_result_e1_q_reg[10]                  leaf_cell  1       +clk_i        usable  --                     
/\u_csr_rd_result_e1_q_reg[11]                  leaf_cell  1       +clk_i        usable  --                     
/\u_csr_rd_result_e1_q_reg[12]                  leaf_cell  1       +clk_i        usable  --                     
/\u_csr_rd_result_e1_q_reg[13]                  leaf_cell  1       +clk_i        usable  --                     
/\u_csr_rd_result_e1_q_reg[14]                  leaf_cell  1       +clk_i        usable  --                     
/\u_csr_rd_result_e1_q_reg[15]                  leaf_cell  1       +clk_i        usable  --                     
/\u_csr_rd_result_e1_q_reg[16]                  leaf_cell  1       +clk_i        usable  --                     
/\u_csr_rd_result_e1_q_reg[17]                  leaf_cell  1       +clk_i        usable  --                     
/\u_csr_rd_result_e1_q_reg[18]                  leaf_cell  1       +clk_i        usable  --                     
/\u_csr_rd_result_e1_q_reg[19]                  leaf_cell  1       +clk_i        usable  --                     
/\u_csr_rd_result_e1_q_reg[20]                  leaf_cell  1       +clk_i        usable  --                     
/\u_csr_rd_result_e1_q_reg[21]                  leaf_cell  1       +clk_i        usable  --                     
/\u_csr_rd_result_e1_q_reg[22]                  leaf_cell  1       +clk_i        usable  --                     
/\u_csr_rd_result_e1_q_reg[23]                  leaf_cell  1       +clk_i        usable  --                     
/\u_csr_rd_result_e1_q_reg[24]                  leaf_cell  1       +clk_i        usable  --                     
/\u_csr_rd_result_e1_q_reg[25]                  leaf_cell  1       +clk_i        usable  --                     
/\u_csr_rd_result_e1_q_reg[26]                  leaf_cell  1       +clk_i        usable  --                     
/\u_csr_rd_result_e1_q_reg[27]                  leaf_cell  1       +clk_i        usable  --                     
/\u_csr_rd_result_e1_q_reg[28]                  leaf_cell  1       +clk_i        usable  --                     
/\u_csr_rd_result_e1_q_reg[29]                  leaf_cell  1       +clk_i        usable  --                     
/\u_csr_rd_result_e1_q_reg[30]                  leaf_cell  1       +clk_i        usable  --                     
/\u_csr_rd_result_e1_q_reg[31]                  leaf_cell  1       +clk_i        usable  --                     
/u_csr_rd_valid_e1_q_reg                        leaf_cell  1       +clk_i        usable  --                     
/u_csr_reset_q_reg                              leaf_cell  1       +clk_i        usable  --                     
/u_div_valid_q_reg                              leaf_cell  1       +clk_i        usable  --                     
/u_csr_branch_q_reg                             leaf_cell  1       +clk_i        usable  --                     
/\u_csr_csr_wdata_e1_q_reg[0]                   leaf_cell  1       +clk_i        usable  --                     
/\u_csr_csr_wdata_e1_q_reg[1]                   leaf_cell  1       +clk_i        usable  --                     
/\u_csr_csr_wdata_e1_q_reg[2]                   leaf_cell  1       +clk_i        usable  --                     
/\u_csr_csr_wdata_e1_q_reg[3]                   leaf_cell  1       +clk_i        usable  --                     
/\u_csr_csr_wdata_e1_q_reg[4]                   leaf_cell  1       +clk_i        usable  --                     
/\u_csr_csr_wdata_e1_q_reg[5]                   leaf_cell  1       +clk_i        usable  --                     
/\u_csr_csr_wdata_e1_q_reg[6]                   leaf_cell  1       +clk_i        usable  --                     
/\u_csr_csr_wdata_e1_q_reg[7]                   leaf_cell  1       +clk_i        usable  --                     
/\u_csr_csr_wdata_e1_q_reg[8]                   leaf_cell  1       +clk_i        usable  --                     
/\u_csr_csr_wdata_e1_q_reg[9]                   leaf_cell  1       +clk_i        usable  --                     
/\u_csr_csr_wdata_e1_q_reg[10]                  leaf_cell  1       +clk_i        usable  --                     
/\u_csr_csr_wdata_e1_q_reg[11]                  leaf_cell  1       +clk_i        usable  --                     
/\u_csr_csr_wdata_e1_q_reg[12]                  leaf_cell  1       +clk_i        usable  --                     
/\u_csr_csr_wdata_e1_q_reg[13]                  leaf_cell  1       +clk_i        usable  --                     
/\u_csr_csr_wdata_e1_q_reg[14]                  leaf_cell  1       +clk_i        usable  --                     
/\u_csr_csr_wdata_e1_q_reg[15]                  leaf_cell  1       +clk_i        usable  --                     
/\u_csr_csr_wdata_e1_q_reg[16]                  leaf_cell  1       +clk_i        usable  --                     
/\u_csr_csr_wdata_e1_q_reg[17]                  leaf_cell  1       +clk_i        usable  --                     
/\u_csr_csr_wdata_e1_q_reg[18]                  leaf_cell  1       +clk_i        usable  --                     
/\u_csr_csr_wdata_e1_q_reg[19]                  leaf_cell  1       +clk_i        usable  --                     
/\u_csr_csr_wdata_e1_q_reg[20]                  leaf_cell  1       +clk_i        usable  --                     
/\u_csr_csr_wdata_e1_q_reg[21]                  leaf_cell  1       +clk_i        usable  --                     
/\u_csr_csr_wdata_e1_q_reg[22]                  leaf_cell  1       +clk_i        usable  --                     
/\u_csr_csr_wdata_e1_q_reg[23]                  leaf_cell  1       +clk_i        usable  --                     
/\u_csr_csr_wdata_e1_q_reg[24]                  leaf_cell  1       +clk_i        usable  --                     
/\u_csr_csr_wdata_e1_q_reg[25]                  leaf_cell  1       +clk_i        usable  --                     
/\u_csr_csr_wdata_e1_q_reg[26]                  leaf_cell  1       +clk_i        usable  --                     
/\u_csr_csr_wdata_e1_q_reg[27]                  leaf_cell  1       +clk_i        usable  --                     
/\u_csr_csr_wdata_e1_q_reg[28]                  leaf_cell  1       +clk_i        usable  --                     
/\u_csr_csr_wdata_e1_q_reg[29]                  leaf_cell  1       +clk_i        usable  --                     
/\u_csr_csr_wdata_e1_q_reg[30]                  leaf_cell  1       +clk_i        usable  --                     
/\u_csr_csr_wdata_e1_q_reg[31]                  leaf_cell  1       +clk_i        usable  --                     
/u_csr_take_interrupt_q_reg                     leaf_cell  1       +clk_i        usable  --                     
/\u_csr_u_csrfile_csr_mcause_q_reg[0]           leaf_cell  1       +clk_i        usable  --                     
/\u_csr_u_csrfile_csr_mcause_q_reg[1]           leaf_cell  1       +clk_i        usable  --                     
/\u_csr_u_csrfile_csr_mcause_q_reg[2]           leaf_cell  1       +clk_i        usable  --                     
/\u_csr_u_csrfile_csr_mcause_q_reg[3]           leaf_cell  1       +clk_i        usable  --                     
/\u_csr_u_csrfile_csr_mcause_q_reg[31]          leaf_cell  1       +clk_i        usable  --                     
/\u_csr_u_csrfile_csr_mcycle_h_q_reg[0]         leaf_cell  1       +clk_i        usable  --                     
/\u_csr_u_csrfile_csr_mcycle_h_q_reg[1]         leaf_cell  1       +clk_i        usable  --                     
/\u_csr_u_csrfile_csr_mcycle_h_q_reg[2]         leaf_cell  1       +clk_i        usable  --                     
/\u_csr_u_csrfile_csr_mcycle_h_q_reg[3]         leaf_cell  1       +clk_i        usable  --                     
/\u_csr_u_csrfile_csr_mcycle_h_q_reg[4]         leaf_cell  1       +clk_i        usable  --                     
/\u_csr_u_csrfile_csr_mcycle_h_q_reg[5]         leaf_cell  1       +clk_i        usable  --                     
/\u_csr_u_csrfile_csr_mcycle_h_q_reg[6]         leaf_cell  1       +clk_i        usable  --                     
/\u_csr_u_csrfile_csr_mcycle_h_q_reg[7]         leaf_cell  1       +clk_i        usable  --                     
/\u_csr_u_csrfile_csr_mcycle_h_q_reg[8]         leaf_cell  1       +clk_i        usable  --                     
/\u_csr_u_csrfile_csr_mcycle_h_q_reg[9]         leaf_cell  1       +clk_i        usable  --                     
/\u_csr_u_csrfile_csr_mcycle_h_q_reg[10]        leaf_cell  1       +clk_i        usable  --                     
/\u_csr_u_csrfile_csr_mcycle_h_q_reg[11]        leaf_cell  1       +clk_i        usable  --                     
/\u_csr_u_csrfile_csr_mcycle_h_q_reg[12]        leaf_cell  1       +clk_i        usable  --                     
/\u_csr_u_csrfile_csr_mcycle_h_q_reg[13]        leaf_cell  1       +clk_i        usable  --                     
/\u_csr_u_csrfile_csr_mcycle_h_q_reg[14]        leaf_cell  1       +clk_i        usable  --                     
/\u_csr_u_csrfile_csr_mcycle_h_q_reg[15]        leaf_cell  1       +clk_i        usable  --                     
/\u_csr_u_csrfile_csr_mcycle_h_q_reg[16]        leaf_cell  1       +clk_i        usable  --                     
/\u_csr_u_csrfile_csr_mcycle_h_q_reg[17]        leaf_cell  1       +clk_i        usable  --                     
/\u_csr_u_csrfile_csr_mcycle_h_q_reg[18]        leaf_cell  1       +clk_i        usable  --                     
/\u_csr_u_csrfile_csr_mcycle_h_q_reg[19]        leaf_cell  1       +clk_i        usable  --                     
/\u_csr_u_csrfile_csr_mcycle_h_q_reg[20]        leaf_cell  1       +clk_i        usable  --                     
/\u_csr_u_csrfile_csr_mcycle_h_q_reg[21]        leaf_cell  1       +clk_i        usable  --                     
/\u_csr_u_csrfile_csr_mcycle_h_q_reg[22]        leaf_cell  1       +clk_i        usable  --                     
/\u_csr_u_csrfile_csr_mcycle_h_q_reg[23]        leaf_cell  1       +clk_i        usable  --                     
/\u_csr_u_csrfile_csr_mcycle_h_q_reg[24]        leaf_cell  1       +clk_i        usable  --                     
/\u_csr_u_csrfile_csr_mcycle_h_q_reg[25]        leaf_cell  1       +clk_i        usable  --                     
/\u_csr_u_csrfile_csr_mcycle_h_q_reg[26]        leaf_cell  1       +clk_i        usable  --                     
/\u_csr_u_csrfile_csr_mcycle_h_q_reg[27]        leaf_cell  1       +clk_i        usable  --                     
/\u_csr_u_csrfile_csr_mcycle_h_q_reg[28]        leaf_cell  1       +clk_i        usable  --                     
/\u_csr_u_csrfile_csr_mcycle_h_q_reg[29]        leaf_cell  1       +clk_i        usable  --                     
/\u_csr_u_csrfile_csr_mcycle_h_q_reg[30]        leaf_cell  1       +clk_i        usable  --                     
/\u_csr_u_csrfile_csr_mcycle_h_q_reg[31]        leaf_cell  1       +clk_i        usable  --                     
/\u_csr_u_csrfile_csr_mcycle_q_reg[0]           leaf_cell  1       +clk_i        usable  --                     
/\u_csr_u_csrfile_csr_mcycle_q_reg[1]           leaf_cell  1       +clk_i        usable  --                     
/\u_csr_u_csrfile_csr_mcycle_q_reg[2]           leaf_cell  1       +clk_i        usable  --                     
/\u_csr_u_csrfile_csr_mcycle_q_reg[3]           leaf_cell  1       +clk_i        usable  --                     
/\u_csr_u_csrfile_csr_mcycle_q_reg[4]           leaf_cell  1       +clk_i        usable  --                     
/\u_csr_u_csrfile_csr_mcycle_q_reg[5]           leaf_cell  1       +clk_i        usable  --                     
/\u_csr_u_csrfile_csr_mcycle_q_reg[6]           leaf_cell  1       +clk_i        usable  --                     
/\u_csr_u_csrfile_csr_mcycle_q_reg[7]           leaf_cell  1       +clk_i        usable  --                     
/\u_csr_u_csrfile_csr_mcycle_q_reg[8]           leaf_cell  1       +clk_i        usable  --                     
/\u_csr_u_csrfile_csr_mcycle_q_reg[9]           leaf_cell  1       +clk_i        usable  --                     
/\u_csr_u_csrfile_csr_mcycle_q_reg[10]          leaf_cell  1       +clk_i        usable  --                     
/\u_csr_u_csrfile_csr_mcycle_q_reg[11]          leaf_cell  1       +clk_i        usable  --                     
/\u_csr_u_csrfile_csr_mcycle_q_reg[12]          leaf_cell  1       +clk_i        usable  --                     
/\u_csr_u_csrfile_csr_mcycle_q_reg[13]          leaf_cell  1       +clk_i        usable  --                     
/\u_csr_u_csrfile_csr_mcycle_q_reg[14]          leaf_cell  1       +clk_i        usable  --                     
/\u_csr_u_csrfile_csr_mcycle_q_reg[15]          leaf_cell  1       +clk_i        usable  --                     
/\u_csr_u_csrfile_csr_mcycle_q_reg[16]          leaf_cell  1       +clk_i        usable  --                     
/\u_csr_u_csrfile_csr_mcycle_q_reg[17]          leaf_cell  1       +clk_i        usable  --                     
/\u_csr_u_csrfile_csr_mcycle_q_reg[18]          leaf_cell  1       +clk_i        usable  --                     
/\u_csr_u_csrfile_csr_mcycle_q_reg[19]          leaf_cell  1       +clk_i        usable  --                     
/\u_csr_u_csrfile_csr_mcycle_q_reg[20]          leaf_cell  1       +clk_i        usable  --                     
/\u_csr_u_csrfile_csr_mcycle_q_reg[21]          leaf_cell  1       +clk_i        usable  --                     
/\u_csr_u_csrfile_csr_mcycle_q_reg[22]          leaf_cell  1       +clk_i        usable  --                     
/\u_csr_u_csrfile_csr_mcycle_q_reg[23]          leaf_cell  1       +clk_i        usable  --                     
/\u_csr_u_csrfile_csr_mcycle_q_reg[24]          leaf_cell  1       +clk_i        usable  --                     
/\u_csr_u_csrfile_csr_mcycle_q_reg[25]          leaf_cell  1       +clk_i        usable  --                     
/\u_csr_u_csrfile_csr_mcycle_q_reg[26]          leaf_cell  1       +clk_i        usable  --                     
/\u_csr_u_csrfile_csr_mcycle_q_reg[27]          leaf_cell  1       +clk_i        usable  --                     
/\u_csr_u_csrfile_csr_mcycle_q_reg[28]          leaf_cell  1       +clk_i        usable  --                     
/\u_csr_u_csrfile_csr_mcycle_q_reg[29]          leaf_cell  1       +clk_i        usable  --                     
/\u_csr_u_csrfile_csr_mcycle_q_reg[30]          leaf_cell  1       +clk_i        usable  --                     
/\u_csr_u_csrfile_csr_mcycle_q_reg[31]          leaf_cell  1       +clk_i        usable  --                     
/\u_csr_u_csrfile_csr_mepc_q_reg[0]             leaf_cell  1       +clk_i        usable  --                     
/\u_csr_u_csrfile_csr_mepc_q_reg[1]             leaf_cell  1       +clk_i        usable  --                     
/\u_csr_u_csrfile_csr_mepc_q_reg[2]             leaf_cell  1       +clk_i        usable  --                     
/\u_csr_u_csrfile_csr_mepc_q_reg[3]             leaf_cell  1       +clk_i        usable  --                     
/\u_csr_u_csrfile_csr_mepc_q_reg[4]             leaf_cell  1       +clk_i        usable  --                     
/\u_csr_u_csrfile_csr_mepc_q_reg[5]             leaf_cell  1       +clk_i        usable  --                     
/\u_csr_u_csrfile_csr_mepc_q_reg[6]             leaf_cell  1       +clk_i        usable  --                     
/\u_csr_u_csrfile_csr_mepc_q_reg[7]             leaf_cell  1       +clk_i        usable  --                     
/\u_csr_u_csrfile_csr_mepc_q_reg[8]             leaf_cell  1       +clk_i        usable  --                     
/\u_csr_u_csrfile_csr_mepc_q_reg[9]             leaf_cell  1       +clk_i        usable  --                     
/\u_csr_u_csrfile_csr_mepc_q_reg[10]            leaf_cell  1       +clk_i        usable  --                     
/\u_csr_u_csrfile_csr_mepc_q_reg[11]            leaf_cell  1       +clk_i        usable  --                     
/\u_csr_u_csrfile_csr_mepc_q_reg[12]            leaf_cell  1       +clk_i        usable  --                     
/\u_csr_u_csrfile_csr_mepc_q_reg[13]            leaf_cell  1       +clk_i        usable  --                     
/\u_csr_u_csrfile_csr_mepc_q_reg[14]            leaf_cell  1       +clk_i        usable  --                     
/\u_csr_u_csrfile_csr_mepc_q_reg[15]            leaf_cell  1       +clk_i        usable  --                     
/\u_csr_u_csrfile_csr_mepc_q_reg[16]            leaf_cell  1       +clk_i        usable  --                     
/\u_csr_u_csrfile_csr_mepc_q_reg[17]            leaf_cell  1       +clk_i        usable  --                     
/\u_csr_u_csrfile_csr_mepc_q_reg[18]            leaf_cell  1       +clk_i        usable  --                     
/\u_csr_u_csrfile_csr_mepc_q_reg[19]            leaf_cell  1       +clk_i        usable  --                     
/\u_csr_u_csrfile_csr_mepc_q_reg[20]            leaf_cell  1       +clk_i        usable  --                     
/\u_csr_u_csrfile_csr_mepc_q_reg[21]            leaf_cell  1       +clk_i        usable  --                     
/\u_csr_u_csrfile_csr_mepc_q_reg[22]            leaf_cell  1       +clk_i        usable  --                     
/\u_csr_u_csrfile_csr_mepc_q_reg[23]            leaf_cell  1       +clk_i        usable  --                     
/\u_csr_u_csrfile_csr_mepc_q_reg[24]            leaf_cell  1       +clk_i        usable  --                     
/\u_csr_u_csrfile_csr_mepc_q_reg[25]            leaf_cell  1       +clk_i        usable  --                     
/\u_csr_u_csrfile_csr_mepc_q_reg[26]            leaf_cell  1       +clk_i        usable  --                     
/\u_csr_u_csrfile_csr_mepc_q_reg[27]            leaf_cell  1       +clk_i        usable  --                     
/\u_csr_u_csrfile_csr_mepc_q_reg[28]            leaf_cell  1       +clk_i        usable  --                     
/\u_csr_u_csrfile_csr_mepc_q_reg[29]            leaf_cell  1       +clk_i        usable  --                     
/\u_csr_u_csrfile_csr_mepc_q_reg[30]            leaf_cell  1       +clk_i        usable  --                     
/\u_csr_u_csrfile_csr_mepc_q_reg[31]            leaf_cell  1       +clk_i        usable  --                     
/\u_csr_u_csrfile_csr_mie_q_reg[1]              leaf_cell  1       +clk_i        usable  --                     
/\u_csr_u_csrfile_csr_mie_q_reg[3]              leaf_cell  1       +clk_i        usable  --                     
/\u_csr_u_csrfile_csr_mie_q_reg[5]              leaf_cell  1       +clk_i        usable  --                     
/\u_csr_u_csrfile_csr_mie_q_reg[7]              leaf_cell  1       +clk_i        usable  --                     
/\u_csr_u_csrfile_csr_mie_q_reg[9]              leaf_cell  1       +clk_i        usable  --                     
/\u_csr_u_csrfile_csr_mie_q_reg[11]             leaf_cell  1       +clk_i        usable  --                     
/\u_csr_u_csrfile_csr_mip_next_q_reg[7]         leaf_cell  1       +clk_i        usable  --                     
/\u_csr_u_csrfile_csr_mip_next_q_reg[11]        leaf_cell  1       +clk_i        usable  --                     
/\u_csr_u_csrfile_csr_mip_q_reg[1]              leaf_cell  1       +clk_i        usable  --                     
/\u_csr_u_csrfile_csr_mip_q_reg[3]              leaf_cell  1       +clk_i        usable  --                     
/\u_csr_u_csrfile_csr_mip_q_reg[5]              leaf_cell  1       +clk_i        usable  --                     
/\u_csr_u_csrfile_csr_mip_q_reg[7]              leaf_cell  1       +clk_i        usable  --                     
/\u_csr_u_csrfile_csr_mip_q_reg[9]              leaf_cell  1       +clk_i        usable  --                     
/\u_csr_u_csrfile_csr_mip_q_reg[11]             leaf_cell  1       +clk_i        usable  --                     
/u_csr_u_csrfile_csr_mip_upd_q_reg              leaf_cell  1       +clk_i        usable  --                     
/\u_csr_u_csrfile_csr_mscratch_q_reg[0]         leaf_cell  1       +clk_i        usable  --                     
/\u_csr_u_csrfile_csr_mscratch_q_reg[1]         leaf_cell  1       +clk_i        usable  --                     
/\u_csr_u_csrfile_csr_mscratch_q_reg[2]         leaf_cell  1       +clk_i        usable  --                     
/\u_csr_u_csrfile_csr_mscratch_q_reg[3]         leaf_cell  1       +clk_i        usable  --                     
/\u_csr_u_csrfile_csr_mscratch_q_reg[4]         leaf_cell  1       +clk_i        usable  --                     
/\u_csr_u_csrfile_csr_mscratch_q_reg[5]         leaf_cell  1       +clk_i        usable  --                     
/\u_csr_u_csrfile_csr_mscratch_q_reg[6]         leaf_cell  1       +clk_i        usable  --                     
/\u_csr_u_csrfile_csr_mscratch_q_reg[7]         leaf_cell  1       +clk_i        usable  --                     
/\u_csr_u_csrfile_csr_mscratch_q_reg[8]         leaf_cell  1       +clk_i        usable  --                     
/\u_csr_u_csrfile_csr_mscratch_q_reg[9]         leaf_cell  1       +clk_i        usable  --                     
/\u_csr_u_csrfile_csr_mscratch_q_reg[10]        leaf_cell  1       +clk_i        usable  --                     
/\u_csr_u_csrfile_csr_mscratch_q_reg[11]        leaf_cell  1       +clk_i        usable  --                     
/\u_csr_u_csrfile_csr_mscratch_q_reg[12]        leaf_cell  1       +clk_i        usable  --                     
/\u_csr_u_csrfile_csr_mscratch_q_reg[13]        leaf_cell  1       +clk_i        usable  --                     
/\u_csr_u_csrfile_csr_mscratch_q_reg[14]        leaf_cell  1       +clk_i        usable  --                     
/\u_csr_u_csrfile_csr_mscratch_q_reg[15]        leaf_cell  1       +clk_i        usable  --                     
/\u_csr_u_csrfile_csr_mscratch_q_reg[16]        leaf_cell  1       +clk_i        usable  --                     
/\u_csr_u_csrfile_csr_mscratch_q_reg[17]        leaf_cell  1       +clk_i        usable  --                     
/\u_csr_u_csrfile_csr_mscratch_q_reg[18]        leaf_cell  1       +clk_i        usable  --                     
/\u_csr_u_csrfile_csr_mscratch_q_reg[19]        leaf_cell  1       +clk_i        usable  --                     
/\u_csr_u_csrfile_csr_mscratch_q_reg[20]        leaf_cell  1       +clk_i        usable  --                     
/\u_csr_u_csrfile_csr_mscratch_q_reg[21]        leaf_cell  1       +clk_i        usable  --                     
/\u_csr_u_csrfile_csr_mscratch_q_reg[22]        leaf_cell  1       +clk_i        usable  --                     
/\u_csr_u_csrfile_csr_mscratch_q_reg[23]        leaf_cell  1       +clk_i        usable  --                     
/\u_csr_u_csrfile_csr_mscratch_q_reg[24]        leaf_cell  1       +clk_i        usable  --                     
/\u_csr_u_csrfile_csr_mscratch_q_reg[25]        leaf_cell  1       +clk_i        usable  --                     
/\u_csr_u_csrfile_csr_mscratch_q_reg[26]        leaf_cell  1       +clk_i        usable  --                     
/\u_csr_u_csrfile_csr_mscratch_q_reg[27]        leaf_cell  1       +clk_i        usable  --                     
/\u_csr_u_csrfile_csr_mscratch_q_reg[28]        leaf_cell  1       +clk_i        usable  --                     
/\u_csr_u_csrfile_csr_mscratch_q_reg[29]        leaf_cell  1       +clk_i        usable  --                     
/\u_csr_u_csrfile_csr_mscratch_q_reg[30]        leaf_cell  1       +clk_i        usable  --                     
/\u_csr_u_csrfile_csr_mscratch_q_reg[31]        leaf_cell  1       +clk_i        usable  --                     
/u_csr_u_csrfile_csr_mtime_ie_q_reg             leaf_cell  1       +clk_i        usable  --                     
/\u_csr_u_csrfile_csr_mtimecmp_q_reg[0]         leaf_cell  1       +clk_i        usable  --                     
/\u_csr_u_csrfile_csr_mtimecmp_q_reg[1]         leaf_cell  1       +clk_i        usable  --                     
/\u_csr_u_csrfile_csr_mtimecmp_q_reg[2]         leaf_cell  1       +clk_i        usable  --                     
/\u_csr_u_csrfile_csr_mtimecmp_q_reg[3]         leaf_cell  1       +clk_i        usable  --                     
/\u_csr_u_csrfile_csr_mtimecmp_q_reg[4]         leaf_cell  1       +clk_i        usable  --                     
/\u_csr_u_csrfile_csr_mtimecmp_q_reg[5]         leaf_cell  1       +clk_i        usable  --                     
/\u_csr_u_csrfile_csr_mtimecmp_q_reg[6]         leaf_cell  1       +clk_i        usable  --                     
/\u_csr_u_csrfile_csr_mtimecmp_q_reg[7]         leaf_cell  1       +clk_i        usable  --                     
/\u_csr_u_csrfile_csr_mtimecmp_q_reg[8]         leaf_cell  1       +clk_i        usable  --                     
/\u_csr_u_csrfile_csr_mtimecmp_q_reg[9]         leaf_cell  1       +clk_i        usable  --                     
/\u_csr_u_csrfile_csr_mtimecmp_q_reg[10]        leaf_cell  1       +clk_i        usable  --                     
/\u_csr_u_csrfile_csr_mtimecmp_q_reg[11]        leaf_cell  1       +clk_i        usable  --                     
/\u_csr_u_csrfile_csr_mtimecmp_q_reg[12]        leaf_cell  1       +clk_i        usable  --                     
/\u_csr_u_csrfile_csr_mtimecmp_q_reg[13]        leaf_cell  1       +clk_i        usable  --                     
/\u_csr_u_csrfile_csr_mtimecmp_q_reg[14]        leaf_cell  1       +clk_i        usable  --                     
/\u_csr_u_csrfile_csr_mtimecmp_q_reg[15]        leaf_cell  1       +clk_i        usable  --                     
/\u_csr_u_csrfile_csr_mtimecmp_q_reg[16]        leaf_cell  1       +clk_i        usable  --                     
/\u_csr_u_csrfile_csr_mtimecmp_q_reg[17]        leaf_cell  1       +clk_i        usable  --                     
/\u_csr_u_csrfile_csr_mtimecmp_q_reg[18]        leaf_cell  1       +clk_i        usable  --                     
/\u_csr_u_csrfile_csr_mtimecmp_q_reg[19]        leaf_cell  1       +clk_i        usable  --                     
/\u_csr_u_csrfile_csr_mtimecmp_q_reg[20]        leaf_cell  1       +clk_i        usable  --                     
/\u_csr_u_csrfile_csr_mtimecmp_q_reg[21]        leaf_cell  1       +clk_i        usable  --                     
/\u_csr_u_csrfile_csr_mtimecmp_q_reg[22]        leaf_cell  1       +clk_i        usable  --                     
/\u_csr_u_csrfile_csr_mtimecmp_q_reg[23]        leaf_cell  1       +clk_i        usable  --                     
/\u_csr_u_csrfile_csr_mtimecmp_q_reg[24]        leaf_cell  1       +clk_i        usable  --                     
/\u_csr_u_csrfile_csr_mtimecmp_q_reg[25]        leaf_cell  1       +clk_i        usable  --                     
/\u_csr_u_csrfile_csr_mtimecmp_q_reg[26]        leaf_cell  1       +clk_i        usable  --                     
/\u_csr_u_csrfile_csr_mtimecmp_q_reg[27]        leaf_cell  1       +clk_i        usable  --                     
/\u_csr_u_csrfile_csr_mtimecmp_q_reg[28]        leaf_cell  1       +clk_i        usable  --                     
/\u_csr_u_csrfile_csr_mtimecmp_q_reg[29]        leaf_cell  1       +clk_i        usable  --                     
/\u_csr_u_csrfile_csr_mtimecmp_q_reg[30]        leaf_cell  1       +clk_i        usable  --                     
/\u_csr_u_csrfile_csr_mtimecmp_q_reg[31]        leaf_cell  1       +clk_i        usable  --                     
/\u_csr_u_csrfile_csr_mtval_q_reg[0]            leaf_cell  1       +clk_i        usable  --                     
/\u_csr_u_csrfile_csr_mtval_q_reg[1]            leaf_cell  1       +clk_i        usable  --                     
/\u_csr_u_csrfile_csr_mtval_q_reg[2]            leaf_cell  1       +clk_i        usable  --                     
/\u_csr_u_csrfile_csr_mtval_q_reg[3]            leaf_cell  1       +clk_i        usable  --                     
/\u_csr_u_csrfile_csr_mtval_q_reg[4]            leaf_cell  1       +clk_i        usable  --                     
/\u_csr_u_csrfile_csr_mtval_q_reg[5]            leaf_cell  1       +clk_i        usable  --                     
/\u_csr_u_csrfile_csr_mtval_q_reg[6]            leaf_cell  1       +clk_i        usable  --                     
/\u_csr_u_csrfile_csr_mtval_q_reg[7]            leaf_cell  1       +clk_i        usable  --                     
/\u_csr_u_csrfile_csr_mtval_q_reg[8]            leaf_cell  1       +clk_i        usable  --                     
/\u_csr_u_csrfile_csr_mtval_q_reg[9]            leaf_cell  1       +clk_i        usable  --                     
/\u_csr_u_csrfile_csr_mtval_q_reg[10]           leaf_cell  1       +clk_i        usable  --                     
/\u_csr_u_csrfile_csr_mtval_q_reg[11]           leaf_cell  1       +clk_i        usable  --                     
/\u_csr_u_csrfile_csr_mtval_q_reg[12]           leaf_cell  1       +clk_i        usable  --                     
/\u_csr_u_csrfile_csr_mtval_q_reg[13]           leaf_cell  1       +clk_i        usable  --                     
/\u_csr_u_csrfile_csr_mtval_q_reg[14]           leaf_cell  1       +clk_i        usable  --                     
/\u_csr_u_csrfile_csr_mtval_q_reg[15]           leaf_cell  1       +clk_i        usable  --                     
/\u_csr_u_csrfile_csr_mtval_q_reg[16]           leaf_cell  1       +clk_i        usable  --                     
/\u_csr_u_csrfile_csr_mtval_q_reg[17]           leaf_cell  1       +clk_i        usable  --                     
/\u_csr_u_csrfile_csr_mtval_q_reg[18]           leaf_cell  1       +clk_i        usable  --                     
/\u_csr_u_csrfile_csr_mtval_q_reg[19]           leaf_cell  1       +clk_i        usable  --                     
/\u_csr_u_csrfile_csr_mtval_q_reg[20]           leaf_cell  1       +clk_i        usable  --                     
/\u_csr_u_csrfile_csr_mtval_q_reg[21]           leaf_cell  1       +clk_i        usable  --                     
/\u_csr_u_csrfile_csr_mtval_q_reg[22]           leaf_cell  1       +clk_i        usable  --                     
/\u_csr_u_csrfile_csr_mtval_q_reg[23]           leaf_cell  1       +clk_i        usable  --                     
/\u_csr_u_csrfile_csr_mtval_q_reg[24]           leaf_cell  1       +clk_i        usable  --                     
/\u_csr_u_csrfile_csr_mtval_q_reg[25]           leaf_cell  1       +clk_i        usable  --                     
/\u_csr_u_csrfile_csr_mtval_q_reg[26]           leaf_cell  1       +clk_i        usable  --                     
/\u_csr_u_csrfile_csr_mtval_q_reg[27]           leaf_cell  1       +clk_i        usable  --                     
/\u_csr_u_csrfile_csr_mtval_q_reg[28]           leaf_cell  1       +clk_i        usable  --                     
/\u_csr_u_csrfile_csr_mtval_q_reg[29]           leaf_cell  1       +clk_i        usable  --                     
/\u_csr_u_csrfile_csr_mtval_q_reg[30]           leaf_cell  1       +clk_i        usable  --                     
/\u_csr_u_csrfile_csr_mtval_q_reg[31]           leaf_cell  1       +clk_i        usable  --                     
/\u_csr_u_csrfile_csr_mtvec_q_reg[0]            leaf_cell  1       +clk_i        usable  --                     
/\u_csr_u_csrfile_csr_mtvec_q_reg[1]            leaf_cell  1       +clk_i        usable  --                     
/\u_csr_u_csrfile_csr_mtvec_q_reg[2]            leaf_cell  1       +clk_i        usable  --                     
/\u_csr_u_csrfile_csr_mtvec_q_reg[3]            leaf_cell  1       +clk_i        usable  --                     
/\u_csr_u_csrfile_csr_mtvec_q_reg[4]            leaf_cell  1       +clk_i        usable  --                     
/\u_csr_u_csrfile_csr_mtvec_q_reg[5]            leaf_cell  1       +clk_i        usable  --                     
/\u_csr_u_csrfile_csr_mtvec_q_reg[6]            leaf_cell  1       +clk_i        usable  --                     
/\u_csr_u_csrfile_csr_mtvec_q_reg[7]            leaf_cell  1       +clk_i        usable  --                     
/\u_csr_u_csrfile_csr_mtvec_q_reg[8]            leaf_cell  1       +clk_i        usable  --                     
/\u_csr_u_csrfile_csr_mtvec_q_reg[9]            leaf_cell  1       +clk_i        usable  --                     
/\u_csr_u_csrfile_csr_mtvec_q_reg[10]           leaf_cell  1       +clk_i        usable  --                     
/\u_csr_u_csrfile_csr_mtvec_q_reg[11]           leaf_cell  1       +clk_i        usable  --                     
/\u_csr_u_csrfile_csr_mtvec_q_reg[12]           leaf_cell  1       +clk_i        usable  --                     
/\u_csr_u_csrfile_csr_mtvec_q_reg[13]           leaf_cell  1       +clk_i        usable  --                     
/\u_csr_u_csrfile_csr_mtvec_q_reg[14]           leaf_cell  1       +clk_i        usable  --                     
/\u_csr_u_csrfile_csr_mtvec_q_reg[15]           leaf_cell  1       +clk_i        usable  --                     
/\u_csr_u_csrfile_csr_mtvec_q_reg[16]           leaf_cell  1       +clk_i        usable  --                     
/\u_csr_u_csrfile_csr_mtvec_q_reg[17]           leaf_cell  1       +clk_i        usable  --                     
/\u_csr_u_csrfile_csr_mtvec_q_reg[18]           leaf_cell  1       +clk_i        usable  --                     
/\u_csr_u_csrfile_csr_mtvec_q_reg[19]           leaf_cell  1       +clk_i        usable  --                     
/\u_csr_u_csrfile_csr_mtvec_q_reg[20]           leaf_cell  1       +clk_i        usable  --                     
/\u_csr_u_csrfile_csr_mtvec_q_reg[21]           leaf_cell  1       +clk_i        usable  --                     
/\u_csr_u_csrfile_csr_mtvec_q_reg[22]           leaf_cell  1       +clk_i        usable  --                     
/\u_csr_u_csrfile_csr_mtvec_q_reg[23]           leaf_cell  1       +clk_i        usable  --                     
/\u_csr_u_csrfile_csr_mtvec_q_reg[24]           leaf_cell  1       +clk_i        usable  --                     
/\u_csr_u_csrfile_csr_mtvec_q_reg[25]           leaf_cell  1       +clk_i        usable  --                     
/\u_csr_u_csrfile_csr_mtvec_q_reg[26]           leaf_cell  1       +clk_i        usable  --                     
/\u_csr_u_csrfile_csr_mtvec_q_reg[27]           leaf_cell  1       +clk_i        usable  --                     
/\u_csr_u_csrfile_csr_mtvec_q_reg[28]           leaf_cell  1       +clk_i        usable  --                     
/\u_csr_u_csrfile_csr_mtvec_q_reg[29]           leaf_cell  1       +clk_i        usable  --                     
/\u_csr_u_csrfile_csr_mtvec_q_reg[30]           leaf_cell  1       +clk_i        usable  --                     
/\u_csr_u_csrfile_csr_mtvec_q_reg[31]           leaf_cell  1       +clk_i        usable  --                     
/\u_csr_u_csrfile_csr_sr_q_reg[0]               leaf_cell  1       +clk_i        usable  --                     
/\u_csr_u_csrfile_csr_sr_q_reg[1]               leaf_cell  1       +clk_i        usable  --                     
/\u_csr_u_csrfile_csr_sr_q_reg[2]               leaf_cell  1       +clk_i        usable  --                     
/\u_csr_u_csrfile_csr_sr_q_reg[3]               leaf_cell  1       +clk_i        usable  --                     
/\u_csr_u_csrfile_csr_sr_q_reg[4]               leaf_cell  1       +clk_i        usable  --                     
/\u_csr_u_csrfile_csr_sr_q_reg[5]               leaf_cell  1       +clk_i        usable  --                     
/\u_csr_u_csrfile_csr_sr_q_reg[6]               leaf_cell  1       +clk_i        usable  --                     
/\u_csr_u_csrfile_csr_sr_q_reg[7]               leaf_cell  1       +clk_i        usable  --                     
/\u_csr_u_csrfile_csr_sr_q_reg[8]               leaf_cell  1       +clk_i        usable  --                     
/\u_csr_u_csrfile_csr_sr_q_reg[9]               leaf_cell  1       +clk_i        usable  --                     
/\u_csr_u_csrfile_csr_sr_q_reg[10]              leaf_cell  1       +clk_i        usable  --                     
/\u_csr_u_csrfile_csr_sr_q_reg[11]              leaf_cell  1       +clk_i        usable  --                     
/\u_csr_u_csrfile_csr_sr_q_reg[12]              leaf_cell  1       +clk_i        usable  --                     
/\u_csr_u_csrfile_csr_sr_q_reg[13]              leaf_cell  1       +clk_i        usable  --                     
/\u_csr_u_csrfile_csr_sr_q_reg[14]              leaf_cell  1       +clk_i        usable  --                     
/\u_csr_u_csrfile_csr_sr_q_reg[15]              leaf_cell  1       +clk_i        usable  --                     
/\u_csr_u_csrfile_csr_sr_q_reg[16]              leaf_cell  1       +clk_i        usable  --                     
/\u_csr_u_csrfile_csr_sr_q_reg[17]              leaf_cell  1       +clk_i        usable  --                     
/\u_csr_u_csrfile_csr_sr_q_reg[18]              leaf_cell  1       +clk_i        usable  --                     
/\u_csr_u_csrfile_csr_sr_q_reg[19]              leaf_cell  1       +clk_i        usable  --                     
/\u_csr_u_csrfile_csr_sr_q_reg[20]              leaf_cell  1       +clk_i        usable  --                     
/\u_csr_u_csrfile_csr_sr_q_reg[21]              leaf_cell  1       +clk_i        usable  --                     
/\u_csr_u_csrfile_csr_sr_q_reg[22]              leaf_cell  1       +clk_i        usable  --                     
/\u_csr_u_csrfile_csr_sr_q_reg[23]              leaf_cell  1       +clk_i        usable  --                     
/\u_csr_u_csrfile_csr_sr_q_reg[24]              leaf_cell  1       +clk_i        usable  --                     
/\u_csr_u_csrfile_csr_sr_q_reg[25]              leaf_cell  1       +clk_i        usable  --                     
/\u_csr_u_csrfile_csr_sr_q_reg[26]              leaf_cell  1       +clk_i        usable  --                     
/\u_csr_u_csrfile_csr_sr_q_reg[27]              leaf_cell  1       +clk_i        usable  --                     
/\u_csr_u_csrfile_csr_sr_q_reg[28]              leaf_cell  1       +clk_i        usable  --                     
/\u_csr_u_csrfile_csr_sr_q_reg[29]              leaf_cell  1       +clk_i        usable  --                     
/\u_csr_u_csrfile_csr_sr_q_reg[30]              leaf_cell  1       +clk_i        usable  --                     
/\u_csr_u_csrfile_csr_sr_q_reg[31]              leaf_cell  1       +clk_i        usable  --                     
/u_div_div_busy_q_reg                           leaf_cell  1       +clk_i        usable  --                     
/u_div_div_inst_q_reg                           leaf_cell  1       +clk_i        usable  --                     
/\u_div_dividend_q_reg[0]                       leaf_cell  1       +clk_i        usable  --                     
/\u_div_dividend_q_reg[1]                       leaf_cell  1       +clk_i        usable  --                     
/\u_div_dividend_q_reg[2]                       leaf_cell  1       +clk_i        usable  --                     
/\u_div_dividend_q_reg[3]                       leaf_cell  1       +clk_i        usable  --                     
/\u_div_dividend_q_reg[4]                       leaf_cell  1       +clk_i        usable  --                     
/\u_div_dividend_q_reg[5]                       leaf_cell  1       +clk_i        usable  --                     
/\u_div_dividend_q_reg[6]                       leaf_cell  1       +clk_i        usable  --                     
/\u_div_dividend_q_reg[7]                       leaf_cell  1       +clk_i        usable  --                     
/\u_div_dividend_q_reg[8]                       leaf_cell  1       +clk_i        usable  --                     
/\u_div_dividend_q_reg[9]                       leaf_cell  1       +clk_i        usable  --                     
/\u_div_dividend_q_reg[10]                      leaf_cell  1       +clk_i        usable  --                     
/\u_div_dividend_q_reg[11]                      leaf_cell  1       +clk_i        usable  --                     
/\u_div_dividend_q_reg[12]                      leaf_cell  1       +clk_i        usable  --                     
/\u_div_dividend_q_reg[13]                      leaf_cell  1       +clk_i        usable  --                     
/\u_div_dividend_q_reg[14]                      leaf_cell  1       +clk_i        usable  --                     
/\u_div_dividend_q_reg[15]                      leaf_cell  1       +clk_i        usable  --                     
/\u_div_dividend_q_reg[16]                      leaf_cell  1       +clk_i        usable  --                     
/\u_div_dividend_q_reg[17]                      leaf_cell  1       +clk_i        usable  --                     
/\u_div_dividend_q_reg[18]                      leaf_cell  1       +clk_i        usable  --                     
/\u_div_dividend_q_reg[19]                      leaf_cell  1       +clk_i        usable  --                     
/\u_div_dividend_q_reg[20]                      leaf_cell  1       +clk_i        usable  --                     
/\u_div_dividend_q_reg[21]                      leaf_cell  1       +clk_i        usable  --                     
/\u_div_dividend_q_reg[22]                      leaf_cell  1       +clk_i        usable  --                     
/\u_div_dividend_q_reg[23]                      leaf_cell  1       +clk_i        usable  --                     
/\u_div_dividend_q_reg[24]                      leaf_cell  1       +clk_i        usable  --                     
/\u_div_dividend_q_reg[25]                      leaf_cell  1       +clk_i        usable  --                     
/\u_div_dividend_q_reg[26]                      leaf_cell  1       +clk_i        usable  --                     
/\u_div_dividend_q_reg[27]                      leaf_cell  1       +clk_i        usable  --                     
/\u_div_dividend_q_reg[28]                      leaf_cell  1       +clk_i        usable  --                     
/\u_div_dividend_q_reg[29]                      leaf_cell  1       +clk_i        usable  --                     
/\u_div_dividend_q_reg[30]                      leaf_cell  1       +clk_i        usable  --                     
/\u_div_dividend_q_reg[31]                      leaf_cell  1       +clk_i        usable  --                     
/\u_div_divisor_q_reg[0]                        leaf_cell  1       +clk_i        usable  --                     
/\u_div_divisor_q_reg[1]                        leaf_cell  1       +clk_i        usable  --                     
/\u_div_divisor_q_reg[2]                        leaf_cell  1       +clk_i        usable  --                     
/\u_div_divisor_q_reg[3]                        leaf_cell  1       +clk_i        usable  --                     
/\u_div_divisor_q_reg[4]                        leaf_cell  1       +clk_i        usable  --                     
/\u_div_divisor_q_reg[5]                        leaf_cell  1       +clk_i        usable  --                     
/\u_div_divisor_q_reg[6]                        leaf_cell  1       +clk_i        usable  --                     
/\u_div_divisor_q_reg[7]                        leaf_cell  1       +clk_i        usable  --                     
/\u_div_divisor_q_reg[8]                        leaf_cell  1       +clk_i        usable  --                     
/\u_div_divisor_q_reg[9]                        leaf_cell  1       +clk_i        usable  --                     
/\u_div_divisor_q_reg[10]                       leaf_cell  1       +clk_i        usable  --                     
/\u_div_divisor_q_reg[11]                       leaf_cell  1       +clk_i        usable  --                     
/\u_div_divisor_q_reg[12]                       leaf_cell  1       +clk_i        usable  --                     
/\u_div_divisor_q_reg[13]                       leaf_cell  1       +clk_i        usable  --                     
/\u_div_divisor_q_reg[14]                       leaf_cell  1       +clk_i        usable  --                     
/\u_div_divisor_q_reg[15]                       leaf_cell  1       +clk_i        usable  --                     
/\u_div_divisor_q_reg[16]                       leaf_cell  1       +clk_i        usable  --                     
/\u_div_divisor_q_reg[17]                       leaf_cell  1       +clk_i        usable  --                     
/\u_div_divisor_q_reg[18]                       leaf_cell  1       +clk_i        usable  --                     
/\u_div_divisor_q_reg[19]                       leaf_cell  1       +clk_i        usable  --                     
/\u_div_divisor_q_reg[20]                       leaf_cell  1       +clk_i        usable  --                     
/\u_div_divisor_q_reg[21]                       leaf_cell  1       +clk_i        usable  --                     
/\u_div_divisor_q_reg[22]                       leaf_cell  1       +clk_i        usable  --                     
/\u_div_divisor_q_reg[23]                       leaf_cell  1       +clk_i        usable  --                     
/\u_div_divisor_q_reg[24]                       leaf_cell  1       +clk_i        usable  --                     
/\u_div_divisor_q_reg[25]                       leaf_cell  1       +clk_i        usable  --                     
/\u_div_divisor_q_reg[26]                       leaf_cell  1       +clk_i        usable  --                     
/\u_div_divisor_q_reg[27]                       leaf_cell  1       +clk_i        usable  --                     
/\u_div_divisor_q_reg[28]                       leaf_cell  1       +clk_i        usable  --                     
/\u_div_divisor_q_reg[29]                       leaf_cell  1       +clk_i        usable  --                     
/\u_div_divisor_q_reg[30]                       leaf_cell  1       +clk_i        usable  --                     
/\u_div_divisor_q_reg[31]                       leaf_cell  1       +clk_i        usable  --                     
/\u_div_divisor_q_reg[32]                       leaf_cell  1       +clk_i        usable  --                     
/\u_div_divisor_q_reg[33]                       leaf_cell  1       +clk_i        usable  --                     
/\u_div_divisor_q_reg[34]                       leaf_cell  1       +clk_i        usable  --                     
/\u_div_divisor_q_reg[35]                       leaf_cell  1       +clk_i        usable  --                     
/\u_div_divisor_q_reg[36]                       leaf_cell  1       +clk_i        usable  --                     
/\u_div_divisor_q_reg[37]                       leaf_cell  1       +clk_i        usable  --                     
/\u_div_divisor_q_reg[38]                       leaf_cell  1       +clk_i        usable  --                     
/\u_div_divisor_q_reg[39]                       leaf_cell  1       +clk_i        usable  --                     
/\u_div_divisor_q_reg[40]                       leaf_cell  1       +clk_i        usable  --                     
/\u_div_divisor_q_reg[41]                       leaf_cell  1       +clk_i        usable  --                     
/\u_div_divisor_q_reg[42]                       leaf_cell  1       +clk_i        usable  --                     
/\u_div_divisor_q_reg[43]                       leaf_cell  1       +clk_i        usable  --                     
/\u_div_divisor_q_reg[44]                       leaf_cell  1       +clk_i        usable  --                     
/\u_div_divisor_q_reg[45]                       leaf_cell  1       +clk_i        usable  --                     
/\u_div_divisor_q_reg[46]                       leaf_cell  1       +clk_i        usable  --                     
/\u_div_divisor_q_reg[47]                       leaf_cell  1       +clk_i        usable  --                     
/\u_div_divisor_q_reg[48]                       leaf_cell  1       +clk_i        usable  --                     
/\u_div_divisor_q_reg[49]                       leaf_cell  1       +clk_i        usable  --                     
/\u_div_divisor_q_reg[50]                       leaf_cell  1       +clk_i        usable  --                     
/\u_div_divisor_q_reg[51]                       leaf_cell  1       +clk_i        usable  --                     
/\u_div_divisor_q_reg[52]                       leaf_cell  1       +clk_i        usable  --                     
/\u_div_divisor_q_reg[53]                       leaf_cell  1       +clk_i        usable  --                     
/\u_div_divisor_q_reg[54]                       leaf_cell  1       +clk_i        usable  --                     
/\u_div_divisor_q_reg[55]                       leaf_cell  1       +clk_i        usable  --                     
/\u_div_divisor_q_reg[56]                       leaf_cell  1       +clk_i        usable  --                     
/\u_div_divisor_q_reg[57]                       leaf_cell  1       +clk_i        usable  --                     
/\u_div_divisor_q_reg[58]                       leaf_cell  1       +clk_i        usable  --                     
/\u_div_divisor_q_reg[59]                       leaf_cell  1       +clk_i        usable  --                     
/\u_div_divisor_q_reg[60]                       leaf_cell  1       +clk_i        usable  --                     
/\u_div_divisor_q_reg[61]                       leaf_cell  1       +clk_i        usable  --                     
/\u_div_divisor_q_reg[62]                       leaf_cell  1       +clk_i        usable  --                     
/u_div_invert_res_q_reg                         leaf_cell  1       +clk_i        usable  --                     
/\u_div_q_mask_q_reg[0]                         leaf_cell  1       +clk_i        usable  --                     
/\u_div_q_mask_q_reg[1]                         leaf_cell  1       +clk_i        usable  --                     
/\u_div_q_mask_q_reg[2]                         leaf_cell  1       +clk_i        usable  --                     
/\u_div_q_mask_q_reg[3]                         leaf_cell  1       +clk_i        usable  --                     
/\u_div_q_mask_q_reg[4]                         leaf_cell  1       +clk_i        usable  --                     
/\u_div_q_mask_q_reg[5]                         leaf_cell  1       +clk_i        usable  --                     
/\u_div_q_mask_q_reg[6]                         leaf_cell  1       +clk_i        usable  --                     
/\u_div_q_mask_q_reg[7]                         leaf_cell  1       +clk_i        usable  --                     
/\u_div_q_mask_q_reg[8]                         leaf_cell  1       +clk_i        usable  --                     
/\u_div_q_mask_q_reg[9]                         leaf_cell  1       +clk_i        usable  --                     
/\u_div_q_mask_q_reg[10]                        leaf_cell  1       +clk_i        usable  --                     
/\u_div_q_mask_q_reg[11]                        leaf_cell  1       +clk_i        usable  --                     
/\u_div_q_mask_q_reg[12]                        leaf_cell  1       +clk_i        usable  --                     
/\u_div_q_mask_q_reg[13]                        leaf_cell  1       +clk_i        usable  --                     
/\u_div_q_mask_q_reg[14]                        leaf_cell  1       +clk_i        usable  --                     
/\u_div_q_mask_q_reg[15]                        leaf_cell  1       +clk_i        usable  --                     
/\u_div_q_mask_q_reg[16]                        leaf_cell  1       +clk_i        usable  --                     
/\u_div_q_mask_q_reg[17]                        leaf_cell  1       +clk_i        usable  --                     
/\u_div_q_mask_q_reg[18]                        leaf_cell  1       +clk_i        usable  --                     
/\u_div_q_mask_q_reg[19]                        leaf_cell  1       +clk_i        usable  --                     
/\u_div_q_mask_q_reg[20]                        leaf_cell  1       +clk_i        usable  --                     
/\u_div_q_mask_q_reg[21]                        leaf_cell  1       +clk_i        usable  --                     
/\u_div_q_mask_q_reg[22]                        leaf_cell  1       +clk_i        usable  --                     
/\u_div_q_mask_q_reg[23]                        leaf_cell  1       +clk_i        usable  --                     
/\u_div_q_mask_q_reg[24]                        leaf_cell  1       +clk_i        usable  --                     
/\u_div_q_mask_q_reg[25]                        leaf_cell  1       +clk_i        usable  --                     
/\u_div_q_mask_q_reg[26]                        leaf_cell  1       +clk_i        usable  --                     
/\u_div_q_mask_q_reg[27]                        leaf_cell  1       +clk_i        usable  --                     
/\u_div_q_mask_q_reg[28]                        leaf_cell  1       +clk_i        usable  --                     
/\u_div_q_mask_q_reg[29]                        leaf_cell  1       +clk_i        usable  --                     
/\u_div_q_mask_q_reg[30]                        leaf_cell  1       +clk_i        usable  --                     
/\u_div_q_mask_q_reg[31]                        leaf_cell  1       +clk_i        usable  --                     
/\u_div_quotient_q_reg[0]                       leaf_cell  1       +clk_i        usable  --                     
/\u_div_quotient_q_reg[1]                       leaf_cell  1       +clk_i        usable  --                     
/\u_div_quotient_q_reg[2]                       leaf_cell  1       +clk_i        usable  --                     
/\u_div_quotient_q_reg[3]                       leaf_cell  1       +clk_i        usable  --                     
/\u_div_quotient_q_reg[4]                       leaf_cell  1       +clk_i        usable  --                     
/\u_div_quotient_q_reg[5]                       leaf_cell  1       +clk_i        usable  --                     
/\u_div_quotient_q_reg[6]                       leaf_cell  1       +clk_i        usable  --                     
/\u_div_quotient_q_reg[7]                       leaf_cell  1       +clk_i        usable  --                     
/\u_div_quotient_q_reg[8]                       leaf_cell  1       +clk_i        usable  --                     
/\u_div_quotient_q_reg[9]                       leaf_cell  1       +clk_i        usable  --                     
/\u_div_quotient_q_reg[10]                      leaf_cell  1       +clk_i        usable  --                     
/\u_div_quotient_q_reg[11]                      leaf_cell  1       +clk_i        usable  --                     
/\u_div_quotient_q_reg[12]                      leaf_cell  1       +clk_i        usable  --                     
/\u_div_quotient_q_reg[13]                      leaf_cell  1       +clk_i        usable  --                     
/\u_div_quotient_q_reg[14]                      leaf_cell  1       +clk_i        usable  --                     
/\u_div_quotient_q_reg[15]                      leaf_cell  1       +clk_i        usable  --                     
/\u_div_quotient_q_reg[16]                      leaf_cell  1       +clk_i        usable  --                     
/\u_div_quotient_q_reg[17]                      leaf_cell  1       +clk_i        usable  --                     
/\u_div_quotient_q_reg[18]                      leaf_cell  1       +clk_i        usable  --                     
/\u_div_quotient_q_reg[19]                      leaf_cell  1       +clk_i        usable  --                     
/\u_div_quotient_q_reg[20]                      leaf_cell  1       +clk_i        usable  --                     
/\u_div_quotient_q_reg[21]                      leaf_cell  1       +clk_i        usable  --                     
/\u_div_quotient_q_reg[22]                      leaf_cell  1       +clk_i        usable  --                     
/\u_div_quotient_q_reg[23]                      leaf_cell  1       +clk_i        usable  --                     
/\u_div_quotient_q_reg[24]                      leaf_cell  1       +clk_i        usable  --                     
/\u_div_quotient_q_reg[25]                      leaf_cell  1       +clk_i        usable  --                     
/\u_div_quotient_q_reg[26]                      leaf_cell  1       +clk_i        usable  --                     
/\u_div_quotient_q_reg[27]                      leaf_cell  1       +clk_i        usable  --                     
/\u_div_quotient_q_reg[28]                      leaf_cell  1       +clk_i        usable  --                     
/\u_div_quotient_q_reg[29]                      leaf_cell  1       +clk_i        usable  --                     
/\u_div_quotient_q_reg[30]                      leaf_cell  1       +clk_i        usable  --                     
/\u_div_quotient_q_reg[31]                      leaf_cell  1       +clk_i        usable  --                     
/\u_div_wb_result_q_reg[0]                      leaf_cell  1       +clk_i        usable  --                     
/\u_div_wb_result_q_reg[1]                      leaf_cell  1       +clk_i        usable  --                     
/\u_div_wb_result_q_reg[2]                      leaf_cell  1       +clk_i        usable  --                     
/\u_div_wb_result_q_reg[3]                      leaf_cell  1       +clk_i        usable  --                     
/\u_div_wb_result_q_reg[4]                      leaf_cell  1       +clk_i        usable  --                     
/\u_div_wb_result_q_reg[5]                      leaf_cell  1       +clk_i        usable  --                     
/\u_div_wb_result_q_reg[6]                      leaf_cell  1       +clk_i        usable  --                     
/\u_div_wb_result_q_reg[7]                      leaf_cell  1       +clk_i        usable  --                     
/\u_div_wb_result_q_reg[8]                      leaf_cell  1       +clk_i        usable  --                     
/\u_div_wb_result_q_reg[9]                      leaf_cell  1       +clk_i        usable  --                     
/\u_div_wb_result_q_reg[10]                     leaf_cell  1       +clk_i        usable  --                     
/\u_div_wb_result_q_reg[11]                     leaf_cell  1       +clk_i        usable  --                     
/\u_div_wb_result_q_reg[12]                     leaf_cell  1       +clk_i        usable  --                     
/\u_div_wb_result_q_reg[13]                     leaf_cell  1       +clk_i        usable  --                     
/\u_div_wb_result_q_reg[14]                     leaf_cell  1       +clk_i        usable  --                     
/\u_div_wb_result_q_reg[15]                     leaf_cell  1       +clk_i        usable  --                     
/\u_div_wb_result_q_reg[16]                     leaf_cell  1       +clk_i        usable  --                     
/\u_div_wb_result_q_reg[17]                     leaf_cell  1       +clk_i        usable  --                     
/\u_div_wb_result_q_reg[18]                     leaf_cell  1       +clk_i        usable  --                     
/\u_div_wb_result_q_reg[19]                     leaf_cell  1       +clk_i        usable  --                     
/\u_div_wb_result_q_reg[20]                     leaf_cell  1       +clk_i        usable  --                     
/\u_div_wb_result_q_reg[21]                     leaf_cell  1       +clk_i        usable  --                     
/\u_div_wb_result_q_reg[22]                     leaf_cell  1       +clk_i        usable  --                     
/\u_div_wb_result_q_reg[23]                     leaf_cell  1       +clk_i        usable  --                     
/\u_div_wb_result_q_reg[24]                     leaf_cell  1       +clk_i        usable  --                     
/\u_div_wb_result_q_reg[25]                     leaf_cell  1       +clk_i        usable  --                     
/\u_div_wb_result_q_reg[26]                     leaf_cell  1       +clk_i        usable  --                     
/\u_div_wb_result_q_reg[27]                     leaf_cell  1       +clk_i        usable  --                     
/\u_div_wb_result_q_reg[28]                     leaf_cell  1       +clk_i        usable  --                     
/\u_div_wb_result_q_reg[29]                     leaf_cell  1       +clk_i        usable  --                     
/\u_div_wb_result_q_reg[30]                     leaf_cell  1       +clk_i        usable  --                     
/\u_div_wb_result_q_reg[31]                     leaf_cell  1       +clk_i        usable  --                     
/\u_exec_result_q_reg[0]                        leaf_cell  1       +clk_i        usable  --                     
/\u_exec_result_q_reg[1]                        leaf_cell  1       +clk_i        usable  --                     
/\u_exec_result_q_reg[2]                        leaf_cell  1       +clk_i        usable  --                     
/\u_exec_result_q_reg[3]                        leaf_cell  1       +clk_i        usable  --                     
/\u_exec_result_q_reg[4]                        leaf_cell  1       +clk_i        usable  --                     
/\u_exec_result_q_reg[5]                        leaf_cell  1       +clk_i        usable  --                     
/\u_exec_result_q_reg[6]                        leaf_cell  1       +clk_i        usable  --                     
/\u_exec_result_q_reg[7]                        leaf_cell  1       +clk_i        usable  --                     
/\u_exec_result_q_reg[8]                        leaf_cell  1       +clk_i        usable  --                     
/\u_exec_result_q_reg[9]                        leaf_cell  1       +clk_i        usable  --                     
/\u_exec_result_q_reg[10]                       leaf_cell  1       +clk_i        usable  --                     
/\u_exec_result_q_reg[11]                       leaf_cell  1       +clk_i        usable  --                     
/\u_exec_result_q_reg[12]                       leaf_cell  1       +clk_i        usable  --                     
/\u_exec_result_q_reg[13]                       leaf_cell  1       +clk_i        usable  --                     
/\u_exec_result_q_reg[14]                       leaf_cell  1       +clk_i        usable  --                     
/\u_exec_result_q_reg[15]                       leaf_cell  1       +clk_i        usable  --                     
/\u_exec_result_q_reg[16]                       leaf_cell  1       +clk_i        usable  --                     
/\u_exec_result_q_reg[17]                       leaf_cell  1       +clk_i        usable  --                     
/\u_exec_result_q_reg[18]                       leaf_cell  1       +clk_i        usable  --                     
/\u_exec_result_q_reg[19]                       leaf_cell  1       +clk_i        usable  --                     
/\u_exec_result_q_reg[20]                       leaf_cell  1       +clk_i        usable  --                     
/\u_exec_result_q_reg[21]                       leaf_cell  1       +clk_i        usable  --                     
/\u_exec_result_q_reg[22]                       leaf_cell  1       +clk_i        usable  --                     
/\u_exec_result_q_reg[23]                       leaf_cell  1       +clk_i        usable  --                     
/\u_exec_result_q_reg[24]                       leaf_cell  1       +clk_i        usable  --                     
/\u_exec_result_q_reg[25]                       leaf_cell  1       +clk_i        usable  --                     
/\u_exec_result_q_reg[26]                       leaf_cell  1       +clk_i        usable  --                     
/\u_exec_result_q_reg[27]                       leaf_cell  1       +clk_i        usable  --                     
/\u_exec_result_q_reg[28]                       leaf_cell  1       +clk_i        usable  --                     
/\u_exec_result_q_reg[29]                       leaf_cell  1       +clk_i        usable  --                     
/\u_exec_result_q_reg[30]                       leaf_cell  1       +clk_i        usable  --                     
/\u_exec_result_q_reg[31]                       leaf_cell  1       +clk_i        usable  --                     
/u_fetch_active_q_reg                           leaf_cell  1       +clk_i        usable  --                     
/u_fetch_branch_d_q_reg                         leaf_cell  1       +clk_i        usable  --                     
/\u_fetch_branch_pc_q_reg[2]                    leaf_cell  1       +clk_i        usable  --                     
/\u_fetch_branch_pc_q_reg[3]                    leaf_cell  1       +clk_i        usable  --                     
/\u_fetch_branch_pc_q_reg[4]                    leaf_cell  1       +clk_i        usable  --                     
/\u_fetch_branch_pc_q_reg[5]                    leaf_cell  1       +clk_i        usable  --                     
/\u_fetch_branch_pc_q_reg[6]                    leaf_cell  1       +clk_i        usable  --                     
/\u_fetch_branch_pc_q_reg[7]                    leaf_cell  1       +clk_i        usable  --                     
/\u_fetch_branch_pc_q_reg[8]                    leaf_cell  1       +clk_i        usable  --                     
/\u_fetch_branch_pc_q_reg[9]                    leaf_cell  1       +clk_i        usable  --                     
/\u_fetch_branch_pc_q_reg[10]                   leaf_cell  1       +clk_i        usable  --                     
/\u_fetch_branch_pc_q_reg[11]                   leaf_cell  1       +clk_i        usable  --                     
/\u_fetch_branch_pc_q_reg[12]                   leaf_cell  1       +clk_i        usable  --                     
/\u_fetch_branch_pc_q_reg[13]                   leaf_cell  1       +clk_i        usable  --                     
/\u_fetch_branch_pc_q_reg[14]                   leaf_cell  1       +clk_i        usable  --                     
/\u_fetch_branch_pc_q_reg[15]                   leaf_cell  1       +clk_i        usable  --                     
/\u_fetch_branch_pc_q_reg[16]                   leaf_cell  1       +clk_i        usable  --                     
/\u_fetch_branch_pc_q_reg[17]                   leaf_cell  1       +clk_i        usable  --                     
/\u_fetch_branch_pc_q_reg[18]                   leaf_cell  1       +clk_i        usable  --                     
/\u_fetch_branch_pc_q_reg[19]                   leaf_cell  1       +clk_i        usable  --                     
/\u_fetch_branch_pc_q_reg[20]                   leaf_cell  1       +clk_i        usable  --                     
/\u_fetch_branch_pc_q_reg[21]                   leaf_cell  1       +clk_i        usable  --                     
/\u_fetch_branch_pc_q_reg[22]                   leaf_cell  1       +clk_i        usable  --                     
/\u_fetch_branch_pc_q_reg[23]                   leaf_cell  1       +clk_i        usable  --                     
/\u_fetch_branch_pc_q_reg[24]                   leaf_cell  1       +clk_i        usable  --                     
/\u_fetch_branch_pc_q_reg[25]                   leaf_cell  1       +clk_i        usable  --                     
/\u_fetch_branch_pc_q_reg[26]                   leaf_cell  1       +clk_i        usable  --                     
/\u_fetch_branch_pc_q_reg[27]                   leaf_cell  1       +clk_i        usable  --                     
/\u_fetch_branch_pc_q_reg[28]                   leaf_cell  1       +clk_i        usable  --                     
/\u_fetch_branch_pc_q_reg[29]                   leaf_cell  1       +clk_i        usable  --                     
/\u_fetch_branch_pc_q_reg[30]                   leaf_cell  1       +clk_i        usable  --                     
/\u_fetch_branch_pc_q_reg[31]                   leaf_cell  1       +clk_i        usable  --                     
/u_fetch_branch_q_reg                           leaf_cell  1       +clk_i        usable  --                     
/u_fetch_icache_fetch_q_reg                     leaf_cell  1       +clk_i        usable  --                     
/\u_fetch_pc_d_q_reg[2]                         leaf_cell  1       +clk_i        usable  --                     
/\u_fetch_pc_d_q_reg[3]                         leaf_cell  1       +clk_i        usable  --                     
/\u_fetch_pc_d_q_reg[4]                         leaf_cell  1       +clk_i        usable  --                     
/\u_fetch_pc_d_q_reg[5]                         leaf_cell  1       +clk_i        usable  --                     
/\u_fetch_pc_d_q_reg[6]                         leaf_cell  1       +clk_i        usable  --                     
/\u_fetch_pc_d_q_reg[7]                         leaf_cell  1       +clk_i        usable  --                     
/\u_fetch_pc_d_q_reg[8]                         leaf_cell  1       +clk_i        usable  --                     
/\u_fetch_pc_d_q_reg[9]                         leaf_cell  1       +clk_i        usable  --                     
/\u_fetch_pc_d_q_reg[10]                        leaf_cell  1       +clk_i        usable  --                     
/\u_fetch_pc_d_q_reg[11]                        leaf_cell  1       +clk_i        usable  --                     
/\u_fetch_pc_d_q_reg[12]                        leaf_cell  1       +clk_i        usable  --                     
/\u_fetch_pc_d_q_reg[13]                        leaf_cell  1       +clk_i        usable  --                     
/\u_fetch_pc_d_q_reg[14]                        leaf_cell  1       +clk_i        usable  --                     
/\u_fetch_pc_d_q_reg[15]                        leaf_cell  1       +clk_i        usable  --                     
/\u_fetch_pc_d_q_reg[16]                        leaf_cell  1       +clk_i        usable  --                     
/\u_fetch_pc_d_q_reg[17]                        leaf_cell  1       +clk_i        usable  --                     
/\u_fetch_pc_d_q_reg[18]                        leaf_cell  1       +clk_i        usable  --                     
/\u_fetch_pc_d_q_reg[19]                        leaf_cell  1       +clk_i        usable  --                     
/\u_fetch_pc_d_q_reg[20]                        leaf_cell  1       +clk_i        usable  --                     
/\u_fetch_pc_d_q_reg[21]                        leaf_cell  1       +clk_i        usable  --                     
/\u_fetch_pc_d_q_reg[22]                        leaf_cell  1       +clk_i        usable  --                     
/\u_fetch_pc_d_q_reg[23]                        leaf_cell  1       +clk_i        usable  --                     
/\u_fetch_pc_d_q_reg[24]                        leaf_cell  1       +clk_i        usable  --                     
/\u_fetch_pc_d_q_reg[25]                        leaf_cell  1       +clk_i        usable  --                     
/\u_fetch_pc_d_q_reg[26]                        leaf_cell  1       +clk_i        usable  --                     
/\u_fetch_pc_d_q_reg[27]                        leaf_cell  1       +clk_i        usable  --                     
/\u_fetch_pc_d_q_reg[28]                        leaf_cell  1       +clk_i        usable  --                     
/\u_fetch_pc_d_q_reg[29]                        leaf_cell  1       +clk_i        usable  --                     
/\u_fetch_pc_d_q_reg[30]                        leaf_cell  1       +clk_i        usable  --                     
/\u_fetch_pc_d_q_reg[31]                        leaf_cell  1       +clk_i        usable  --                     
/\u_fetch_pc_f_q_reg[2]                         leaf_cell  1       +clk_i        usable  --                     
/\u_fetch_pc_f_q_reg[3]                         leaf_cell  1       +clk_i        usable  --                     
/\u_fetch_pc_f_q_reg[4]                         leaf_cell  1       +clk_i        usable  --                     
/\u_fetch_pc_f_q_reg[5]                         leaf_cell  1       +clk_i        usable  --                     
/\u_fetch_pc_f_q_reg[6]                         leaf_cell  1       +clk_i        usable  --                     
/\u_fetch_pc_f_q_reg[7]                         leaf_cell  1       +clk_i        usable  --                     
/\u_fetch_pc_f_q_reg[8]                         leaf_cell  1       +clk_i        usable  --                     
/\u_fetch_pc_f_q_reg[9]                         leaf_cell  1       +clk_i        usable  --                     
/\u_fetch_pc_f_q_reg[10]                        leaf_cell  1       +clk_i        usable  --                     
/\u_fetch_pc_f_q_reg[11]                        leaf_cell  1       +clk_i        usable  --                     
/\u_fetch_pc_f_q_reg[12]                        leaf_cell  1       +clk_i        usable  --                     
/\u_fetch_pc_f_q_reg[13]                        leaf_cell  1       +clk_i        usable  --                     
/\u_fetch_pc_f_q_reg[14]                        leaf_cell  1       +clk_i        usable  --                     
/\u_fetch_pc_f_q_reg[15]                        leaf_cell  1       +clk_i        usable  --                     
/\u_fetch_pc_f_q_reg[16]                        leaf_cell  1       +clk_i        usable  --                     
/\u_fetch_pc_f_q_reg[17]                        leaf_cell  1       +clk_i        usable  --                     
/\u_fetch_pc_f_q_reg[18]                        leaf_cell  1       +clk_i        usable  --                     
/\u_fetch_pc_f_q_reg[19]                        leaf_cell  1       +clk_i        usable  --                     
/\u_fetch_pc_f_q_reg[20]                        leaf_cell  1       +clk_i        usable  --                     
/\u_fetch_pc_f_q_reg[21]                        leaf_cell  1       +clk_i        usable  --                     
/\u_fetch_pc_f_q_reg[22]                        leaf_cell  1       +clk_i        usable  --                     
/\u_fetch_pc_f_q_reg[23]                        leaf_cell  1       +clk_i        usable  --                     
/\u_fetch_pc_f_q_reg[24]                        leaf_cell  1       +clk_i        usable  --                     
/\u_fetch_pc_f_q_reg[25]                        leaf_cell  1       +clk_i        usable  --                     
/\u_fetch_pc_f_q_reg[26]                        leaf_cell  1       +clk_i        usable  --                     
/\u_fetch_pc_f_q_reg[27]                        leaf_cell  1       +clk_i        usable  --                     
/\u_fetch_pc_f_q_reg[28]                        leaf_cell  1       +clk_i        usable  --                     
/\u_fetch_pc_f_q_reg[29]                        leaf_cell  1       +clk_i        usable  --                     
/\u_fetch_pc_f_q_reg[30]                        leaf_cell  1       +clk_i        usable  --                     
/\u_fetch_pc_f_q_reg[31]                        leaf_cell  1       +clk_i        usable  --                     
/\u_fetch_skid_buffer_q_reg[0]                  leaf_cell  1       +clk_i        usable  --                     
/\u_fetch_skid_buffer_q_reg[1]                  leaf_cell  1       +clk_i        usable  --                     
/\u_fetch_skid_buffer_q_reg[2]                  leaf_cell  1       +clk_i        usable  --                     
/\u_fetch_skid_buffer_q_reg[3]                  leaf_cell  1       +clk_i        usable  --                     
/\u_fetch_skid_buffer_q_reg[4]                  leaf_cell  1       +clk_i        usable  --                     
/\u_fetch_skid_buffer_q_reg[5]                  leaf_cell  1       +clk_i        usable  --                     
/\u_fetch_skid_buffer_q_reg[6]                  leaf_cell  1       +clk_i        usable  --                     
/\u_fetch_skid_buffer_q_reg[7]                  leaf_cell  1       +clk_i        usable  --                     
/\u_fetch_skid_buffer_q_reg[8]                  leaf_cell  1       +clk_i        usable  --                     
/\u_fetch_skid_buffer_q_reg[9]                  leaf_cell  1       +clk_i        usable  --                     
/\u_fetch_skid_buffer_q_reg[10]                 leaf_cell  1       +clk_i        usable  --                     
/\u_fetch_skid_buffer_q_reg[11]                 leaf_cell  1       +clk_i        usable  --                     
/\u_fetch_skid_buffer_q_reg[12]                 leaf_cell  1       +clk_i        usable  --                     
/\u_fetch_skid_buffer_q_reg[13]                 leaf_cell  1       +clk_i        usable  --                     
/\u_fetch_skid_buffer_q_reg[14]                 leaf_cell  1       +clk_i        usable  --                     
/\u_fetch_skid_buffer_q_reg[15]                 leaf_cell  1       +clk_i        usable  --                     
/\u_fetch_skid_buffer_q_reg[16]                 leaf_cell  1       +clk_i        usable  --                     
/\u_fetch_skid_buffer_q_reg[17]                 leaf_cell  1       +clk_i        usable  --                     
/\u_fetch_skid_buffer_q_reg[18]                 leaf_cell  1       +clk_i        usable  --                     
/\u_fetch_skid_buffer_q_reg[19]                 leaf_cell  1       +clk_i        usable  --                     
/\u_fetch_skid_buffer_q_reg[20]                 leaf_cell  1       +clk_i        usable  --                     
/\u_fetch_skid_buffer_q_reg[21]                 leaf_cell  1       +clk_i        usable  --                     
/\u_fetch_skid_buffer_q_reg[22]                 leaf_cell  1       +clk_i        usable  --                     
/\u_fetch_skid_buffer_q_reg[23]                 leaf_cell  1       +clk_i        usable  --                     
/\u_fetch_skid_buffer_q_reg[24]                 leaf_cell  1       +clk_i        usable  --                     
/\u_fetch_skid_buffer_q_reg[25]                 leaf_cell  1       +clk_i        usable  --                     
/\u_fetch_skid_buffer_q_reg[26]                 leaf_cell  1       +clk_i        usable  --                     
/\u_fetch_skid_buffer_q_reg[27]                 leaf_cell  1       +clk_i        usable  --                     
/\u_fetch_skid_buffer_q_reg[28]                 leaf_cell  1       +clk_i        usable  --                     
/\u_fetch_skid_buffer_q_reg[29]                 leaf_cell  1       +clk_i        usable  --                     
/\u_fetch_skid_buffer_q_reg[30]                 leaf_cell  1       +clk_i        usable  --                     
/\u_fetch_skid_buffer_q_reg[31]                 leaf_cell  1       +clk_i        usable  --                     
/\u_fetch_skid_buffer_q_reg[34]                 leaf_cell  1       +clk_i        usable  --                     
/\u_fetch_skid_buffer_q_reg[35]                 leaf_cell  1       +clk_i        usable  --                     
/\u_fetch_skid_buffer_q_reg[36]                 leaf_cell  1       +clk_i        usable  --                     
/\u_fetch_skid_buffer_q_reg[37]                 leaf_cell  1       +clk_i        usable  --                     
/\u_fetch_skid_buffer_q_reg[38]                 leaf_cell  1       +clk_i        usable  --                     
/\u_fetch_skid_buffer_q_reg[39]                 leaf_cell  1       +clk_i        usable  --                     
/\u_fetch_skid_buffer_q_reg[40]                 leaf_cell  1       +clk_i        usable  --                     
/\u_fetch_skid_buffer_q_reg[41]                 leaf_cell  1       +clk_i        usable  --                     
/\u_fetch_skid_buffer_q_reg[42]                 leaf_cell  1       +clk_i        usable  --                     
/\u_fetch_skid_buffer_q_reg[43]                 leaf_cell  1       +clk_i        usable  --                     
/\u_fetch_skid_buffer_q_reg[44]                 leaf_cell  1       +clk_i        usable  --                     
/\u_fetch_skid_buffer_q_reg[45]                 leaf_cell  1       +clk_i        usable  --                     
/\u_fetch_skid_buffer_q_reg[46]                 leaf_cell  1       +clk_i        usable  --                     
/\u_fetch_skid_buffer_q_reg[47]                 leaf_cell  1       +clk_i        usable  --                     
/\u_fetch_skid_buffer_q_reg[48]                 leaf_cell  1       +clk_i        usable  --                     
/\u_fetch_skid_buffer_q_reg[49]                 leaf_cell  1       +clk_i        usable  --                     
/\u_fetch_skid_buffer_q_reg[50]                 leaf_cell  1       +clk_i        usable  --                     
/\u_fetch_skid_buffer_q_reg[51]                 leaf_cell  1       +clk_i        usable  --                     
/\u_fetch_skid_buffer_q_reg[52]                 leaf_cell  1       +clk_i        usable  --                     
/\u_fetch_skid_buffer_q_reg[53]                 leaf_cell  1       +clk_i        usable  --                     
/\u_fetch_skid_buffer_q_reg[54]                 leaf_cell  1       +clk_i        usable  --                     
/\u_fetch_skid_buffer_q_reg[55]                 leaf_cell  1       +clk_i        usable  --                     
/\u_fetch_skid_buffer_q_reg[56]                 leaf_cell  1       +clk_i        usable  --                     
/\u_fetch_skid_buffer_q_reg[57]                 leaf_cell  1       +clk_i        usable  --                     
/\u_fetch_skid_buffer_q_reg[58]                 leaf_cell  1       +clk_i        usable  --                     
/\u_fetch_skid_buffer_q_reg[59]                 leaf_cell  1       +clk_i        usable  --                     
/\u_fetch_skid_buffer_q_reg[60]                 leaf_cell  1       +clk_i        usable  --                     
/\u_fetch_skid_buffer_q_reg[61]                 leaf_cell  1       +clk_i        usable  --                     
/\u_fetch_skid_buffer_q_reg[62]                 leaf_cell  1       +clk_i        usable  --                     
/\u_fetch_skid_buffer_q_reg[63]                 leaf_cell  1       +clk_i        usable  --                     
/\u_fetch_skid_buffer_q_reg[64]                 leaf_cell  1       +clk_i        usable  --                     
/u_fetch_skid_valid_q_reg                       leaf_cell  1       +clk_i        usable  --                     
/u_issue_csr_pending_q_reg                      leaf_cell  1       +clk_i        usable  --                     
/u_issue_div_pending_q_reg                      leaf_cell  1       +clk_i        usable  --                     
/\u_issue_u_pipe_ctrl_csr_wdata_e2_q_reg[0]     leaf_cell  1       +clk_i        usable  --                     
/\u_issue_u_pipe_ctrl_csr_wdata_e2_q_reg[1]     leaf_cell  1       +clk_i        usable  --                     
/\u_issue_u_pipe_ctrl_csr_wdata_e2_q_reg[2]     leaf_cell  1       +clk_i        usable  --                     
/\u_issue_u_pipe_ctrl_csr_wdata_e2_q_reg[3]     leaf_cell  1       +clk_i        usable  --                     
/\u_issue_u_pipe_ctrl_csr_wdata_e2_q_reg[4]     leaf_cell  1       +clk_i        usable  --                     
/\u_issue_u_pipe_ctrl_csr_wdata_e2_q_reg[5]     leaf_cell  1       +clk_i        usable  --                     
/\u_issue_u_pipe_ctrl_csr_wdata_e2_q_reg[6]     leaf_cell  1       +clk_i        usable  --                     
/\u_issue_u_pipe_ctrl_csr_wdata_e2_q_reg[7]     leaf_cell  1       +clk_i        usable  --                     
/\u_issue_u_pipe_ctrl_csr_wdata_e2_q_reg[8]     leaf_cell  1       +clk_i        usable  --                     
/\u_issue_u_pipe_ctrl_csr_wdata_e2_q_reg[9]     leaf_cell  1       +clk_i        usable  --                     
/\u_issue_u_pipe_ctrl_csr_wdata_e2_q_reg[10]    leaf_cell  1       +clk_i        usable  --                     
/\u_issue_u_pipe_ctrl_csr_wdata_e2_q_reg[11]    leaf_cell  1       +clk_i        usable  --                     
/\u_issue_u_pipe_ctrl_csr_wdata_e2_q_reg[12]    leaf_cell  1       +clk_i        usable  --                     
/\u_issue_u_pipe_ctrl_csr_wdata_e2_q_reg[13]    leaf_cell  1       +clk_i        usable  --                     
/\u_issue_u_pipe_ctrl_csr_wdata_e2_q_reg[14]    leaf_cell  1       +clk_i        usable  --                     
/\u_issue_u_pipe_ctrl_csr_wdata_e2_q_reg[15]    leaf_cell  1       +clk_i        usable  --                     
/\u_issue_u_pipe_ctrl_csr_wdata_e2_q_reg[16]    leaf_cell  1       +clk_i        usable  --                     
/\u_issue_u_pipe_ctrl_csr_wdata_e2_q_reg[17]    leaf_cell  1       +clk_i        usable  --                     
/\u_issue_u_pipe_ctrl_csr_wdata_e2_q_reg[18]    leaf_cell  1       +clk_i        usable  --                     
/\u_issue_u_pipe_ctrl_csr_wdata_e2_q_reg[19]    leaf_cell  1       +clk_i        usable  --                     
/\u_issue_u_pipe_ctrl_csr_wdata_e2_q_reg[20]    leaf_cell  1       +clk_i        usable  --                     
/\u_issue_u_pipe_ctrl_csr_wdata_e2_q_reg[21]    leaf_cell  1       +clk_i        usable  --                     
/\u_issue_u_pipe_ctrl_csr_wdata_e2_q_reg[22]    leaf_cell  1       +clk_i        usable  --                     
/\u_issue_u_pipe_ctrl_csr_wdata_e2_q_reg[23]    leaf_cell  1       +clk_i        usable  --                     
/\u_issue_u_pipe_ctrl_csr_wdata_e2_q_reg[24]    leaf_cell  1       +clk_i        usable  --                     
/\u_issue_u_pipe_ctrl_csr_wdata_e2_q_reg[25]    leaf_cell  1       +clk_i        usable  --                     
/\u_issue_u_pipe_ctrl_csr_wdata_e2_q_reg[26]    leaf_cell  1       +clk_i        usable  --                     
/\u_issue_u_pipe_ctrl_csr_wdata_e2_q_reg[27]    leaf_cell  1       +clk_i        usable  --                     
/\u_issue_u_pipe_ctrl_csr_wdata_e2_q_reg[28]    leaf_cell  1       +clk_i        usable  --                     
/\u_issue_u_pipe_ctrl_csr_wdata_e2_q_reg[29]    leaf_cell  1       +clk_i        usable  --                     
/\u_issue_u_pipe_ctrl_csr_wdata_e2_q_reg[30]    leaf_cell  1       +clk_i        usable  --                     
/\u_issue_u_pipe_ctrl_csr_wdata_e2_q_reg[31]    leaf_cell  1       +clk_i        usable  --                     
/\u_issue_u_pipe_ctrl_csr_wdata_wb_q_reg[0]     leaf_cell  1       +clk_i        usable  --                     
/\u_issue_u_pipe_ctrl_csr_wdata_wb_q_reg[1]     leaf_cell  1       +clk_i        usable  --                     
/\u_issue_u_pipe_ctrl_csr_wdata_wb_q_reg[2]     leaf_cell  1       +clk_i        usable  --                     
/\u_issue_u_pipe_ctrl_csr_wdata_wb_q_reg[3]     leaf_cell  1       +clk_i        usable  --                     
/\u_issue_u_pipe_ctrl_csr_wdata_wb_q_reg[4]     leaf_cell  1       +clk_i        usable  --                     
/\u_issue_u_pipe_ctrl_csr_wdata_wb_q_reg[5]     leaf_cell  1       +clk_i        usable  --                     
/\u_issue_u_pipe_ctrl_csr_wdata_wb_q_reg[6]     leaf_cell  1       +clk_i        usable  --                     
/\u_issue_u_pipe_ctrl_csr_wdata_wb_q_reg[7]     leaf_cell  1       +clk_i        usable  --                     
/\u_issue_u_pipe_ctrl_csr_wdata_wb_q_reg[8]     leaf_cell  1       +clk_i        usable  --                     
/\u_issue_u_pipe_ctrl_csr_wdata_wb_q_reg[9]     leaf_cell  1       +clk_i        usable  --                     
/\u_issue_u_pipe_ctrl_csr_wdata_wb_q_reg[10]    leaf_cell  1       +clk_i        usable  --                     
/\u_issue_u_pipe_ctrl_csr_wdata_wb_q_reg[11]    leaf_cell  1       +clk_i        usable  --                     
/\u_issue_u_pipe_ctrl_csr_wdata_wb_q_reg[12]    leaf_cell  1       +clk_i        usable  --                     
/\u_issue_u_pipe_ctrl_csr_wdata_wb_q_reg[13]    leaf_cell  1       +clk_i        usable  --                     
/\u_issue_u_pipe_ctrl_csr_wdata_wb_q_reg[14]    leaf_cell  1       +clk_i        usable  --                     
/\u_issue_u_pipe_ctrl_csr_wdata_wb_q_reg[15]    leaf_cell  1       +clk_i        usable  --                     
/\u_issue_u_pipe_ctrl_csr_wdata_wb_q_reg[16]    leaf_cell  1       +clk_i        usable  --                     
/\u_issue_u_pipe_ctrl_csr_wdata_wb_q_reg[17]    leaf_cell  1       +clk_i        usable  --                     
/\u_issue_u_pipe_ctrl_csr_wdata_wb_q_reg[18]    leaf_cell  1       +clk_i        usable  --                     
/\u_issue_u_pipe_ctrl_csr_wdata_wb_q_reg[19]    leaf_cell  1       +clk_i        usable  --                     
/\u_issue_u_pipe_ctrl_csr_wdata_wb_q_reg[20]    leaf_cell  1       +clk_i        usable  --                     
/\u_issue_u_pipe_ctrl_csr_wdata_wb_q_reg[21]    leaf_cell  1       +clk_i        usable  --                     
/\u_issue_u_pipe_ctrl_csr_wdata_wb_q_reg[22]    leaf_cell  1       +clk_i        usable  --                     
/\u_issue_u_pipe_ctrl_csr_wdata_wb_q_reg[23]    leaf_cell  1       +clk_i        usable  --                     
/\u_issue_u_pipe_ctrl_csr_wdata_wb_q_reg[24]    leaf_cell  1       +clk_i        usable  --                     
/\u_issue_u_pipe_ctrl_csr_wdata_wb_q_reg[25]    leaf_cell  1       +clk_i        usable  --                     
/\u_issue_u_pipe_ctrl_csr_wdata_wb_q_reg[26]    leaf_cell  1       +clk_i        usable  --                     
/\u_issue_u_pipe_ctrl_csr_wdata_wb_q_reg[27]    leaf_cell  1       +clk_i        usable  --                     
/\u_issue_u_pipe_ctrl_csr_wdata_wb_q_reg[28]    leaf_cell  1       +clk_i        usable  --                     
/\u_issue_u_pipe_ctrl_csr_wdata_wb_q_reg[29]    leaf_cell  1       +clk_i        usable  --                     
/\u_issue_u_pipe_ctrl_csr_wdata_wb_q_reg[30]    leaf_cell  1       +clk_i        usable  --                     
/\u_issue_u_pipe_ctrl_csr_wdata_wb_q_reg[31]    leaf_cell  1       +clk_i        usable  --                     
/u_issue_u_pipe_ctrl_csr_wr_e2_q_reg            leaf_cell  1       +clk_i        usable  --                     
/u_issue_u_pipe_ctrl_csr_wr_wb_q_reg            leaf_cell  1       +clk_i        usable  --                     
/\u_issue_u_pipe_ctrl_ctrl_e1_q_reg[1]          leaf_cell  1       +clk_i        usable  --                     
/\u_issue_u_pipe_ctrl_ctrl_e1_q_reg[2]          leaf_cell  1       +clk_i        usable  --                     
/\u_issue_u_pipe_ctrl_ctrl_e1_q_reg[3]          leaf_cell  1       +clk_i        usable  --                     
/\u_issue_u_pipe_ctrl_ctrl_e1_q_reg[4]          leaf_cell  1       +clk_i        usable  --                     
/\u_issue_u_pipe_ctrl_ctrl_e1_q_reg[5]          leaf_cell  1       +clk_i        usable  --                     
/\u_issue_u_pipe_ctrl_ctrl_e1_q_reg[7]          leaf_cell  1       +clk_i        usable  --                     
/\u_issue_u_pipe_ctrl_ctrl_e1_q_reg[8]          leaf_cell  1       +clk_i        usable  --                     
/\u_issue_u_pipe_ctrl_ctrl_e2_q_reg[1]          leaf_cell  1       +clk_i        usable  --                     
/\u_issue_u_pipe_ctrl_ctrl_e2_q_reg[2]          leaf_cell  1       +clk_i        usable  --                     
/\u_issue_u_pipe_ctrl_ctrl_e2_q_reg[3]          leaf_cell  1       +clk_i        usable  --                     
/\u_issue_u_pipe_ctrl_ctrl_e2_q_reg[5]          leaf_cell  1       +clk_i        usable  --                     
/\u_issue_u_pipe_ctrl_ctrl_e2_q_reg[7]          leaf_cell  1       +clk_i        usable  --                     
/\u_issue_u_pipe_ctrl_ctrl_wb_q_reg[3]          leaf_cell  1       +clk_i        usable  --                     
/\u_issue_u_pipe_ctrl_ctrl_wb_q_reg[7]          leaf_cell  1       +clk_i        usable  --                     
/\u_issue_u_pipe_ctrl_exception_e1_q_reg[0]     leaf_cell  1       +clk_i        usable  --                     
/\u_issue_u_pipe_ctrl_exception_e1_q_reg[4]     leaf_cell  1       +clk_i        usable  --                     
/\u_issue_u_pipe_ctrl_exception_e2_q_reg[0]     leaf_cell  1       +clk_i        usable  --                     
/\u_issue_u_pipe_ctrl_exception_e2_q_reg[1]     leaf_cell  1       +clk_i        usable  --                     
/\u_issue_u_pipe_ctrl_exception_e2_q_reg[2]     leaf_cell  1       +clk_i        usable  --                     
/\u_issue_u_pipe_ctrl_exception_e2_q_reg[3]     leaf_cell  1       +clk_i        usable  --                     
/\u_issue_u_pipe_ctrl_exception_e2_q_reg[4]     leaf_cell  1       +clk_i        usable  --                     
/\u_issue_u_pipe_ctrl_exception_e2_q_reg[5]     leaf_cell  1       +clk_i        usable  --                     
/\u_issue_u_pipe_ctrl_exception_wb_q_reg[0]     leaf_cell  1       +clk_i        usable  --                     
/\u_issue_u_pipe_ctrl_exception_wb_q_reg[1]     leaf_cell  1       +clk_i        usable  --                     
/\u_issue_u_pipe_ctrl_exception_wb_q_reg[2]     leaf_cell  1       +clk_i        usable  --                     
/\u_issue_u_pipe_ctrl_exception_wb_q_reg[3]     leaf_cell  1       +clk_i        usable  --                     
/\u_issue_u_pipe_ctrl_exception_wb_q_reg[4]     leaf_cell  1       +clk_i        usable  --                     
/\u_issue_u_pipe_ctrl_exception_wb_q_reg[5]     leaf_cell  1       +clk_i        usable  --                     
/\u_issue_u_pipe_ctrl_opcode_e1_q_reg[7]        leaf_cell  1       +clk_i        usable  --                     
/\u_issue_u_pipe_ctrl_opcode_e1_q_reg[8]        leaf_cell  1       +clk_i        usable  --                     
/\u_issue_u_pipe_ctrl_opcode_e1_q_reg[9]        leaf_cell  1       +clk_i        usable  --                     
/\u_issue_u_pipe_ctrl_opcode_e1_q_reg[10]       leaf_cell  1       +clk_i        usable  --                     
/\u_issue_u_pipe_ctrl_opcode_e1_q_reg[11]       leaf_cell  1       +clk_i        usable  --                     
/\u_issue_u_pipe_ctrl_opcode_e1_q_reg[20]       leaf_cell  1       +clk_i        usable  --                     
/\u_issue_u_pipe_ctrl_opcode_e1_q_reg[21]       leaf_cell  1       +clk_i        usable  --                     
/\u_issue_u_pipe_ctrl_opcode_e1_q_reg[22]       leaf_cell  1       +clk_i        usable  --                     
/\u_issue_u_pipe_ctrl_opcode_e1_q_reg[23]       leaf_cell  1       +clk_i        usable  --                     
/\u_issue_u_pipe_ctrl_opcode_e1_q_reg[24]       leaf_cell  1       +clk_i        usable  --                     
/\u_issue_u_pipe_ctrl_opcode_e1_q_reg[25]       leaf_cell  1       +clk_i        usable  --                     
/\u_issue_u_pipe_ctrl_opcode_e1_q_reg[26]       leaf_cell  1       +clk_i        usable  --                     
/\u_issue_u_pipe_ctrl_opcode_e1_q_reg[27]       leaf_cell  1       +clk_i        usable  --                     
/\u_issue_u_pipe_ctrl_opcode_e1_q_reg[28]       leaf_cell  1       +clk_i        usable  --                     
/\u_issue_u_pipe_ctrl_opcode_e1_q_reg[29]       leaf_cell  1       +clk_i        usable  --                     
/\u_issue_u_pipe_ctrl_opcode_e1_q_reg[30]       leaf_cell  1       +clk_i        usable  --                     
/\u_issue_u_pipe_ctrl_opcode_e1_q_reg[31]       leaf_cell  1       +clk_i        usable  --                     
/\u_issue_u_pipe_ctrl_opcode_e2_q_reg[7]        leaf_cell  1       +clk_i        usable  --                     
/\u_issue_u_pipe_ctrl_opcode_e2_q_reg[8]        leaf_cell  1       +clk_i        usable  --                     
/\u_issue_u_pipe_ctrl_opcode_e2_q_reg[9]        leaf_cell  1       +clk_i        usable  --                     
/\u_issue_u_pipe_ctrl_opcode_e2_q_reg[10]       leaf_cell  1       +clk_i        usable  --                     
/\u_issue_u_pipe_ctrl_opcode_e2_q_reg[11]       leaf_cell  1       +clk_i        usable  --                     
/\u_issue_u_pipe_ctrl_opcode_e2_q_reg[20]       leaf_cell  1       +clk_i        usable  --                     
/\u_issue_u_pipe_ctrl_opcode_e2_q_reg[21]       leaf_cell  1       +clk_i        usable  --                     
/\u_issue_u_pipe_ctrl_opcode_e2_q_reg[22]       leaf_cell  1       +clk_i        usable  --                     
/\u_issue_u_pipe_ctrl_opcode_e2_q_reg[23]       leaf_cell  1       +clk_i        usable  --                     
/\u_issue_u_pipe_ctrl_opcode_e2_q_reg[24]       leaf_cell  1       +clk_i        usable  --                     
/\u_issue_u_pipe_ctrl_opcode_e2_q_reg[25]       leaf_cell  1       +clk_i        usable  --                     
/\u_issue_u_pipe_ctrl_opcode_e2_q_reg[26]       leaf_cell  1       +clk_i        usable  --                     
/\u_issue_u_pipe_ctrl_opcode_e2_q_reg[27]       leaf_cell  1       +clk_i        usable  --                     
/\u_issue_u_pipe_ctrl_opcode_e2_q_reg[28]       leaf_cell  1       +clk_i        usable  --                     
/\u_issue_u_pipe_ctrl_opcode_e2_q_reg[29]       leaf_cell  1       +clk_i        usable  --                     
/\u_issue_u_pipe_ctrl_opcode_e2_q_reg[30]       leaf_cell  1       +clk_i        usable  --                     
/\u_issue_u_pipe_ctrl_opcode_e2_q_reg[31]       leaf_cell  1       +clk_i        usable  --                     
/\u_issue_u_pipe_ctrl_opcode_wb_q_reg[7]        leaf_cell  1       +clk_i        usable  --                     
/\u_issue_u_pipe_ctrl_opcode_wb_q_reg[8]        leaf_cell  1       +clk_i        usable  --                     
/\u_issue_u_pipe_ctrl_opcode_wb_q_reg[9]        leaf_cell  1       +clk_i        usable  --                     
/\u_issue_u_pipe_ctrl_opcode_wb_q_reg[10]       leaf_cell  1       +clk_i        usable  --                     
/\u_issue_u_pipe_ctrl_opcode_wb_q_reg[11]       leaf_cell  1       +clk_i        usable  --                     
/\u_issue_u_pipe_ctrl_opcode_wb_q_reg[20]       leaf_cell  1       +clk_i        usable  --                     
/\u_issue_u_pipe_ctrl_opcode_wb_q_reg[21]       leaf_cell  1       +clk_i        usable  --                     
/\u_issue_u_pipe_ctrl_opcode_wb_q_reg[22]       leaf_cell  1       +clk_i        usable  --                     
/\u_issue_u_pipe_ctrl_opcode_wb_q_reg[23]       leaf_cell  1       +clk_i        usable  --                     
/\u_issue_u_pipe_ctrl_opcode_wb_q_reg[24]       leaf_cell  1       +clk_i        usable  --                     
/\u_issue_u_pipe_ctrl_opcode_wb_q_reg[25]       leaf_cell  1       +clk_i        usable  --                     
/\u_issue_u_pipe_ctrl_opcode_wb_q_reg[26]       leaf_cell  1       +clk_i        usable  --                     
/\u_issue_u_pipe_ctrl_opcode_wb_q_reg[27]       leaf_cell  1       +clk_i        usable  --                     
/\u_issue_u_pipe_ctrl_opcode_wb_q_reg[28]       leaf_cell  1       +clk_i        usable  --                     
/\u_issue_u_pipe_ctrl_opcode_wb_q_reg[29]       leaf_cell  1       +clk_i        usable  --                     
/\u_issue_u_pipe_ctrl_opcode_wb_q_reg[30]       leaf_cell  1       +clk_i        usable  --                     
/\u_issue_u_pipe_ctrl_opcode_wb_q_reg[31]       leaf_cell  1       +clk_i        usable  --                     
/\u_issue_u_pipe_ctrl_pc_e1_q_reg[2]            leaf_cell  1       +clk_i        usable  --                     
/\u_issue_u_pipe_ctrl_pc_e1_q_reg[3]            leaf_cell  1       +clk_i        usable  --                     
/\u_issue_u_pipe_ctrl_pc_e1_q_reg[4]            leaf_cell  1       +clk_i        usable  --                     
/\u_issue_u_pipe_ctrl_pc_e1_q_reg[5]            leaf_cell  1       +clk_i        usable  --                     
/\u_issue_u_pipe_ctrl_pc_e1_q_reg[6]            leaf_cell  1       +clk_i        usable  --                     
/\u_issue_u_pipe_ctrl_pc_e1_q_reg[7]            leaf_cell  1       +clk_i        usable  --                     
/\u_issue_u_pipe_ctrl_pc_e1_q_reg[8]            leaf_cell  1       +clk_i        usable  --                     
/\u_issue_u_pipe_ctrl_pc_e1_q_reg[9]            leaf_cell  1       +clk_i        usable  --                     
/\u_issue_u_pipe_ctrl_pc_e1_q_reg[10]           leaf_cell  1       +clk_i        usable  --                     
/\u_issue_u_pipe_ctrl_pc_e1_q_reg[11]           leaf_cell  1       +clk_i        usable  --                     
/\u_issue_u_pipe_ctrl_pc_e1_q_reg[12]           leaf_cell  1       +clk_i        usable  --                     
/\u_issue_u_pipe_ctrl_pc_e1_q_reg[13]           leaf_cell  1       +clk_i        usable  --                     
/\u_issue_u_pipe_ctrl_pc_e1_q_reg[14]           leaf_cell  1       +clk_i        usable  --                     
/\u_issue_u_pipe_ctrl_pc_e1_q_reg[15]           leaf_cell  1       +clk_i        usable  --                     
/\u_issue_u_pipe_ctrl_pc_e1_q_reg[16]           leaf_cell  1       +clk_i        usable  --                     
/\u_issue_u_pipe_ctrl_pc_e1_q_reg[17]           leaf_cell  1       +clk_i        usable  --                     
/\u_issue_u_pipe_ctrl_pc_e1_q_reg[18]           leaf_cell  1       +clk_i        usable  --                     
/\u_issue_u_pipe_ctrl_pc_e1_q_reg[19]           leaf_cell  1       +clk_i        usable  --                     
/\u_issue_u_pipe_ctrl_pc_e1_q_reg[20]           leaf_cell  1       +clk_i        usable  --                     
/\u_issue_u_pipe_ctrl_pc_e1_q_reg[21]           leaf_cell  1       +clk_i        usable  --                     
/\u_issue_u_pipe_ctrl_pc_e1_q_reg[22]           leaf_cell  1       +clk_i        usable  --                     
/\u_issue_u_pipe_ctrl_pc_e1_q_reg[23]           leaf_cell  1       +clk_i        usable  --                     
/\u_issue_u_pipe_ctrl_pc_e1_q_reg[24]           leaf_cell  1       +clk_i        usable  --                     
/\u_issue_u_pipe_ctrl_pc_e1_q_reg[25]           leaf_cell  1       +clk_i        usable  --                     
/\u_issue_u_pipe_ctrl_pc_e1_q_reg[26]           leaf_cell  1       +clk_i        usable  --                     
/\u_issue_u_pipe_ctrl_pc_e1_q_reg[27]           leaf_cell  1       +clk_i        usable  --                     
/\u_issue_u_pipe_ctrl_pc_e1_q_reg[28]           leaf_cell  1       +clk_i        usable  --                     
/\u_issue_u_pipe_ctrl_pc_e1_q_reg[29]           leaf_cell  1       +clk_i        usable  --                     
/\u_issue_u_pipe_ctrl_pc_e1_q_reg[30]           leaf_cell  1       +clk_i        usable  --                     
/\u_issue_u_pipe_ctrl_pc_e1_q_reg[31]           leaf_cell  1       +clk_i        usable  --                     
/\u_issue_u_pipe_ctrl_pc_e2_q_reg[2]            leaf_cell  1       +clk_i        usable  --                     
/\u_issue_u_pipe_ctrl_pc_e2_q_reg[3]            leaf_cell  1       +clk_i        usable  --                     
/\u_issue_u_pipe_ctrl_pc_e2_q_reg[4]            leaf_cell  1       +clk_i        usable  --                     
/\u_issue_u_pipe_ctrl_pc_e2_q_reg[5]            leaf_cell  1       +clk_i        usable  --                     
/\u_issue_u_pipe_ctrl_pc_e2_q_reg[6]            leaf_cell  1       +clk_i        usable  --                     
/\u_issue_u_pipe_ctrl_pc_e2_q_reg[7]            leaf_cell  1       +clk_i        usable  --                     
/\u_issue_u_pipe_ctrl_pc_e2_q_reg[8]            leaf_cell  1       +clk_i        usable  --                     
/\u_issue_u_pipe_ctrl_pc_e2_q_reg[9]            leaf_cell  1       +clk_i        usable  --                     
/\u_issue_u_pipe_ctrl_pc_e2_q_reg[10]           leaf_cell  1       +clk_i        usable  --                     
/\u_issue_u_pipe_ctrl_pc_e2_q_reg[11]           leaf_cell  1       +clk_i        usable  --                     
/\u_issue_u_pipe_ctrl_pc_e2_q_reg[12]           leaf_cell  1       +clk_i        usable  --                     
/\u_issue_u_pipe_ctrl_pc_e2_q_reg[13]           leaf_cell  1       +clk_i        usable  --                     
/\u_issue_u_pipe_ctrl_pc_e2_q_reg[14]           leaf_cell  1       +clk_i        usable  --                     
/\u_issue_u_pipe_ctrl_pc_e2_q_reg[15]           leaf_cell  1       +clk_i        usable  --                     
/\u_issue_u_pipe_ctrl_pc_e2_q_reg[16]           leaf_cell  1       +clk_i        usable  --                     
/\u_issue_u_pipe_ctrl_pc_e2_q_reg[17]           leaf_cell  1       +clk_i        usable  --                     
/\u_issue_u_pipe_ctrl_pc_e2_q_reg[18]           leaf_cell  1       +clk_i        usable  --                     
/\u_issue_u_pipe_ctrl_pc_e2_q_reg[19]           leaf_cell  1       +clk_i        usable  --                     
/\u_issue_u_pipe_ctrl_pc_e2_q_reg[20]           leaf_cell  1       +clk_i        usable  --                     
/\u_issue_u_pipe_ctrl_pc_e2_q_reg[21]           leaf_cell  1       +clk_i        usable  --                     
/\u_issue_u_pipe_ctrl_pc_e2_q_reg[22]           leaf_cell  1       +clk_i        usable  --                     
/\u_issue_u_pipe_ctrl_pc_e2_q_reg[23]           leaf_cell  1       +clk_i        usable  --                     
/\u_issue_u_pipe_ctrl_pc_e2_q_reg[24]           leaf_cell  1       +clk_i        usable  --                     
/\u_issue_u_pipe_ctrl_pc_e2_q_reg[25]           leaf_cell  1       +clk_i        usable  --                     
/\u_issue_u_pipe_ctrl_pc_e2_q_reg[26]           leaf_cell  1       +clk_i        usable  --                     
/\u_issue_u_pipe_ctrl_pc_e2_q_reg[27]           leaf_cell  1       +clk_i        usable  --                     
/\u_issue_u_pipe_ctrl_pc_e2_q_reg[28]           leaf_cell  1       +clk_i        usable  --                     
/\u_issue_u_pipe_ctrl_pc_e2_q_reg[29]           leaf_cell  1       +clk_i        usable  --                     
/\u_issue_u_pipe_ctrl_pc_e2_q_reg[30]           leaf_cell  1       +clk_i        usable  --                     
/\u_issue_u_pipe_ctrl_pc_e2_q_reg[31]           leaf_cell  1       +clk_i        usable  --                     
/\u_issue_u_pipe_ctrl_pc_wb_q_reg[2]            leaf_cell  1       +clk_i        usable  --                     
/\u_issue_u_pipe_ctrl_pc_wb_q_reg[3]            leaf_cell  1       +clk_i        usable  --                     
/\u_issue_u_pipe_ctrl_pc_wb_q_reg[4]            leaf_cell  1       +clk_i        usable  --                     
/\u_issue_u_pipe_ctrl_pc_wb_q_reg[5]            leaf_cell  1       +clk_i        usable  --                     
/\u_issue_u_pipe_ctrl_pc_wb_q_reg[6]            leaf_cell  1       +clk_i        usable  --                     
/\u_issue_u_pipe_ctrl_pc_wb_q_reg[7]            leaf_cell  1       +clk_i        usable  --                     
/\u_issue_u_pipe_ctrl_pc_wb_q_reg[8]            leaf_cell  1       +clk_i        usable  --                     
/\u_issue_u_pipe_ctrl_pc_wb_q_reg[9]            leaf_cell  1       +clk_i        usable  --                     
/\u_issue_u_pipe_ctrl_pc_wb_q_reg[10]           leaf_cell  1       +clk_i        usable  --                     
/\u_issue_u_pipe_ctrl_pc_wb_q_reg[11]           leaf_cell  1       +clk_i        usable  --                     
/\u_issue_u_pipe_ctrl_pc_wb_q_reg[12]           leaf_cell  1       +clk_i        usable  --                     
/\u_issue_u_pipe_ctrl_pc_wb_q_reg[13]           leaf_cell  1       +clk_i        usable  --                     
/\u_issue_u_pipe_ctrl_pc_wb_q_reg[14]           leaf_cell  1       +clk_i        usable  --                     
/\u_issue_u_pipe_ctrl_pc_wb_q_reg[15]           leaf_cell  1       +clk_i        usable  --                     
/\u_issue_u_pipe_ctrl_pc_wb_q_reg[16]           leaf_cell  1       +clk_i        usable  --                     
/\u_issue_u_pipe_ctrl_pc_wb_q_reg[17]           leaf_cell  1       +clk_i        usable  --                     
/\u_issue_u_pipe_ctrl_pc_wb_q_reg[18]           leaf_cell  1       +clk_i        usable  --                     
/\u_issue_u_pipe_ctrl_pc_wb_q_reg[19]           leaf_cell  1       +clk_i        usable  --                     
/\u_issue_u_pipe_ctrl_pc_wb_q_reg[20]           leaf_cell  1       +clk_i        usable  --                     
/\u_issue_u_pipe_ctrl_pc_wb_q_reg[21]           leaf_cell  1       +clk_i        usable  --                     
/\u_issue_u_pipe_ctrl_pc_wb_q_reg[22]           leaf_cell  1       +clk_i        usable  --                     
/\u_issue_u_pipe_ctrl_pc_wb_q_reg[23]           leaf_cell  1       +clk_i        usable  --                     
/\u_issue_u_pipe_ctrl_pc_wb_q_reg[24]           leaf_cell  1       +clk_i        usable  --                     
/\u_issue_u_pipe_ctrl_pc_wb_q_reg[25]           leaf_cell  1       +clk_i        usable  --                     
/\u_issue_u_pipe_ctrl_pc_wb_q_reg[26]           leaf_cell  1       +clk_i        usable  --                     
/\u_issue_u_pipe_ctrl_pc_wb_q_reg[27]           leaf_cell  1       +clk_i        usable  --                     
/\u_issue_u_pipe_ctrl_pc_wb_q_reg[28]           leaf_cell  1       +clk_i        usable  --                     
/\u_issue_u_pipe_ctrl_pc_wb_q_reg[29]           leaf_cell  1       +clk_i        usable  --                     
/\u_issue_u_pipe_ctrl_pc_wb_q_reg[30]           leaf_cell  1       +clk_i        usable  --                     
/\u_issue_u_pipe_ctrl_pc_wb_q_reg[31]           leaf_cell  1       +clk_i        usable  --                     
/\u_issue_u_pipe_ctrl_result_e2_q_reg[0]        leaf_cell  1       +clk_i        usable  --                     
/\u_issue_u_pipe_ctrl_result_e2_q_reg[1]        leaf_cell  1       +clk_i        usable  --                     
/\u_issue_u_pipe_ctrl_result_e2_q_reg[2]        leaf_cell  1       +clk_i        usable  --                     
/\u_issue_u_pipe_ctrl_result_e2_q_reg[3]        leaf_cell  1       +clk_i        usable  --                     
/\u_issue_u_pipe_ctrl_result_e2_q_reg[4]        leaf_cell  1       +clk_i        usable  --                     
/\u_issue_u_pipe_ctrl_result_e2_q_reg[5]        leaf_cell  1       +clk_i        usable  --                     
/\u_issue_u_pipe_ctrl_result_e2_q_reg[6]        leaf_cell  1       +clk_i        usable  --                     
/\u_issue_u_pipe_ctrl_result_e2_q_reg[7]        leaf_cell  1       +clk_i        usable  --                     
/\u_issue_u_pipe_ctrl_result_e2_q_reg[8]        leaf_cell  1       +clk_i        usable  --                     
/\u_issue_u_pipe_ctrl_result_e2_q_reg[9]        leaf_cell  1       +clk_i        usable  --                     
/\u_issue_u_pipe_ctrl_result_e2_q_reg[10]       leaf_cell  1       +clk_i        usable  --                     
/\u_issue_u_pipe_ctrl_result_e2_q_reg[11]       leaf_cell  1       +clk_i        usable  --                     
/\u_issue_u_pipe_ctrl_result_e2_q_reg[12]       leaf_cell  1       +clk_i        usable  --                     
/\u_issue_u_pipe_ctrl_result_e2_q_reg[13]       leaf_cell  1       +clk_i        usable  --                     
/\u_issue_u_pipe_ctrl_result_e2_q_reg[14]       leaf_cell  1       +clk_i        usable  --                     
/\u_issue_u_pipe_ctrl_result_e2_q_reg[15]       leaf_cell  1       +clk_i        usable  --                     
/\u_issue_u_pipe_ctrl_result_e2_q_reg[16]       leaf_cell  1       +clk_i        usable  --                     
/\u_issue_u_pipe_ctrl_result_e2_q_reg[17]       leaf_cell  1       +clk_i        usable  --                     
/\u_issue_u_pipe_ctrl_result_e2_q_reg[18]       leaf_cell  1       +clk_i        usable  --                     
/\u_issue_u_pipe_ctrl_result_e2_q_reg[19]       leaf_cell  1       +clk_i        usable  --                     
/\u_issue_u_pipe_ctrl_result_e2_q_reg[20]       leaf_cell  1       +clk_i        usable  --                     
/\u_issue_u_pipe_ctrl_result_e2_q_reg[21]       leaf_cell  1       +clk_i        usable  --                     
/\u_issue_u_pipe_ctrl_result_e2_q_reg[22]       leaf_cell  1       +clk_i        usable  --                     
/\u_issue_u_pipe_ctrl_result_e2_q_reg[23]       leaf_cell  1       +clk_i        usable  --                     
/\u_issue_u_pipe_ctrl_result_e2_q_reg[24]       leaf_cell  1       +clk_i        usable  --                     
/\u_issue_u_pipe_ctrl_result_e2_q_reg[25]       leaf_cell  1       +clk_i        usable  --                     
/\u_issue_u_pipe_ctrl_result_e2_q_reg[26]       leaf_cell  1       +clk_i        usable  --                     
/\u_issue_u_pipe_ctrl_result_e2_q_reg[27]       leaf_cell  1       +clk_i        usable  --                     
/\u_issue_u_pipe_ctrl_result_e2_q_reg[28]       leaf_cell  1       +clk_i        usable  --                     
/\u_issue_u_pipe_ctrl_result_e2_q_reg[29]       leaf_cell  1       +clk_i        usable  --                     
/\u_issue_u_pipe_ctrl_result_e2_q_reg[30]       leaf_cell  1       +clk_i        usable  --                     
/\u_issue_u_pipe_ctrl_result_e2_q_reg[31]       leaf_cell  1       +clk_i        usable  --                     
/\u_issue_u_pipe_ctrl_result_wb_q_reg[0]        leaf_cell  1       +clk_i        usable  --                     
/\u_issue_u_pipe_ctrl_result_wb_q_reg[1]        leaf_cell  1       +clk_i        usable  --                     
/\u_issue_u_pipe_ctrl_result_wb_q_reg[2]        leaf_cell  1       +clk_i        usable  --                     
/\u_issue_u_pipe_ctrl_result_wb_q_reg[3]        leaf_cell  1       +clk_i        usable  --                     
/\u_issue_u_pipe_ctrl_result_wb_q_reg[4]        leaf_cell  1       +clk_i        usable  --                     
/\u_issue_u_pipe_ctrl_result_wb_q_reg[5]        leaf_cell  1       +clk_i        usable  --                     
/\u_issue_u_pipe_ctrl_result_wb_q_reg[6]        leaf_cell  1       +clk_i        usable  --                     
/\u_issue_u_pipe_ctrl_result_wb_q_reg[7]        leaf_cell  1       +clk_i        usable  --                     
/\u_issue_u_pipe_ctrl_result_wb_q_reg[8]        leaf_cell  1       +clk_i        usable  --                     
/\u_issue_u_pipe_ctrl_result_wb_q_reg[9]        leaf_cell  1       +clk_i        usable  --                     
/\u_issue_u_pipe_ctrl_result_wb_q_reg[10]       leaf_cell  1       +clk_i        usable  --                     
/\u_issue_u_pipe_ctrl_result_wb_q_reg[11]       leaf_cell  1       +clk_i        usable  --                     
/\u_issue_u_pipe_ctrl_result_wb_q_reg[12]       leaf_cell  1       +clk_i        usable  --                     
/\u_issue_u_pipe_ctrl_result_wb_q_reg[13]       leaf_cell  1       +clk_i        usable  --                     
/\u_issue_u_pipe_ctrl_result_wb_q_reg[14]       leaf_cell  1       +clk_i        usable  --                     
/\u_issue_u_pipe_ctrl_result_wb_q_reg[15]       leaf_cell  1       +clk_i        usable  --                     
/\u_issue_u_pipe_ctrl_result_wb_q_reg[16]       leaf_cell  1       +clk_i        usable  --                     
/\u_issue_u_pipe_ctrl_result_wb_q_reg[17]       leaf_cell  1       +clk_i        usable  --                     
/\u_issue_u_pipe_ctrl_result_wb_q_reg[18]       leaf_cell  1       +clk_i        usable  --                     
/\u_issue_u_pipe_ctrl_result_wb_q_reg[19]       leaf_cell  1       +clk_i        usable  --                     
/\u_issue_u_pipe_ctrl_result_wb_q_reg[20]       leaf_cell  1       +clk_i        usable  --                     
/\u_issue_u_pipe_ctrl_result_wb_q_reg[21]       leaf_cell  1       +clk_i        usable  --                     
/\u_issue_u_pipe_ctrl_result_wb_q_reg[22]       leaf_cell  1       +clk_i        usable  --                     
/\u_issue_u_pipe_ctrl_result_wb_q_reg[23]       leaf_cell  1       +clk_i        usable  --                     
/\u_issue_u_pipe_ctrl_result_wb_q_reg[24]       leaf_cell  1       +clk_i        usable  --                     
/\u_issue_u_pipe_ctrl_result_wb_q_reg[25]       leaf_cell  1       +clk_i        usable  --                     
/\u_issue_u_pipe_ctrl_result_wb_q_reg[26]       leaf_cell  1       +clk_i        usable  --                     
/\u_issue_u_pipe_ctrl_result_wb_q_reg[27]       leaf_cell  1       +clk_i        usable  --                     
/\u_issue_u_pipe_ctrl_result_wb_q_reg[28]       leaf_cell  1       +clk_i        usable  --                     
/\u_issue_u_pipe_ctrl_result_wb_q_reg[29]       leaf_cell  1       +clk_i        usable  --                     
/\u_issue_u_pipe_ctrl_result_wb_q_reg[30]       leaf_cell  1       +clk_i        usable  --                     
/\u_issue_u_pipe_ctrl_result_wb_q_reg[31]       leaf_cell  1       +clk_i        usable  --                     
/u_issue_u_pipe_ctrl_squash_e1_e2_q_reg         leaf_cell  1       +clk_i        usable  --                     
/u_issue_u_pipe_ctrl_valid_e1_q_reg             leaf_cell  1       +clk_i        usable  --                     
/u_issue_u_pipe_ctrl_valid_e2_q_reg             leaf_cell  1       +clk_i        usable  --                     
/u_issue_u_pipe_ctrl_valid_wb_q_reg             leaf_cell  1       +clk_i        usable  --                     
/\u_issue_u_regfile_REGFILE.reg_r1_q_reg[0]     leaf_cell  1       -clk_i        usable  --                     
/\u_issue_u_regfile_REGFILE.reg_r1_q_reg[1]     leaf_cell  1       -clk_i        usable  --                     
/\u_issue_u_regfile_REGFILE.reg_r1_q_reg[2]     leaf_cell  1       -clk_i        usable  --                     
/\u_issue_u_regfile_REGFILE.reg_r1_q_reg[3]     leaf_cell  1       -clk_i        usable  --                     
/\u_issue_u_regfile_REGFILE.reg_r1_q_reg[4]     leaf_cell  1       -clk_i        usable  --                     
/\u_issue_u_regfile_REGFILE.reg_r1_q_reg[5]     leaf_cell  1       -clk_i        usable  --                     
/\u_issue_u_regfile_REGFILE.reg_r1_q_reg[6]     leaf_cell  1       -clk_i        usable  --                     
/\u_issue_u_regfile_REGFILE.reg_r1_q_reg[7]     leaf_cell  1       -clk_i        usable  --                     
/\u_issue_u_regfile_REGFILE.reg_r1_q_reg[8]     leaf_cell  1       -clk_i        usable  --                     
/\u_issue_u_regfile_REGFILE.reg_r1_q_reg[9]     leaf_cell  1       -clk_i        usable  --                     
/\u_issue_u_regfile_REGFILE.reg_r1_q_reg[10]    leaf_cell  1       -clk_i        usable  --                     
/\u_issue_u_regfile_REGFILE.reg_r1_q_reg[11]    leaf_cell  1       -clk_i        usable  --                     
/\u_issue_u_regfile_REGFILE.reg_r1_q_reg[12]    leaf_cell  1       -clk_i        usable  --                     
/\u_issue_u_regfile_REGFILE.reg_r1_q_reg[13]    leaf_cell  1       -clk_i        usable  --                     
/\u_issue_u_regfile_REGFILE.reg_r1_q_reg[14]    leaf_cell  1       -clk_i        usable  --                     
/\u_issue_u_regfile_REGFILE.reg_r1_q_reg[15]    leaf_cell  1       -clk_i        usable  --                     
/\u_issue_u_regfile_REGFILE.reg_r1_q_reg[16]    leaf_cell  1       -clk_i        usable  --                     
/\u_issue_u_regfile_REGFILE.reg_r1_q_reg[17]    leaf_cell  1       -clk_i        usable  --                     
/\u_issue_u_regfile_REGFILE.reg_r1_q_reg[18]    leaf_cell  1       -clk_i        usable  --                     
/\u_issue_u_regfile_REGFILE.reg_r1_q_reg[19]    leaf_cell  1       -clk_i        usable  --                     
/\u_issue_u_regfile_REGFILE.reg_r1_q_reg[20]    leaf_cell  1       -clk_i        usable  --                     
/\u_issue_u_regfile_REGFILE.reg_r1_q_reg[21]    leaf_cell  1       -clk_i        usable  --                     
/\u_issue_u_regfile_REGFILE.reg_r1_q_reg[22]    leaf_cell  1       -clk_i        usable  --                     
/\u_issue_u_regfile_REGFILE.reg_r1_q_reg[23]    leaf_cell  1       -clk_i        usable  --                     
/\u_issue_u_regfile_REGFILE.reg_r1_q_reg[24]    leaf_cell  1       -clk_i        usable  --                     
/\u_issue_u_regfile_REGFILE.reg_r1_q_reg[25]    leaf_cell  1       -clk_i        usable  --                     
/\u_issue_u_regfile_REGFILE.reg_r1_q_reg[26]    leaf_cell  1       -clk_i        usable  --                     
/\u_issue_u_regfile_REGFILE.reg_r1_q_reg[27]    leaf_cell  1       -clk_i        usable  --                     
/\u_issue_u_regfile_REGFILE.reg_r1_q_reg[28]    leaf_cell  1       -clk_i        usable  --                     
/\u_issue_u_regfile_REGFILE.reg_r1_q_reg[29]    leaf_cell  1       -clk_i        usable  --                     
/\u_issue_u_regfile_REGFILE.reg_r1_q_reg[30]    leaf_cell  1       -clk_i        usable  --                     
/\u_issue_u_regfile_REGFILE.reg_r1_q_reg[31]    leaf_cell  1       -clk_i        usable  --                     
/\u_issue_u_regfile_REGFILE.reg_r2_q_reg[0]     leaf_cell  1       -clk_i        usable  --                     
/\u_issue_u_regfile_REGFILE.reg_r2_q_reg[1]     leaf_cell  1       -clk_i        usable  --                     
/\u_issue_u_regfile_REGFILE.reg_r2_q_reg[2]     leaf_cell  1       -clk_i        usable  --                     
/\u_issue_u_regfile_REGFILE.reg_r2_q_reg[3]     leaf_cell  1       -clk_i        usable  --                     
/\u_issue_u_regfile_REGFILE.reg_r2_q_reg[4]     leaf_cell  1       -clk_i        usable  --                     
/\u_issue_u_regfile_REGFILE.reg_r2_q_reg[5]     leaf_cell  1       -clk_i        usable  --                     
/\u_issue_u_regfile_REGFILE.reg_r2_q_reg[6]     leaf_cell  1       -clk_i        usable  --                     
/\u_issue_u_regfile_REGFILE.reg_r2_q_reg[7]     leaf_cell  1       -clk_i        usable  --                     
/\u_issue_u_regfile_REGFILE.reg_r2_q_reg[8]     leaf_cell  1       -clk_i        usable  --                     
/\u_issue_u_regfile_REGFILE.reg_r2_q_reg[9]     leaf_cell  1       -clk_i        usable  --                     
/\u_issue_u_regfile_REGFILE.reg_r2_q_reg[10]    leaf_cell  1       -clk_i        usable  --                     
/\u_issue_u_regfile_REGFILE.reg_r2_q_reg[11]    leaf_cell  1       -clk_i        usable  --                     
/\u_issue_u_regfile_REGFILE.reg_r2_q_reg[12]    leaf_cell  1       -clk_i        usable  --                     
/\u_issue_u_regfile_REGFILE.reg_r2_q_reg[13]    leaf_cell  1       -clk_i        usable  --                     
/\u_issue_u_regfile_REGFILE.reg_r2_q_reg[14]    leaf_cell  1       -clk_i        usable  --                     
/\u_issue_u_regfile_REGFILE.reg_r2_q_reg[15]    leaf_cell  1       -clk_i        usable  --                     
/\u_issue_u_regfile_REGFILE.reg_r2_q_reg[16]    leaf_cell  1       -clk_i        usable  --                     
/\u_issue_u_regfile_REGFILE.reg_r2_q_reg[17]    leaf_cell  1       -clk_i        usable  --                     
/\u_issue_u_regfile_REGFILE.reg_r2_q_reg[18]    leaf_cell  1       -clk_i        usable  --                     
/\u_issue_u_regfile_REGFILE.reg_r2_q_reg[19]    leaf_cell  1       -clk_i        usable  --                     
/\u_issue_u_regfile_REGFILE.reg_r2_q_reg[20]    leaf_cell  1       -clk_i        usable  --                     
/\u_issue_u_regfile_REGFILE.reg_r2_q_reg[21]    leaf_cell  1       -clk_i        usable  --                     
/\u_issue_u_regfile_REGFILE.reg_r2_q_reg[22]    leaf_cell  1       -clk_i        usable  --                     
/\u_issue_u_regfile_REGFILE.reg_r2_q_reg[23]    leaf_cell  1       -clk_i        usable  --                     
/\u_issue_u_regfile_REGFILE.reg_r2_q_reg[24]    leaf_cell  1       -clk_i        usable  --                     
/\u_issue_u_regfile_REGFILE.reg_r2_q_reg[25]    leaf_cell  1       -clk_i        usable  --                     
/\u_issue_u_regfile_REGFILE.reg_r2_q_reg[26]    leaf_cell  1       -clk_i        usable  --                     
/\u_issue_u_regfile_REGFILE.reg_r2_q_reg[27]    leaf_cell  1       -clk_i        usable  --                     
/\u_issue_u_regfile_REGFILE.reg_r2_q_reg[28]    leaf_cell  1       -clk_i        usable  --                     
/\u_issue_u_regfile_REGFILE.reg_r2_q_reg[29]    leaf_cell  1       -clk_i        usable  --                     
/\u_issue_u_regfile_REGFILE.reg_r2_q_reg[30]    leaf_cell  1       -clk_i        usable  --                     
/\u_issue_u_regfile_REGFILE.reg_r2_q_reg[31]    leaf_cell  1       -clk_i        usable  --                     
/\u_issue_u_regfile_REGFILE.reg_r3_q_reg[0]     leaf_cell  1       -clk_i        usable  --                     
/\u_issue_u_regfile_REGFILE.reg_r3_q_reg[1]     leaf_cell  1       -clk_i        usable  --                     
/\u_issue_u_regfile_REGFILE.reg_r3_q_reg[2]     leaf_cell  1       -clk_i        usable  --                     
/\u_issue_u_regfile_REGFILE.reg_r3_q_reg[3]     leaf_cell  1       -clk_i        usable  --                     
/\u_issue_u_regfile_REGFILE.reg_r3_q_reg[4]     leaf_cell  1       -clk_i        usable  --                     
/\u_issue_u_regfile_REGFILE.reg_r3_q_reg[5]     leaf_cell  1       -clk_i        usable  --                     
/\u_issue_u_regfile_REGFILE.reg_r3_q_reg[6]     leaf_cell  1       -clk_i        usable  --                     
/\u_issue_u_regfile_REGFILE.reg_r3_q_reg[7]     leaf_cell  1       -clk_i        usable  --                     
/\u_issue_u_regfile_REGFILE.reg_r3_q_reg[8]     leaf_cell  1       -clk_i        usable  --                     
/\u_issue_u_regfile_REGFILE.reg_r3_q_reg[9]     leaf_cell  1       -clk_i        usable  --                     
/\u_issue_u_regfile_REGFILE.reg_r3_q_reg[10]    leaf_cell  1       -clk_i        usable  --                     
/\u_issue_u_regfile_REGFILE.reg_r3_q_reg[11]    leaf_cell  1       -clk_i        usable  --                     
/\u_issue_u_regfile_REGFILE.reg_r3_q_reg[12]    leaf_cell  1       -clk_i        usable  --                     
/\u_issue_u_regfile_REGFILE.reg_r3_q_reg[13]    leaf_cell  1       -clk_i        usable  --                     
/\u_issue_u_regfile_REGFILE.reg_r3_q_reg[14]    leaf_cell  1       -clk_i        usable  --                     
/\u_issue_u_regfile_REGFILE.reg_r3_q_reg[15]    leaf_cell  1       -clk_i        usable  --                     
/\u_issue_u_regfile_REGFILE.reg_r3_q_reg[16]    leaf_cell  1       -clk_i        usable  --                     
/\u_issue_u_regfile_REGFILE.reg_r3_q_reg[17]    leaf_cell  1       -clk_i        usable  --                     
/\u_issue_u_regfile_REGFILE.reg_r3_q_reg[18]    leaf_cell  1       -clk_i        usable  --                     
/\u_issue_u_regfile_REGFILE.reg_r3_q_reg[19]    leaf_cell  1       -clk_i        usable  --                     
/\u_issue_u_regfile_REGFILE.reg_r3_q_reg[20]    leaf_cell  1       -clk_i        usable  --                     
/\u_issue_u_regfile_REGFILE.reg_r3_q_reg[21]    leaf_cell  1       -clk_i        usable  --                     
/\u_issue_u_regfile_REGFILE.reg_r3_q_reg[22]    leaf_cell  1       -clk_i        usable  --                     
/\u_issue_u_regfile_REGFILE.reg_r3_q_reg[23]    leaf_cell  1       -clk_i        usable  --                     
/\u_issue_u_regfile_REGFILE.reg_r3_q_reg[24]    leaf_cell  1       -clk_i        usable  --                     
/\u_issue_u_regfile_REGFILE.reg_r3_q_reg[25]    leaf_cell  1       -clk_i        usable  --                     
/\u_issue_u_regfile_REGFILE.reg_r3_q_reg[26]    leaf_cell  1       -clk_i        usable  --                     
/\u_issue_u_regfile_REGFILE.reg_r3_q_reg[27]    leaf_cell  1       -clk_i        usable  --                     
/\u_issue_u_regfile_REGFILE.reg_r3_q_reg[28]    leaf_cell  1       -clk_i        usable  --                     
/\u_issue_u_regfile_REGFILE.reg_r3_q_reg[29]    leaf_cell  1       -clk_i        usable  --                     
/\u_issue_u_regfile_REGFILE.reg_r3_q_reg[30]    leaf_cell  1       -clk_i        usable  --                     
/\u_issue_u_regfile_REGFILE.reg_r3_q_reg[31]    leaf_cell  1       -clk_i        usable  --                     
/\u_issue_u_regfile_REGFILE.reg_r4_q_reg[0]     leaf_cell  1       -clk_i        usable  --                     
/\u_issue_u_regfile_REGFILE.reg_r4_q_reg[1]     leaf_cell  1       -clk_i        usable  --                     
/\u_issue_u_regfile_REGFILE.reg_r4_q_reg[2]     leaf_cell  1       -clk_i        usable  --                     
/\u_issue_u_regfile_REGFILE.reg_r4_q_reg[3]     leaf_cell  1       -clk_i        usable  --                     
/\u_issue_u_regfile_REGFILE.reg_r4_q_reg[4]     leaf_cell  1       -clk_i        usable  --                     
/\u_issue_u_regfile_REGFILE.reg_r4_q_reg[5]     leaf_cell  1       -clk_i        usable  --                     
/\u_issue_u_regfile_REGFILE.reg_r4_q_reg[6]     leaf_cell  1       -clk_i        usable  --                     
/\u_issue_u_regfile_REGFILE.reg_r4_q_reg[7]     leaf_cell  1       -clk_i        usable  --                     
/\u_issue_u_regfile_REGFILE.reg_r4_q_reg[8]     leaf_cell  1       -clk_i        usable  --                     
/\u_issue_u_regfile_REGFILE.reg_r4_q_reg[9]     leaf_cell  1       -clk_i        usable  --                     
/\u_issue_u_regfile_REGFILE.reg_r4_q_reg[10]    leaf_cell  1       -clk_i        usable  --                     
/\u_issue_u_regfile_REGFILE.reg_r4_q_reg[11]    leaf_cell  1       -clk_i        usable  --                     
/\u_issue_u_regfile_REGFILE.reg_r4_q_reg[12]    leaf_cell  1       -clk_i        usable  --                     
/\u_issue_u_regfile_REGFILE.reg_r4_q_reg[13]    leaf_cell  1       -clk_i        usable  --                     
/\u_issue_u_regfile_REGFILE.reg_r4_q_reg[14]    leaf_cell  1       -clk_i        usable  --                     
/\u_issue_u_regfile_REGFILE.reg_r4_q_reg[15]    leaf_cell  1       -clk_i        usable  --                     
/\u_issue_u_regfile_REGFILE.reg_r4_q_reg[16]    leaf_cell  1       -clk_i        usable  --                     
/\u_issue_u_regfile_REGFILE.reg_r4_q_reg[17]    leaf_cell  1       -clk_i        usable  --                     
/\u_issue_u_regfile_REGFILE.reg_r4_q_reg[18]    leaf_cell  1       -clk_i        usable  --                     
/\u_issue_u_regfile_REGFILE.reg_r4_q_reg[19]    leaf_cell  1       -clk_i        usable  --                     
/\u_issue_u_regfile_REGFILE.reg_r4_q_reg[20]    leaf_cell  1       -clk_i        usable  --                     
/\u_issue_u_regfile_REGFILE.reg_r4_q_reg[21]    leaf_cell  1       -clk_i        usable  --                     
/\u_issue_u_regfile_REGFILE.reg_r4_q_reg[22]    leaf_cell  1       -clk_i        usable  --                     
/\u_issue_u_regfile_REGFILE.reg_r4_q_reg[23]    leaf_cell  1       -clk_i        usable  --                     
/\u_issue_u_regfile_REGFILE.reg_r4_q_reg[24]    leaf_cell  1       -clk_i        usable  --                     
/\u_issue_u_regfile_REGFILE.reg_r4_q_reg[25]    leaf_cell  1       -clk_i        usable  --                     
/\u_issue_u_regfile_REGFILE.reg_r4_q_reg[26]    leaf_cell  1       -clk_i        usable  --                     
/\u_issue_u_regfile_REGFILE.reg_r4_q_reg[27]    leaf_cell  1       -clk_i        usable  --                     
/\u_issue_u_regfile_REGFILE.reg_r4_q_reg[28]    leaf_cell  1       -clk_i        usable  --                     
/\u_issue_u_regfile_REGFILE.reg_r4_q_reg[29]    leaf_cell  1       -clk_i        usable  --                     
/\u_issue_u_regfile_REGFILE.reg_r4_q_reg[30]    leaf_cell  1       -clk_i        usable  --                     
/\u_issue_u_regfile_REGFILE.reg_r4_q_reg[31]    leaf_cell  1       -clk_i        usable  --                     
/\u_issue_u_regfile_REGFILE.reg_r5_q_reg[0]     leaf_cell  1       -clk_i        usable  --                     
/\u_issue_u_regfile_REGFILE.reg_r5_q_reg[1]     leaf_cell  1       -clk_i        usable  --                     
/\u_issue_u_regfile_REGFILE.reg_r5_q_reg[2]     leaf_cell  1       -clk_i        usable  --                     
/\u_issue_u_regfile_REGFILE.reg_r5_q_reg[3]     leaf_cell  1       -clk_i        usable  --                     
/\u_issue_u_regfile_REGFILE.reg_r5_q_reg[4]     leaf_cell  1       -clk_i        usable  --                     
/\u_issue_u_regfile_REGFILE.reg_r5_q_reg[5]     leaf_cell  1       -clk_i        usable  --                     
/\u_issue_u_regfile_REGFILE.reg_r5_q_reg[6]     leaf_cell  1       -clk_i        usable  --                     
/\u_issue_u_regfile_REGFILE.reg_r5_q_reg[7]     leaf_cell  1       -clk_i        usable  --                     
/\u_issue_u_regfile_REGFILE.reg_r5_q_reg[8]     leaf_cell  1       -clk_i        usable  --                     
/\u_issue_u_regfile_REGFILE.reg_r5_q_reg[9]     leaf_cell  1       -clk_i        usable  --                     
/\u_issue_u_regfile_REGFILE.reg_r5_q_reg[10]    leaf_cell  1       -clk_i        usable  --                     
/\u_issue_u_regfile_REGFILE.reg_r5_q_reg[11]    leaf_cell  1       -clk_i        usable  --                     
/\u_issue_u_regfile_REGFILE.reg_r5_q_reg[12]    leaf_cell  1       -clk_i        usable  --                     
/\u_issue_u_regfile_REGFILE.reg_r5_q_reg[13]    leaf_cell  1       -clk_i        usable  --                     
/\u_issue_u_regfile_REGFILE.reg_r5_q_reg[14]    leaf_cell  1       -clk_i        usable  --                     
/\u_issue_u_regfile_REGFILE.reg_r5_q_reg[15]    leaf_cell  1       -clk_i        usable  --                     
/\u_issue_u_regfile_REGFILE.reg_r5_q_reg[16]    leaf_cell  1       -clk_i        usable  --                     
/\u_issue_u_regfile_REGFILE.reg_r5_q_reg[17]    leaf_cell  1       -clk_i        usable  --                     
/\u_issue_u_regfile_REGFILE.reg_r5_q_reg[18]    leaf_cell  1       -clk_i        usable  --                     
/\u_issue_u_regfile_REGFILE.reg_r5_q_reg[19]    leaf_cell  1       -clk_i        usable  --                     
/\u_issue_u_regfile_REGFILE.reg_r5_q_reg[20]    leaf_cell  1       -clk_i        usable  --                     
/\u_issue_u_regfile_REGFILE.reg_r5_q_reg[21]    leaf_cell  1       -clk_i        usable  --                     
/\u_issue_u_regfile_REGFILE.reg_r5_q_reg[22]    leaf_cell  1       -clk_i        usable  --                     
/\u_issue_u_regfile_REGFILE.reg_r5_q_reg[23]    leaf_cell  1       -clk_i        usable  --                     
/\u_issue_u_regfile_REGFILE.reg_r5_q_reg[24]    leaf_cell  1       -clk_i        usable  --                     
/\u_issue_u_regfile_REGFILE.reg_r5_q_reg[25]    leaf_cell  1       -clk_i        usable  --                     
/\u_issue_u_regfile_REGFILE.reg_r5_q_reg[26]    leaf_cell  1       -clk_i        usable  --                     
/\u_issue_u_regfile_REGFILE.reg_r5_q_reg[27]    leaf_cell  1       -clk_i        usable  --                     
/\u_issue_u_regfile_REGFILE.reg_r5_q_reg[28]    leaf_cell  1       -clk_i        usable  --                     
/\u_issue_u_regfile_REGFILE.reg_r5_q_reg[29]    leaf_cell  1       -clk_i        usable  --                     
/\u_issue_u_regfile_REGFILE.reg_r5_q_reg[30]    leaf_cell  1       -clk_i        usable  --                     
/\u_issue_u_regfile_REGFILE.reg_r5_q_reg[31]    leaf_cell  1       -clk_i        usable  --                     
/\u_issue_u_regfile_REGFILE.reg_r6_q_reg[0]     leaf_cell  1       -clk_i        usable  --                     
/\u_issue_u_regfile_REGFILE.reg_r6_q_reg[1]     leaf_cell  1       -clk_i        usable  --                     
/\u_issue_u_regfile_REGFILE.reg_r6_q_reg[2]     leaf_cell  1       -clk_i        usable  --                     
/\u_issue_u_regfile_REGFILE.reg_r6_q_reg[3]     leaf_cell  1       -clk_i        usable  --                     
/\u_issue_u_regfile_REGFILE.reg_r6_q_reg[4]     leaf_cell  1       -clk_i        usable  --                     
/\u_issue_u_regfile_REGFILE.reg_r6_q_reg[5]     leaf_cell  1       -clk_i        usable  --                     
/\u_issue_u_regfile_REGFILE.reg_r6_q_reg[6]     leaf_cell  1       -clk_i        usable  --                     
/\u_issue_u_regfile_REGFILE.reg_r6_q_reg[7]     leaf_cell  1       -clk_i        usable  --                     
/\u_issue_u_regfile_REGFILE.reg_r6_q_reg[8]     leaf_cell  1       -clk_i        usable  --                     
/\u_issue_u_regfile_REGFILE.reg_r6_q_reg[9]     leaf_cell  1       -clk_i        usable  --                     
/\u_issue_u_regfile_REGFILE.reg_r6_q_reg[10]    leaf_cell  1       -clk_i        usable  --                     
/\u_issue_u_regfile_REGFILE.reg_r6_q_reg[11]    leaf_cell  1       -clk_i        usable  --                     
/\u_issue_u_regfile_REGFILE.reg_r6_q_reg[12]    leaf_cell  1       -clk_i        usable  --                     
/\u_issue_u_regfile_REGFILE.reg_r6_q_reg[13]    leaf_cell  1       -clk_i        usable  --                     
/\u_issue_u_regfile_REGFILE.reg_r6_q_reg[14]    leaf_cell  1       -clk_i        usable  --                     
/\u_issue_u_regfile_REGFILE.reg_r6_q_reg[15]    leaf_cell  1       -clk_i        usable  --                     
/\u_issue_u_regfile_REGFILE.reg_r6_q_reg[16]    leaf_cell  1       -clk_i        usable  --                     
/\u_issue_u_regfile_REGFILE.reg_r6_q_reg[17]    leaf_cell  1       -clk_i        usable  --                     
/\u_issue_u_regfile_REGFILE.reg_r6_q_reg[18]    leaf_cell  1       -clk_i        usable  --                     
/\u_issue_u_regfile_REGFILE.reg_r6_q_reg[19]    leaf_cell  1       -clk_i        usable  --                     
/\u_issue_u_regfile_REGFILE.reg_r6_q_reg[20]    leaf_cell  1       -clk_i        usable  --                     
/\u_issue_u_regfile_REGFILE.reg_r6_q_reg[21]    leaf_cell  1       -clk_i        usable  --                     
/\u_issue_u_regfile_REGFILE.reg_r6_q_reg[22]    leaf_cell  1       -clk_i        usable  --                     
/\u_issue_u_regfile_REGFILE.reg_r6_q_reg[23]    leaf_cell  1       -clk_i        usable  --                     
/\u_issue_u_regfile_REGFILE.reg_r6_q_reg[24]    leaf_cell  1       -clk_i        usable  --                     
/\u_issue_u_regfile_REGFILE.reg_r6_q_reg[25]    leaf_cell  1       -clk_i        usable  --                     
/\u_issue_u_regfile_REGFILE.reg_r6_q_reg[26]    leaf_cell  1       -clk_i        usable  --                     
/\u_issue_u_regfile_REGFILE.reg_r6_q_reg[27]    leaf_cell  1       -clk_i        usable  --                     
/\u_issue_u_regfile_REGFILE.reg_r6_q_reg[28]    leaf_cell  1       -clk_i        usable  --                     
/\u_issue_u_regfile_REGFILE.reg_r6_q_reg[29]    leaf_cell  1       -clk_i        usable  --                     
/\u_issue_u_regfile_REGFILE.reg_r6_q_reg[30]    leaf_cell  1       -clk_i        usable  --                     
/\u_issue_u_regfile_REGFILE.reg_r6_q_reg[31]    leaf_cell  1       -clk_i        usable  --                     
/\u_issue_u_regfile_REGFILE.reg_r7_q_reg[0]     leaf_cell  1       -clk_i        usable  --                     
/\u_issue_u_regfile_REGFILE.reg_r7_q_reg[1]     leaf_cell  1       -clk_i        usable  --                     
/\u_issue_u_regfile_REGFILE.reg_r7_q_reg[2]     leaf_cell  1       -clk_i        usable  --                     
/\u_issue_u_regfile_REGFILE.reg_r7_q_reg[3]     leaf_cell  1       -clk_i        usable  --                     
/\u_issue_u_regfile_REGFILE.reg_r7_q_reg[4]     leaf_cell  1       -clk_i        usable  --                     
/\u_issue_u_regfile_REGFILE.reg_r7_q_reg[5]     leaf_cell  1       -clk_i        usable  --                     
/\u_issue_u_regfile_REGFILE.reg_r7_q_reg[6]     leaf_cell  1       -clk_i        usable  --                     
/\u_issue_u_regfile_REGFILE.reg_r7_q_reg[7]     leaf_cell  1       -clk_i        usable  --                     
/\u_issue_u_regfile_REGFILE.reg_r7_q_reg[8]     leaf_cell  1       -clk_i        usable  --                     
/\u_issue_u_regfile_REGFILE.reg_r7_q_reg[9]     leaf_cell  1       -clk_i        usable  --                     
/\u_issue_u_regfile_REGFILE.reg_r7_q_reg[10]    leaf_cell  1       -clk_i        usable  --                     
/\u_issue_u_regfile_REGFILE.reg_r7_q_reg[11]    leaf_cell  1       -clk_i        usable  --                     
/\u_issue_u_regfile_REGFILE.reg_r7_q_reg[12]    leaf_cell  1       -clk_i        usable  --                     
/\u_issue_u_regfile_REGFILE.reg_r7_q_reg[13]    leaf_cell  1       -clk_i        usable  --                     
/\u_issue_u_regfile_REGFILE.reg_r7_q_reg[14]    leaf_cell  1       -clk_i        usable  --                     
/\u_issue_u_regfile_REGFILE.reg_r7_q_reg[15]    leaf_cell  1       -clk_i        usable  --                     
/\u_issue_u_regfile_REGFILE.reg_r7_q_reg[16]    leaf_cell  1       -clk_i        usable  --                     
/\u_issue_u_regfile_REGFILE.reg_r7_q_reg[17]    leaf_cell  1       -clk_i        usable  --                     
/\u_issue_u_regfile_REGFILE.reg_r7_q_reg[18]    leaf_cell  1       -clk_i        usable  --                     
/\u_issue_u_regfile_REGFILE.reg_r7_q_reg[19]    leaf_cell  1       -clk_i        usable  --                     
/\u_issue_u_regfile_REGFILE.reg_r7_q_reg[20]    leaf_cell  1       -clk_i        usable  --                     
/\u_issue_u_regfile_REGFILE.reg_r7_q_reg[21]    leaf_cell  1       -clk_i        usable  --                     
/\u_issue_u_regfile_REGFILE.reg_r7_q_reg[22]    leaf_cell  1       -clk_i        usable  --                     
/\u_issue_u_regfile_REGFILE.reg_r7_q_reg[23]    leaf_cell  1       -clk_i        usable  --                     
/\u_issue_u_regfile_REGFILE.reg_r7_q_reg[24]    leaf_cell  1       -clk_i        usable  --                     
/\u_issue_u_regfile_REGFILE.reg_r7_q_reg[25]    leaf_cell  1       -clk_i        usable  --                     
/\u_issue_u_regfile_REGFILE.reg_r7_q_reg[26]    leaf_cell  1       -clk_i        usable  --                     
/\u_issue_u_regfile_REGFILE.reg_r7_q_reg[27]    leaf_cell  1       -clk_i        usable  --                     
/\u_issue_u_regfile_REGFILE.reg_r7_q_reg[28]    leaf_cell  1       -clk_i        usable  --                     
/\u_issue_u_regfile_REGFILE.reg_r7_q_reg[29]    leaf_cell  1       -clk_i        usable  --                     
/\u_issue_u_regfile_REGFILE.reg_r7_q_reg[30]    leaf_cell  1       -clk_i        usable  --                     
/\u_issue_u_regfile_REGFILE.reg_r7_q_reg[31]    leaf_cell  1       -clk_i        usable  --                     
/\u_issue_u_regfile_REGFILE.reg_r8_q_reg[0]     leaf_cell  1       -clk_i        usable  --                     
/\u_issue_u_regfile_REGFILE.reg_r8_q_reg[1]     leaf_cell  1       -clk_i        usable  --                     
/\u_issue_u_regfile_REGFILE.reg_r8_q_reg[2]     leaf_cell  1       -clk_i        usable  --                     
/\u_issue_u_regfile_REGFILE.reg_r8_q_reg[3]     leaf_cell  1       -clk_i        usable  --                     
/\u_issue_u_regfile_REGFILE.reg_r8_q_reg[4]     leaf_cell  1       -clk_i        usable  --                     
/\u_issue_u_regfile_REGFILE.reg_r8_q_reg[5]     leaf_cell  1       -clk_i        usable  --                     
/\u_issue_u_regfile_REGFILE.reg_r8_q_reg[6]     leaf_cell  1       -clk_i        usable  --                     
/\u_issue_u_regfile_REGFILE.reg_r8_q_reg[7]     leaf_cell  1       -clk_i        usable  --                     
/\u_issue_u_regfile_REGFILE.reg_r8_q_reg[8]     leaf_cell  1       -clk_i        usable  --                     
/\u_issue_u_regfile_REGFILE.reg_r8_q_reg[9]     leaf_cell  1       -clk_i        usable  --                     
/\u_issue_u_regfile_REGFILE.reg_r8_q_reg[10]    leaf_cell  1       -clk_i        usable  --                     
/\u_issue_u_regfile_REGFILE.reg_r8_q_reg[11]    leaf_cell  1       -clk_i        usable  --                     
/\u_issue_u_regfile_REGFILE.reg_r8_q_reg[12]    leaf_cell  1       -clk_i        usable  --                     
/\u_issue_u_regfile_REGFILE.reg_r8_q_reg[13]    leaf_cell  1       -clk_i        usable  --                     
/\u_issue_u_regfile_REGFILE.reg_r8_q_reg[14]    leaf_cell  1       -clk_i        usable  --                     
/\u_issue_u_regfile_REGFILE.reg_r8_q_reg[15]    leaf_cell  1       -clk_i        usable  --                     
/\u_issue_u_regfile_REGFILE.reg_r8_q_reg[16]    leaf_cell  1       -clk_i        usable  --                     
/\u_issue_u_regfile_REGFILE.reg_r8_q_reg[17]    leaf_cell  1       -clk_i        usable  --                     
/\u_issue_u_regfile_REGFILE.reg_r8_q_reg[18]    leaf_cell  1       -clk_i        usable  --                     
/\u_issue_u_regfile_REGFILE.reg_r8_q_reg[19]    leaf_cell  1       -clk_i        usable  --                     
/\u_issue_u_regfile_REGFILE.reg_r8_q_reg[20]    leaf_cell  1       -clk_i        usable  --                     
/\u_issue_u_regfile_REGFILE.reg_r8_q_reg[21]    leaf_cell  1       -clk_i        usable  --                     
/\u_issue_u_regfile_REGFILE.reg_r8_q_reg[22]    leaf_cell  1       -clk_i        usable  --                     
/\u_issue_u_regfile_REGFILE.reg_r8_q_reg[23]    leaf_cell  1       -clk_i        usable  --                     
/\u_issue_u_regfile_REGFILE.reg_r8_q_reg[24]    leaf_cell  1       -clk_i        usable  --                     
/\u_issue_u_regfile_REGFILE.reg_r8_q_reg[25]    leaf_cell  1       -clk_i        usable  --                     
/\u_issue_u_regfile_REGFILE.reg_r8_q_reg[26]    leaf_cell  1       -clk_i        usable  --                     
/\u_issue_u_regfile_REGFILE.reg_r8_q_reg[27]    leaf_cell  1       -clk_i        usable  --                     
/\u_issue_u_regfile_REGFILE.reg_r8_q_reg[28]    leaf_cell  1       -clk_i        usable  --                     
/\u_issue_u_regfile_REGFILE.reg_r8_q_reg[29]    leaf_cell  1       -clk_i        usable  --                     
/\u_issue_u_regfile_REGFILE.reg_r8_q_reg[30]    leaf_cell  1       -clk_i        usable  --                     
/\u_issue_u_regfile_REGFILE.reg_r8_q_reg[31]    leaf_cell  1       -clk_i        usable  --                     
/\u_issue_u_regfile_REGFILE.reg_r9_q_reg[0]     leaf_cell  1       -clk_i        usable  --                     
/\u_issue_u_regfile_REGFILE.reg_r9_q_reg[1]     leaf_cell  1       -clk_i        usable  --                     
/\u_issue_u_regfile_REGFILE.reg_r9_q_reg[2]     leaf_cell  1       -clk_i        usable  --                     
/\u_issue_u_regfile_REGFILE.reg_r9_q_reg[3]     leaf_cell  1       -clk_i        usable  --                     
/\u_issue_u_regfile_REGFILE.reg_r9_q_reg[4]     leaf_cell  1       -clk_i        usable  --                     
/\u_issue_u_regfile_REGFILE.reg_r9_q_reg[5]     leaf_cell  1       -clk_i        usable  --                     
/\u_issue_u_regfile_REGFILE.reg_r9_q_reg[6]     leaf_cell  1       -clk_i        usable  --                     
/\u_issue_u_regfile_REGFILE.reg_r9_q_reg[7]     leaf_cell  1       -clk_i        usable  --                     
/\u_issue_u_regfile_REGFILE.reg_r9_q_reg[8]     leaf_cell  1       -clk_i        usable  --                     
/\u_issue_u_regfile_REGFILE.reg_r9_q_reg[9]     leaf_cell  1       -clk_i        usable  --                     
/\u_issue_u_regfile_REGFILE.reg_r9_q_reg[10]    leaf_cell  1       -clk_i        usable  --                     
/\u_issue_u_regfile_REGFILE.reg_r9_q_reg[11]    leaf_cell  1       -clk_i        usable  --                     
/\u_issue_u_regfile_REGFILE.reg_r9_q_reg[12]    leaf_cell  1       -clk_i        usable  --                     
/\u_issue_u_regfile_REGFILE.reg_r9_q_reg[13]    leaf_cell  1       -clk_i        usable  --                     
/\u_issue_u_regfile_REGFILE.reg_r9_q_reg[14]    leaf_cell  1       -clk_i        usable  --                     
/\u_issue_u_regfile_REGFILE.reg_r9_q_reg[15]    leaf_cell  1       -clk_i        usable  --                     
/\u_issue_u_regfile_REGFILE.reg_r9_q_reg[16]    leaf_cell  1       -clk_i        usable  --                     
/\u_issue_u_regfile_REGFILE.reg_r9_q_reg[17]    leaf_cell  1       -clk_i        usable  --                     
/\u_issue_u_regfile_REGFILE.reg_r9_q_reg[18]    leaf_cell  1       -clk_i        usable  --                     
/\u_issue_u_regfile_REGFILE.reg_r9_q_reg[19]    leaf_cell  1       -clk_i        usable  --                     
/\u_issue_u_regfile_REGFILE.reg_r9_q_reg[20]    leaf_cell  1       -clk_i        usable  --                     
/\u_issue_u_regfile_REGFILE.reg_r9_q_reg[21]    leaf_cell  1       -clk_i        usable  --                     
/\u_issue_u_regfile_REGFILE.reg_r9_q_reg[22]    leaf_cell  1       -clk_i        usable  --                     
/\u_issue_u_regfile_REGFILE.reg_r9_q_reg[23]    leaf_cell  1       -clk_i        usable  --                     
/\u_issue_u_regfile_REGFILE.reg_r9_q_reg[24]    leaf_cell  1       -clk_i        usable  --                     
/\u_issue_u_regfile_REGFILE.reg_r9_q_reg[25]    leaf_cell  1       -clk_i        usable  --                     
/\u_issue_u_regfile_REGFILE.reg_r9_q_reg[26]    leaf_cell  1       -clk_i        usable  --                     
/\u_issue_u_regfile_REGFILE.reg_r9_q_reg[27]    leaf_cell  1       -clk_i        usable  --                     
/\u_issue_u_regfile_REGFILE.reg_r9_q_reg[28]    leaf_cell  1       -clk_i        usable  --                     
/\u_issue_u_regfile_REGFILE.reg_r9_q_reg[29]    leaf_cell  1       -clk_i        usable  --                     
/\u_issue_u_regfile_REGFILE.reg_r9_q_reg[30]    leaf_cell  1       -clk_i        usable  --                     
/\u_issue_u_regfile_REGFILE.reg_r9_q_reg[31]    leaf_cell  1       -clk_i        usable  --                     
/\u_issue_u_regfile_REGFILE.reg_r10_q_reg[0]    leaf_cell  1       -clk_i        usable  --                     
/\u_issue_u_regfile_REGFILE.reg_r10_q_reg[1]    leaf_cell  1       -clk_i        usable  --                     
/\u_issue_u_regfile_REGFILE.reg_r10_q_reg[2]    leaf_cell  1       -clk_i        usable  --                     
/\u_issue_u_regfile_REGFILE.reg_r10_q_reg[3]    leaf_cell  1       -clk_i        usable  --                     
/\u_issue_u_regfile_REGFILE.reg_r10_q_reg[4]    leaf_cell  1       -clk_i        usable  --                     
/\u_issue_u_regfile_REGFILE.reg_r10_q_reg[5]    leaf_cell  1       -clk_i        usable  --                     
/\u_issue_u_regfile_REGFILE.reg_r10_q_reg[6]    leaf_cell  1       -clk_i        usable  --                     
/\u_issue_u_regfile_REGFILE.reg_r10_q_reg[7]    leaf_cell  1       -clk_i        usable  --                     
/\u_issue_u_regfile_REGFILE.reg_r10_q_reg[8]    leaf_cell  1       -clk_i        usable  --                     
/\u_issue_u_regfile_REGFILE.reg_r10_q_reg[9]    leaf_cell  1       -clk_i        usable  --                     
/\u_issue_u_regfile_REGFILE.reg_r10_q_reg[10]   leaf_cell  1       -clk_i        usable  --                     
/\u_issue_u_regfile_REGFILE.reg_r10_q_reg[11]   leaf_cell  1       -clk_i        usable  --                     
/\u_issue_u_regfile_REGFILE.reg_r10_q_reg[12]   leaf_cell  1       -clk_i        usable  --                     
/\u_issue_u_regfile_REGFILE.reg_r10_q_reg[13]   leaf_cell  1       -clk_i        usable  --                     
/\u_issue_u_regfile_REGFILE.reg_r10_q_reg[14]   leaf_cell  1       -clk_i        usable  --                     
/\u_issue_u_regfile_REGFILE.reg_r10_q_reg[15]   leaf_cell  1       -clk_i        usable  --                     
/\u_issue_u_regfile_REGFILE.reg_r10_q_reg[16]   leaf_cell  1       -clk_i        usable  --                     
/\u_issue_u_regfile_REGFILE.reg_r10_q_reg[17]   leaf_cell  1       -clk_i        usable  --                     
/\u_issue_u_regfile_REGFILE.reg_r10_q_reg[18]   leaf_cell  1       -clk_i        usable  --                     
/\u_issue_u_regfile_REGFILE.reg_r10_q_reg[19]   leaf_cell  1       -clk_i        usable  --                     
/\u_issue_u_regfile_REGFILE.reg_r10_q_reg[20]   leaf_cell  1       -clk_i        usable  --                     
/\u_issue_u_regfile_REGFILE.reg_r10_q_reg[21]   leaf_cell  1       -clk_i        usable  --                     
/\u_issue_u_regfile_REGFILE.reg_r10_q_reg[22]   leaf_cell  1       -clk_i        usable  --                     
/\u_issue_u_regfile_REGFILE.reg_r10_q_reg[23]   leaf_cell  1       -clk_i        usable  --                     
/\u_issue_u_regfile_REGFILE.reg_r10_q_reg[24]   leaf_cell  1       -clk_i        usable  --                     
/\u_issue_u_regfile_REGFILE.reg_r10_q_reg[25]   leaf_cell  1       -clk_i        usable  --                     
/\u_issue_u_regfile_REGFILE.reg_r10_q_reg[26]   leaf_cell  1       -clk_i        usable  --                     
/\u_issue_u_regfile_REGFILE.reg_r10_q_reg[27]   leaf_cell  1       -clk_i        usable  --                     
/\u_issue_u_regfile_REGFILE.reg_r10_q_reg[28]   leaf_cell  1       -clk_i        usable  --                     
/\u_issue_u_regfile_REGFILE.reg_r10_q_reg[29]   leaf_cell  1       -clk_i        usable  --                     
/\u_issue_u_regfile_REGFILE.reg_r10_q_reg[30]   leaf_cell  1       -clk_i        usable  --                     
/\u_issue_u_regfile_REGFILE.reg_r10_q_reg[31]   leaf_cell  1       -clk_i        usable  --                     
/\u_issue_u_regfile_REGFILE.reg_r11_q_reg[0]    leaf_cell  1       -clk_i        usable  --                     
/\u_issue_u_regfile_REGFILE.reg_r11_q_reg[1]    leaf_cell  1       -clk_i        usable  --                     
/\u_issue_u_regfile_REGFILE.reg_r11_q_reg[2]    leaf_cell  1       -clk_i        usable  --                     
/\u_issue_u_regfile_REGFILE.reg_r11_q_reg[3]    leaf_cell  1       -clk_i        usable  --                     
/\u_issue_u_regfile_REGFILE.reg_r11_q_reg[4]    leaf_cell  1       -clk_i        usable  --                     
/\u_issue_u_regfile_REGFILE.reg_r11_q_reg[5]    leaf_cell  1       -clk_i        usable  --                     
/\u_issue_u_regfile_REGFILE.reg_r11_q_reg[6]    leaf_cell  1       -clk_i        usable  --                     
/\u_issue_u_regfile_REGFILE.reg_r11_q_reg[7]    leaf_cell  1       -clk_i        usable  --                     
/\u_issue_u_regfile_REGFILE.reg_r11_q_reg[8]    leaf_cell  1       -clk_i        usable  --                     
/\u_issue_u_regfile_REGFILE.reg_r11_q_reg[9]    leaf_cell  1       -clk_i        usable  --                     
/\u_issue_u_regfile_REGFILE.reg_r11_q_reg[10]   leaf_cell  1       -clk_i        usable  --                     
/\u_issue_u_regfile_REGFILE.reg_r11_q_reg[11]   leaf_cell  1       -clk_i        usable  --                     
/\u_issue_u_regfile_REGFILE.reg_r11_q_reg[12]   leaf_cell  1       -clk_i        usable  --                     
/\u_issue_u_regfile_REGFILE.reg_r11_q_reg[13]   leaf_cell  1       -clk_i        usable  --                     
/\u_issue_u_regfile_REGFILE.reg_r11_q_reg[14]   leaf_cell  1       -clk_i        usable  --                     
/\u_issue_u_regfile_REGFILE.reg_r11_q_reg[15]   leaf_cell  1       -clk_i        usable  --                     
/\u_issue_u_regfile_REGFILE.reg_r11_q_reg[16]   leaf_cell  1       -clk_i        usable  --                     
/\u_issue_u_regfile_REGFILE.reg_r11_q_reg[17]   leaf_cell  1       -clk_i        usable  --                     
/\u_issue_u_regfile_REGFILE.reg_r11_q_reg[18]   leaf_cell  1       -clk_i        usable  --                     
/\u_issue_u_regfile_REGFILE.reg_r11_q_reg[19]   leaf_cell  1       -clk_i        usable  --                     
/\u_issue_u_regfile_REGFILE.reg_r11_q_reg[20]   leaf_cell  1       -clk_i        usable  --                     
/\u_issue_u_regfile_REGFILE.reg_r11_q_reg[21]   leaf_cell  1       -clk_i        usable  --                     
/\u_issue_u_regfile_REGFILE.reg_r11_q_reg[22]   leaf_cell  1       -clk_i        usable  --                     
/\u_issue_u_regfile_REGFILE.reg_r11_q_reg[23]   leaf_cell  1       -clk_i        usable  --                     
/\u_issue_u_regfile_REGFILE.reg_r11_q_reg[24]   leaf_cell  1       -clk_i        usable  --                     
/\u_issue_u_regfile_REGFILE.reg_r11_q_reg[25]   leaf_cell  1       -clk_i        usable  --                     
/\u_issue_u_regfile_REGFILE.reg_r11_q_reg[26]   leaf_cell  1       -clk_i        usable  --                     
/\u_issue_u_regfile_REGFILE.reg_r11_q_reg[27]   leaf_cell  1       -clk_i        usable  --                     
/\u_issue_u_regfile_REGFILE.reg_r11_q_reg[28]   leaf_cell  1       -clk_i        usable  --                     
/\u_issue_u_regfile_REGFILE.reg_r11_q_reg[29]   leaf_cell  1       -clk_i        usable  --                     
/\u_issue_u_regfile_REGFILE.reg_r11_q_reg[30]   leaf_cell  1       -clk_i        usable  --                     
/\u_issue_u_regfile_REGFILE.reg_r11_q_reg[31]   leaf_cell  1       -clk_i        usable  --                     
/\u_issue_u_regfile_REGFILE.reg_r12_q_reg[0]    leaf_cell  1       -clk_i        usable  --                     
/\u_issue_u_regfile_REGFILE.reg_r12_q_reg[1]    leaf_cell  1       -clk_i        usable  --                     
/\u_issue_u_regfile_REGFILE.reg_r12_q_reg[2]    leaf_cell  1       -clk_i        usable  --                     
/\u_issue_u_regfile_REGFILE.reg_r12_q_reg[3]    leaf_cell  1       -clk_i        usable  --                     
/\u_issue_u_regfile_REGFILE.reg_r12_q_reg[4]    leaf_cell  1       -clk_i        usable  --                     
/\u_issue_u_regfile_REGFILE.reg_r12_q_reg[5]    leaf_cell  1       -clk_i        usable  --                     
/\u_issue_u_regfile_REGFILE.reg_r12_q_reg[6]    leaf_cell  1       -clk_i        usable  --                     
/\u_issue_u_regfile_REGFILE.reg_r12_q_reg[7]    leaf_cell  1       -clk_i        usable  --                     
/\u_issue_u_regfile_REGFILE.reg_r12_q_reg[8]    leaf_cell  1       -clk_i        usable  --                     
/\u_issue_u_regfile_REGFILE.reg_r12_q_reg[9]    leaf_cell  1       -clk_i        usable  --                     
/\u_issue_u_regfile_REGFILE.reg_r12_q_reg[10]   leaf_cell  1       -clk_i        usable  --                     
/\u_issue_u_regfile_REGFILE.reg_r12_q_reg[11]   leaf_cell  1       -clk_i        usable  --                     
/\u_issue_u_regfile_REGFILE.reg_r12_q_reg[12]   leaf_cell  1       -clk_i        usable  --                     
/\u_issue_u_regfile_REGFILE.reg_r12_q_reg[13]   leaf_cell  1       -clk_i        usable  --                     
/\u_issue_u_regfile_REGFILE.reg_r12_q_reg[14]   leaf_cell  1       -clk_i        usable  --                     
/\u_issue_u_regfile_REGFILE.reg_r12_q_reg[15]   leaf_cell  1       -clk_i        usable  --                     
/\u_issue_u_regfile_REGFILE.reg_r12_q_reg[16]   leaf_cell  1       -clk_i        usable  --                     
/\u_issue_u_regfile_REGFILE.reg_r12_q_reg[17]   leaf_cell  1       -clk_i        usable  --                     
/\u_issue_u_regfile_REGFILE.reg_r12_q_reg[18]   leaf_cell  1       -clk_i        usable  --                     
/\u_issue_u_regfile_REGFILE.reg_r12_q_reg[19]   leaf_cell  1       -clk_i        usable  --                     
/\u_issue_u_regfile_REGFILE.reg_r12_q_reg[20]   leaf_cell  1       -clk_i        usable  --                     
/\u_issue_u_regfile_REGFILE.reg_r12_q_reg[21]   leaf_cell  1       -clk_i        usable  --                     
/\u_issue_u_regfile_REGFILE.reg_r12_q_reg[22]   leaf_cell  1       -clk_i        usable  --                     
/\u_issue_u_regfile_REGFILE.reg_r12_q_reg[23]   leaf_cell  1       -clk_i        usable  --                     
/\u_issue_u_regfile_REGFILE.reg_r12_q_reg[24]   leaf_cell  1       -clk_i        usable  --                     
/\u_issue_u_regfile_REGFILE.reg_r12_q_reg[25]   leaf_cell  1       -clk_i        usable  --                     
/\u_issue_u_regfile_REGFILE.reg_r12_q_reg[26]   leaf_cell  1       -clk_i        usable  --                     
/\u_issue_u_regfile_REGFILE.reg_r12_q_reg[27]   leaf_cell  1       -clk_i        usable  --                     
/\u_issue_u_regfile_REGFILE.reg_r12_q_reg[28]   leaf_cell  1       -clk_i        usable  --                     
/\u_issue_u_regfile_REGFILE.reg_r12_q_reg[29]   leaf_cell  1       -clk_i        usable  --                     
/\u_issue_u_regfile_REGFILE.reg_r12_q_reg[30]   leaf_cell  1       -clk_i        usable  --                     
/\u_issue_u_regfile_REGFILE.reg_r12_q_reg[31]   leaf_cell  1       -clk_i        usable  --                     
/\u_issue_u_regfile_REGFILE.reg_r13_q_reg[0]    leaf_cell  1       -clk_i        usable  --                     
/\u_issue_u_regfile_REGFILE.reg_r13_q_reg[1]    leaf_cell  1       -clk_i        usable  --                     
/\u_issue_u_regfile_REGFILE.reg_r13_q_reg[2]    leaf_cell  1       -clk_i        usable  --                     
/\u_issue_u_regfile_REGFILE.reg_r13_q_reg[3]    leaf_cell  1       -clk_i        usable  --                     
/\u_issue_u_regfile_REGFILE.reg_r13_q_reg[4]    leaf_cell  1       -clk_i        usable  --                     
/\u_issue_u_regfile_REGFILE.reg_r13_q_reg[5]    leaf_cell  1       -clk_i        usable  --                     
/\u_issue_u_regfile_REGFILE.reg_r13_q_reg[6]    leaf_cell  1       -clk_i        usable  --                     
/\u_issue_u_regfile_REGFILE.reg_r13_q_reg[7]    leaf_cell  1       -clk_i        usable  --                     
/\u_issue_u_regfile_REGFILE.reg_r13_q_reg[8]    leaf_cell  1       -clk_i        usable  --                     
/\u_issue_u_regfile_REGFILE.reg_r13_q_reg[9]    leaf_cell  1       -clk_i        usable  --                     
/\u_issue_u_regfile_REGFILE.reg_r13_q_reg[10]   leaf_cell  1       -clk_i        usable  --                     
/\u_issue_u_regfile_REGFILE.reg_r13_q_reg[11]   leaf_cell  1       -clk_i        usable  --                     
/\u_issue_u_regfile_REGFILE.reg_r13_q_reg[12]   leaf_cell  1       -clk_i        usable  --                     
/\u_issue_u_regfile_REGFILE.reg_r13_q_reg[13]   leaf_cell  1       -clk_i        usable  --                     
/\u_issue_u_regfile_REGFILE.reg_r13_q_reg[14]   leaf_cell  1       -clk_i        usable  --                     
/\u_issue_u_regfile_REGFILE.reg_r13_q_reg[15]   leaf_cell  1       -clk_i        usable  --                     
/\u_issue_u_regfile_REGFILE.reg_r13_q_reg[16]   leaf_cell  1       -clk_i        usable  --                     
/\u_issue_u_regfile_REGFILE.reg_r13_q_reg[17]   leaf_cell  1       -clk_i        usable  --                     
/\u_issue_u_regfile_REGFILE.reg_r13_q_reg[18]   leaf_cell  1       -clk_i        usable  --                     
/\u_issue_u_regfile_REGFILE.reg_r13_q_reg[19]   leaf_cell  1       -clk_i        usable  --                     
/\u_issue_u_regfile_REGFILE.reg_r13_q_reg[20]   leaf_cell  1       -clk_i        usable  --                     
/\u_issue_u_regfile_REGFILE.reg_r13_q_reg[21]   leaf_cell  1       -clk_i        usable  --                     
/\u_issue_u_regfile_REGFILE.reg_r13_q_reg[22]   leaf_cell  1       -clk_i        usable  --                     
/\u_issue_u_regfile_REGFILE.reg_r13_q_reg[23]   leaf_cell  1       -clk_i        usable  --                     
/\u_issue_u_regfile_REGFILE.reg_r13_q_reg[24]   leaf_cell  1       -clk_i        usable  --                     
/\u_issue_u_regfile_REGFILE.reg_r13_q_reg[25]   leaf_cell  1       -clk_i        usable  --                     
/\u_issue_u_regfile_REGFILE.reg_r13_q_reg[26]   leaf_cell  1       -clk_i        usable  --                     
/\u_issue_u_regfile_REGFILE.reg_r13_q_reg[27]   leaf_cell  1       -clk_i        usable  --                     
/\u_issue_u_regfile_REGFILE.reg_r13_q_reg[28]   leaf_cell  1       -clk_i        usable  --                     
/\u_issue_u_regfile_REGFILE.reg_r13_q_reg[29]   leaf_cell  1       -clk_i        usable  --                     
/\u_issue_u_regfile_REGFILE.reg_r13_q_reg[30]   leaf_cell  1       -clk_i        usable  --                     
/\u_issue_u_regfile_REGFILE.reg_r13_q_reg[31]   leaf_cell  1       -clk_i        usable  --                     
/\u_issue_u_regfile_REGFILE.reg_r14_q_reg[0]    leaf_cell  1       -clk_i        usable  --                     
/\u_issue_u_regfile_REGFILE.reg_r14_q_reg[1]    leaf_cell  1       -clk_i        usable  --                     
/\u_issue_u_regfile_REGFILE.reg_r14_q_reg[2]    leaf_cell  1       -clk_i        usable  --                     
/\u_issue_u_regfile_REGFILE.reg_r14_q_reg[3]    leaf_cell  1       -clk_i        usable  --                     
/\u_issue_u_regfile_REGFILE.reg_r14_q_reg[4]    leaf_cell  1       -clk_i        usable  --                     
/\u_issue_u_regfile_REGFILE.reg_r14_q_reg[5]    leaf_cell  1       -clk_i        usable  --                     
/\u_issue_u_regfile_REGFILE.reg_r14_q_reg[6]    leaf_cell  1       -clk_i        usable  --                     
/\u_issue_u_regfile_REGFILE.reg_r14_q_reg[7]    leaf_cell  1       -clk_i        usable  --                     
/\u_issue_u_regfile_REGFILE.reg_r14_q_reg[8]    leaf_cell  1       -clk_i        usable  --                     
/\u_issue_u_regfile_REGFILE.reg_r14_q_reg[9]    leaf_cell  1       -clk_i        usable  --                     
/\u_issue_u_regfile_REGFILE.reg_r14_q_reg[10]   leaf_cell  1       -clk_i        usable  --                     
/\u_issue_u_regfile_REGFILE.reg_r14_q_reg[11]   leaf_cell  1       -clk_i        usable  --                     
/\u_issue_u_regfile_REGFILE.reg_r14_q_reg[12]   leaf_cell  1       -clk_i        usable  --                     
/\u_issue_u_regfile_REGFILE.reg_r14_q_reg[13]   leaf_cell  1       -clk_i        usable  --                     
/\u_issue_u_regfile_REGFILE.reg_r14_q_reg[14]   leaf_cell  1       -clk_i        usable  --                     
/\u_issue_u_regfile_REGFILE.reg_r14_q_reg[15]   leaf_cell  1       -clk_i        usable  --                     
/\u_issue_u_regfile_REGFILE.reg_r14_q_reg[16]   leaf_cell  1       -clk_i        usable  --                     
/\u_issue_u_regfile_REGFILE.reg_r14_q_reg[17]   leaf_cell  1       -clk_i        usable  --                     
/\u_issue_u_regfile_REGFILE.reg_r14_q_reg[18]   leaf_cell  1       -clk_i        usable  --                     
/\u_issue_u_regfile_REGFILE.reg_r14_q_reg[19]   leaf_cell  1       -clk_i        usable  --                     
/\u_issue_u_regfile_REGFILE.reg_r14_q_reg[20]   leaf_cell  1       -clk_i        usable  --                     
/\u_issue_u_regfile_REGFILE.reg_r14_q_reg[21]   leaf_cell  1       -clk_i        usable  --                     
/\u_issue_u_regfile_REGFILE.reg_r14_q_reg[22]   leaf_cell  1       -clk_i        usable  --                     
/\u_issue_u_regfile_REGFILE.reg_r14_q_reg[23]   leaf_cell  1       -clk_i        usable  --                     
/\u_issue_u_regfile_REGFILE.reg_r14_q_reg[24]   leaf_cell  1       -clk_i        usable  --                     
/\u_issue_u_regfile_REGFILE.reg_r14_q_reg[25]   leaf_cell  1       -clk_i        usable  --                     
/\u_issue_u_regfile_REGFILE.reg_r14_q_reg[26]   leaf_cell  1       -clk_i        usable  --                     
/\u_issue_u_regfile_REGFILE.reg_r14_q_reg[27]   leaf_cell  1       -clk_i        usable  --                     
/\u_issue_u_regfile_REGFILE.reg_r14_q_reg[28]   leaf_cell  1       -clk_i        usable  --                     
/\u_issue_u_regfile_REGFILE.reg_r14_q_reg[29]   leaf_cell  1       -clk_i        usable  --                     
/\u_issue_u_regfile_REGFILE.reg_r14_q_reg[30]   leaf_cell  1       -clk_i        usable  --                     
/\u_issue_u_regfile_REGFILE.reg_r14_q_reg[31]   leaf_cell  1       -clk_i        usable  --                     
/\u_issue_u_regfile_REGFILE.reg_r15_q_reg[0]    leaf_cell  1       -clk_i        usable  --                     
/\u_issue_u_regfile_REGFILE.reg_r15_q_reg[1]    leaf_cell  1       -clk_i        usable  --                     
/\u_issue_u_regfile_REGFILE.reg_r15_q_reg[2]    leaf_cell  1       -clk_i        usable  --                     
/\u_issue_u_regfile_REGFILE.reg_r15_q_reg[3]    leaf_cell  1       -clk_i        usable  --                     
/\u_issue_u_regfile_REGFILE.reg_r15_q_reg[4]    leaf_cell  1       -clk_i        usable  --                     
/\u_issue_u_regfile_REGFILE.reg_r15_q_reg[5]    leaf_cell  1       -clk_i        usable  --                     
/\u_issue_u_regfile_REGFILE.reg_r15_q_reg[6]    leaf_cell  1       -clk_i        usable  --                     
/\u_issue_u_regfile_REGFILE.reg_r15_q_reg[7]    leaf_cell  1       -clk_i        usable  --                     
/\u_issue_u_regfile_REGFILE.reg_r15_q_reg[8]    leaf_cell  1       -clk_i        usable  --                     
/\u_issue_u_regfile_REGFILE.reg_r15_q_reg[9]    leaf_cell  1       -clk_i        usable  --                     
/\u_issue_u_regfile_REGFILE.reg_r15_q_reg[10]   leaf_cell  1       -clk_i        usable  --                     
/\u_issue_u_regfile_REGFILE.reg_r15_q_reg[11]   leaf_cell  1       -clk_i        usable  --                     
/\u_issue_u_regfile_REGFILE.reg_r15_q_reg[12]   leaf_cell  1       -clk_i        usable  --                     
/\u_issue_u_regfile_REGFILE.reg_r15_q_reg[13]   leaf_cell  1       -clk_i        usable  --                     
/\u_issue_u_regfile_REGFILE.reg_r15_q_reg[14]   leaf_cell  1       -clk_i        usable  --                     
/\u_issue_u_regfile_REGFILE.reg_r15_q_reg[15]   leaf_cell  1       -clk_i        usable  --                     
/\u_issue_u_regfile_REGFILE.reg_r15_q_reg[16]   leaf_cell  1       -clk_i        usable  --                     
/\u_issue_u_regfile_REGFILE.reg_r15_q_reg[17]   leaf_cell  1       -clk_i        usable  --                     
/\u_issue_u_regfile_REGFILE.reg_r15_q_reg[18]   leaf_cell  1       -clk_i        usable  --                     
/\u_issue_u_regfile_REGFILE.reg_r15_q_reg[19]   leaf_cell  1       -clk_i        usable  --                     
/\u_issue_u_regfile_REGFILE.reg_r15_q_reg[20]   leaf_cell  1       -clk_i        usable  --                     
/\u_issue_u_regfile_REGFILE.reg_r15_q_reg[21]   leaf_cell  1       -clk_i        usable  --                     
/\u_issue_u_regfile_REGFILE.reg_r15_q_reg[22]   leaf_cell  1       -clk_i        usable  --                     
/\u_issue_u_regfile_REGFILE.reg_r15_q_reg[23]   leaf_cell  1       -clk_i        usable  --                     
/\u_issue_u_regfile_REGFILE.reg_r15_q_reg[24]   leaf_cell  1       -clk_i        usable  --                     
/\u_issue_u_regfile_REGFILE.reg_r15_q_reg[25]   leaf_cell  1       -clk_i        usable  --                     
/\u_issue_u_regfile_REGFILE.reg_r15_q_reg[26]   leaf_cell  1       -clk_i        usable  --                     
/\u_issue_u_regfile_REGFILE.reg_r15_q_reg[27]   leaf_cell  1       -clk_i        usable  --                     
/\u_issue_u_regfile_REGFILE.reg_r15_q_reg[28]   leaf_cell  1       -clk_i        usable  --                     
/\u_issue_u_regfile_REGFILE.reg_r15_q_reg[29]   leaf_cell  1       -clk_i        usable  --                     
/\u_issue_u_regfile_REGFILE.reg_r15_q_reg[30]   leaf_cell  1       -clk_i        usable  --                     
/\u_issue_u_regfile_REGFILE.reg_r15_q_reg[31]   leaf_cell  1       -clk_i        usable  --                     
/\u_issue_u_regfile_REGFILE.reg_r16_q_reg[0]    leaf_cell  1       -clk_i        usable  --                     
/\u_issue_u_regfile_REGFILE.reg_r16_q_reg[1]    leaf_cell  1       -clk_i        usable  --                     
/\u_issue_u_regfile_REGFILE.reg_r16_q_reg[2]    leaf_cell  1       -clk_i        usable  --                     
/\u_issue_u_regfile_REGFILE.reg_r16_q_reg[3]    leaf_cell  1       -clk_i        usable  --                     
/\u_issue_u_regfile_REGFILE.reg_r16_q_reg[4]    leaf_cell  1       -clk_i        usable  --                     
/\u_issue_u_regfile_REGFILE.reg_r16_q_reg[5]    leaf_cell  1       -clk_i        usable  --                     
/\u_issue_u_regfile_REGFILE.reg_r16_q_reg[6]    leaf_cell  1       -clk_i        usable  --                     
/\u_issue_u_regfile_REGFILE.reg_r16_q_reg[7]    leaf_cell  1       -clk_i        usable  --                     
/\u_issue_u_regfile_REGFILE.reg_r16_q_reg[8]    leaf_cell  1       -clk_i        usable  --                     
/\u_issue_u_regfile_REGFILE.reg_r16_q_reg[9]    leaf_cell  1       -clk_i        usable  --                     
/\u_issue_u_regfile_REGFILE.reg_r16_q_reg[10]   leaf_cell  1       -clk_i        usable  --                     
/\u_issue_u_regfile_REGFILE.reg_r16_q_reg[11]   leaf_cell  1       -clk_i        usable  --                     
/\u_issue_u_regfile_REGFILE.reg_r16_q_reg[12]   leaf_cell  1       -clk_i        usable  --                     
/\u_issue_u_regfile_REGFILE.reg_r16_q_reg[13]   leaf_cell  1       -clk_i        usable  --                     
/\u_issue_u_regfile_REGFILE.reg_r16_q_reg[14]   leaf_cell  1       -clk_i        usable  --                     
/\u_issue_u_regfile_REGFILE.reg_r16_q_reg[15]   leaf_cell  1       -clk_i        usable  --                     
/\u_issue_u_regfile_REGFILE.reg_r16_q_reg[16]   leaf_cell  1       -clk_i        usable  --                     
/\u_issue_u_regfile_REGFILE.reg_r16_q_reg[17]   leaf_cell  1       -clk_i        usable  --                     
/\u_issue_u_regfile_REGFILE.reg_r16_q_reg[18]   leaf_cell  1       -clk_i        usable  --                     
/\u_issue_u_regfile_REGFILE.reg_r16_q_reg[19]   leaf_cell  1       -clk_i        usable  --                     
/\u_issue_u_regfile_REGFILE.reg_r16_q_reg[20]   leaf_cell  1       -clk_i        usable  --                     
/\u_issue_u_regfile_REGFILE.reg_r16_q_reg[21]   leaf_cell  1       -clk_i        usable  --                     
/\u_issue_u_regfile_REGFILE.reg_r16_q_reg[22]   leaf_cell  1       -clk_i        usable  --                     
/\u_issue_u_regfile_REGFILE.reg_r16_q_reg[23]   leaf_cell  1       -clk_i        usable  --                     
/\u_issue_u_regfile_REGFILE.reg_r16_q_reg[24]   leaf_cell  1       -clk_i        usable  --                     
/\u_issue_u_regfile_REGFILE.reg_r16_q_reg[25]   leaf_cell  1       -clk_i        usable  --                     
/\u_issue_u_regfile_REGFILE.reg_r16_q_reg[26]   leaf_cell  1       -clk_i        usable  --                     
/\u_issue_u_regfile_REGFILE.reg_r16_q_reg[27]   leaf_cell  1       -clk_i        usable  --                     
/\u_issue_u_regfile_REGFILE.reg_r16_q_reg[28]   leaf_cell  1       -clk_i        usable  --                     
/\u_issue_u_regfile_REGFILE.reg_r16_q_reg[29]   leaf_cell  1       -clk_i        usable  --                     
/\u_issue_u_regfile_REGFILE.reg_r16_q_reg[30]   leaf_cell  1       -clk_i        usable  --                     
/\u_issue_u_regfile_REGFILE.reg_r16_q_reg[31]   leaf_cell  1       -clk_i        usable  --                     
/\u_issue_u_regfile_REGFILE.reg_r17_q_reg[0]    leaf_cell  1       -clk_i        usable  --                     
/\u_issue_u_regfile_REGFILE.reg_r17_q_reg[1]    leaf_cell  1       -clk_i        usable  --                     
/\u_issue_u_regfile_REGFILE.reg_r17_q_reg[2]    leaf_cell  1       -clk_i        usable  --                     
/\u_issue_u_regfile_REGFILE.reg_r17_q_reg[3]    leaf_cell  1       -clk_i        usable  --                     
/\u_issue_u_regfile_REGFILE.reg_r17_q_reg[4]    leaf_cell  1       -clk_i        usable  --                     
/\u_issue_u_regfile_REGFILE.reg_r17_q_reg[5]    leaf_cell  1       -clk_i        usable  --                     
/\u_issue_u_regfile_REGFILE.reg_r17_q_reg[6]    leaf_cell  1       -clk_i        usable  --                     
/\u_issue_u_regfile_REGFILE.reg_r17_q_reg[7]    leaf_cell  1       -clk_i        usable  --                     
/\u_issue_u_regfile_REGFILE.reg_r17_q_reg[8]    leaf_cell  1       -clk_i        usable  --                     
/\u_issue_u_regfile_REGFILE.reg_r17_q_reg[9]    leaf_cell  1       -clk_i        usable  --                     
/\u_issue_u_regfile_REGFILE.reg_r17_q_reg[10]   leaf_cell  1       -clk_i        usable  --                     
/\u_issue_u_regfile_REGFILE.reg_r17_q_reg[11]   leaf_cell  1       -clk_i        usable  --                     
/\u_issue_u_regfile_REGFILE.reg_r17_q_reg[12]   leaf_cell  1       -clk_i        usable  --                     
/\u_issue_u_regfile_REGFILE.reg_r17_q_reg[13]   leaf_cell  1       -clk_i        usable  --                     
/\u_issue_u_regfile_REGFILE.reg_r17_q_reg[14]   leaf_cell  1       -clk_i        usable  --                     
/\u_issue_u_regfile_REGFILE.reg_r17_q_reg[15]   leaf_cell  1       -clk_i        usable  --                     
/\u_issue_u_regfile_REGFILE.reg_r17_q_reg[16]   leaf_cell  1       -clk_i        usable  --                     
/\u_issue_u_regfile_REGFILE.reg_r17_q_reg[17]   leaf_cell  1       -clk_i        usable  --                     
/\u_issue_u_regfile_REGFILE.reg_r17_q_reg[18]   leaf_cell  1       -clk_i        usable  --                     
/\u_issue_u_regfile_REGFILE.reg_r17_q_reg[19]   leaf_cell  1       -clk_i        usable  --                     
/\u_issue_u_regfile_REGFILE.reg_r17_q_reg[20]   leaf_cell  1       -clk_i        usable  --                     
/\u_issue_u_regfile_REGFILE.reg_r17_q_reg[21]   leaf_cell  1       -clk_i        usable  --                     
/\u_issue_u_regfile_REGFILE.reg_r17_q_reg[22]   leaf_cell  1       -clk_i        usable  --                     
/\u_issue_u_regfile_REGFILE.reg_r17_q_reg[23]   leaf_cell  1       -clk_i        usable  --                     
/\u_issue_u_regfile_REGFILE.reg_r17_q_reg[24]   leaf_cell  1       -clk_i        usable  --                     
/\u_issue_u_regfile_REGFILE.reg_r17_q_reg[25]   leaf_cell  1       -clk_i        usable  --                     
/\u_issue_u_regfile_REGFILE.reg_r17_q_reg[26]   leaf_cell  1       -clk_i        usable  --                     
/\u_issue_u_regfile_REGFILE.reg_r17_q_reg[27]   leaf_cell  1       -clk_i        usable  --                     
/\u_issue_u_regfile_REGFILE.reg_r17_q_reg[28]   leaf_cell  1       -clk_i        usable  --                     
/\u_issue_u_regfile_REGFILE.reg_r17_q_reg[29]   leaf_cell  1       -clk_i        usable  --                     
/\u_issue_u_regfile_REGFILE.reg_r17_q_reg[30]   leaf_cell  1       -clk_i        usable  --                     
/\u_issue_u_regfile_REGFILE.reg_r17_q_reg[31]   leaf_cell  1       -clk_i        usable  --                     
/\u_issue_u_regfile_REGFILE.reg_r18_q_reg[0]    leaf_cell  1       -clk_i        usable  --                     
/\u_issue_u_regfile_REGFILE.reg_r18_q_reg[1]    leaf_cell  1       -clk_i        usable  --                     
/\u_issue_u_regfile_REGFILE.reg_r18_q_reg[2]    leaf_cell  1       -clk_i        usable  --                     
/\u_issue_u_regfile_REGFILE.reg_r18_q_reg[3]    leaf_cell  1       -clk_i        usable  --                     
/\u_issue_u_regfile_REGFILE.reg_r18_q_reg[4]    leaf_cell  1       -clk_i        usable  --                     
/\u_issue_u_regfile_REGFILE.reg_r18_q_reg[5]    leaf_cell  1       -clk_i        usable  --                     
/\u_issue_u_regfile_REGFILE.reg_r18_q_reg[6]    leaf_cell  1       -clk_i        usable  --                     
/\u_issue_u_regfile_REGFILE.reg_r18_q_reg[7]    leaf_cell  1       -clk_i        usable  --                     
/\u_issue_u_regfile_REGFILE.reg_r18_q_reg[8]    leaf_cell  1       -clk_i        usable  --                     
/\u_issue_u_regfile_REGFILE.reg_r18_q_reg[9]    leaf_cell  1       -clk_i        usable  --                     
/\u_issue_u_regfile_REGFILE.reg_r18_q_reg[10]   leaf_cell  1       -clk_i        usable  --                     
/\u_issue_u_regfile_REGFILE.reg_r18_q_reg[11]   leaf_cell  1       -clk_i        usable  --                     
/\u_issue_u_regfile_REGFILE.reg_r18_q_reg[12]   leaf_cell  1       -clk_i        usable  --                     
/\u_issue_u_regfile_REGFILE.reg_r18_q_reg[13]   leaf_cell  1       -clk_i        usable  --                     
/\u_issue_u_regfile_REGFILE.reg_r18_q_reg[14]   leaf_cell  1       -clk_i        usable  --                     
/\u_issue_u_regfile_REGFILE.reg_r18_q_reg[15]   leaf_cell  1       -clk_i        usable  --                     
/\u_issue_u_regfile_REGFILE.reg_r18_q_reg[16]   leaf_cell  1       -clk_i        usable  --                     
/\u_issue_u_regfile_REGFILE.reg_r18_q_reg[17]   leaf_cell  1       -clk_i        usable  --                     
/\u_issue_u_regfile_REGFILE.reg_r18_q_reg[18]   leaf_cell  1       -clk_i        usable  --                     
/\u_issue_u_regfile_REGFILE.reg_r18_q_reg[19]   leaf_cell  1       -clk_i        usable  --                     
/\u_issue_u_regfile_REGFILE.reg_r18_q_reg[20]   leaf_cell  1       -clk_i        usable  --                     
/\u_issue_u_regfile_REGFILE.reg_r18_q_reg[21]   leaf_cell  1       -clk_i        usable  --                     
/\u_issue_u_regfile_REGFILE.reg_r18_q_reg[22]   leaf_cell  1       -clk_i        usable  --                     
/\u_issue_u_regfile_REGFILE.reg_r18_q_reg[23]   leaf_cell  1       -clk_i        usable  --                     
/\u_issue_u_regfile_REGFILE.reg_r18_q_reg[24]   leaf_cell  1       -clk_i        usable  --                     
/\u_issue_u_regfile_REGFILE.reg_r18_q_reg[25]   leaf_cell  1       -clk_i        usable  --                     
/\u_issue_u_regfile_REGFILE.reg_r18_q_reg[26]   leaf_cell  1       -clk_i        usable  --                     
/\u_issue_u_regfile_REGFILE.reg_r18_q_reg[27]   leaf_cell  1       -clk_i        usable  --                     
/\u_issue_u_regfile_REGFILE.reg_r18_q_reg[28]   leaf_cell  1       -clk_i        usable  --                     
/\u_issue_u_regfile_REGFILE.reg_r18_q_reg[29]   leaf_cell  1       -clk_i        usable  --                     
/\u_issue_u_regfile_REGFILE.reg_r18_q_reg[30]   leaf_cell  1       -clk_i        usable  --                     
/\u_issue_u_regfile_REGFILE.reg_r18_q_reg[31]   leaf_cell  1       -clk_i        usable  --                     
/\u_issue_u_regfile_REGFILE.reg_r19_q_reg[0]    leaf_cell  1       -clk_i        usable  --                     
/\u_issue_u_regfile_REGFILE.reg_r19_q_reg[1]    leaf_cell  1       -clk_i        usable  --                     
/\u_issue_u_regfile_REGFILE.reg_r19_q_reg[2]    leaf_cell  1       -clk_i        usable  --                     
/\u_issue_u_regfile_REGFILE.reg_r19_q_reg[3]    leaf_cell  1       -clk_i        usable  --                     
/\u_issue_u_regfile_REGFILE.reg_r19_q_reg[4]    leaf_cell  1       -clk_i        usable  --                     
/\u_issue_u_regfile_REGFILE.reg_r19_q_reg[5]    leaf_cell  1       -clk_i        usable  --                     
/\u_issue_u_regfile_REGFILE.reg_r19_q_reg[6]    leaf_cell  1       -clk_i        usable  --                     
/\u_issue_u_regfile_REGFILE.reg_r19_q_reg[7]    leaf_cell  1       -clk_i        usable  --                     
/\u_issue_u_regfile_REGFILE.reg_r19_q_reg[8]    leaf_cell  1       -clk_i        usable  --                     
/\u_issue_u_regfile_REGFILE.reg_r19_q_reg[9]    leaf_cell  1       -clk_i        usable  --                     
/\u_issue_u_regfile_REGFILE.reg_r19_q_reg[10]   leaf_cell  1       -clk_i        usable  --                     
/\u_issue_u_regfile_REGFILE.reg_r19_q_reg[11]   leaf_cell  1       -clk_i        usable  --                     
/\u_issue_u_regfile_REGFILE.reg_r19_q_reg[12]   leaf_cell  1       -clk_i        usable  --                     
/\u_issue_u_regfile_REGFILE.reg_r19_q_reg[13]   leaf_cell  1       -clk_i        usable  --                     
/\u_issue_u_regfile_REGFILE.reg_r19_q_reg[14]   leaf_cell  1       -clk_i        usable  --                     
/\u_issue_u_regfile_REGFILE.reg_r19_q_reg[15]   leaf_cell  1       -clk_i        usable  --                     
/\u_issue_u_regfile_REGFILE.reg_r19_q_reg[16]   leaf_cell  1       -clk_i        usable  --                     
/\u_issue_u_regfile_REGFILE.reg_r19_q_reg[17]   leaf_cell  1       -clk_i        usable  --                     
/\u_issue_u_regfile_REGFILE.reg_r19_q_reg[18]   leaf_cell  1       -clk_i        usable  --                     
/\u_issue_u_regfile_REGFILE.reg_r19_q_reg[19]   leaf_cell  1       -clk_i        usable  --                     
/\u_issue_u_regfile_REGFILE.reg_r19_q_reg[20]   leaf_cell  1       -clk_i        usable  --                     
/\u_issue_u_regfile_REGFILE.reg_r19_q_reg[21]   leaf_cell  1       -clk_i        usable  --                     
/\u_issue_u_regfile_REGFILE.reg_r19_q_reg[22]   leaf_cell  1       -clk_i        usable  --                     
/\u_issue_u_regfile_REGFILE.reg_r19_q_reg[23]   leaf_cell  1       -clk_i        usable  --                     
/\u_issue_u_regfile_REGFILE.reg_r19_q_reg[24]   leaf_cell  1       -clk_i        usable  --                     
/\u_issue_u_regfile_REGFILE.reg_r19_q_reg[25]   leaf_cell  1       -clk_i        usable  --                     
/\u_issue_u_regfile_REGFILE.reg_r19_q_reg[26]   leaf_cell  1       -clk_i        usable  --                     
/\u_issue_u_regfile_REGFILE.reg_r19_q_reg[27]   leaf_cell  1       -clk_i        usable  --                     
/\u_issue_u_regfile_REGFILE.reg_r19_q_reg[28]   leaf_cell  1       -clk_i        usable  --                     
/\u_issue_u_regfile_REGFILE.reg_r19_q_reg[29]   leaf_cell  1       -clk_i        usable  --                     
/\u_issue_u_regfile_REGFILE.reg_r19_q_reg[30]   leaf_cell  1       -clk_i        usable  --                     
/\u_issue_u_regfile_REGFILE.reg_r19_q_reg[31]   leaf_cell  1       -clk_i        usable  --                     
/\u_issue_u_regfile_REGFILE.reg_r20_q_reg[0]    leaf_cell  1       -clk_i        usable  --                     
/\u_issue_u_regfile_REGFILE.reg_r20_q_reg[1]    leaf_cell  1       -clk_i        usable  --                     
/\u_issue_u_regfile_REGFILE.reg_r20_q_reg[2]    leaf_cell  1       -clk_i        usable  --                     
/\u_issue_u_regfile_REGFILE.reg_r20_q_reg[3]    leaf_cell  1       -clk_i        usable  --                     
/\u_issue_u_regfile_REGFILE.reg_r20_q_reg[4]    leaf_cell  1       -clk_i        usable  --                     
/\u_issue_u_regfile_REGFILE.reg_r20_q_reg[5]    leaf_cell  1       -clk_i        usable  --                     
/\u_issue_u_regfile_REGFILE.reg_r20_q_reg[6]    leaf_cell  1       -clk_i        usable  --                     
/\u_issue_u_regfile_REGFILE.reg_r20_q_reg[7]    leaf_cell  1       -clk_i        usable  --                     
/\u_issue_u_regfile_REGFILE.reg_r20_q_reg[8]    leaf_cell  1       -clk_i        usable  --                     
/\u_issue_u_regfile_REGFILE.reg_r20_q_reg[9]    leaf_cell  1       -clk_i        usable  --                     
/\u_issue_u_regfile_REGFILE.reg_r20_q_reg[10]   leaf_cell  1       -clk_i        usable  --                     
/\u_issue_u_regfile_REGFILE.reg_r20_q_reg[11]   leaf_cell  1       -clk_i        usable  --                     
/\u_issue_u_regfile_REGFILE.reg_r20_q_reg[12]   leaf_cell  1       -clk_i        usable  --                     
/\u_issue_u_regfile_REGFILE.reg_r20_q_reg[13]   leaf_cell  1       -clk_i        usable  --                     
/\u_issue_u_regfile_REGFILE.reg_r20_q_reg[14]   leaf_cell  1       -clk_i        usable  --                     
/\u_issue_u_regfile_REGFILE.reg_r20_q_reg[15]   leaf_cell  1       -clk_i        usable  --                     
/\u_issue_u_regfile_REGFILE.reg_r20_q_reg[16]   leaf_cell  1       -clk_i        usable  --                     
/\u_issue_u_regfile_REGFILE.reg_r20_q_reg[17]   leaf_cell  1       -clk_i        usable  --                     
/\u_issue_u_regfile_REGFILE.reg_r20_q_reg[18]   leaf_cell  1       -clk_i        usable  --                     
/\u_issue_u_regfile_REGFILE.reg_r20_q_reg[19]   leaf_cell  1       -clk_i        usable  --                     
/\u_issue_u_regfile_REGFILE.reg_r20_q_reg[20]   leaf_cell  1       -clk_i        usable  --                     
/\u_issue_u_regfile_REGFILE.reg_r20_q_reg[21]   leaf_cell  1       -clk_i        usable  --                     
/\u_issue_u_regfile_REGFILE.reg_r20_q_reg[22]   leaf_cell  1       -clk_i        usable  --                     
/\u_issue_u_regfile_REGFILE.reg_r20_q_reg[23]   leaf_cell  1       -clk_i        usable  --                     
/\u_issue_u_regfile_REGFILE.reg_r20_q_reg[24]   leaf_cell  1       -clk_i        usable  --                     
/\u_issue_u_regfile_REGFILE.reg_r20_q_reg[25]   leaf_cell  1       -clk_i        usable  --                     
/\u_issue_u_regfile_REGFILE.reg_r20_q_reg[26]   leaf_cell  1       -clk_i        usable  --                     
/\u_issue_u_regfile_REGFILE.reg_r20_q_reg[27]   leaf_cell  1       -clk_i        usable  --                     
/\u_issue_u_regfile_REGFILE.reg_r20_q_reg[28]   leaf_cell  1       -clk_i        usable  --                     
/\u_issue_u_regfile_REGFILE.reg_r20_q_reg[29]   leaf_cell  1       -clk_i        usable  --                     
/\u_issue_u_regfile_REGFILE.reg_r20_q_reg[30]   leaf_cell  1       -clk_i        usable  --                     
/\u_issue_u_regfile_REGFILE.reg_r20_q_reg[31]   leaf_cell  1       -clk_i        usable  --                     
/\u_issue_u_regfile_REGFILE.reg_r21_q_reg[0]    leaf_cell  1       -clk_i        usable  --                     
/\u_issue_u_regfile_REGFILE.reg_r21_q_reg[1]    leaf_cell  1       -clk_i        usable  --                     
/\u_issue_u_regfile_REGFILE.reg_r21_q_reg[2]    leaf_cell  1       -clk_i        usable  --                     
/\u_issue_u_regfile_REGFILE.reg_r21_q_reg[3]    leaf_cell  1       -clk_i        usable  --                     
/\u_issue_u_regfile_REGFILE.reg_r21_q_reg[4]    leaf_cell  1       -clk_i        usable  --                     
/\u_issue_u_regfile_REGFILE.reg_r21_q_reg[5]    leaf_cell  1       -clk_i        usable  --                     
/\u_issue_u_regfile_REGFILE.reg_r21_q_reg[6]    leaf_cell  1       -clk_i        usable  --                     
/\u_issue_u_regfile_REGFILE.reg_r21_q_reg[7]    leaf_cell  1       -clk_i        usable  --                     
/\u_issue_u_regfile_REGFILE.reg_r21_q_reg[8]    leaf_cell  1       -clk_i        usable  --                     
/\u_issue_u_regfile_REGFILE.reg_r21_q_reg[9]    leaf_cell  1       -clk_i        usable  --                     
/\u_issue_u_regfile_REGFILE.reg_r21_q_reg[10]   leaf_cell  1       -clk_i        usable  --                     
/\u_issue_u_regfile_REGFILE.reg_r21_q_reg[11]   leaf_cell  1       -clk_i        usable  --                     
/\u_issue_u_regfile_REGFILE.reg_r21_q_reg[12]   leaf_cell  1       -clk_i        usable  --                     
/\u_issue_u_regfile_REGFILE.reg_r21_q_reg[13]   leaf_cell  1       -clk_i        usable  --                     
/\u_issue_u_regfile_REGFILE.reg_r21_q_reg[14]   leaf_cell  1       -clk_i        usable  --                     
/\u_issue_u_regfile_REGFILE.reg_r21_q_reg[15]   leaf_cell  1       -clk_i        usable  --                     
/\u_issue_u_regfile_REGFILE.reg_r21_q_reg[16]   leaf_cell  1       -clk_i        usable  --                     
/\u_issue_u_regfile_REGFILE.reg_r21_q_reg[17]   leaf_cell  1       -clk_i        usable  --                     
/\u_issue_u_regfile_REGFILE.reg_r21_q_reg[18]   leaf_cell  1       -clk_i        usable  --                     
/\u_issue_u_regfile_REGFILE.reg_r21_q_reg[19]   leaf_cell  1       -clk_i        usable  --                     
/\u_issue_u_regfile_REGFILE.reg_r21_q_reg[20]   leaf_cell  1       -clk_i        usable  --                     
/\u_issue_u_regfile_REGFILE.reg_r21_q_reg[21]   leaf_cell  1       -clk_i        usable  --                     
/\u_issue_u_regfile_REGFILE.reg_r21_q_reg[22]   leaf_cell  1       -clk_i        usable  --                     
/\u_issue_u_regfile_REGFILE.reg_r21_q_reg[23]   leaf_cell  1       -clk_i        usable  --                     
/\u_issue_u_regfile_REGFILE.reg_r21_q_reg[24]   leaf_cell  1       -clk_i        usable  --                     
/\u_issue_u_regfile_REGFILE.reg_r21_q_reg[25]   leaf_cell  1       -clk_i        usable  --                     
/\u_issue_u_regfile_REGFILE.reg_r21_q_reg[26]   leaf_cell  1       -clk_i        usable  --                     
/\u_issue_u_regfile_REGFILE.reg_r21_q_reg[27]   leaf_cell  1       -clk_i        usable  --                     
/\u_issue_u_regfile_REGFILE.reg_r21_q_reg[28]   leaf_cell  1       -clk_i        usable  --                     
/\u_issue_u_regfile_REGFILE.reg_r21_q_reg[29]   leaf_cell  1       -clk_i        usable  --                     
/\u_issue_u_regfile_REGFILE.reg_r21_q_reg[30]   leaf_cell  1       -clk_i        usable  --                     
/\u_issue_u_regfile_REGFILE.reg_r21_q_reg[31]   leaf_cell  1       -clk_i        usable  --                     
/\u_issue_u_regfile_REGFILE.reg_r22_q_reg[0]    leaf_cell  1       -clk_i        usable  --                     
/\u_issue_u_regfile_REGFILE.reg_r22_q_reg[1]    leaf_cell  1       -clk_i        usable  --                     
/\u_issue_u_regfile_REGFILE.reg_r22_q_reg[2]    leaf_cell  1       -clk_i        usable  --                     
/\u_issue_u_regfile_REGFILE.reg_r22_q_reg[3]    leaf_cell  1       -clk_i        usable  --                     
/\u_issue_u_regfile_REGFILE.reg_r22_q_reg[4]    leaf_cell  1       -clk_i        usable  --                     
/\u_issue_u_regfile_REGFILE.reg_r22_q_reg[5]    leaf_cell  1       -clk_i        usable  --                     
/\u_issue_u_regfile_REGFILE.reg_r22_q_reg[6]    leaf_cell  1       -clk_i        usable  --                     
/\u_issue_u_regfile_REGFILE.reg_r22_q_reg[7]    leaf_cell  1       -clk_i        usable  --                     
/\u_issue_u_regfile_REGFILE.reg_r22_q_reg[8]    leaf_cell  1       -clk_i        usable  --                     
/\u_issue_u_regfile_REGFILE.reg_r22_q_reg[9]    leaf_cell  1       -clk_i        usable  --                     
/\u_issue_u_regfile_REGFILE.reg_r22_q_reg[10]   leaf_cell  1       -clk_i        usable  --                     
/\u_issue_u_regfile_REGFILE.reg_r22_q_reg[11]   leaf_cell  1       -clk_i        usable  --                     
/\u_issue_u_regfile_REGFILE.reg_r22_q_reg[12]   leaf_cell  1       -clk_i        usable  --                     
/\u_issue_u_regfile_REGFILE.reg_r22_q_reg[13]   leaf_cell  1       -clk_i        usable  --                     
/\u_issue_u_regfile_REGFILE.reg_r22_q_reg[14]   leaf_cell  1       -clk_i        usable  --                     
/\u_issue_u_regfile_REGFILE.reg_r22_q_reg[15]   leaf_cell  1       -clk_i        usable  --                     
/\u_issue_u_regfile_REGFILE.reg_r22_q_reg[16]   leaf_cell  1       -clk_i        usable  --                     
/\u_issue_u_regfile_REGFILE.reg_r22_q_reg[17]   leaf_cell  1       -clk_i        usable  --                     
/\u_issue_u_regfile_REGFILE.reg_r22_q_reg[18]   leaf_cell  1       -clk_i        usable  --                     
/\u_issue_u_regfile_REGFILE.reg_r22_q_reg[19]   leaf_cell  1       -clk_i        usable  --                     
/\u_issue_u_regfile_REGFILE.reg_r22_q_reg[20]   leaf_cell  1       -clk_i        usable  --                     
/\u_issue_u_regfile_REGFILE.reg_r22_q_reg[21]   leaf_cell  1       -clk_i        usable  --                     
/\u_issue_u_regfile_REGFILE.reg_r22_q_reg[22]   leaf_cell  1       -clk_i        usable  --                     
/\u_issue_u_regfile_REGFILE.reg_r22_q_reg[23]   leaf_cell  1       -clk_i        usable  --                     
/\u_issue_u_regfile_REGFILE.reg_r22_q_reg[24]   leaf_cell  1       -clk_i        usable  --                     
/\u_issue_u_regfile_REGFILE.reg_r22_q_reg[25]   leaf_cell  1       -clk_i        usable  --                     
/\u_issue_u_regfile_REGFILE.reg_r22_q_reg[26]   leaf_cell  1       -clk_i        usable  --                     
/\u_issue_u_regfile_REGFILE.reg_r22_q_reg[27]   leaf_cell  1       -clk_i        usable  --                     
/\u_issue_u_regfile_REGFILE.reg_r22_q_reg[28]   leaf_cell  1       -clk_i        usable  --                     
/\u_issue_u_regfile_REGFILE.reg_r22_q_reg[29]   leaf_cell  1       -clk_i        usable  --                     
/\u_issue_u_regfile_REGFILE.reg_r22_q_reg[30]   leaf_cell  1       -clk_i        usable  --                     
/\u_issue_u_regfile_REGFILE.reg_r22_q_reg[31]   leaf_cell  1       -clk_i        usable  --                     
/\u_issue_u_regfile_REGFILE.reg_r23_q_reg[0]    leaf_cell  1       -clk_i        usable  --                     
/\u_issue_u_regfile_REGFILE.reg_r23_q_reg[1]    leaf_cell  1       -clk_i        usable  --                     
/\u_issue_u_regfile_REGFILE.reg_r23_q_reg[2]    leaf_cell  1       -clk_i        usable  --                     
/\u_issue_u_regfile_REGFILE.reg_r23_q_reg[3]    leaf_cell  1       -clk_i        usable  --                     
/\u_issue_u_regfile_REGFILE.reg_r23_q_reg[4]    leaf_cell  1       -clk_i        usable  --                     
/\u_issue_u_regfile_REGFILE.reg_r23_q_reg[5]    leaf_cell  1       -clk_i        usable  --                     
/\u_issue_u_regfile_REGFILE.reg_r23_q_reg[6]    leaf_cell  1       -clk_i        usable  --                     
/\u_issue_u_regfile_REGFILE.reg_r23_q_reg[7]    leaf_cell  1       -clk_i        usable  --                     
/\u_issue_u_regfile_REGFILE.reg_r23_q_reg[8]    leaf_cell  1       -clk_i        usable  --                     
/\u_issue_u_regfile_REGFILE.reg_r23_q_reg[9]    leaf_cell  1       -clk_i        usable  --                     
/\u_issue_u_regfile_REGFILE.reg_r23_q_reg[10]   leaf_cell  1       -clk_i        usable  --                     
/\u_issue_u_regfile_REGFILE.reg_r23_q_reg[11]   leaf_cell  1       -clk_i        usable  --                     
/\u_issue_u_regfile_REGFILE.reg_r23_q_reg[12]   leaf_cell  1       -clk_i        usable  --                     
/\u_issue_u_regfile_REGFILE.reg_r23_q_reg[13]   leaf_cell  1       -clk_i        usable  --                     
/\u_issue_u_regfile_REGFILE.reg_r23_q_reg[14]   leaf_cell  1       -clk_i        usable  --                     
/\u_issue_u_regfile_REGFILE.reg_r23_q_reg[15]   leaf_cell  1       -clk_i        usable  --                     
/\u_issue_u_regfile_REGFILE.reg_r23_q_reg[16]   leaf_cell  1       -clk_i        usable  --                     
/\u_issue_u_regfile_REGFILE.reg_r23_q_reg[17]   leaf_cell  1       -clk_i        usable  --                     
/\u_issue_u_regfile_REGFILE.reg_r23_q_reg[18]   leaf_cell  1       -clk_i        usable  --                     
/\u_issue_u_regfile_REGFILE.reg_r23_q_reg[19]   leaf_cell  1       -clk_i        usable  --                     
/\u_issue_u_regfile_REGFILE.reg_r23_q_reg[20]   leaf_cell  1       -clk_i        usable  --                     
/\u_issue_u_regfile_REGFILE.reg_r23_q_reg[21]   leaf_cell  1       -clk_i        usable  --                     
/\u_issue_u_regfile_REGFILE.reg_r23_q_reg[22]   leaf_cell  1       -clk_i        usable  --                     
/\u_issue_u_regfile_REGFILE.reg_r23_q_reg[23]   leaf_cell  1       -clk_i        usable  --                     
/\u_issue_u_regfile_REGFILE.reg_r23_q_reg[24]   leaf_cell  1       -clk_i        usable  --                     
/\u_issue_u_regfile_REGFILE.reg_r23_q_reg[25]   leaf_cell  1       -clk_i        usable  --                     
/\u_issue_u_regfile_REGFILE.reg_r23_q_reg[26]   leaf_cell  1       -clk_i        usable  --                     
/\u_issue_u_regfile_REGFILE.reg_r23_q_reg[27]   leaf_cell  1       -clk_i        usable  --                     
/\u_issue_u_regfile_REGFILE.reg_r23_q_reg[28]   leaf_cell  1       -clk_i        usable  --                     
/\u_issue_u_regfile_REGFILE.reg_r23_q_reg[29]   leaf_cell  1       -clk_i        usable  --                     
/\u_issue_u_regfile_REGFILE.reg_r23_q_reg[30]   leaf_cell  1       -clk_i        usable  --                     
/\u_issue_u_regfile_REGFILE.reg_r23_q_reg[31]   leaf_cell  1       -clk_i        usable  --                     
/\u_issue_u_regfile_REGFILE.reg_r24_q_reg[0]    leaf_cell  1       -clk_i        usable  --                     
/\u_issue_u_regfile_REGFILE.reg_r24_q_reg[1]    leaf_cell  1       -clk_i        usable  --                     
/\u_issue_u_regfile_REGFILE.reg_r24_q_reg[2]    leaf_cell  1       -clk_i        usable  --                     
/\u_issue_u_regfile_REGFILE.reg_r24_q_reg[3]    leaf_cell  1       -clk_i        usable  --                     
/\u_issue_u_regfile_REGFILE.reg_r24_q_reg[4]    leaf_cell  1       -clk_i        usable  --                     
/\u_issue_u_regfile_REGFILE.reg_r24_q_reg[5]    leaf_cell  1       -clk_i        usable  --                     
/\u_issue_u_regfile_REGFILE.reg_r24_q_reg[6]    leaf_cell  1       -clk_i        usable  --                     
/\u_issue_u_regfile_REGFILE.reg_r24_q_reg[7]    leaf_cell  1       -clk_i        usable  --                     
/\u_issue_u_regfile_REGFILE.reg_r24_q_reg[8]    leaf_cell  1       -clk_i        usable  --                     
/\u_issue_u_regfile_REGFILE.reg_r24_q_reg[9]    leaf_cell  1       -clk_i        usable  --                     
/\u_issue_u_regfile_REGFILE.reg_r24_q_reg[10]   leaf_cell  1       -clk_i        usable  --                     
/\u_issue_u_regfile_REGFILE.reg_r24_q_reg[11]   leaf_cell  1       -clk_i        usable  --                     
/\u_issue_u_regfile_REGFILE.reg_r24_q_reg[12]   leaf_cell  1       -clk_i        usable  --                     
/\u_issue_u_regfile_REGFILE.reg_r24_q_reg[13]   leaf_cell  1       -clk_i        usable  --                     
/\u_issue_u_regfile_REGFILE.reg_r24_q_reg[14]   leaf_cell  1       -clk_i        usable  --                     
/\u_issue_u_regfile_REGFILE.reg_r24_q_reg[15]   leaf_cell  1       -clk_i        usable  --                     
/\u_issue_u_regfile_REGFILE.reg_r24_q_reg[16]   leaf_cell  1       -clk_i        usable  --                     
/\u_issue_u_regfile_REGFILE.reg_r24_q_reg[17]   leaf_cell  1       -clk_i        usable  --                     
/\u_issue_u_regfile_REGFILE.reg_r24_q_reg[18]   leaf_cell  1       -clk_i        usable  --                     
/\u_issue_u_regfile_REGFILE.reg_r24_q_reg[19]   leaf_cell  1       -clk_i        usable  --                     
/\u_issue_u_regfile_REGFILE.reg_r24_q_reg[20]   leaf_cell  1       -clk_i        usable  --                     
/\u_issue_u_regfile_REGFILE.reg_r24_q_reg[21]   leaf_cell  1       -clk_i        usable  --                     
/\u_issue_u_regfile_REGFILE.reg_r24_q_reg[22]   leaf_cell  1       -clk_i        usable  --                     
/\u_issue_u_regfile_REGFILE.reg_r24_q_reg[23]   leaf_cell  1       -clk_i        usable  --                     
/\u_issue_u_regfile_REGFILE.reg_r24_q_reg[24]   leaf_cell  1       -clk_i        usable  --                     
/\u_issue_u_regfile_REGFILE.reg_r24_q_reg[25]   leaf_cell  1       -clk_i        usable  --                     
/\u_issue_u_regfile_REGFILE.reg_r24_q_reg[26]   leaf_cell  1       -clk_i        usable  --                     
/\u_issue_u_regfile_REGFILE.reg_r24_q_reg[27]   leaf_cell  1       -clk_i        usable  --                     
/\u_issue_u_regfile_REGFILE.reg_r24_q_reg[28]   leaf_cell  1       -clk_i        usable  --                     
/\u_issue_u_regfile_REGFILE.reg_r24_q_reg[29]   leaf_cell  1       -clk_i        usable  --                     
/\u_issue_u_regfile_REGFILE.reg_r24_q_reg[30]   leaf_cell  1       -clk_i        usable  --                     
/\u_issue_u_regfile_REGFILE.reg_r24_q_reg[31]   leaf_cell  1       -clk_i        usable  --                     
/\u_issue_u_regfile_REGFILE.reg_r25_q_reg[0]    leaf_cell  1       -clk_i        usable  --                     
/\u_issue_u_regfile_REGFILE.reg_r25_q_reg[1]    leaf_cell  1       -clk_i        usable  --                     
/\u_issue_u_regfile_REGFILE.reg_r25_q_reg[2]    leaf_cell  1       -clk_i        usable  --                     
/\u_issue_u_regfile_REGFILE.reg_r25_q_reg[3]    leaf_cell  1       -clk_i        usable  --                     
/\u_issue_u_regfile_REGFILE.reg_r25_q_reg[4]    leaf_cell  1       -clk_i        usable  --                     
/\u_issue_u_regfile_REGFILE.reg_r25_q_reg[5]    leaf_cell  1       -clk_i        usable  --                     
/\u_issue_u_regfile_REGFILE.reg_r25_q_reg[6]    leaf_cell  1       -clk_i        usable  --                     
/\u_issue_u_regfile_REGFILE.reg_r25_q_reg[7]    leaf_cell  1       -clk_i        usable  --                     
/\u_issue_u_regfile_REGFILE.reg_r25_q_reg[8]    leaf_cell  1       -clk_i        usable  --                     
/\u_issue_u_regfile_REGFILE.reg_r25_q_reg[9]    leaf_cell  1       -clk_i        usable  --                     
/\u_issue_u_regfile_REGFILE.reg_r25_q_reg[10]   leaf_cell  1       -clk_i        usable  --                     
/\u_issue_u_regfile_REGFILE.reg_r25_q_reg[11]   leaf_cell  1       -clk_i        usable  --                     
/\u_issue_u_regfile_REGFILE.reg_r25_q_reg[12]   leaf_cell  1       -clk_i        usable  --                     
/\u_issue_u_regfile_REGFILE.reg_r25_q_reg[13]   leaf_cell  1       -clk_i        usable  --                     
/\u_issue_u_regfile_REGFILE.reg_r25_q_reg[14]   leaf_cell  1       -clk_i        usable  --                     
/\u_issue_u_regfile_REGFILE.reg_r25_q_reg[15]   leaf_cell  1       -clk_i        usable  --                     
/\u_issue_u_regfile_REGFILE.reg_r25_q_reg[16]   leaf_cell  1       -clk_i        usable  --                     
/\u_issue_u_regfile_REGFILE.reg_r25_q_reg[17]   leaf_cell  1       -clk_i        usable  --                     
/\u_issue_u_regfile_REGFILE.reg_r25_q_reg[18]   leaf_cell  1       -clk_i        usable  --                     
/\u_issue_u_regfile_REGFILE.reg_r25_q_reg[19]   leaf_cell  1       -clk_i        usable  --                     
/\u_issue_u_regfile_REGFILE.reg_r25_q_reg[20]   leaf_cell  1       -clk_i        usable  --                     
/\u_issue_u_regfile_REGFILE.reg_r25_q_reg[21]   leaf_cell  1       -clk_i        usable  --                     
/\u_issue_u_regfile_REGFILE.reg_r25_q_reg[22]   leaf_cell  1       -clk_i        usable  --                     
/\u_issue_u_regfile_REGFILE.reg_r25_q_reg[23]   leaf_cell  1       -clk_i        usable  --                     
/\u_issue_u_regfile_REGFILE.reg_r25_q_reg[24]   leaf_cell  1       -clk_i        usable  --                     
/\u_issue_u_regfile_REGFILE.reg_r25_q_reg[25]   leaf_cell  1       -clk_i        usable  --                     
/\u_issue_u_regfile_REGFILE.reg_r25_q_reg[26]   leaf_cell  1       -clk_i        usable  --                     
/\u_issue_u_regfile_REGFILE.reg_r25_q_reg[27]   leaf_cell  1       -clk_i        usable  --                     
/\u_issue_u_regfile_REGFILE.reg_r25_q_reg[28]   leaf_cell  1       -clk_i        usable  --                     
/\u_issue_u_regfile_REGFILE.reg_r25_q_reg[29]   leaf_cell  1       -clk_i        usable  --                     
/\u_issue_u_regfile_REGFILE.reg_r25_q_reg[30]   leaf_cell  1       -clk_i        usable  --                     
/\u_issue_u_regfile_REGFILE.reg_r25_q_reg[31]   leaf_cell  1       -clk_i        usable  --                     
/\u_issue_u_regfile_REGFILE.reg_r26_q_reg[0]    leaf_cell  1       -clk_i        usable  --                     
/\u_issue_u_regfile_REGFILE.reg_r26_q_reg[1]    leaf_cell  1       -clk_i        usable  --                     
/\u_issue_u_regfile_REGFILE.reg_r26_q_reg[2]    leaf_cell  1       -clk_i        usable  --                     
/\u_issue_u_regfile_REGFILE.reg_r26_q_reg[3]    leaf_cell  1       -clk_i        usable  --                     
/\u_issue_u_regfile_REGFILE.reg_r26_q_reg[4]    leaf_cell  1       -clk_i        usable  --                     
/\u_issue_u_regfile_REGFILE.reg_r26_q_reg[5]    leaf_cell  1       -clk_i        usable  --                     
/\u_issue_u_regfile_REGFILE.reg_r26_q_reg[6]    leaf_cell  1       -clk_i        usable  --                     
/\u_issue_u_regfile_REGFILE.reg_r26_q_reg[7]    leaf_cell  1       -clk_i        usable  --                     
/\u_issue_u_regfile_REGFILE.reg_r26_q_reg[8]    leaf_cell  1       -clk_i        usable  --                     
/\u_issue_u_regfile_REGFILE.reg_r26_q_reg[9]    leaf_cell  1       -clk_i        usable  --                     
/\u_issue_u_regfile_REGFILE.reg_r26_q_reg[10]   leaf_cell  1       -clk_i        usable  --                     
/\u_issue_u_regfile_REGFILE.reg_r26_q_reg[11]   leaf_cell  1       -clk_i        usable  --                     
/\u_issue_u_regfile_REGFILE.reg_r26_q_reg[12]   leaf_cell  1       -clk_i        usable  --                     
/\u_issue_u_regfile_REGFILE.reg_r26_q_reg[13]   leaf_cell  1       -clk_i        usable  --                     
/\u_issue_u_regfile_REGFILE.reg_r26_q_reg[14]   leaf_cell  1       -clk_i        usable  --                     
/\u_issue_u_regfile_REGFILE.reg_r26_q_reg[15]   leaf_cell  1       -clk_i        usable  --                     
/\u_issue_u_regfile_REGFILE.reg_r26_q_reg[16]   leaf_cell  1       -clk_i        usable  --                     
/\u_issue_u_regfile_REGFILE.reg_r26_q_reg[17]   leaf_cell  1       -clk_i        usable  --                     
/\u_issue_u_regfile_REGFILE.reg_r26_q_reg[18]   leaf_cell  1       -clk_i        usable  --                     
/\u_issue_u_regfile_REGFILE.reg_r26_q_reg[19]   leaf_cell  1       -clk_i        usable  --                     
/\u_issue_u_regfile_REGFILE.reg_r26_q_reg[20]   leaf_cell  1       -clk_i        usable  --                     
/\u_issue_u_regfile_REGFILE.reg_r26_q_reg[21]   leaf_cell  1       -clk_i        usable  --                     
/\u_issue_u_regfile_REGFILE.reg_r26_q_reg[22]   leaf_cell  1       -clk_i        usable  --                     
/\u_issue_u_regfile_REGFILE.reg_r26_q_reg[23]   leaf_cell  1       -clk_i        usable  --                     
/\u_issue_u_regfile_REGFILE.reg_r26_q_reg[24]   leaf_cell  1       -clk_i        usable  --                     
/\u_issue_u_regfile_REGFILE.reg_r26_q_reg[25]   leaf_cell  1       -clk_i        usable  --                     
/\u_issue_u_regfile_REGFILE.reg_r26_q_reg[26]   leaf_cell  1       -clk_i        usable  --                     
/\u_issue_u_regfile_REGFILE.reg_r26_q_reg[27]   leaf_cell  1       -clk_i        usable  --                     
/\u_issue_u_regfile_REGFILE.reg_r26_q_reg[28]   leaf_cell  1       -clk_i        usable  --                     
/\u_issue_u_regfile_REGFILE.reg_r26_q_reg[29]   leaf_cell  1       -clk_i        usable  --                     
/\u_issue_u_regfile_REGFILE.reg_r26_q_reg[30]   leaf_cell  1       -clk_i        usable  --                     
/\u_issue_u_regfile_REGFILE.reg_r26_q_reg[31]   leaf_cell  1       -clk_i        usable  --                     
/\u_issue_u_regfile_REGFILE.reg_r27_q_reg[0]    leaf_cell  1       -clk_i        usable  --                     
/\u_issue_u_regfile_REGFILE.reg_r27_q_reg[1]    leaf_cell  1       -clk_i        usable  --                     
/\u_issue_u_regfile_REGFILE.reg_r27_q_reg[2]    leaf_cell  1       -clk_i        usable  --                     
/\u_issue_u_regfile_REGFILE.reg_r27_q_reg[3]    leaf_cell  1       -clk_i        usable  --                     
/\u_issue_u_regfile_REGFILE.reg_r27_q_reg[4]    leaf_cell  1       -clk_i        usable  --                     
/\u_issue_u_regfile_REGFILE.reg_r27_q_reg[5]    leaf_cell  1       -clk_i        usable  --                     
/\u_issue_u_regfile_REGFILE.reg_r27_q_reg[6]    leaf_cell  1       -clk_i        usable  --                     
/\u_issue_u_regfile_REGFILE.reg_r27_q_reg[7]    leaf_cell  1       -clk_i        usable  --                     
/\u_issue_u_regfile_REGFILE.reg_r27_q_reg[8]    leaf_cell  1       -clk_i        usable  --                     
/\u_issue_u_regfile_REGFILE.reg_r27_q_reg[9]    leaf_cell  1       -clk_i        usable  --                     
/\u_issue_u_regfile_REGFILE.reg_r27_q_reg[10]   leaf_cell  1       -clk_i        usable  --                     
/\u_issue_u_regfile_REGFILE.reg_r27_q_reg[11]   leaf_cell  1       -clk_i        usable  --                     
/\u_issue_u_regfile_REGFILE.reg_r27_q_reg[12]   leaf_cell  1       -clk_i        usable  --                     
/\u_issue_u_regfile_REGFILE.reg_r27_q_reg[13]   leaf_cell  1       -clk_i        usable  --                     
/\u_issue_u_regfile_REGFILE.reg_r27_q_reg[14]   leaf_cell  1       -clk_i        usable  --                     
/\u_issue_u_regfile_REGFILE.reg_r27_q_reg[15]   leaf_cell  1       -clk_i        usable  --                     
/\u_issue_u_regfile_REGFILE.reg_r27_q_reg[16]   leaf_cell  1       -clk_i        usable  --                     
/\u_issue_u_regfile_REGFILE.reg_r27_q_reg[17]   leaf_cell  1       -clk_i        usable  --                     
/\u_issue_u_regfile_REGFILE.reg_r27_q_reg[18]   leaf_cell  1       -clk_i        usable  --                     
/\u_issue_u_regfile_REGFILE.reg_r27_q_reg[19]   leaf_cell  1       -clk_i        usable  --                     
/\u_issue_u_regfile_REGFILE.reg_r27_q_reg[20]   leaf_cell  1       -clk_i        usable  --                     
/\u_issue_u_regfile_REGFILE.reg_r27_q_reg[21]   leaf_cell  1       -clk_i        usable  --                     
/\u_issue_u_regfile_REGFILE.reg_r27_q_reg[22]   leaf_cell  1       -clk_i        usable  --                     
/\u_issue_u_regfile_REGFILE.reg_r27_q_reg[23]   leaf_cell  1       -clk_i        usable  --                     
/\u_issue_u_regfile_REGFILE.reg_r27_q_reg[24]   leaf_cell  1       -clk_i        usable  --                     
/\u_issue_u_regfile_REGFILE.reg_r27_q_reg[25]   leaf_cell  1       -clk_i        usable  --                     
/\u_issue_u_regfile_REGFILE.reg_r27_q_reg[26]   leaf_cell  1       -clk_i        usable  --                     
/\u_issue_u_regfile_REGFILE.reg_r27_q_reg[27]   leaf_cell  1       -clk_i        usable  --                     
/\u_issue_u_regfile_REGFILE.reg_r27_q_reg[28]   leaf_cell  1       -clk_i        usable  --                     
/\u_issue_u_regfile_REGFILE.reg_r27_q_reg[29]   leaf_cell  1       -clk_i        usable  --                     
/\u_issue_u_regfile_REGFILE.reg_r27_q_reg[30]   leaf_cell  1       -clk_i        usable  --                     
/\u_issue_u_regfile_REGFILE.reg_r27_q_reg[31]   leaf_cell  1       -clk_i        usable  --                     
/\u_issue_u_regfile_REGFILE.reg_r28_q_reg[0]    leaf_cell  1       -clk_i        usable  --                     
/\u_issue_u_regfile_REGFILE.reg_r28_q_reg[1]    leaf_cell  1       -clk_i        usable  --                     
/\u_issue_u_regfile_REGFILE.reg_r28_q_reg[2]    leaf_cell  1       -clk_i        usable  --                     
/\u_issue_u_regfile_REGFILE.reg_r28_q_reg[3]    leaf_cell  1       -clk_i        usable  --                     
/\u_issue_u_regfile_REGFILE.reg_r28_q_reg[4]    leaf_cell  1       -clk_i        usable  --                     
/\u_issue_u_regfile_REGFILE.reg_r28_q_reg[5]    leaf_cell  1       -clk_i        usable  --                     
/\u_issue_u_regfile_REGFILE.reg_r28_q_reg[6]    leaf_cell  1       -clk_i        usable  --                     
/\u_issue_u_regfile_REGFILE.reg_r28_q_reg[7]    leaf_cell  1       -clk_i        usable  --                     
/\u_issue_u_regfile_REGFILE.reg_r28_q_reg[8]    leaf_cell  1       -clk_i        usable  --                     
/\u_issue_u_regfile_REGFILE.reg_r28_q_reg[9]    leaf_cell  1       -clk_i        usable  --                     
/\u_issue_u_regfile_REGFILE.reg_r28_q_reg[10]   leaf_cell  1       -clk_i        usable  --                     
/\u_issue_u_regfile_REGFILE.reg_r28_q_reg[11]   leaf_cell  1       -clk_i        usable  --                     
/\u_issue_u_regfile_REGFILE.reg_r28_q_reg[12]   leaf_cell  1       -clk_i        usable  --                     
/\u_issue_u_regfile_REGFILE.reg_r28_q_reg[13]   leaf_cell  1       -clk_i        usable  --                     
/\u_issue_u_regfile_REGFILE.reg_r28_q_reg[14]   leaf_cell  1       -clk_i        usable  --                     
/\u_issue_u_regfile_REGFILE.reg_r28_q_reg[15]   leaf_cell  1       -clk_i        usable  --                     
/\u_issue_u_regfile_REGFILE.reg_r28_q_reg[16]   leaf_cell  1       -clk_i        usable  --                     
/\u_issue_u_regfile_REGFILE.reg_r28_q_reg[17]   leaf_cell  1       -clk_i        usable  --                     
/\u_issue_u_regfile_REGFILE.reg_r28_q_reg[18]   leaf_cell  1       -clk_i        usable  --                     
/\u_issue_u_regfile_REGFILE.reg_r28_q_reg[19]   leaf_cell  1       -clk_i        usable  --                     
/\u_issue_u_regfile_REGFILE.reg_r28_q_reg[20]   leaf_cell  1       -clk_i        usable  --                     
/\u_issue_u_regfile_REGFILE.reg_r28_q_reg[21]   leaf_cell  1       -clk_i        usable  --                     
/\u_issue_u_regfile_REGFILE.reg_r28_q_reg[22]   leaf_cell  1       -clk_i        usable  --                     
/\u_issue_u_regfile_REGFILE.reg_r28_q_reg[23]   leaf_cell  1       -clk_i        usable  --                     
/\u_issue_u_regfile_REGFILE.reg_r28_q_reg[24]   leaf_cell  1       -clk_i        usable  --                     
/\u_issue_u_regfile_REGFILE.reg_r28_q_reg[25]   leaf_cell  1       -clk_i        usable  --                     
/\u_issue_u_regfile_REGFILE.reg_r28_q_reg[26]   leaf_cell  1       -clk_i        usable  --                     
/\u_issue_u_regfile_REGFILE.reg_r28_q_reg[27]   leaf_cell  1       -clk_i        usable  --                     
/\u_issue_u_regfile_REGFILE.reg_r28_q_reg[28]   leaf_cell  1       -clk_i        usable  --                     
/\u_issue_u_regfile_REGFILE.reg_r28_q_reg[29]   leaf_cell  1       -clk_i        usable  --                     
/\u_issue_u_regfile_REGFILE.reg_r28_q_reg[30]   leaf_cell  1       -clk_i        usable  --                     
/\u_issue_u_regfile_REGFILE.reg_r28_q_reg[31]   leaf_cell  1       -clk_i        usable  --                     
/\u_issue_u_regfile_REGFILE.reg_r29_q_reg[0]    leaf_cell  1       -clk_i        usable  --                     
/\u_issue_u_regfile_REGFILE.reg_r29_q_reg[1]    leaf_cell  1       -clk_i        usable  --                     
/\u_issue_u_regfile_REGFILE.reg_r29_q_reg[2]    leaf_cell  1       -clk_i        usable  --                     
/\u_issue_u_regfile_REGFILE.reg_r29_q_reg[3]    leaf_cell  1       -clk_i        usable  --                     
/\u_issue_u_regfile_REGFILE.reg_r29_q_reg[4]    leaf_cell  1       -clk_i        usable  --                     
/\u_issue_u_regfile_REGFILE.reg_r29_q_reg[5]    leaf_cell  1       -clk_i        usable  --                     
/\u_issue_u_regfile_REGFILE.reg_r29_q_reg[6]    leaf_cell  1       -clk_i        usable  --                     
/\u_issue_u_regfile_REGFILE.reg_r29_q_reg[7]    leaf_cell  1       -clk_i        usable  --                     
/\u_issue_u_regfile_REGFILE.reg_r29_q_reg[8]    leaf_cell  1       -clk_i        usable  --                     
/\u_issue_u_regfile_REGFILE.reg_r29_q_reg[9]    leaf_cell  1       -clk_i        usable  --                     
/\u_issue_u_regfile_REGFILE.reg_r29_q_reg[10]   leaf_cell  1       -clk_i        usable  --                     
/\u_issue_u_regfile_REGFILE.reg_r29_q_reg[11]   leaf_cell  1       -clk_i        usable  --                     
/\u_issue_u_regfile_REGFILE.reg_r29_q_reg[12]   leaf_cell  1       -clk_i        usable  --                     
/\u_issue_u_regfile_REGFILE.reg_r29_q_reg[13]   leaf_cell  1       -clk_i        usable  --                     
/\u_issue_u_regfile_REGFILE.reg_r29_q_reg[14]   leaf_cell  1       -clk_i        usable  --                     
/\u_issue_u_regfile_REGFILE.reg_r29_q_reg[15]   leaf_cell  1       -clk_i        usable  --                     
/\u_issue_u_regfile_REGFILE.reg_r29_q_reg[16]   leaf_cell  1       -clk_i        usable  --                     
/\u_issue_u_regfile_REGFILE.reg_r29_q_reg[17]   leaf_cell  1       -clk_i        usable  --                     
/\u_issue_u_regfile_REGFILE.reg_r29_q_reg[18]   leaf_cell  1       -clk_i        usable  --                     
/\u_issue_u_regfile_REGFILE.reg_r29_q_reg[19]   leaf_cell  1       -clk_i        usable  --                     
/\u_issue_u_regfile_REGFILE.reg_r29_q_reg[20]   leaf_cell  1       -clk_i        usable  --                     
/\u_issue_u_regfile_REGFILE.reg_r29_q_reg[21]   leaf_cell  1       -clk_i        usable  --                     
/\u_issue_u_regfile_REGFILE.reg_r29_q_reg[22]   leaf_cell  1       -clk_i        usable  --                     
/\u_issue_u_regfile_REGFILE.reg_r29_q_reg[23]   leaf_cell  1       -clk_i        usable  --                     
/\u_issue_u_regfile_REGFILE.reg_r29_q_reg[24]   leaf_cell  1       -clk_i        usable  --                     
/\u_issue_u_regfile_REGFILE.reg_r29_q_reg[25]   leaf_cell  1       -clk_i        usable  --                     
/\u_issue_u_regfile_REGFILE.reg_r29_q_reg[26]   leaf_cell  1       -clk_i        usable  --                     
/\u_issue_u_regfile_REGFILE.reg_r29_q_reg[27]   leaf_cell  1       -clk_i        usable  --                     
/\u_issue_u_regfile_REGFILE.reg_r29_q_reg[28]   leaf_cell  1       -clk_i        usable  --                     
/\u_issue_u_regfile_REGFILE.reg_r29_q_reg[29]   leaf_cell  1       -clk_i        usable  --                     
/\u_issue_u_regfile_REGFILE.reg_r29_q_reg[30]   leaf_cell  1       -clk_i        usable  --                     
/\u_issue_u_regfile_REGFILE.reg_r29_q_reg[31]   leaf_cell  1       -clk_i        usable  --                     
/\u_issue_u_regfile_REGFILE.reg_r30_q_reg[0]    leaf_cell  1       -clk_i        usable  --                     
/\u_issue_u_regfile_REGFILE.reg_r30_q_reg[1]    leaf_cell  1       -clk_i        usable  --                     
/\u_issue_u_regfile_REGFILE.reg_r30_q_reg[2]    leaf_cell  1       -clk_i        usable  --                     
/\u_issue_u_regfile_REGFILE.reg_r30_q_reg[3]    leaf_cell  1       -clk_i        usable  --                     
/\u_issue_u_regfile_REGFILE.reg_r30_q_reg[4]    leaf_cell  1       -clk_i        usable  --                     
/\u_issue_u_regfile_REGFILE.reg_r30_q_reg[5]    leaf_cell  1       -clk_i        usable  --                     
/\u_issue_u_regfile_REGFILE.reg_r30_q_reg[6]    leaf_cell  1       -clk_i        usable  --                     
/\u_issue_u_regfile_REGFILE.reg_r30_q_reg[7]    leaf_cell  1       -clk_i        usable  --                     
/\u_issue_u_regfile_REGFILE.reg_r30_q_reg[8]    leaf_cell  1       -clk_i        usable  --                     
/\u_issue_u_regfile_REGFILE.reg_r30_q_reg[9]    leaf_cell  1       -clk_i        usable  --                     
/\u_issue_u_regfile_REGFILE.reg_r30_q_reg[10]   leaf_cell  1       -clk_i        usable  --                     
/\u_issue_u_regfile_REGFILE.reg_r30_q_reg[11]   leaf_cell  1       -clk_i        usable  --                     
/\u_issue_u_regfile_REGFILE.reg_r30_q_reg[12]   leaf_cell  1       -clk_i        usable  --                     
/\u_issue_u_regfile_REGFILE.reg_r30_q_reg[13]   leaf_cell  1       -clk_i        usable  --                     
/\u_issue_u_regfile_REGFILE.reg_r30_q_reg[14]   leaf_cell  1       -clk_i        usable  --                     
/\u_issue_u_regfile_REGFILE.reg_r30_q_reg[15]   leaf_cell  1       -clk_i        usable  --                     
/\u_issue_u_regfile_REGFILE.reg_r30_q_reg[16]   leaf_cell  1       -clk_i        usable  --                     
/\u_issue_u_regfile_REGFILE.reg_r30_q_reg[17]   leaf_cell  1       -clk_i        usable  --                     
/\u_issue_u_regfile_REGFILE.reg_r30_q_reg[18]   leaf_cell  1       -clk_i        usable  --                     
/\u_issue_u_regfile_REGFILE.reg_r30_q_reg[19]   leaf_cell  1       -clk_i        usable  --                     
/\u_issue_u_regfile_REGFILE.reg_r30_q_reg[20]   leaf_cell  1       -clk_i        usable  --                     
/\u_issue_u_regfile_REGFILE.reg_r30_q_reg[21]   leaf_cell  1       -clk_i        usable  --                     
/\u_issue_u_regfile_REGFILE.reg_r30_q_reg[22]   leaf_cell  1       -clk_i        usable  --                     
/\u_issue_u_regfile_REGFILE.reg_r30_q_reg[23]   leaf_cell  1       -clk_i        usable  --                     
/\u_issue_u_regfile_REGFILE.reg_r30_q_reg[24]   leaf_cell  1       -clk_i        usable  --                     
/\u_issue_u_regfile_REGFILE.reg_r30_q_reg[25]   leaf_cell  1       -clk_i        usable  --                     
/\u_issue_u_regfile_REGFILE.reg_r30_q_reg[26]   leaf_cell  1       -clk_i        usable  --                     
/\u_issue_u_regfile_REGFILE.reg_r30_q_reg[27]   leaf_cell  1       -clk_i        usable  --                     
/\u_issue_u_regfile_REGFILE.reg_r30_q_reg[28]   leaf_cell  1       -clk_i        usable  --                     
/\u_issue_u_regfile_REGFILE.reg_r30_q_reg[29]   leaf_cell  1       -clk_i        usable  --                     
/\u_issue_u_regfile_REGFILE.reg_r30_q_reg[30]   leaf_cell  1       -clk_i        usable  --                     
/\u_issue_u_regfile_REGFILE.reg_r30_q_reg[31]   leaf_cell  1       -clk_i        usable  --                     
/\u_issue_u_regfile_REGFILE.reg_r31_q_reg[0]    leaf_cell  1       -clk_i        usable  --                     
/\u_issue_u_regfile_REGFILE.reg_r31_q_reg[1]    leaf_cell  1       -clk_i        usable  --                     
/\u_issue_u_regfile_REGFILE.reg_r31_q_reg[2]    leaf_cell  1       -clk_i        usable  --                     
/\u_issue_u_regfile_REGFILE.reg_r31_q_reg[3]    leaf_cell  1       -clk_i        usable  --                     
/\u_issue_u_regfile_REGFILE.reg_r31_q_reg[4]    leaf_cell  1       -clk_i        usable  --                     
/\u_issue_u_regfile_REGFILE.reg_r31_q_reg[5]    leaf_cell  1       -clk_i        usable  --                     
/\u_issue_u_regfile_REGFILE.reg_r31_q_reg[6]    leaf_cell  1       -clk_i        usable  --                     
/\u_issue_u_regfile_REGFILE.reg_r31_q_reg[7]    leaf_cell  1       -clk_i        usable  --                     
/\u_issue_u_regfile_REGFILE.reg_r31_q_reg[8]    leaf_cell  1       -clk_i        usable  --                     
/\u_issue_u_regfile_REGFILE.reg_r31_q_reg[9]    leaf_cell  1       -clk_i        usable  --                     
/\u_issue_u_regfile_REGFILE.reg_r31_q_reg[10]   leaf_cell  1       -clk_i        usable  --                     
/\u_issue_u_regfile_REGFILE.reg_r31_q_reg[11]   leaf_cell  1       -clk_i        usable  --                     
/\u_issue_u_regfile_REGFILE.reg_r31_q_reg[12]   leaf_cell  1       -clk_i        usable  --                     
/\u_issue_u_regfile_REGFILE.reg_r31_q_reg[13]   leaf_cell  1       -clk_i        usable  --                     
/\u_issue_u_regfile_REGFILE.reg_r31_q_reg[14]   leaf_cell  1       -clk_i        usable  --                     
/\u_issue_u_regfile_REGFILE.reg_r31_q_reg[15]   leaf_cell  1       -clk_i        usable  --                     
/\u_issue_u_regfile_REGFILE.reg_r31_q_reg[16]   leaf_cell  1       -clk_i        usable  --                     
/\u_issue_u_regfile_REGFILE.reg_r31_q_reg[17]   leaf_cell  1       -clk_i        usable  --                     
/\u_issue_u_regfile_REGFILE.reg_r31_q_reg[18]   leaf_cell  1       -clk_i        usable  --                     
/\u_issue_u_regfile_REGFILE.reg_r31_q_reg[19]   leaf_cell  1       -clk_i        usable  --                     
/\u_issue_u_regfile_REGFILE.reg_r31_q_reg[20]   leaf_cell  1       -clk_i        usable  --                     
/\u_issue_u_regfile_REGFILE.reg_r31_q_reg[21]   leaf_cell  1       -clk_i        usable  --                     
/\u_issue_u_regfile_REGFILE.reg_r31_q_reg[22]   leaf_cell  1       -clk_i        usable  --                     
/\u_issue_u_regfile_REGFILE.reg_r31_q_reg[23]   leaf_cell  1       -clk_i        usable  --                     
/\u_issue_u_regfile_REGFILE.reg_r31_q_reg[24]   leaf_cell  1       -clk_i        usable  --                     
/\u_issue_u_regfile_REGFILE.reg_r31_q_reg[25]   leaf_cell  1       -clk_i        usable  --                     
/\u_issue_u_regfile_REGFILE.reg_r31_q_reg[26]   leaf_cell  1       -clk_i        usable  --                     
/\u_issue_u_regfile_REGFILE.reg_r31_q_reg[27]   leaf_cell  1       -clk_i        usable  --                     
/\u_issue_u_regfile_REGFILE.reg_r31_q_reg[28]   leaf_cell  1       -clk_i        usable  --                     
/\u_issue_u_regfile_REGFILE.reg_r31_q_reg[29]   leaf_cell  1       -clk_i        usable  --                     
/\u_issue_u_regfile_REGFILE.reg_r31_q_reg[30]   leaf_cell  1       -clk_i        usable  --                     
/\u_issue_u_regfile_REGFILE.reg_r31_q_reg[31]   leaf_cell  1       -clk_i        usable  --                     
/\u_lsu_mem_addr_q_reg[0]                       leaf_cell  1       +clk_i        usable  --                     
/\u_lsu_mem_addr_q_reg[1]                       leaf_cell  1       +clk_i        usable  --                     
/\u_lsu_mem_addr_q_reg[2]                       leaf_cell  1       +clk_i        usable  --                     
/\u_lsu_mem_addr_q_reg[3]                       leaf_cell  1       +clk_i        usable  --                     
/\u_lsu_mem_addr_q_reg[4]                       leaf_cell  1       +clk_i        usable  --                     
/\u_lsu_mem_addr_q_reg[5]                       leaf_cell  1       +clk_i        usable  --                     
/\u_lsu_mem_addr_q_reg[6]                       leaf_cell  1       +clk_i        usable  --                     
/\u_lsu_mem_addr_q_reg[7]                       leaf_cell  1       +clk_i        usable  --                     
/\u_lsu_mem_addr_q_reg[8]                       leaf_cell  1       +clk_i        usable  --                     
/\u_lsu_mem_addr_q_reg[9]                       leaf_cell  1       +clk_i        usable  --                     
/\u_lsu_mem_addr_q_reg[10]                      leaf_cell  1       +clk_i        usable  --                     
/\u_lsu_mem_addr_q_reg[11]                      leaf_cell  1       +clk_i        usable  --                     
/\u_lsu_mem_addr_q_reg[12]                      leaf_cell  1       +clk_i        usable  --                     
/\u_lsu_mem_addr_q_reg[13]                      leaf_cell  1       +clk_i        usable  --                     
/\u_lsu_mem_addr_q_reg[14]                      leaf_cell  1       +clk_i        usable  --                     
/\u_lsu_mem_addr_q_reg[15]                      leaf_cell  1       +clk_i        usable  --                     
/\u_lsu_mem_addr_q_reg[16]                      leaf_cell  1       +clk_i        usable  --                     
/\u_lsu_mem_addr_q_reg[17]                      leaf_cell  1       +clk_i        usable  --                     
/\u_lsu_mem_addr_q_reg[18]                      leaf_cell  1       +clk_i        usable  --                     
/\u_lsu_mem_addr_q_reg[19]                      leaf_cell  1       +clk_i        usable  --                     
/\u_lsu_mem_addr_q_reg[20]                      leaf_cell  1       +clk_i        usable  --                     
/\u_lsu_mem_addr_q_reg[21]                      leaf_cell  1       +clk_i        usable  --                     
/\u_lsu_mem_addr_q_reg[22]                      leaf_cell  1       +clk_i        usable  --                     
/\u_lsu_mem_addr_q_reg[23]                      leaf_cell  1       +clk_i        usable  --                     
/\u_lsu_mem_addr_q_reg[24]                      leaf_cell  1       +clk_i        usable  --                     
/\u_lsu_mem_addr_q_reg[25]                      leaf_cell  1       +clk_i        usable  --                     
/\u_lsu_mem_addr_q_reg[26]                      leaf_cell  1       +clk_i        usable  --                     
/\u_lsu_mem_addr_q_reg[27]                      leaf_cell  1       +clk_i        usable  --                     
/\u_lsu_mem_addr_q_reg[28]                      leaf_cell  1       +clk_i        usable  --                     
/\u_lsu_mem_addr_q_reg[29]                      leaf_cell  1       +clk_i        usable  --                     
/\u_lsu_mem_addr_q_reg[30]                      leaf_cell  1       +clk_i        usable  --                     
/\u_lsu_mem_addr_q_reg[31]                      leaf_cell  1       +clk_i        usable  --                     
/u_lsu_mem_cacheable_q_reg                      leaf_cell  1       +clk_i        usable  --                     
/\u_lsu_mem_data_wr_q_reg[0]                    leaf_cell  1       +clk_i        usable  --                     
/\u_lsu_mem_data_wr_q_reg[1]                    leaf_cell  1       +clk_i        usable  --                     
/\u_lsu_mem_data_wr_q_reg[2]                    leaf_cell  1       +clk_i        usable  --                     
/\u_lsu_mem_data_wr_q_reg[3]                    leaf_cell  1       +clk_i        usable  --                     
/\u_lsu_mem_data_wr_q_reg[4]                    leaf_cell  1       +clk_i        usable  --                     
/\u_lsu_mem_data_wr_q_reg[5]                    leaf_cell  1       +clk_i        usable  --                     
/\u_lsu_mem_data_wr_q_reg[6]                    leaf_cell  1       +clk_i        usable  --                     
/\u_lsu_mem_data_wr_q_reg[7]                    leaf_cell  1       +clk_i        usable  --                     
/\u_lsu_mem_data_wr_q_reg[8]                    leaf_cell  1       +clk_i        usable  --                     
/\u_lsu_mem_data_wr_q_reg[9]                    leaf_cell  1       +clk_i        usable  --                     
/\u_lsu_mem_data_wr_q_reg[10]                   leaf_cell  1       +clk_i        usable  --                     
/\u_lsu_mem_data_wr_q_reg[11]                   leaf_cell  1       +clk_i        usable  --                     
/\u_lsu_mem_data_wr_q_reg[12]                   leaf_cell  1       +clk_i        usable  --                     
/\u_lsu_mem_data_wr_q_reg[13]                   leaf_cell  1       +clk_i        usable  --                     
/\u_lsu_mem_data_wr_q_reg[14]                   leaf_cell  1       +clk_i        usable  --                     
/\u_lsu_mem_data_wr_q_reg[15]                   leaf_cell  1       +clk_i        usable  --                     
/\u_lsu_mem_data_wr_q_reg[16]                   leaf_cell  1       +clk_i        usable  --                     
/\u_lsu_mem_data_wr_q_reg[17]                   leaf_cell  1       +clk_i        usable  --                     
/\u_lsu_mem_data_wr_q_reg[18]                   leaf_cell  1       +clk_i        usable  --                     
/\u_lsu_mem_data_wr_q_reg[19]                   leaf_cell  1       +clk_i        usable  --                     
/\u_lsu_mem_data_wr_q_reg[20]                   leaf_cell  1       +clk_i        usable  --                     
/\u_lsu_mem_data_wr_q_reg[21]                   leaf_cell  1       +clk_i        usable  --                     
/\u_lsu_mem_data_wr_q_reg[22]                   leaf_cell  1       +clk_i        usable  --                     
/\u_lsu_mem_data_wr_q_reg[23]                   leaf_cell  1       +clk_i        usable  --                     
/\u_lsu_mem_data_wr_q_reg[24]                   leaf_cell  1       +clk_i        usable  --                     
/\u_lsu_mem_data_wr_q_reg[25]                   leaf_cell  1       +clk_i        usable  --                     
/\u_lsu_mem_data_wr_q_reg[26]                   leaf_cell  1       +clk_i        usable  --                     
/\u_lsu_mem_data_wr_q_reg[27]                   leaf_cell  1       +clk_i        usable  --                     
/\u_lsu_mem_data_wr_q_reg[28]                   leaf_cell  1       +clk_i        usable  --                     
/\u_lsu_mem_data_wr_q_reg[29]                   leaf_cell  1       +clk_i        usable  --                     
/\u_lsu_mem_data_wr_q_reg[30]                   leaf_cell  1       +clk_i        usable  --                     
/\u_lsu_mem_data_wr_q_reg[31]                   leaf_cell  1       +clk_i        usable  --                     
/u_lsu_mem_flush_q_reg                          leaf_cell  1       +clk_i        usable  --                     
/u_lsu_mem_invalidate_q_reg                     leaf_cell  1       +clk_i        usable  --                     
/u_lsu_mem_load_q_reg                           leaf_cell  1       +clk_i        usable  --                     
/u_lsu_mem_ls_q_reg                             leaf_cell  1       +clk_i        usable  --                     
/u_lsu_mem_rd_q_reg                             leaf_cell  1       +clk_i        usable  --                     
/u_lsu_mem_unaligned_e1_q_reg                   leaf_cell  1       +clk_i        usable  --                     
/u_lsu_mem_unaligned_e2_q_reg                   leaf_cell  1       +clk_i        usable  --                     
/\u_lsu_mem_wr_q_reg[0]                         leaf_cell  1       +clk_i        usable  --                     
/\u_lsu_mem_wr_q_reg[1]                         leaf_cell  1       +clk_i        usable  --                     
/\u_lsu_mem_wr_q_reg[2]                         leaf_cell  1       +clk_i        usable  --                     
/\u_lsu_mem_wr_q_reg[3]                         leaf_cell  1       +clk_i        usable  --                     
/u_lsu_mem_writeback_q_reg                      leaf_cell  1       +clk_i        usable  --                     
/u_lsu_mem_xb_q_reg                             leaf_cell  1       +clk_i        usable  --                     
/u_lsu_mem_xh_q_reg                             leaf_cell  1       +clk_i        usable  --                     
/u_lsu_pending_lsu_e2_q_reg                     leaf_cell  1       +clk_i        usable  --                     
/\u_lsu_u_lsu_request_count_q_reg[0]            leaf_cell  1       +clk_i        usable  --                     
/\u_lsu_u_lsu_request_count_q_reg[1]            leaf_cell  1       +clk_i        usable  --                     
/\u_lsu_u_lsu_request_ram_q_reg[0][0]           leaf_cell  1       +clk_i        usable  --                     
/\u_lsu_u_lsu_request_ram_q_reg[0][1]           leaf_cell  1       +clk_i        usable  --                     
/\u_lsu_u_lsu_request_ram_q_reg[0][2]           leaf_cell  1       +clk_i        usable  --                     
/\u_lsu_u_lsu_request_ram_q_reg[0][3]           leaf_cell  1       +clk_i        usable  --                     
/\u_lsu_u_lsu_request_ram_q_reg[0][4]           leaf_cell  1       +clk_i        usable  --                     
/\u_lsu_u_lsu_request_ram_q_reg[0][5]           leaf_cell  1       +clk_i        usable  --                     
/\u_lsu_u_lsu_request_ram_q_reg[0][6]           leaf_cell  1       +clk_i        usable  --                     
/\u_lsu_u_lsu_request_ram_q_reg[0][7]           leaf_cell  1       +clk_i        usable  --                     
/\u_lsu_u_lsu_request_ram_q_reg[0][8]           leaf_cell  1       +clk_i        usable  --                     
/\u_lsu_u_lsu_request_ram_q_reg[0][9]           leaf_cell  1       +clk_i        usable  --                     
/\u_lsu_u_lsu_request_ram_q_reg[0][10]          leaf_cell  1       +clk_i        usable  --                     
/\u_lsu_u_lsu_request_ram_q_reg[0][11]          leaf_cell  1       +clk_i        usable  --                     
/\u_lsu_u_lsu_request_ram_q_reg[0][12]          leaf_cell  1       +clk_i        usable  --                     
/\u_lsu_u_lsu_request_ram_q_reg[0][13]          leaf_cell  1       +clk_i        usable  --                     
/\u_lsu_u_lsu_request_ram_q_reg[0][14]          leaf_cell  1       +clk_i        usable  --                     
/\u_lsu_u_lsu_request_ram_q_reg[0][15]          leaf_cell  1       +clk_i        usable  --                     
/\u_lsu_u_lsu_request_ram_q_reg[0][16]          leaf_cell  1       +clk_i        usable  --                     
/\u_lsu_u_lsu_request_ram_q_reg[0][17]          leaf_cell  1       +clk_i        usable  --                     
/\u_lsu_u_lsu_request_ram_q_reg[0][18]          leaf_cell  1       +clk_i        usable  --                     
/\u_lsu_u_lsu_request_ram_q_reg[0][19]          leaf_cell  1       +clk_i        usable  --                     
/\u_lsu_u_lsu_request_ram_q_reg[0][20]          leaf_cell  1       +clk_i        usable  --                     
/\u_lsu_u_lsu_request_ram_q_reg[0][21]          leaf_cell  1       +clk_i        usable  --                     
/\u_lsu_u_lsu_request_ram_q_reg[0][22]          leaf_cell  1       +clk_i        usable  --                     
/\u_lsu_u_lsu_request_ram_q_reg[0][23]          leaf_cell  1       +clk_i        usable  --                     
/\u_lsu_u_lsu_request_ram_q_reg[0][24]          leaf_cell  1       +clk_i        usable  --                     
/\u_lsu_u_lsu_request_ram_q_reg[0][25]          leaf_cell  1       +clk_i        usable  --                     
/\u_lsu_u_lsu_request_ram_q_reg[0][26]          leaf_cell  1       +clk_i        usable  --                     
/\u_lsu_u_lsu_request_ram_q_reg[0][27]          leaf_cell  1       +clk_i        usable  --                     
/\u_lsu_u_lsu_request_ram_q_reg[0][28]          leaf_cell  1       +clk_i        usable  --                     
/\u_lsu_u_lsu_request_ram_q_reg[0][29]          leaf_cell  1       +clk_i        usable  --                     
/\u_lsu_u_lsu_request_ram_q_reg[0][30]          leaf_cell  1       +clk_i        usable  --                     
/\u_lsu_u_lsu_request_ram_q_reg[0][31]          leaf_cell  1       +clk_i        usable  --                     
/\u_lsu_u_lsu_request_ram_q_reg[0][32]          leaf_cell  1       +clk_i        usable  --                     
/\u_lsu_u_lsu_request_ram_q_reg[0][33]          leaf_cell  1       +clk_i        usable  --                     
/\u_lsu_u_lsu_request_ram_q_reg[0][34]          leaf_cell  1       +clk_i        usable  --                     
/\u_lsu_u_lsu_request_ram_q_reg[0][35]          leaf_cell  1       +clk_i        usable  --                     
/\u_lsu_u_lsu_request_ram_q_reg[1][0]           leaf_cell  1       +clk_i        usable  --                     
/\u_lsu_u_lsu_request_ram_q_reg[1][1]           leaf_cell  1       +clk_i        usable  --                     
/\u_lsu_u_lsu_request_ram_q_reg[1][2]           leaf_cell  1       +clk_i        usable  --                     
/\u_lsu_u_lsu_request_ram_q_reg[1][3]           leaf_cell  1       +clk_i        usable  --                     
/\u_lsu_u_lsu_request_ram_q_reg[1][4]           leaf_cell  1       +clk_i        usable  --                     
/\u_lsu_u_lsu_request_ram_q_reg[1][5]           leaf_cell  1       +clk_i        usable  --                     
/\u_lsu_u_lsu_request_ram_q_reg[1][6]           leaf_cell  1       +clk_i        usable  --                     
/\u_lsu_u_lsu_request_ram_q_reg[1][7]           leaf_cell  1       +clk_i        usable  --                     
/\u_lsu_u_lsu_request_ram_q_reg[1][8]           leaf_cell  1       +clk_i        usable  --                     
/\u_lsu_u_lsu_request_ram_q_reg[1][9]           leaf_cell  1       +clk_i        usable  --                     
/\u_lsu_u_lsu_request_ram_q_reg[1][10]          leaf_cell  1       +clk_i        usable  --                     
/\u_lsu_u_lsu_request_ram_q_reg[1][11]          leaf_cell  1       +clk_i        usable  --                     
/\u_lsu_u_lsu_request_ram_q_reg[1][12]          leaf_cell  1       +clk_i        usable  --                     
/\u_lsu_u_lsu_request_ram_q_reg[1][13]          leaf_cell  1       +clk_i        usable  --                     
/\u_lsu_u_lsu_request_ram_q_reg[1][14]          leaf_cell  1       +clk_i        usable  --                     
/\u_lsu_u_lsu_request_ram_q_reg[1][15]          leaf_cell  1       +clk_i        usable  --                     
/\u_lsu_u_lsu_request_ram_q_reg[1][16]          leaf_cell  1       +clk_i        usable  --                     
/\u_lsu_u_lsu_request_ram_q_reg[1][17]          leaf_cell  1       +clk_i        usable  --                     
/\u_lsu_u_lsu_request_ram_q_reg[1][18]          leaf_cell  1       +clk_i        usable  --                     
/\u_lsu_u_lsu_request_ram_q_reg[1][19]          leaf_cell  1       +clk_i        usable  --                     
/\u_lsu_u_lsu_request_ram_q_reg[1][20]          leaf_cell  1       +clk_i        usable  --                     
/\u_lsu_u_lsu_request_ram_q_reg[1][21]          leaf_cell  1       +clk_i        usable  --                     
/\u_lsu_u_lsu_request_ram_q_reg[1][22]          leaf_cell  1       +clk_i        usable  --                     
/\u_lsu_u_lsu_request_ram_q_reg[1][23]          leaf_cell  1       +clk_i        usable  --                     
/\u_lsu_u_lsu_request_ram_q_reg[1][24]          leaf_cell  1       +clk_i        usable  --                     
/\u_lsu_u_lsu_request_ram_q_reg[1][25]          leaf_cell  1       +clk_i        usable  --                     
/\u_lsu_u_lsu_request_ram_q_reg[1][26]          leaf_cell  1       +clk_i        usable  --                     
/\u_lsu_u_lsu_request_ram_q_reg[1][27]          leaf_cell  1       +clk_i        usable  --                     
/\u_lsu_u_lsu_request_ram_q_reg[1][28]          leaf_cell  1       +clk_i        usable  --                     
/\u_lsu_u_lsu_request_ram_q_reg[1][29]          leaf_cell  1       +clk_i        usable  --                     
/\u_lsu_u_lsu_request_ram_q_reg[1][30]          leaf_cell  1       +clk_i        usable  --                     
/\u_lsu_u_lsu_request_ram_q_reg[1][31]          leaf_cell  1       +clk_i        usable  --                     
/\u_lsu_u_lsu_request_ram_q_reg[1][32]          leaf_cell  1       +clk_i        usable  --                     
/\u_lsu_u_lsu_request_ram_q_reg[1][33]          leaf_cell  1       +clk_i        usable  --                     
/\u_lsu_u_lsu_request_ram_q_reg[1][34]          leaf_cell  1       +clk_i        usable  --                     
/\u_lsu_u_lsu_request_ram_q_reg[1][35]          leaf_cell  1       +clk_i        usable  --                     
/\u_lsu_u_lsu_request_rd_ptr_q_reg[0]           leaf_cell  1       +clk_i        usable  --                     
/\u_lsu_u_lsu_request_wr_ptr_q_reg[0]           leaf_cell  1       +clk_i        usable  --                     
/u_mul_mulhi_sel_e1_q_reg                       leaf_cell  1       +clk_i        usable  --                     
/\u_mul_operand_a_e1_q_reg[0]                   leaf_cell  1       +clk_i        usable  --                     
/\u_mul_operand_a_e1_q_reg[1]                   leaf_cell  1       +clk_i        usable  --                     
/\u_mul_operand_a_e1_q_reg[2]                   leaf_cell  1       +clk_i        usable  --                     
/\u_mul_operand_a_e1_q_reg[3]                   leaf_cell  1       +clk_i        usable  --                     
/\u_mul_operand_a_e1_q_reg[4]                   leaf_cell  1       +clk_i        usable  --                     
/\u_mul_operand_a_e1_q_reg[5]                   leaf_cell  1       +clk_i        usable  --                     
/\u_mul_operand_a_e1_q_reg[6]                   leaf_cell  1       +clk_i        usable  --                     
/\u_mul_operand_a_e1_q_reg[7]                   leaf_cell  1       +clk_i        usable  --                     
/\u_mul_operand_a_e1_q_reg[8]                   leaf_cell  1       +clk_i        usable  --                     
/\u_mul_operand_a_e1_q_reg[9]                   leaf_cell  1       +clk_i        usable  --                     
/\u_mul_operand_a_e1_q_reg[10]                  leaf_cell  1       +clk_i        usable  --                     
/\u_mul_operand_a_e1_q_reg[11]                  leaf_cell  1       +clk_i        usable  --                     
/\u_mul_operand_a_e1_q_reg[12]                  leaf_cell  1       +clk_i        usable  --                     
/\u_mul_operand_a_e1_q_reg[13]                  leaf_cell  1       +clk_i        usable  --                     
/\u_mul_operand_a_e1_q_reg[14]                  leaf_cell  1       +clk_i        usable  --                     
/\u_mul_operand_a_e1_q_reg[15]                  leaf_cell  1       +clk_i        usable  --                     
/\u_mul_operand_a_e1_q_reg[16]                  leaf_cell  1       +clk_i        usable  --                     
/\u_mul_operand_a_e1_q_reg[17]                  leaf_cell  1       +clk_i        usable  --                     
/\u_mul_operand_a_e1_q_reg[18]                  leaf_cell  1       +clk_i        usable  --                     
/\u_mul_operand_a_e1_q_reg[19]                  leaf_cell  1       +clk_i        usable  --                     
/\u_mul_operand_a_e1_q_reg[20]                  leaf_cell  1       +clk_i        usable  --                     
/\u_mul_operand_a_e1_q_reg[21]                  leaf_cell  1       +clk_i        usable  --                     
/\u_mul_operand_a_e1_q_reg[22]                  leaf_cell  1       +clk_i        usable  --                     
/\u_mul_operand_a_e1_q_reg[23]                  leaf_cell  1       +clk_i        usable  --                     
/\u_mul_operand_a_e1_q_reg[24]                  leaf_cell  1       +clk_i        usable  --                     
/\u_mul_operand_a_e1_q_reg[25]                  leaf_cell  1       +clk_i        usable  --                     
/\u_mul_operand_a_e1_q_reg[26]                  leaf_cell  1       +clk_i        usable  --                     
/\u_mul_operand_a_e1_q_reg[27]                  leaf_cell  1       +clk_i        usable  --                     
/\u_mul_operand_a_e1_q_reg[28]                  leaf_cell  1       +clk_i        usable  --                     
/\u_mul_operand_a_e1_q_reg[29]                  leaf_cell  1       +clk_i        usable  --                     
/\u_mul_operand_a_e1_q_reg[30]                  leaf_cell  1       +clk_i        usable  --                     
/\u_mul_operand_a_e1_q_reg[31]                  leaf_cell  1       +clk_i        usable  --                     
/\u_mul_operand_a_e1_q_reg[32]                  leaf_cell  1       +clk_i        usable  --                     
/\u_mul_operand_b_e1_q_reg[0]                   leaf_cell  1       +clk_i        usable  --                     
/\u_mul_operand_b_e1_q_reg[1]                   leaf_cell  1       +clk_i        usable  --                     
/\u_mul_operand_b_e1_q_reg[2]                   leaf_cell  1       +clk_i        usable  --                     
/\u_mul_operand_b_e1_q_reg[3]                   leaf_cell  1       +clk_i        usable  --                     
/\u_mul_operand_b_e1_q_reg[4]                   leaf_cell  1       +clk_i        usable  --                     
/\u_mul_operand_b_e1_q_reg[5]                   leaf_cell  1       +clk_i        usable  --                     
/\u_mul_operand_b_e1_q_reg[6]                   leaf_cell  1       +clk_i        usable  --                     
/\u_mul_operand_b_e1_q_reg[7]                   leaf_cell  1       +clk_i        usable  --                     
/\u_mul_operand_b_e1_q_reg[8]                   leaf_cell  1       +clk_i        usable  --                     
/\u_mul_operand_b_e1_q_reg[9]                   leaf_cell  1       +clk_i        usable  --                     
/\u_mul_operand_b_e1_q_reg[10]                  leaf_cell  1       +clk_i        usable  --                     
/\u_mul_operand_b_e1_q_reg[11]                  leaf_cell  1       +clk_i        usable  --                     
/\u_mul_operand_b_e1_q_reg[12]                  leaf_cell  1       +clk_i        usable  --                     
/\u_mul_operand_b_e1_q_reg[13]                  leaf_cell  1       +clk_i        usable  --                     
/\u_mul_operand_b_e1_q_reg[14]                  leaf_cell  1       +clk_i        usable  --                     
/\u_mul_operand_b_e1_q_reg[15]                  leaf_cell  1       +clk_i        usable  --                     
/\u_mul_operand_b_e1_q_reg[16]                  leaf_cell  1       +clk_i        usable  --                     
/\u_mul_operand_b_e1_q_reg[17]                  leaf_cell  1       +clk_i        usable  --                     
/\u_mul_operand_b_e1_q_reg[18]                  leaf_cell  1       +clk_i        usable  --                     
/\u_mul_operand_b_e1_q_reg[19]                  leaf_cell  1       +clk_i        usable  --                     
/\u_mul_operand_b_e1_q_reg[20]                  leaf_cell  1       +clk_i        usable  --                     
/\u_mul_operand_b_e1_q_reg[21]                  leaf_cell  1       +clk_i        usable  --                     
/\u_mul_operand_b_e1_q_reg[22]                  leaf_cell  1       +clk_i        usable  --                     
/\u_mul_operand_b_e1_q_reg[23]                  leaf_cell  1       +clk_i        usable  --                     
/\u_mul_operand_b_e1_q_reg[24]                  leaf_cell  1       +clk_i        usable  --                     
/\u_mul_operand_b_e1_q_reg[25]                  leaf_cell  1       +clk_i        usable  --                     
/\u_mul_operand_b_e1_q_reg[26]                  leaf_cell  1       +clk_i        usable  --                     
/\u_mul_operand_b_e1_q_reg[27]                  leaf_cell  1       +clk_i        usable  --                     
/\u_mul_operand_b_e1_q_reg[28]                  leaf_cell  1       +clk_i        usable  --                     
/\u_mul_operand_b_e1_q_reg[29]                  leaf_cell  1       +clk_i        usable  --                     
/\u_mul_operand_b_e1_q_reg[30]                  leaf_cell  1       +clk_i        usable  --                     
/\u_mul_operand_b_e1_q_reg[31]                  leaf_cell  1       +clk_i        usable  --                     
/\u_mul_operand_b_e1_q_reg[32]                  leaf_cell  1       +clk_i        usable  --                     
/\u_mul_result_e2_q_reg[0]                      leaf_cell  1       +clk_i        usable  --                     
/\u_mul_result_e2_q_reg[1]                      leaf_cell  1       +clk_i        usable  --                     
/\u_mul_result_e2_q_reg[2]                      leaf_cell  1       +clk_i        usable  --                     
/\u_mul_result_e2_q_reg[3]                      leaf_cell  1       +clk_i        usable  --                     
/\u_mul_result_e2_q_reg[4]                      leaf_cell  1       +clk_i        usable  --                     
/\u_mul_result_e2_q_reg[5]                      leaf_cell  1       +clk_i        usable  --                     
/\u_mul_result_e2_q_reg[6]                      leaf_cell  1       +clk_i        usable  --                     
/\u_mul_result_e2_q_reg[7]                      leaf_cell  1       +clk_i        usable  --                     
/\u_mul_result_e2_q_reg[8]                      leaf_cell  1       +clk_i        usable  --                     
/\u_mul_result_e2_q_reg[9]                      leaf_cell  1       +clk_i        usable  --                     
/\u_mul_result_e2_q_reg[10]                     leaf_cell  1       +clk_i        usable  --                     
/\u_mul_result_e2_q_reg[11]                     leaf_cell  1       +clk_i        usable  --                     
/\u_mul_result_e2_q_reg[12]                     leaf_cell  1       +clk_i        usable  --                     
/\u_mul_result_e2_q_reg[13]                     leaf_cell  1       +clk_i        usable  --                     
/\u_mul_result_e2_q_reg[14]                     leaf_cell  1       +clk_i        usable  --                     
/\u_mul_result_e2_q_reg[15]                     leaf_cell  1       +clk_i        usable  --                     
/\u_mul_result_e2_q_reg[16]                     leaf_cell  1       +clk_i        usable  --                     
/\u_mul_result_e2_q_reg[17]                     leaf_cell  1       +clk_i        usable  --                     
/\u_mul_result_e2_q_reg[18]                     leaf_cell  1       +clk_i        usable  --                     
/\u_mul_result_e2_q_reg[19]                     leaf_cell  1       +clk_i        usable  --                     
/\u_mul_result_e2_q_reg[20]                     leaf_cell  1       +clk_i        usable  --                     
/\u_mul_result_e2_q_reg[21]                     leaf_cell  1       +clk_i        usable  --                     
/\u_mul_result_e2_q_reg[22]                     leaf_cell  1       +clk_i        usable  --                     
/\u_mul_result_e2_q_reg[23]                     leaf_cell  1       +clk_i        usable  --                     
/\u_mul_result_e2_q_reg[24]                     leaf_cell  1       +clk_i        usable  --                     
/\u_mul_result_e2_q_reg[25]                     leaf_cell  1       +clk_i        usable  --                     
/\u_mul_result_e2_q_reg[26]                     leaf_cell  1       +clk_i        usable  --                     
/\u_mul_result_e2_q_reg[27]                     leaf_cell  1       +clk_i        usable  --                     
/\u_mul_result_e2_q_reg[28]                     leaf_cell  1       +clk_i        usable  --                     
/\u_mul_result_e2_q_reg[29]                     leaf_cell  1       +clk_i        usable  --                     
/\u_mul_result_e2_q_reg[30]                     leaf_cell  1       +clk_i        usable  --                     
/\u_mul_result_e2_q_reg[31]                     leaf_cell  1       +clk_i        usable  --                     
