 
//  Note: -no_scan_rams   Will invoke FastScan ATPG with PI/PO harness even if ram primitives exist.
//
//  Note: -no_atpg_prims    Will invoke Verilog simulation without ATPG library primitives file included.
//
//  Note: Invoking fastscan with :
//      <mgc_dft_tree>/bin/fastscan  -dof fastscan.do.cat -lib libcomp.atpglib  -load_warnings -sensitive  -model all 
//
//  Warning: Tessent user documentation not found
//  Tessent FastScan  2022.4    Tue Nov 29 21:19:37 GMT 2022
//                Unpublished work. Copyright 2022 Siemens
//
//      This material contains trade secrets or otherwise confidential 
//  information owned by Siemens Industry Software Inc. or its affiliates 
//   (collectively, "SISW"), or its licensors. Access to and use of this 
//     information is strictly limited as set forth in the Customer's 
//                   applicable agreements with SISW. 
//
//  Siemens software executing under x86-64 Linux on Fri May 30 11:48:37 IST 2025.
//  64 bit version
//  Host: APL10.kletech.ac.in (31578 MB RAM, 15983 MB Swap)
//
//  Compiling library  ...
//  Reading DFT Library file libcomp.atpglib
//  Finished reading file libcomp.atpglib
//  Reading Model 'all' ...
//  command: set_dofile_abort off 
//  command: add_input_constraints udp_dff__NOTIFIER -CX
//  command: add_nofaults udp_dff__NOTIFIER
//  command: add_input_constraints udp_tlat__NOTIFIER -CX
//  command: add_nofaults udp_tlat__NOTIFIER
//  command: add_nofaults ANTENNA__A
//  command: set_dofile_abort off
//  command: set_tied_signals X
//  command: set_pattern_type -clock_po off
//  Settings :
//             -SEQuential     0
//             -MULtiple_load  OFF
//  command: set_flat_model_options -remove_unused_library_pins off
//  command: create_flat_model 
//  Warning: Total number of loops broken = 1
//  Warning: Rule FN1 violation occurs 152 times
//  Warning: Rule FN4 violation occurs 152 times
//  Flattening process completed, cell instances=483, gates=3722, PIs=1625, POs=574, CPU time=0.01 sec.
//  ---------------------------------------------------------------------------
//  Begin circuit learning analyses.
//  --------------------------------
//  Learning completed, CPU time=0.00 sec.
//  command: echo "//  Report the post flattened primitive gate types."
//  Report the post flattened primitive gate types. 
//  command: report_gates -type histogram
//  ---------------------------------------------------------------------------
//  List of histogram of gates
//  ---------------------------------------------------------------------------
//  BUF   194        *****
//  INV   435        *************
//  AND   201        ******
//  NAND  98         ***
//  OR    114        ***
//  NOR   83         **
//  XOR   34         *
//  NXOR  6          
//  LA    154        ****
//  PI    1623       **************************************************
//  PO    574        *****************
//  TIE0  38         *
//  TIE1  1          
//  TIEX  5          
//  TSD   10         
//  ZVAL  1          
//  MUX   149        ****
//  PBUS  1          
//  FB_BUF 1          
//  Total gate types = 19, total flatten gates = 3722
//  command: set_z_handling external z
//  command: set_possible_credit 0
//  command: add_black_boxes -auto
//  Warning: Flattened model deleted.
//  command: analyze_control_signals -add_clocks -constrain_pis_that_drive_nothing -nofault_clock_stuck_inactive
//  Warning: Total number of loops broken = 1
//  Warning: Rule FN1 violation occurs 152 times
//  Warning: Rule FN4 violation occurs 152 times
//  Flattening process completed, cell instances=483, gates=3722, PIs=1625, POs=574, CPU time=0.00 sec.
//  ---------------------------------------------------------------------------
//  Begin circuit learning analyses.
//  --------------------------------
//  Learning completed, CPU time=0.00 sec.
//  The following PIs drive nothing and were constrained to C0 :
//    Constrained pin : '/ANTENNA__A' to C0
//  Warning: Flattened model deleted.
//  Warning: Total number of loops broken = 1
//  Warning: Rule FN1 violation occurs 152 times
//  Warning: Rule FN4 violation occurs 152 times
//  Flattening process completed, cell instances=483, gates=3722, PIs=1625, POs=574, CPU time=0.00 sec.
//  ---------------------------------------------------------------------------
//  Begin circuit learning analyses.
//  --------------------------------
//  Learning completed, CPU time=0.00 sec.
//
//  After flattening, "analyze_control_signals -add_clocks" analysis shows that :
//    No RAM primitives exist.  No ram clocks, read controls, or write controls need be added.
//    154 DFF or Latch primitives require analysis for at least one port.
//  Warning: Flattened model deleted.
//  command: report_pin_constraints 
//  Primary Input       C-Type  
//  ------------------  ------  
//  udp_dff__NOTIFIER     CX    
//  udp_tlat__NOTIFIER    CX    
//  ANTENNA__A            CT0   
//  
//  command: report_clocks 
User-defined Clocks (246):
=========================

  Sync and Async Source Clocks
  ============================
   ------------------  ---------  --------  
   Name                Off State  Internal  
   ------------------  ---------  --------  
   'udp_dff__clk'          0         No     
   'udp_dff__clr'          0         No     
   'udp_dff__set'          0         No     
   'udp_tlat__enable'      0         No     
   'udp_tlat__clr'         0         No     
   'udp_tlat__set'         0         No     
   'DFFHQX1__CK'           0         No     
   'DFFHQX2__CK'           0         No     
   'DFFHQX4__CK'           0         No     
   'DFFHQX8__CK'           0         No     
   'DFFNSRX1__CKN'         1         No     
   'DFFNSRX1__RN'          1         No     
   'DFFNSRX1__SN'          1         No     
   'DFFNSRX2__CKN'         1         No     
   'DFFNSRX2__RN'          1         No     
   'DFFNSRX2__SN'          1         No     
   'DFFNSRX4__CKN'         1         No     
   'DFFNSRX4__RN'          1         No     
   'DFFNSRX4__SN'          1         No     
   'DFFNSRXL__CKN'         1         No     
   'DFFNSRXL__RN'          1         No     
   'DFFNSRXL__SN'          1         No     
   'DFFQX1__CK'            0         No     
   'DFFQX2__CK'            0         No     
   'DFFQX4__CK'            0         No     
   'DFFQXL__CK'            0         No     
   'DFFRHQX1__CK'          0         No     
   'DFFRHQX1__RN'          1         No     
   'DFFRHQX2__CK'          0         No     
   'DFFRHQX2__RN'          1         No     
   'DFFRHQX4__CK'          0         No     
   'DFFRHQX4__RN'          1         No     
   'DFFRHQX8__CK'          0         No     
   'DFFRHQX8__RN'          1         No     
   'DFFRX1__CK'            0         No     
   'DFFRX1__RN'            1         No     
   'DFFRX2__CK'            0         No     
   'DFFRX2__RN'            1         No     
   'DFFRX4__CK'            0         No     
   'DFFRX4__RN'            1         No     
   'DFFRXL__CK'            0         No     
   'DFFRXL__RN'            1         No     
   'DFFSHQX1__CK'          0         No     
   'DFFSHQX1__SN'          1         No     
   'DFFSHQX2__CK'          0         No     
   'DFFSHQX2__SN'          1         No     
   'DFFSHQX4__CK'          0         No     
   'DFFSHQX4__SN'          1         No     
   'DFFSHQX8__CK'          0         No     
   'DFFSHQX8__SN'          1         No     
   'DFFSRHQX1__CK'         0         No     
   'DFFSRHQX1__RN'         1         No     
   'DFFSRHQX1__SN'         1         No     
   'DFFSRHQX2__CK'         0         No     
   'DFFSRHQX2__RN'         1         No     
   'DFFSRHQX2__SN'         1         No     
   'DFFSRHQX4__CK'         0         No     
   'DFFSRHQX4__RN'         1         No     
   'DFFSRHQX4__SN'         1         No     
   'DFFSRHQX8__CK'         0         No     
   'DFFSRHQX8__RN'         1         No     
   'DFFSRHQX8__SN'         1         No     
   'DFFSRX1__CK'           0         No     
   'DFFSRX1__RN'           1         No     
   'DFFSRX1__SN'           1         No     
   'DFFSRX2__CK'           0         No     
   'DFFSRX2__RN'           1         No     
   'DFFSRX2__SN'           1         No     
   'DFFSRX4__CK'           0         No     
   'DFFSRX4__RN'           1         No     
   'DFFSRX4__SN'           1         No     
   'DFFSRXL__CK'           0         No     
   'DFFSRXL__RN'           1         No     
   'DFFSRXL__SN'           1         No     
   'DFFSX1__CK'            0         No     
   'DFFSX1__SN'            1         No     
   'DFFSX2__CK'            0         No     
   'DFFSX2__SN'            1         No     
   'DFFSX4__CK'            0         No     
   'DFFSX4__SN'            1         No     
   'DFFSXL__CK'            0         No     
   'DFFSXL__SN'            1         No     
   'DFFTRX1__CK'           0         No     
   'DFFTRX2__CK'           0         No     
   'DFFTRX4__CK'           0         No     
   'DFFTRXL__CK'           0         No     
   'DFFX1__CK'             0         No     
   'DFFX2__CK'             0         No     
   'DFFX4__CK'             0         No     
   'DFFXL__CK'             0         No     
   'EDFFHQX1__CK'          0         No     
   'EDFFHQX2__CK'          0         No     
   'EDFFHQX4__CK'          0         No     
   'EDFFHQX8__CK'          0         No     
   'EDFFTRX1__CK'          0         No     
   'EDFFTRX2__CK'          0         No     
   'EDFFTRX4__CK'          0         No     
   'EDFFTRXL__CK'          0         No     
   'EDFFX1__CK'            0         No     
   'EDFFX2__CK'            0         No     
   'EDFFX4__CK'            0         No     
   'EDFFXL__CK'            0         No     
   'MDFFHQX1__CK'          0         No     
   'MDFFHQX2__CK'          0         No     
   'MDFFHQX4__CK'          0         No     
   'MDFFHQX8__CK'          0         No     
   'SDFFHQX1__CK'          0         No     
   'SDFFHQX2__CK'          0         No     
   'SDFFHQX4__CK'          0         No     
   'SDFFHQX8__CK'          0         No     
   'SDFFNSRX1__CKN'        1         No     
   'SDFFNSRX1__RN'         1         No     
   'SDFFNSRX1__SN'         1         No     
   'SDFFNSRX2__CKN'        1         No     
   'SDFFNSRX2__RN'         1         No     
   'SDFFNSRX2__SN'         1         No     
   'SDFFNSRX4__CKN'        1         No     
   'SDFFNSRX4__RN'         1         No     
   'SDFFNSRX4__SN'         1         No     
   'SDFFNSRXL__CKN'        1         No     
   'SDFFNSRXL__RN'         1         No     
   'SDFFNSRXL__SN'         1         No     
   'SDFFQX1__CK'           0         No     
   'SDFFQX2__CK'           0         No     
   'SDFFQX4__CK'           0         No     
   'SDFFQXL__CK'           0         No     
   'SDFFRHQX1__CK'         0         No     
   'SDFFRHQX1__RN'         1         No     
   'SDFFRHQX2__CK'         0         No     
   'SDFFRHQX2__RN'         1         No     
   'SDFFRHQX4__CK'         0         No     
   'SDFFRHQX4__RN'         1         No     
   'SDFFRHQX8__CK'         0         No     
   'SDFFRHQX8__RN'         1         No     
   'SDFFRX1__CK'           0         No     
   'SDFFRX1__RN'           1         No     
   'SDFFRX2__CK'           0         No     
   'SDFFRX2__RN'           1         No     
   'SDFFRX4__CK'           0         No     
   'SDFFRX4__RN'           1         No     
   'SDFFRXL__CK'           0         No     
   'SDFFRXL__RN'           1         No     
   'SDFFSHQX1__CK'         0         No     
   'SDFFSHQX1__SN'         1         No     
   'SDFFSHQX2__CK'         0         No     
   'SDFFSHQX2__SN'         1         No     
   'SDFFSHQX4__CK'         0         No     
   'SDFFSHQX4__SN'         1         No     
   'SDFFSHQX8__CK'         0         No     
   'SDFFSHQX8__SN'         1         No     
   'SDFFSRHQX1__CK'        0         No     
   'SDFFSRHQX1__RN'        1         No     
   'SDFFSRHQX1__SN'        1         No     
   'SDFFSRHQX2__CK'        0         No     
   'SDFFSRHQX2__RN'        1         No     
   'SDFFSRHQX2__SN'        1         No     
   'SDFFSRHQX4__CK'        0         No     
   'SDFFSRHQX4__RN'        1         No     
   'SDFFSRHQX4__SN'        1         No     
   'SDFFSRHQX8__CK'        0         No     
   'SDFFSRHQX8__RN'        1         No     
   'SDFFSRHQX8__SN'        1         No     
   'SDFFSRX1__CK'          0         No     
   'SDFFSRX1__RN'          1         No     
   'SDFFSRX1__SN'          1         No     
   'SDFFSRX2__CK'          0         No     
   'SDFFSRX2__RN'          1         No     
   'SDFFSRX2__SN'          1         No     
   'SDFFSRX4__CK'          0         No     
   'SDFFSRX4__RN'          1         No     
   'SDFFSRX4__SN'          1         No     
   'SDFFSRXL__CK'          0         No     
   'SDFFSRXL__RN'          1         No     
   'SDFFSRXL__SN'          1         No     
   'SDFFSX1__CK'           0         No     
   'SDFFSX1__SN'           1         No     
   'SDFFSX2__CK'           0         No     
   'SDFFSX2__SN'           1         No     
   'SDFFSX4__CK'           0         No     
   'SDFFSX4__SN'           1         No     
   'SDFFSXL__CK'           0         No     
   'SDFFSXL__SN'           1         No     
   'SDFFTRX1__CK'          0         No     
   'SDFFTRX2__CK'          0         No     
   'SDFFTRX4__CK'          0         No     
   'SDFFTRXL__CK'          0         No     
   'SDFFX1__CK'            0         No     
   'SDFFX2__CK'            0         No     
   'SDFFX4__CK'            0         No     
   'SDFFXL__CK'            0         No     
   'SEDFFHQX1__CK'         0         No     
   'SEDFFHQX2__CK'         0         No     
   'SEDFFHQX4__CK'         0         No     
   'SEDFFHQX8__CK'         0         No     
   'SEDFFTRX1__CK'         0         No     
   'SEDFFTRX2__CK'         0         No     
   'SEDFFTRX4__CK'         0         No     
   'SEDFFTRXL__CK'         0         No     
   'SEDFFX1__CK'           0         No     
   'SEDFFX2__CK'           0         No     
   'SEDFFX4__CK'           0         No     
   'SEDFFXL__CK'           0         No     
   'SMDFFHQX1__CK'         0         No     
   'SMDFFHQX2__CK'         0         No     
   'SMDFFHQX4__CK'         0         No     
   'SMDFFHQX8__CK'         0         No     
   'TLATNCAX12__CK'        1         No     
   'TLATNCAX16__CK'        1         No     
   'TLATNCAX2__CK'         1         No     
   'TLATNCAX20__CK'        1         No     
   'TLATNCAX3__CK'         1         No     
   'TLATNCAX4__CK'         1         No     
   'TLATNCAX6__CK'         1         No     
   'TLATNCAX8__CK'         1         No     
   'TLATNSRX1__SN'         1         No     
   'TLATNSRX2__SN'         1         No     
   'TLATNSRX4__SN'         1         No     
   'TLATNSRXL__SN'         1         No     
   'TLATNTSCAX12__CK'      1         No     
   'TLATNTSCAX16__CK'      1         No     
   'TLATNTSCAX2__CK'       1         No     
   'TLATNTSCAX20__CK'      1         No     
   'TLATNTSCAX3__CK'       1         No     
   'TLATNTSCAX4__CK'       1         No     
   'TLATNTSCAX6__CK'       1         No     
   'TLATNTSCAX8__CK'       1         No     
   'TLATNX1__GN'           1         No     
   'TLATNX2__GN'           1         No     
   'TLATNX4__GN'           1         No     
   'TLATNXL__GN'           1         No     
   'TLATSRX1__SN'          1         No     
   'TLATSRX2__SN'          1         No     
   'TLATSRX4__SN'          1         No     
   'TLATSRXL__SN'          1         No     
   'TLATX1__G'             0         No     
   'TLATX2__G'             0         No     
   'TLATX4__G'             0         No     
   'TLATXL__G'             0         No     
   'TLATNSRX1__GN'         1         No     
   'TLATNSRX2__GN'         1         No     
   'TLATNSRX4__GN'         1         No     
   'TLATNSRXL__GN'         1         No     
   'TLATSRX1__G'           0         No     
   'TLATSRX2__G'           0         No     
   'TLATSRX4__G'           0         No     
   'TLATSRXL__G'           0         No     

//  command: report_write_controls 
//  Warning: No write controls have been identified.
//  command: report_read_controls 
//  Warning: No read controls have been identified.
//  command: set_drc_handling C2 Warning
//  command: set_drc_handling D5 Note
//  command: set_drc_handling D6 Note
//  command: set_drc_handling assert1 Note
//  command: set_drc_handling assert2 Note
//  command: set_drc_handling assert3 Note
//  command: set_pulse_generators off
//  command: set_split_capture_cycle on
//  command: set_clock_off_simulation on
//  command: set_system_mode atpg
//  Warning: Total number of loops broken = 1
//  Warning: Rule FN1 violation occurs 152 times
//  Warning: Rule FN4 violation occurs 152 times
//  Flattening process completed, cell instances=483, gates=3722, PIs=1625, POs=574, CPU time=0.00 sec.
//  ---------------------------------------------------------------------------
//  Begin circuit learning analyses.
//  --------------------------------
//  Learning completed, CPU time=0.00 sec.
//  ---------------------------------------------------------------------------
//  Begin scan chain identification process, memory elements = 154.
//  ---------------------------------------------------------------------------
//  ---------------------------------------------------------------------------
//  Begin transparent latch checking for 33 latches.
//  ---------------------------------------------------------------------------
//  33 latches not transparent due to all clocks off. (D6)
//  Number transparent latches = 0.
//  ---------------------------------------------------------------------------
//  Begin scan clock rules checking.
//  ---------------------------------------------------------------------------
//  246 scan clock/set/reset lines have been identified.
//  All scan clocks successfully passed off-state check.
//  154 sequential cells passed clock stability checking.
//  Warning: 16 PO(s) are connected to a clock line. (C8)
//  Warning: 16 POs are connected to a clock line gated by scan cell that uses same clock. (C9)
//  ---------------------------------------------------------------------------
//  154 non-scan memory elements are identified.
//  ---------------------------------------------------------------------------
//  154 non-scan memory elements are identified as INIT-X. (D5)
//  ---------------------------------------------------------------------------
//  largest sequential test depth = 2, largest controllability depth = 1, largest observability depth = 1
//  largest test depth is on '/EDFFHQX1/mlc_inv_1/' (2569) (control = 1, observe = 1)
//  command: echo ""
 
//  command: echo ""
 
//  command: echo "*** ASSERT VIOLATIONS ***"
*** ASSERT VIOLATIONS *** 
//  command: report_drc_rules assert1 -verbose
//  command: report_drc_rules assert2 -verbose
//  command: report_drc_rules assert3 -verbose
//  command: echo ""
 
//  command: echo ""
 
//  command: echo "*** CLOCK VIOLATIONS ***"
*** CLOCK VIOLATIONS *** 
//  command: report_drc_rules C2 -verbose
//  command: report_drc_rules C7 -verbose
//  command: echo ""
 
//  command: echo ""
 
//  command: echo "*** MEMORY VIOLATIONS ***"
*** MEMORY VIOLATIONS *** 
//  command: echo "Following violations due to control off analysis."
Following violations due to control off analysis. 
//  command: echo "Report write ports not controlled when write controls all off."
Report write ports not controlled when write controls all off. 
//  command: report_drc_rules A1 -verbose
//  command: echo "Report read ports with Hold not controlled when read controls all off."
Report read ports with Hold not controlled when read controls all off. 
//  command: report_drc_rules A7 -verbose
//  command: echo "Following violations due to load_unload procedure analysis."
Following violations due to load_unload procedure analysis. 
//  command: echo "Report write ports and Hold read ports not controlled before shift."
Report write ports and Hold read ports not controlled before shift. 
//  command: report_drc_rules A6 -verbose
//  command: echo "Following violations due to unobservable rams."
Following violations due to unobservable rams. 
//  command: report_drc_rules A14 -verbose
//  command: echo "Following violations due to read controls constrained inactive."
Following violations due to read controls constrained inactive. 
//  command: report_drc_rules A15 -verbose
//  command: echo "Following violations due to write controls constrained inactive."
Following violations due to write controls constrained inactive. 
//  command: report_drc_rules A16 -verbose
//  command: echo "Following reports all Unstable RAM ports. ROM ports are always stable."
Following reports all Unstable RAM ports. ROM ports are always stable. 
//  command: report_gates -type ram -unstable
//  ---------------------------------------------------------------------------
//  List of RAM (Unstable) gates
//  ---------------------------------------------------------------------------
//  Total number of ram gates reported = 0

//  command: set_pattern_type -sequential 5 -multiple_load on
//  Settings :
//             -SEQuential     5
//             -MULtiple_load  ON
//  command: set_abort_limit 500
//  command: add_faults -all
//  command: delete_faults -cl ti
//  Note: 2 collapsed faults were deleted.
//  command: delete_faults -clock_cone
//  command: set_contention_check on -atpg
//  command: create_patterns 
// | ------------------------------------------------------------------------------------------------------------------ |
// |                                             Analyzing the design                                                   |
// |                                                                                                                    |
// |      Current clock restriction setting:     Domain_clock (edge interaction)                                        |
// |                                             (optimal)                                                              |
// |                                                                                                                    |
// |       Current contention check setting:     On -atpg                                                               |
// |                                Warning:     ATPG run time may increase.                                            |
// |                                                                                                                    |
// |            Current abort limit setting:     500                                                                    |
// | ------------------------------------------------------------------------------------------------------------------ |
// |                                                                                                                    |
// |               Current sequential depth:     5                                                                      |
// |               Optimal sequential depth:     3                                                                      |
// |                                Warning:     Unnecessarily large depth may increase run time.                       |
// |                                                                                                                    |
// | ------------------------------------------------------------------------------------------------------------------ |
//  ------------------------------------------------------------------------
//  Simulation performed for #gates = 3722  #faults = 7960
//  system mode = ATPG    pattern source = internal patterns
//  ------------------------------------------------------------------------
//  #patterns  test      #faults  #faults    # eff.    # test         process      RE/AU/AAB
//  simulated  coverage  in list  detected   patterns  patterns       CPU time
//   ---        ------      ---       ---      ---       ---          0.29 sec     0/16/0
//   61         99.77%        2      7942       61        61          0.30 sec
//  16 faults were identified as detected by implication.

              Statistics Report             
               Stuck-at Faults              
--------------------------------------------
Fault Classes                     #faults   
                                  (total)   
----------------------------  --------------
  FU (full)                        7960     
  --------------------------  --------------
  UO (unobserved)                 2 ( 0.03%)
  DS (det_simulation)          7942 (99.77%)
  DI (det_implication)           16 ( 0.20%)
--------------------------------------------
Fault Sub-classes                           
  --------------------------                
  UC+UO                                     
    UNS   (unsuccess)             2 ( 0.03%)
--------------------------------------------
Coverage                                    
  --------------------------                
  test_coverage                      99.97% 
  fault_coverage                     99.97% 
  atpg_effectiveness                 99.97% 
--------------------------------------------
#test_patterns                           61 
  #basic_patterns                        27 
  #clock_sequential_patterns             34 
#simulated_patterns                      61 
CPU_time (secs)                         1.2 
--------------------------------------------

//  command: reset_au_faults 
//  command: update_implication_detections 
//  command: run 
//  Note: The "create_patterns" command is usually preferred over the "run"
//        command for test pattern generation and typically provides
//        significantly better results.
//  ------------------------------------------------------------------------
//  Simulation performed for #gates = 3722  #faults = 2
//  system mode = ATPG    pattern source = internal patterns
//  ------------------------------------------------------------------------
//  #patterns  test      #faults  #faults    # eff.    # test         process      RE/AU/AAB
//  simulated  coverage  in list  detected   patterns  patterns       CPU time
//  begin random patterns: capture clock = '/udp_dff__clk', observe point = MASTER
//  begin random patterns: capture clock = '/udp_dff__clr', observe point = MASTER
//  begin random patterns: capture clock = '/udp_dff__set', observe point = MASTER
//  begin random patterns: capture clock = '/udp_tlat__enable', observe point = MASTER
//  begin random patterns: capture clock = '/udp_tlat__clr', observe point = MASTER
//  begin random patterns: capture clock = '/udp_tlat__set', observe point = MASTER
//  begin random patterns: capture clock = '/DFFHQX1__CK', observe point = MASTER
//  begin random patterns: capture clock = '/DFFHQX2__CK', observe point = MASTER
//  begin random patterns: capture clock = '/DFFHQX4__CK', observe point = MASTER
//  begin random patterns: capture clock = '/DFFHQX8__CK', observe point = MASTER
//  begin random patterns: capture clock = '/DFFNSRX1__CKN', observe point = MASTER
//  begin random patterns: capture clock = '/DFFNSRX1__RN', observe point = MASTER
//  begin random patterns: capture clock = '/DFFNSRX1__SN', observe point = MASTER
//  begin random patterns: capture clock = '/DFFNSRX2__CKN', observe point = MASTER
//  begin random patterns: capture clock = '/DFFNSRX2__RN', observe point = MASTER
//  begin random patterns: capture clock = '/DFFNSRX2__SN', observe point = MASTER
//  begin random patterns: capture clock = '/DFFNSRX4__CKN', observe point = MASTER
//  begin random patterns: capture clock = '/DFFNSRX4__RN', observe point = MASTER
//  begin random patterns: capture clock = '/DFFNSRX4__SN', observe point = MASTER
//  begin random patterns: capture clock = '/DFFNSRXL__CKN', observe point = MASTER
//  begin random patterns: capture clock = '/DFFNSRXL__RN', observe point = MASTER
//  begin random patterns: capture clock = '/DFFNSRXL__SN', observe point = MASTER
//  begin random patterns: capture clock = '/DFFQX1__CK', observe point = MASTER
//  begin random patterns: capture clock = '/DFFQX2__CK', observe point = MASTER
//  begin random patterns: capture clock = '/DFFQX4__CK', observe point = MASTER
//  begin random patterns: capture clock = '/DFFQXL__CK', observe point = MASTER
//  begin random patterns: capture clock = '/DFFRHQX1__CK', observe point = MASTER
//  begin random patterns: capture clock = '/DFFRHQX1__RN', observe point = MASTER
//  begin random patterns: capture clock = '/DFFRHQX2__CK', observe point = MASTER
//  begin random patterns: capture clock = '/DFFRHQX2__RN', observe point = MASTER
//  begin random patterns: capture clock = '/DFFRHQX4__CK', observe point = MASTER
//  begin random patterns: capture clock = '/DFFRHQX4__RN', observe point = MASTER
//  begin random patterns: capture clock = '/DFFRHQX8__CK', observe point = MASTER
//  begin random patterns: capture clock = '/DFFRHQX8__RN', observe point = MASTER
//  begin random patterns: capture clock = '/DFFRX1__CK', observe point = MASTER
//  begin random patterns: capture clock = '/DFFRX1__RN', observe point = MASTER
//  begin random patterns: capture clock = '/DFFRX2__CK', observe point = MASTER
//  begin random patterns: capture clock = '/DFFRX2__RN', observe point = MASTER
//  begin random patterns: capture clock = '/DFFRX4__CK', observe point = MASTER
//  begin random patterns: capture clock = '/DFFRX4__RN', observe point = MASTER
//  begin random patterns: capture clock = '/DFFRXL__CK', observe point = MASTER
//  begin random patterns: capture clock = '/DFFRXL__RN', observe point = MASTER
//  begin random patterns: capture clock = '/DFFSHQX1__CK', observe point = MASTER
//  begin random patterns: capture clock = '/DFFSHQX1__SN', observe point = MASTER
//  begin random patterns: capture clock = '/DFFSHQX2__CK', observe point = MASTER
//  begin random patterns: capture clock = '/DFFSHQX2__SN', observe point = MASTER
//  begin random patterns: capture clock = '/DFFSHQX4__CK', observe point = MASTER
//  begin random patterns: capture clock = '/DFFSHQX4__SN', observe point = MASTER
//  begin random patterns: capture clock = '/DFFSHQX8__CK', observe point = MASTER
//  begin random patterns: capture clock = '/DFFSHQX8__SN', observe point = MASTER
//  begin random patterns: capture clock = '/DFFSRHQX1__CK', observe point = MASTER
//  begin random patterns: capture clock = '/DFFSRHQX1__RN', observe point = MASTER
//  begin random patterns: capture clock = '/DFFSRHQX1__SN', observe point = MASTER
//  begin random patterns: capture clock = '/DFFSRHQX2__CK', observe point = MASTER
//  begin random patterns: capture clock = '/DFFSRHQX2__RN', observe point = MASTER
//  begin random patterns: capture clock = '/DFFSRHQX2__SN', observe point = MASTER
//  begin random patterns: capture clock = '/DFFSRHQX4__CK', observe point = MASTER
//  begin random patterns: capture clock = '/DFFSRHQX4__RN', observe point = MASTER
//  begin random patterns: capture clock = '/DFFSRHQX4__SN', observe point = MASTER
//  begin random patterns: capture clock = '/DFFSRHQX8__CK', observe point = MASTER
//  begin random patterns: capture clock = '/DFFSRHQX8__RN', observe point = MASTER
//  begin random patterns: capture clock = '/DFFSRHQX8__SN', observe point = MASTER
//  begin random patterns: capture clock = '/DFFSRX1__CK', observe point = MASTER
//  begin random patterns: capture clock = '/DFFSRX1__RN', observe point = MASTER
//  begin random patterns: capture clock = '/DFFSRX1__SN', observe point = MASTER
//  begin random patterns: capture clock = '/DFFSRX2__CK', observe point = MASTER
//  begin random patterns: capture clock = '/DFFSRX2__RN', observe point = MASTER
//  begin random patterns: capture clock = '/DFFSRX2__SN', observe point = MASTER
//  begin random patterns: capture clock = '/DFFSRX4__CK', observe point = MASTER
//  begin random patterns: capture clock = '/DFFSRX4__RN', observe point = MASTER
//  begin random patterns: capture clock = '/DFFSRX4__SN', observe point = MASTER
//  begin random patterns: capture clock = '/DFFSRXL__CK', observe point = MASTER
//  begin random patterns: capture clock = '/DFFSRXL__RN', observe point = MASTER
//  begin random patterns: capture clock = '/DFFSRXL__SN', observe point = MASTER
//  begin random patterns: capture clock = '/DFFSX1__CK', observe point = MASTER
//  begin random patterns: capture clock = '/DFFSX1__SN', observe point = MASTER
//  begin random patterns: capture clock = '/DFFSX2__CK', observe point = MASTER
//  begin random patterns: capture clock = '/DFFSX2__SN', observe point = MASTER
//  begin random patterns: capture clock = '/DFFSX4__CK', observe point = MASTER
//  begin random patterns: capture clock = '/DFFSX4__SN', observe point = MASTER
//  begin random patterns: capture clock = '/DFFSXL__CK', observe point = MASTER
//  begin random patterns: capture clock = '/DFFSXL__SN', observe point = MASTER
//  begin random patterns: capture clock = '/DFFTRX1__CK', observe point = MASTER
//  begin random patterns: capture clock = '/DFFTRX2__CK', observe point = MASTER
//  begin random patterns: capture clock = '/DFFTRX4__CK', observe point = MASTER
//  begin random patterns: capture clock = '/DFFTRXL__CK', observe point = MASTER
//  begin random patterns: capture clock = '/DFFX1__CK', observe point = MASTER
//  begin random patterns: capture clock = '/DFFX2__CK', observe point = MASTER
//  begin random patterns: capture clock = '/DFFX4__CK', observe point = MASTER
//  begin random patterns: capture clock = '/DFFXL__CK', observe point = MASTER
//  begin random patterns: capture clock = '/EDFFHQX1__CK', observe point = MASTER
//  begin random patterns: capture clock = '/EDFFHQX2__CK', observe point = MASTER
//  begin random patterns: capture clock = '/EDFFHQX4__CK', observe point = MASTER
//  begin random patterns: capture clock = '/EDFFHQX8__CK', observe point = MASTER
//  begin random patterns: capture clock = '/EDFFTRX1__CK', observe point = MASTER
//  begin random patterns: capture clock = '/EDFFTRX2__CK', observe point = MASTER
//  begin random patterns: capture clock = '/EDFFTRX4__CK', observe point = MASTER
//  begin random patterns: capture clock = '/EDFFTRXL__CK', observe point = MASTER
//  begin random patterns: capture clock = '/EDFFX1__CK', observe point = MASTER
//  begin random patterns: capture clock = '/EDFFX2__CK', observe point = MASTER
//  begin random patterns: capture clock = '/EDFFX4__CK', observe point = MASTER
//  begin random patterns: capture clock = '/EDFFXL__CK', observe point = MASTER
//  begin random patterns: capture clock = '/MDFFHQX1__CK', observe point = MASTER
//  begin random patterns: capture clock = '/MDFFHQX2__CK', observe point = MASTER
//  begin random patterns: capture clock = '/MDFFHQX4__CK', observe point = MASTER
//  begin random patterns: capture clock = '/MDFFHQX8__CK', observe point = MASTER
//  begin random patterns: capture clock = '/SDFFHQX1__CK', observe point = MASTER
//  begin random patterns: capture clock = '/SDFFHQX2__CK', observe point = MASTER
//  begin random patterns: capture clock = '/SDFFHQX4__CK', observe point = MASTER
//  begin random patterns: capture clock = '/SDFFHQX8__CK', observe point = MASTER
//  begin random patterns: capture clock = '/SDFFNSRX1__CKN', observe point = MASTER
//  begin random patterns: capture clock = '/SDFFNSRX1__RN', observe point = MASTER
//  begin random patterns: capture clock = '/SDFFNSRX1__SN', observe point = MASTER
//  begin random patterns: capture clock = '/SDFFNSRX2__CKN', observe point = MASTER
//  begin random patterns: capture clock = '/SDFFNSRX2__RN', observe point = MASTER
//  begin random patterns: capture clock = '/SDFFNSRX2__SN', observe point = MASTER
//  begin random patterns: capture clock = '/SDFFNSRX4__CKN', observe point = MASTER
//  begin random patterns: capture clock = '/SDFFNSRX4__RN', observe point = MASTER
//  begin random patterns: capture clock = '/SDFFNSRX4__SN', observe point = MASTER
//  begin random patterns: capture clock = '/SDFFNSRXL__CKN', observe point = MASTER
//  begin random patterns: capture clock = '/SDFFNSRXL__RN', observe point = MASTER
//  begin random patterns: capture clock = '/SDFFNSRXL__SN', observe point = MASTER
//  begin random patterns: capture clock = '/SDFFQX1__CK', observe point = MASTER
//  begin random patterns: capture clock = '/SDFFQX2__CK', observe point = MASTER
//  begin random patterns: capture clock = '/SDFFQX4__CK', observe point = MASTER
//  begin random patterns: capture clock = '/SDFFQXL__CK', observe point = MASTER
//  begin random patterns: capture clock = '/SDFFRHQX1__CK', observe point = MASTER
//  begin random patterns: capture clock = '/SDFFRHQX1__RN', observe point = MASTER
//  begin random patterns: capture clock = '/SDFFRHQX2__CK', observe point = MASTER
//  begin random patterns: capture clock = '/SDFFRHQX2__RN', observe point = MASTER
//  begin random patterns: capture clock = '/SDFFRHQX4__CK', observe point = MASTER
//  begin random patterns: capture clock = '/SDFFRHQX4__RN', observe point = MASTER
//  begin random patterns: capture clock = '/SDFFRHQX8__CK', observe point = MASTER
//  begin random patterns: capture clock = '/SDFFRHQX8__RN', observe point = MASTER
//  begin random patterns: capture clock = '/SDFFRX1__CK', observe point = MASTER
//  begin random patterns: capture clock = '/SDFFRX1__RN', observe point = MASTER
//  begin random patterns: capture clock = '/SDFFRX2__CK', observe point = MASTER
//  begin random patterns: capture clock = '/SDFFRX2__RN', observe point = MASTER
//  begin random patterns: capture clock = '/SDFFRX4__CK', observe point = MASTER
//  begin random patterns: capture clock = '/SDFFRX4__RN', observe point = MASTER
//  begin random patterns: capture clock = '/SDFFRXL__CK', observe point = MASTER
//  begin random patterns: capture clock = '/SDFFRXL__RN', observe point = MASTER
//  begin random patterns: capture clock = '/SDFFSHQX1__CK', observe point = MASTER
//  begin random patterns: capture clock = '/SDFFSHQX1__SN', observe point = MASTER
//  begin random patterns: capture clock = '/SDFFSHQX2__CK', observe point = MASTER
//  begin random patterns: capture clock = '/SDFFSHQX2__SN', observe point = MASTER
//  begin random patterns: capture clock = '/SDFFSHQX4__CK', observe point = MASTER
//  begin random patterns: capture clock = '/SDFFSHQX4__SN', observe point = MASTER
//  begin random patterns: capture clock = '/SDFFSHQX8__CK', observe point = MASTER
//  begin random patterns: capture clock = '/SDFFSHQX8__SN', observe point = MASTER
//  begin random patterns: capture clock = '/SDFFSRHQX1__CK', observe point = MASTER
//  begin random patterns: capture clock = '/SDFFSRHQX1__RN', observe point = MASTER
//  begin random patterns: capture clock = '/SDFFSRHQX1__SN', observe point = MASTER
//  begin random patterns: capture clock = '/SDFFSRHQX2__CK', observe point = MASTER
//  begin random patterns: capture clock = '/SDFFSRHQX2__RN', observe point = MASTER
//  begin random patterns: capture clock = '/SDFFSRHQX2__SN', observe point = MASTER
//  begin random patterns: capture clock = '/SDFFSRHQX4__CK', observe point = MASTER
//  begin random patterns: capture clock = '/SDFFSRHQX4__RN', observe point = MASTER
//  begin random patterns: capture clock = '/SDFFSRHQX4__SN', observe point = MASTER
//  begin random patterns: capture clock = '/SDFFSRHQX8__CK', observe point = MASTER
//  begin random patterns: capture clock = '/SDFFSRHQX8__RN', observe point = MASTER
//  begin random patterns: capture clock = '/SDFFSRHQX8__SN', observe point = MASTER
//  begin random patterns: capture clock = '/SDFFSRX1__CK', observe point = MASTER
//  begin random patterns: capture clock = '/SDFFSRX1__RN', observe point = MASTER
//  begin random patterns: capture clock = '/SDFFSRX1__SN', observe point = MASTER
//  begin random patterns: capture clock = '/SDFFSRX2__CK', observe point = MASTER
//  begin random patterns: capture clock = '/SDFFSRX2__RN', observe point = MASTER
//  begin random patterns: capture clock = '/SDFFSRX2__SN', observe point = MASTER
//  begin random patterns: capture clock = '/SDFFSRX4__CK', observe point = MASTER
//  begin random patterns: capture clock = '/SDFFSRX4__RN', observe point = MASTER
//  begin random patterns: capture clock = '/SDFFSRX4__SN', observe point = MASTER
//  begin random patterns: capture clock = '/SDFFSRXL__CK', observe point = MASTER
//  begin random patterns: capture clock = '/SDFFSRXL__RN', observe point = MASTER
//  begin random patterns: capture clock = '/SDFFSRXL__SN', observe point = MASTER
//  begin random patterns: capture clock = '/SDFFSX1__CK', observe point = MASTER
//  begin random patterns: capture clock = '/SDFFSX1__SN', observe point = MASTER
//  begin random patterns: capture clock = '/SDFFSX2__CK', observe point = MASTER
//  begin random patterns: capture clock = '/SDFFSX2__SN', observe point = MASTER
//  begin random patterns: capture clock = '/SDFFSX4__CK', observe point = MASTER
//  begin random patterns: capture clock = '/SDFFSX4__SN', observe point = MASTER
//  begin random patterns: capture clock = '/SDFFSXL__CK', observe point = MASTER
//  begin random patterns: capture clock = '/SDFFSXL__SN', observe point = MASTER
//  begin random patterns: capture clock = '/SDFFTRX1__CK', observe point = MASTER
//  begin random patterns: capture clock = '/SDFFTRX2__CK', observe point = MASTER
//  begin random patterns: capture clock = '/SDFFTRX4__CK', observe point = MASTER
//  begin random patterns: capture clock = '/SDFFTRXL__CK', observe point = MASTER
//  begin random patterns: capture clock = '/SDFFX1__CK', observe point = MASTER
//  begin random patterns: capture clock = '/SDFFX2__CK', observe point = MASTER
//  begin random patterns: capture clock = '/SDFFX4__CK', observe point = MASTER
//  begin random patterns: capture clock = '/SDFFXL__CK', observe point = MASTER
//  begin random patterns: capture clock = '/SEDFFHQX1__CK', observe point = MASTER
//  begin random patterns: capture clock = '/SEDFFHQX2__CK', observe point = MASTER
//  begin random patterns: capture clock = '/SEDFFHQX4__CK', observe point = MASTER
//  begin random patterns: capture clock = '/SEDFFHQX8__CK', observe point = MASTER
//  begin random patterns: capture clock = '/SEDFFTRX1__CK', observe point = MASTER
//  begin random patterns: capture clock = '/SEDFFTRX2__CK', observe point = MASTER
//  begin random patterns: capture clock = '/SEDFFTRX4__CK', observe point = MASTER
//  begin random patterns: capture clock = '/SEDFFTRXL__CK', observe point = MASTER
//  begin random patterns: capture clock = '/SEDFFX1__CK', observe point = MASTER
//  begin random patterns: capture clock = '/SEDFFX2__CK', observe point = MASTER
//  begin random patterns: capture clock = '/SEDFFX4__CK', observe point = MASTER
//  begin random patterns: capture clock = '/SEDFFXL__CK', observe point = MASTER
//  begin random patterns: capture clock = '/SMDFFHQX1__CK', observe point = MASTER
//  begin random patterns: capture clock = '/SMDFFHQX2__CK', observe point = MASTER
//  begin random patterns: capture clock = '/SMDFFHQX4__CK', observe point = MASTER
//  begin random patterns: capture clock = '/SMDFFHQX8__CK', observe point = MASTER
//  begin random patterns: capture clock = '/TLATNCAX12__CK', observe point = MASTER
//  begin random patterns: capture clock = '/TLATNCAX16__CK', observe point = MASTER
//  begin random patterns: capture clock = '/TLATNCAX2__CK', observe point = MASTER
//  begin random patterns: capture clock = '/TLATNCAX20__CK', observe point = MASTER
//  begin random patterns: capture clock = '/TLATNCAX3__CK', observe point = MASTER
//  begin random patterns: capture clock = '/TLATNCAX4__CK', observe point = MASTER
//  begin random patterns: capture clock = '/TLATNCAX6__CK', observe point = MASTER
//  begin random patterns: capture clock = '/TLATNCAX8__CK', observe point = MASTER
//  begin random patterns: capture clock = '/TLATNSRX1__GN', observe point = MASTER
//  begin random patterns: capture clock = '/TLATNSRX1__SN', observe point = MASTER
//  begin random patterns: capture clock = '/TLATNSRX2__GN', observe point = MASTER
//  begin random patterns: capture clock = '/TLATNSRX2__SN', observe point = MASTER
//  begin random patterns: capture clock = '/TLATNSRX4__GN', observe point = MASTER
//  begin random patterns: capture clock = '/TLATNSRX4__SN', observe point = MASTER
//  begin random patterns: capture clock = '/TLATNSRXL__GN', observe point = MASTER
//  begin random patterns: capture clock = '/TLATNSRXL__SN', observe point = MASTER
//  begin random patterns: capture clock = '/TLATNTSCAX12__CK', observe point = MASTER
//  begin random patterns: capture clock = '/TLATNTSCAX16__CK', observe point = MASTER
//  begin random patterns: capture clock = '/TLATNTSCAX2__CK', observe point = MASTER
//  begin random patterns: capture clock = '/TLATNTSCAX20__CK', observe point = MASTER
//  begin random patterns: capture clock = '/TLATNTSCAX3__CK', observe point = MASTER
//  begin random patterns: capture clock = '/TLATNTSCAX4__CK', observe point = MASTER
//  begin random patterns: capture clock = '/TLATNTSCAX6__CK', observe point = MASTER
//  begin random patterns: capture clock = '/TLATNTSCAX8__CK', observe point = MASTER
//  begin random patterns: capture clock = '/TLATNX1__GN', observe point = MASTER
//  begin random patterns: capture clock = '/TLATNX2__GN', observe point = MASTER
//  begin random patterns: capture clock = '/TLATNX4__GN', observe point = MASTER
//  begin random patterns: capture clock = '/TLATNXL__GN', observe point = MASTER
//  begin random patterns: capture clock = '/TLATSRX1__G', observe point = MASTER
//  begin random patterns: capture clock = '/TLATSRX1__SN', observe point = MASTER
//  begin random patterns: capture clock = '/TLATSRX2__G', observe point = MASTER
//  begin random patterns: capture clock = '/TLATSRX2__SN', observe point = MASTER
//  begin random patterns: capture clock = '/TLATSRX4__G', observe point = MASTER
//  begin random patterns: capture clock = '/TLATSRX4__SN', observe point = MASTER
//  begin random patterns: capture clock = '/TLATSRXL__G', observe point = MASTER
//  begin random patterns: capture clock = '/TLATSRXL__SN', observe point = MASTER
//  begin random patterns: capture clock = '/TLATX1__G', observe point = MASTER
//  begin random patterns: capture clock = '/TLATX2__G', observe point = MASTER
//  begin random patterns: capture clock = '/TLATX4__G', observe point = MASTER
//  begin random patterns: capture clock = '/TLATXL__G', observe point = MASTER
//  begin random patterns: capture clock = none, observe point = REG_PO
//  deterministic ATPG invoked with abort limit = 500
//   ---        ------      ---       ---      ---       ---          0.08 sec     0/0/0
//  command: delete_faults -cl re
//  Warning: No faults were deleted.
//  command: compress_patterns -reset_au
//  ------------------------------------------------------------------------
//  Pass#1: reverse pattern compression performed for 7944 faults on 61 patterns
//  ------------------------------------------------------------------------
//  #patterns  test      #faults  #faults    # eff.    # test         process 
//  simulated  coverage  in list  detected   patterns  patterns       CPU time
//   61         99.97%        2      7942       61        61          0.01 sec
//  command: report_environment 
abort limit =             500
atpg compression =        OFF
atpg limits =             none
bist initialization =     X
bus simulation method =   global
capture clock =           none
checkpoint =              OFF
clock restriction =       domain_clocks (same-edge interaction)
clock_off simulation =    ON
contention check =        ON,   mode = bus,   handling = warning   -atpg
DRC transient detection = ON -NOVerbose
fails report =            OFF
fault mode =              uncollapsed
fault type =              stuck
gate level =              design
gate report =             normal
iddq checks =             none,   handling = warning
iddq strobe =             label
learn reporting =         OFF
logfile handling =        OFF
net dominance =           WIRE
net resolution =          WIRE
observation point =       master
pattern classification =  ON
pattern source =          internal
pattern type =            sequential_depth = 5,  multiple_load = ON
possible credit =         0%
pulse generators =        OFF
RAM initialization =      uninitialized
RAM test mode   =         static_pass_thru
random atpg =             ON
random clocks =           none
random patterns =         1024
screen display =          ON
shadow checking =         ON
skew load =               OFF
split capture cycle =     ON
stability check =         ON
system mode =             atpg
TLA loop handling =       ON
trace report =            OFF
Z handling =              int=X  ext=Z
Zhold behavior =          ON
//  command: echo " "
  
//  command: echo " "
  
//  command: echo "// *** FINAL COVERAGE STATISTICS ***"
// *** FINAL COVERAGE STATISTICS *** 
//  command: report_statistics 
              Statistics Report             
               Stuck-at Faults              
--------------------------------------------
Fault Classes                     #faults   
                                  (total)   
----------------------------  --------------
  FU (full)                        7960     
  --------------------------  --------------
  UO (unobserved)                 2 ( 0.03%)
  DS (det_simulation)          7942 (99.77%)
  DI (det_implication)           16 ( 0.20%)
--------------------------------------------
Fault Sub-classes                           
  --------------------------                
  UC+UO                                     
    UNS   (unsuccess)             2 ( 0.03%)
--------------------------------------------
Coverage                                    
  --------------------------                
  test_coverage                      99.97% 
  fault_coverage                     99.97% 
  atpg_effectiveness                 99.97% 
--------------------------------------------
#test_patterns                           61 
  #basic_patterns                        27 
  #clock_sequential_patterns             34 
#simulated_patterns                      61 
CPU_time (secs)                         1.3 
--------------------------------------------

//  command: write netlist design.v -verilog -rep -positional
//  Writing VERILOG netlist ...
//  command: write_patterns pat.v -verilog -rep
//  command: write_patterns pat.ascii -Ascii -rep
//  command: report_statistics -model all

  report_statistics -Instance udp_mux2
              Statistics Report              
               Stuck-at Faults               
---------------------------------------------
Fault Classes                     #faults    
                                  (total)    
----------------------------  ---------------
  FU (full)                          8       
  --------------------------  ---------------
  DS (det_simulation)             8 (100.00%)
---------------------------------------------
Coverage                                     
  --------------------------                 
  test_coverage                      100.00% 
  fault_coverage                     100.00% 
  atpg_effectiveness                 100.00% 
---------------------------------------------
#test_patterns                            61 
  #basic_patterns                         27 
  #clock_sequential_patterns              34 
#simulated_patterns                       61 
CPU_time (secs)                          1.3 
---------------------------------------------


  report_statistics -Instance udp_dff
              Statistics Report              
               Stuck-at Faults               
---------------------------------------------
Fault Classes                     #faults    
                                  (total)    
----------------------------  ---------------
  FU (full)                          6       
  --------------------------  ---------------
  DS (det_simulation)             6 (100.00%)
---------------------------------------------
Coverage                                     
  --------------------------                 
  test_coverage                      100.00% 
  fault_coverage                     100.00% 
  atpg_effectiveness                 100.00% 
---------------------------------------------
#test_patterns                            61 
  #basic_patterns                         27 
  #clock_sequential_patterns              34 
#simulated_patterns                       61 
CPU_time (secs)                          1.3 
---------------------------------------------


  report_statistics -Instance udp_tlat
              Statistics Report              
               Stuck-at Faults               
---------------------------------------------
Fault Classes                     #faults    
                                  (total)    
----------------------------  ---------------
  FU (full)                          6       
  --------------------------  ---------------
  DS (det_simulation)             6 (100.00%)
---------------------------------------------
Coverage                                     
  --------------------------                 
  test_coverage                      100.00% 
  fault_coverage                     100.00% 
  atpg_effectiveness                 100.00% 
---------------------------------------------
#test_patterns                            61 
  #basic_patterns                         27 
  #clock_sequential_patterns              34 
#simulated_patterns                       61 
CPU_time (secs)                          1.3 
---------------------------------------------


  report_statistics -Instance ACHCONX2
              Statistics Report              
               Stuck-at Faults               
---------------------------------------------
Fault Classes                     #faults    
                                  (total)    
----------------------------  ---------------
  FU (full)                          8       
  --------------------------  ---------------
  DS (det_simulation)             8 (100.00%)
---------------------------------------------
Coverage                                     
  --------------------------                 
  test_coverage                      100.00% 
  fault_coverage                     100.00% 
  atpg_effectiveness                 100.00% 
---------------------------------------------
#test_patterns                            61 
  #basic_patterns                         27 
  #clock_sequential_patterns              34 
#simulated_patterns                       61 
CPU_time (secs)                          1.3 
---------------------------------------------


  report_statistics -Instance ADDFHX1
              Statistics Report              
               Stuck-at Faults               
---------------------------------------------
Fault Classes                     #faults    
                                  (total)    
----------------------------  ---------------
  FU (full)                          10      
  --------------------------  ---------------
  DS (det_simulation)            10 (100.00%)
---------------------------------------------
Coverage                                     
  --------------------------                 
  test_coverage                      100.00% 
  fault_coverage                     100.00% 
  atpg_effectiveness                 100.00% 
---------------------------------------------
#test_patterns                            61 
  #basic_patterns                         27 
  #clock_sequential_patterns              34 
#simulated_patterns                       61 
CPU_time (secs)                          1.3 
---------------------------------------------


  report_statistics -Instance ADDFHX2
              Statistics Report              
               Stuck-at Faults               
---------------------------------------------
Fault Classes                     #faults    
                                  (total)    
----------------------------  ---------------
  FU (full)                          10      
  --------------------------  ---------------
  DS (det_simulation)            10 (100.00%)
---------------------------------------------
Coverage                                     
  --------------------------                 
  test_coverage                      100.00% 
  fault_coverage                     100.00% 
  atpg_effectiveness                 100.00% 
---------------------------------------------
#test_patterns                            61 
  #basic_patterns                         27 
  #clock_sequential_patterns              34 
#simulated_patterns                       61 
CPU_time (secs)                          1.3 
---------------------------------------------


  report_statistics -Instance ADDFHX4
              Statistics Report              
               Stuck-at Faults               
---------------------------------------------
Fault Classes                     #faults    
                                  (total)    
----------------------------  ---------------
  FU (full)                          10      
  --------------------------  ---------------
  DS (det_simulation)            10 (100.00%)
---------------------------------------------
Coverage                                     
  --------------------------                 
  test_coverage                      100.00% 
  fault_coverage                     100.00% 
  atpg_effectiveness                 100.00% 
---------------------------------------------
#test_patterns                            61 
  #basic_patterns                         27 
  #clock_sequential_patterns              34 
#simulated_patterns                       61 
CPU_time (secs)                          1.3 
---------------------------------------------


  report_statistics -Instance ADDFHXL
              Statistics Report              
               Stuck-at Faults               
---------------------------------------------
Fault Classes                     #faults    
                                  (total)    
----------------------------  ---------------
  FU (full)                          10      
  --------------------------  ---------------
  DS (det_simulation)            10 (100.00%)
---------------------------------------------
Coverage                                     
  --------------------------                 
  test_coverage                      100.00% 
  fault_coverage                     100.00% 
  atpg_effectiveness                 100.00% 
---------------------------------------------
#test_patterns                            61 
  #basic_patterns                         27 
  #clock_sequential_patterns              34 
#simulated_patterns                       61 
CPU_time (secs)                          1.3 
---------------------------------------------


  report_statistics -Instance ADDFX1
              Statistics Report              
               Stuck-at Faults               
---------------------------------------------
Fault Classes                     #faults    
                                  (total)    
----------------------------  ---------------
  FU (full)                          10      
  --------------------------  ---------------
  DS (det_simulation)            10 (100.00%)
---------------------------------------------
Coverage                                     
  --------------------------                 
  test_coverage                      100.00% 
  fault_coverage                     100.00% 
  atpg_effectiveness                 100.00% 
---------------------------------------------
#test_patterns                            61 
  #basic_patterns                         27 
  #clock_sequential_patterns              34 
#simulated_patterns                       61 
CPU_time (secs)                          1.3 
---------------------------------------------


  report_statistics -Instance ADDFX2
              Statistics Report              
               Stuck-at Faults               
---------------------------------------------
Fault Classes                     #faults    
                                  (total)    
----------------------------  ---------------
  FU (full)                          10      
  --------------------------  ---------------
  DS (det_simulation)            10 (100.00%)
---------------------------------------------
Coverage                                     
  --------------------------                 
  test_coverage                      100.00% 
  fault_coverage                     100.00% 
  atpg_effectiveness                 100.00% 
---------------------------------------------
#test_patterns                            61 
  #basic_patterns                         27 
  #clock_sequential_patterns              34 
#simulated_patterns                       61 
CPU_time (secs)                          1.3 
---------------------------------------------


  report_statistics -Instance ADDFX4
              Statistics Report              
               Stuck-at Faults               
---------------------------------------------
Fault Classes                     #faults    
                                  (total)    
----------------------------  ---------------
  FU (full)                          10      
  --------------------------  ---------------
  DS (det_simulation)            10 (100.00%)
---------------------------------------------
Coverage                                     
  --------------------------                 
  test_coverage                      100.00% 
  fault_coverage                     100.00% 
  atpg_effectiveness                 100.00% 
---------------------------------------------
#test_patterns                            61 
  #basic_patterns                         27 
  #clock_sequential_patterns              34 
#simulated_patterns                       61 
CPU_time (secs)                          1.3 
---------------------------------------------


  report_statistics -Instance ADDFXL
              Statistics Report              
               Stuck-at Faults               
---------------------------------------------
Fault Classes                     #faults    
                                  (total)    
----------------------------  ---------------
  FU (full)                          10      
  --------------------------  ---------------
  DS (det_simulation)            10 (100.00%)
---------------------------------------------
Coverage                                     
  --------------------------                 
  test_coverage                      100.00% 
  fault_coverage                     100.00% 
  atpg_effectiveness                 100.00% 
---------------------------------------------
#test_patterns                            61 
  #basic_patterns                         27 
  #clock_sequential_patterns              34 
#simulated_patterns                       61 
CPU_time (secs)                          1.3 
---------------------------------------------


  report_statistics -Instance ADDHX1
              Statistics Report              
               Stuck-at Faults               
---------------------------------------------
Fault Classes                     #faults    
                                  (total)    
----------------------------  ---------------
  FU (full)                          8       
  --------------------------  ---------------
  DS (det_simulation)             8 (100.00%)
---------------------------------------------
Coverage                                     
  --------------------------                 
  test_coverage                      100.00% 
  fault_coverage                     100.00% 
  atpg_effectiveness                 100.00% 
---------------------------------------------
#test_patterns                            61 
  #basic_patterns                         27 
  #clock_sequential_patterns              34 
#simulated_patterns                       61 
CPU_time (secs)                          1.4 
---------------------------------------------


  report_statistics -Instance ADDHX2
              Statistics Report              
               Stuck-at Faults               
---------------------------------------------
Fault Classes                     #faults    
                                  (total)    
----------------------------  ---------------
  FU (full)                          8       
  --------------------------  ---------------
  DS (det_simulation)             8 (100.00%)
---------------------------------------------
Coverage                                     
  --------------------------                 
  test_coverage                      100.00% 
  fault_coverage                     100.00% 
  atpg_effectiveness                 100.00% 
---------------------------------------------
#test_patterns                            61 
  #basic_patterns                         27 
  #clock_sequential_patterns              34 
#simulated_patterns                       61 
CPU_time (secs)                          1.4 
---------------------------------------------


  report_statistics -Instance ADDHX4
              Statistics Report              
               Stuck-at Faults               
---------------------------------------------
Fault Classes                     #faults    
                                  (total)    
----------------------------  ---------------
  FU (full)                          8       
  --------------------------  ---------------
  DS (det_simulation)             8 (100.00%)
---------------------------------------------
Coverage                                     
  --------------------------                 
  test_coverage                      100.00% 
  fault_coverage                     100.00% 
  atpg_effectiveness                 100.00% 
---------------------------------------------
#test_patterns                            61 
  #basic_patterns                         27 
  #clock_sequential_patterns              34 
#simulated_patterns                       61 
CPU_time (secs)                          1.4 
---------------------------------------------


  report_statistics -Instance ADDHXL
              Statistics Report              
               Stuck-at Faults               
---------------------------------------------
Fault Classes                     #faults    
                                  (total)    
----------------------------  ---------------
  FU (full)                          8       
  --------------------------  ---------------
  DS (det_simulation)             8 (100.00%)
---------------------------------------------
Coverage                                     
  --------------------------                 
  test_coverage                      100.00% 
  fault_coverage                     100.00% 
  atpg_effectiveness                 100.00% 
---------------------------------------------
#test_patterns                            61 
  #basic_patterns                         27 
  #clock_sequential_patterns              34 
#simulated_patterns                       61 
CPU_time (secs)                          1.4 
---------------------------------------------


  report_statistics -Instance AND2X1
              Statistics Report              
               Stuck-at Faults               
---------------------------------------------
Fault Classes                     #faults    
                                  (total)    
----------------------------  ---------------
  FU (full)                          6       
  --------------------------  ---------------
  DS (det_simulation)             6 (100.00%)
---------------------------------------------
Coverage                                     
  --------------------------                 
  test_coverage                      100.00% 
  fault_coverage                     100.00% 
  atpg_effectiveness                 100.00% 
---------------------------------------------
#test_patterns                            61 
  #basic_patterns                         27 
  #clock_sequential_patterns              34 
#simulated_patterns                       61 
CPU_time (secs)                          1.4 
---------------------------------------------


  report_statistics -Instance AND2X2
              Statistics Report              
               Stuck-at Faults               
---------------------------------------------
Fault Classes                     #faults    
                                  (total)    
----------------------------  ---------------
  FU (full)                          6       
  --------------------------  ---------------
  DS (det_simulation)             6 (100.00%)
---------------------------------------------
Coverage                                     
  --------------------------                 
  test_coverage                      100.00% 
  fault_coverage                     100.00% 
  atpg_effectiveness                 100.00% 
---------------------------------------------
#test_patterns                            61 
  #basic_patterns                         27 
  #clock_sequential_patterns              34 
#simulated_patterns                       61 
CPU_time (secs)                          1.4 
---------------------------------------------


  report_statistics -Instance AND2X4
              Statistics Report              
               Stuck-at Faults               
---------------------------------------------
Fault Classes                     #faults    
                                  (total)    
----------------------------  ---------------
  FU (full)                          6       
  --------------------------  ---------------
  DS (det_simulation)             6 (100.00%)
---------------------------------------------
Coverage                                     
  --------------------------                 
  test_coverage                      100.00% 
  fault_coverage                     100.00% 
  atpg_effectiveness                 100.00% 
---------------------------------------------
#test_patterns                            61 
  #basic_patterns                         27 
  #clock_sequential_patterns              34 
#simulated_patterns                       61 
CPU_time (secs)                          1.4 
---------------------------------------------


  report_statistics -Instance AND2X6
              Statistics Report              
               Stuck-at Faults               
---------------------------------------------
Fault Classes                     #faults    
                                  (total)    
----------------------------  ---------------
  FU (full)                          6       
  --------------------------  ---------------
  DS (det_simulation)             6 (100.00%)
---------------------------------------------
Coverage                                     
  --------------------------                 
  test_coverage                      100.00% 
  fault_coverage                     100.00% 
  atpg_effectiveness                 100.00% 
---------------------------------------------
#test_patterns                            61 
  #basic_patterns                         27 
  #clock_sequential_patterns              34 
#simulated_patterns                       61 
CPU_time (secs)                          1.4 
---------------------------------------------


  report_statistics -Instance AND2X8
              Statistics Report              
               Stuck-at Faults               
---------------------------------------------
Fault Classes                     #faults    
                                  (total)    
----------------------------  ---------------
  FU (full)                          6       
  --------------------------  ---------------
  DS (det_simulation)             6 (100.00%)
---------------------------------------------
Coverage                                     
  --------------------------                 
  test_coverage                      100.00% 
  fault_coverage                     100.00% 
  atpg_effectiveness                 100.00% 
---------------------------------------------
#test_patterns                            61 
  #basic_patterns                         27 
  #clock_sequential_patterns              34 
#simulated_patterns                       61 
CPU_time (secs)                          1.4 
---------------------------------------------


  report_statistics -Instance AND2XL
              Statistics Report              
               Stuck-at Faults               
---------------------------------------------
Fault Classes                     #faults    
                                  (total)    
----------------------------  ---------------
  FU (full)                          6       
  --------------------------  ---------------
  DS (det_simulation)             6 (100.00%)
---------------------------------------------
Coverage                                     
  --------------------------                 
  test_coverage                      100.00% 
  fault_coverage                     100.00% 
  atpg_effectiveness                 100.00% 
---------------------------------------------
#test_patterns                            61 
  #basic_patterns                         27 
  #clock_sequential_patterns              34 
#simulated_patterns                       61 
CPU_time (secs)                          1.4 
---------------------------------------------


  report_statistics -Instance AND3X1
              Statistics Report              
               Stuck-at Faults               
---------------------------------------------
Fault Classes                     #faults    
                                  (total)    
----------------------------  ---------------
  FU (full)                          8       
  --------------------------  ---------------
  DS (det_simulation)             8 (100.00%)
---------------------------------------------
Coverage                                     
  --------------------------                 
  test_coverage                      100.00% 
  fault_coverage                     100.00% 
  atpg_effectiveness                 100.00% 
---------------------------------------------
#test_patterns                            61 
  #basic_patterns                         27 
  #clock_sequential_patterns              34 
#simulated_patterns                       61 
CPU_time (secs)                          1.4 
---------------------------------------------


  report_statistics -Instance AND3X2
              Statistics Report              
               Stuck-at Faults               
---------------------------------------------
Fault Classes                     #faults    
                                  (total)    
----------------------------  ---------------
  FU (full)                          8       
  --------------------------  ---------------
  DS (det_simulation)             8 (100.00%)
---------------------------------------------
Coverage                                     
  --------------------------                 
  test_coverage                      100.00% 
  fault_coverage                     100.00% 
  atpg_effectiveness                 100.00% 
---------------------------------------------
#test_patterns                            61 
  #basic_patterns                         27 
  #clock_sequential_patterns              34 
#simulated_patterns                       61 
CPU_time (secs)                          1.4 
---------------------------------------------


  report_statistics -Instance AND3X4
              Statistics Report              
               Stuck-at Faults               
---------------------------------------------
Fault Classes                     #faults    
                                  (total)    
----------------------------  ---------------
  FU (full)                          8       
  --------------------------  ---------------
  DS (det_simulation)             8 (100.00%)
---------------------------------------------
Coverage                                     
  --------------------------                 
  test_coverage                      100.00% 
  fault_coverage                     100.00% 
  atpg_effectiveness                 100.00% 
---------------------------------------------
#test_patterns                            61 
  #basic_patterns                         27 
  #clock_sequential_patterns              34 
#simulated_patterns                       61 
CPU_time (secs)                          1.4 
---------------------------------------------


  report_statistics -Instance AND3X6
              Statistics Report              
               Stuck-at Faults               
---------------------------------------------
Fault Classes                     #faults    
                                  (total)    
----------------------------  ---------------
  FU (full)                          8       
  --------------------------  ---------------
  DS (det_simulation)             8 (100.00%)
---------------------------------------------
Coverage                                     
  --------------------------                 
  test_coverage                      100.00% 
  fault_coverage                     100.00% 
  atpg_effectiveness                 100.00% 
---------------------------------------------
#test_patterns                            61 
  #basic_patterns                         27 
  #clock_sequential_patterns              34 
#simulated_patterns                       61 
CPU_time (secs)                          1.4 
---------------------------------------------


  report_statistics -Instance AND3X8
              Statistics Report              
               Stuck-at Faults               
---------------------------------------------
Fault Classes                     #faults    
                                  (total)    
----------------------------  ---------------
  FU (full)                          8       
  --------------------------  ---------------
  DS (det_simulation)             8 (100.00%)
---------------------------------------------
Coverage                                     
  --------------------------                 
  test_coverage                      100.00% 
  fault_coverage                     100.00% 
  atpg_effectiveness                 100.00% 
---------------------------------------------
#test_patterns                            61 
  #basic_patterns                         27 
  #clock_sequential_patterns              34 
#simulated_patterns                       61 
CPU_time (secs)                          1.4 
---------------------------------------------


  report_statistics -Instance AND3XL
              Statistics Report              
               Stuck-at Faults               
---------------------------------------------
Fault Classes                     #faults    
                                  (total)    
----------------------------  ---------------
  FU (full)                          8       
  --------------------------  ---------------
  DS (det_simulation)             8 (100.00%)
---------------------------------------------
Coverage                                     
  --------------------------                 
  test_coverage                      100.00% 
  fault_coverage                     100.00% 
  atpg_effectiveness                 100.00% 
---------------------------------------------
#test_patterns                            61 
  #basic_patterns                         27 
  #clock_sequential_patterns              34 
#simulated_patterns                       61 
CPU_time (secs)                          1.4 
---------------------------------------------


  report_statistics -Instance AND4X1
              Statistics Report              
               Stuck-at Faults               
---------------------------------------------
Fault Classes                     #faults    
                                  (total)    
----------------------------  ---------------
  FU (full)                          10      
  --------------------------  ---------------
  DS (det_simulation)            10 (100.00%)
---------------------------------------------
Coverage                                     
  --------------------------                 
  test_coverage                      100.00% 
  fault_coverage                     100.00% 
  atpg_effectiveness                 100.00% 
---------------------------------------------
#test_patterns                            61 
  #basic_patterns                         27 
  #clock_sequential_patterns              34 
#simulated_patterns                       61 
CPU_time (secs)                          1.4 
---------------------------------------------


  report_statistics -Instance AND4X2
              Statistics Report              
               Stuck-at Faults               
---------------------------------------------
Fault Classes                     #faults    
                                  (total)    
----------------------------  ---------------
  FU (full)                          10      
  --------------------------  ---------------
  DS (det_simulation)            10 (100.00%)
---------------------------------------------
Coverage                                     
  --------------------------                 
  test_coverage                      100.00% 
  fault_coverage                     100.00% 
  atpg_effectiveness                 100.00% 
---------------------------------------------
#test_patterns                            61 
  #basic_patterns                         27 
  #clock_sequential_patterns              34 
#simulated_patterns                       61 
CPU_time (secs)                          1.4 
---------------------------------------------


  report_statistics -Instance AND4X4
              Statistics Report              
               Stuck-at Faults               
---------------------------------------------
Fault Classes                     #faults    
                                  (total)    
----------------------------  ---------------
  FU (full)                          10      
  --------------------------  ---------------
  DS (det_simulation)            10 (100.00%)
---------------------------------------------
Coverage                                     
  --------------------------                 
  test_coverage                      100.00% 
  fault_coverage                     100.00% 
  atpg_effectiveness                 100.00% 
---------------------------------------------
#test_patterns                            61 
  #basic_patterns                         27 
  #clock_sequential_patterns              34 
#simulated_patterns                       61 
CPU_time (secs)                          1.4 
---------------------------------------------


  report_statistics -Instance AND4X6
              Statistics Report              
               Stuck-at Faults               
---------------------------------------------
Fault Classes                     #faults    
                                  (total)    
----------------------------  ---------------
  FU (full)                          10      
  --------------------------  ---------------
  DS (det_simulation)            10 (100.00%)
---------------------------------------------
Coverage                                     
  --------------------------                 
  test_coverage                      100.00% 
  fault_coverage                     100.00% 
  atpg_effectiveness                 100.00% 
---------------------------------------------
#test_patterns                            61 
  #basic_patterns                         27 
  #clock_sequential_patterns              34 
#simulated_patterns                       61 
CPU_time (secs)                          1.4 
---------------------------------------------


  report_statistics -Instance AND4X8
              Statistics Report              
               Stuck-at Faults               
---------------------------------------------
Fault Classes                     #faults    
                                  (total)    
----------------------------  ---------------
  FU (full)                          10      
  --------------------------  ---------------
  DS (det_simulation)            10 (100.00%)
---------------------------------------------
Coverage                                     
  --------------------------                 
  test_coverage                      100.00% 
  fault_coverage                     100.00% 
  atpg_effectiveness                 100.00% 
---------------------------------------------
#test_patterns                            61 
  #basic_patterns                         27 
  #clock_sequential_patterns              34 
#simulated_patterns                       61 
CPU_time (secs)                          1.4 
---------------------------------------------


  report_statistics -Instance AND4XL
              Statistics Report              
               Stuck-at Faults               
---------------------------------------------
Fault Classes                     #faults    
                                  (total)    
----------------------------  ---------------
  FU (full)                          10      
  --------------------------  ---------------
  DS (det_simulation)            10 (100.00%)
---------------------------------------------
Coverage                                     
  --------------------------                 
  test_coverage                      100.00% 
  fault_coverage                     100.00% 
  atpg_effectiveness                 100.00% 
---------------------------------------------
#test_patterns                            61 
  #basic_patterns                         27 
  #clock_sequential_patterns              34 
#simulated_patterns                       61 
CPU_time (secs)                          1.4 
---------------------------------------------


  report_statistics -Instance ANTENNA
             Statistics Report             
              Stuck-at Faults              
-------------------------------------------
Fault Classes                    #faults   
                                 (total)   
----------------------------  -------------
  FU (full)                         0      
  --------------------------  -------------
-------------------------------------------
Coverage                                   
  --------------------------               
-------------------------------------------
#test_patterns                          61 
  #basic_patterns                       27 
  #clock_sequential_patterns            34 
#simulated_patterns                     61 
CPU_time (secs)                        1.4 
-------------------------------------------


  report_statistics -Instance AO21X1
              Statistics Report              
               Stuck-at Faults               
---------------------------------------------
Fault Classes                     #faults    
                                  (total)    
----------------------------  ---------------
  FU (full)                          8       
  --------------------------  ---------------
  DS (det_simulation)             8 (100.00%)
---------------------------------------------
Coverage                                     
  --------------------------                 
  test_coverage                      100.00% 
  fault_coverage                     100.00% 
  atpg_effectiveness                 100.00% 
---------------------------------------------
#test_patterns                            61 
  #basic_patterns                         27 
  #clock_sequential_patterns              34 
#simulated_patterns                       61 
CPU_time (secs)                          1.4 
---------------------------------------------


  report_statistics -Instance AO21X2
              Statistics Report              
               Stuck-at Faults               
---------------------------------------------
Fault Classes                     #faults    
                                  (total)    
----------------------------  ---------------
  FU (full)                          8       
  --------------------------  ---------------
  DS (det_simulation)             8 (100.00%)
---------------------------------------------
Coverage                                     
  --------------------------                 
  test_coverage                      100.00% 
  fault_coverage                     100.00% 
  atpg_effectiveness                 100.00% 
---------------------------------------------
#test_patterns                            61 
  #basic_patterns                         27 
  #clock_sequential_patterns              34 
#simulated_patterns                       61 
CPU_time (secs)                          1.4 
---------------------------------------------


  report_statistics -Instance AO21X4
              Statistics Report              
               Stuck-at Faults               
---------------------------------------------
Fault Classes                     #faults    
                                  (total)    
----------------------------  ---------------
  FU (full)                          8       
  --------------------------  ---------------
  DS (det_simulation)             8 (100.00%)
---------------------------------------------
Coverage                                     
  --------------------------                 
  test_coverage                      100.00% 
  fault_coverage                     100.00% 
  atpg_effectiveness                 100.00% 
---------------------------------------------
#test_patterns                            61 
  #basic_patterns                         27 
  #clock_sequential_patterns              34 
#simulated_patterns                       61 
CPU_time (secs)                          1.4 
---------------------------------------------


  report_statistics -Instance AO21XL
              Statistics Report              
               Stuck-at Faults               
---------------------------------------------
Fault Classes                     #faults    
                                  (total)    
----------------------------  ---------------
  FU (full)                          8       
  --------------------------  ---------------
  DS (det_simulation)             8 (100.00%)
---------------------------------------------
Coverage                                     
  --------------------------                 
  test_coverage                      100.00% 
  fault_coverage                     100.00% 
  atpg_effectiveness                 100.00% 
---------------------------------------------
#test_patterns                            61 
  #basic_patterns                         27 
  #clock_sequential_patterns              34 
#simulated_patterns                       61 
CPU_time (secs)                          1.4 
---------------------------------------------


  report_statistics -Instance AO22X1
              Statistics Report              
               Stuck-at Faults               
---------------------------------------------
Fault Classes                     #faults    
                                  (total)    
----------------------------  ---------------
  FU (full)                          10      
  --------------------------  ---------------
  DS (det_simulation)            10 (100.00%)
---------------------------------------------
Coverage                                     
  --------------------------                 
  test_coverage                      100.00% 
  fault_coverage                     100.00% 
  atpg_effectiveness                 100.00% 
---------------------------------------------
#test_patterns                            61 
  #basic_patterns                         27 
  #clock_sequential_patterns              34 
#simulated_patterns                       61 
CPU_time (secs)                          1.4 
---------------------------------------------


  report_statistics -Instance AO22X2
              Statistics Report              
               Stuck-at Faults               
---------------------------------------------
Fault Classes                     #faults    
                                  (total)    
----------------------------  ---------------
  FU (full)                          10      
  --------------------------  ---------------
  DS (det_simulation)            10 (100.00%)
---------------------------------------------
Coverage                                     
  --------------------------                 
  test_coverage                      100.00% 
  fault_coverage                     100.00% 
  atpg_effectiveness                 100.00% 
---------------------------------------------
#test_patterns                            61 
  #basic_patterns                         27 
  #clock_sequential_patterns              34 
#simulated_patterns                       61 
CPU_time (secs)                          1.4 
---------------------------------------------


  report_statistics -Instance AO22X4
              Statistics Report              
               Stuck-at Faults               
---------------------------------------------
Fault Classes                     #faults    
                                  (total)    
----------------------------  ---------------
  FU (full)                          10      
  --------------------------  ---------------
  DS (det_simulation)            10 (100.00%)
---------------------------------------------
Coverage                                     
  --------------------------                 
  test_coverage                      100.00% 
  fault_coverage                     100.00% 
  atpg_effectiveness                 100.00% 
---------------------------------------------
#test_patterns                            61 
  #basic_patterns                         27 
  #clock_sequential_patterns              34 
#simulated_patterns                       61 
CPU_time (secs)                          1.4 
---------------------------------------------


  report_statistics -Instance AO22XL
              Statistics Report              
               Stuck-at Faults               
---------------------------------------------
Fault Classes                     #faults    
                                  (total)    
----------------------------  ---------------
  FU (full)                          10      
  --------------------------  ---------------
  DS (det_simulation)            10 (100.00%)
---------------------------------------------
Coverage                                     
  --------------------------                 
  test_coverage                      100.00% 
  fault_coverage                     100.00% 
  atpg_effectiveness                 100.00% 
---------------------------------------------
#test_patterns                            61 
  #basic_patterns                         27 
  #clock_sequential_patterns              34 
#simulated_patterns                       61 
CPU_time (secs)                          1.4 
---------------------------------------------


  report_statistics -Instance AOI211X1
              Statistics Report              
               Stuck-at Faults               
---------------------------------------------
Fault Classes                     #faults    
                                  (total)    
----------------------------  ---------------
  FU (full)                          10      
  --------------------------  ---------------
  DS (det_simulation)            10 (100.00%)
---------------------------------------------
Coverage                                     
  --------------------------                 
  test_coverage                      100.00% 
  fault_coverage                     100.00% 
  atpg_effectiveness                 100.00% 
---------------------------------------------
#test_patterns                            61 
  #basic_patterns                         27 
  #clock_sequential_patterns              34 
#simulated_patterns                       61 
CPU_time (secs)                          1.4 
---------------------------------------------


  report_statistics -Instance AOI211X2
              Statistics Report              
               Stuck-at Faults               
---------------------------------------------
Fault Classes                     #faults    
                                  (total)    
----------------------------  ---------------
  FU (full)                          10      
  --------------------------  ---------------
  DS (det_simulation)            10 (100.00%)
---------------------------------------------
Coverage                                     
  --------------------------                 
  test_coverage                      100.00% 
  fault_coverage                     100.00% 
  atpg_effectiveness                 100.00% 
---------------------------------------------
#test_patterns                            61 
  #basic_patterns                         27 
  #clock_sequential_patterns              34 
#simulated_patterns                       61 
CPU_time (secs)                          1.4 
---------------------------------------------


  report_statistics -Instance AOI211X4
              Statistics Report              
               Stuck-at Faults               
---------------------------------------------
Fault Classes                     #faults    
                                  (total)    
----------------------------  ---------------
  FU (full)                          10      
  --------------------------  ---------------
  DS (det_simulation)            10 (100.00%)
---------------------------------------------
Coverage                                     
  --------------------------                 
  test_coverage                      100.00% 
  fault_coverage                     100.00% 
  atpg_effectiveness                 100.00% 
---------------------------------------------
#test_patterns                            61 
  #basic_patterns                         27 
  #clock_sequential_patterns              34 
#simulated_patterns                       61 
CPU_time (secs)                          1.4 
---------------------------------------------


  report_statistics -Instance AOI211XL
              Statistics Report              
               Stuck-at Faults               
---------------------------------------------
Fault Classes                     #faults    
                                  (total)    
----------------------------  ---------------
  FU (full)                          10      
  --------------------------  ---------------
  DS (det_simulation)            10 (100.00%)
---------------------------------------------
Coverage                                     
  --------------------------                 
  test_coverage                      100.00% 
  fault_coverage                     100.00% 
  atpg_effectiveness                 100.00% 
---------------------------------------------
#test_patterns                            61 
  #basic_patterns                         27 
  #clock_sequential_patterns              34 
#simulated_patterns                       61 
CPU_time (secs)                          1.4 
---------------------------------------------


  report_statistics -Instance AOI21X1
              Statistics Report              
               Stuck-at Faults               
---------------------------------------------
Fault Classes                     #faults    
                                  (total)    
----------------------------  ---------------
  FU (full)                          8       
  --------------------------  ---------------
  DS (det_simulation)             8 (100.00%)
---------------------------------------------
Coverage                                     
  --------------------------                 
  test_coverage                      100.00% 
  fault_coverage                     100.00% 
  atpg_effectiveness                 100.00% 
---------------------------------------------
#test_patterns                            61 
  #basic_patterns                         27 
  #clock_sequential_patterns              34 
#simulated_patterns                       61 
CPU_time (secs)                          1.4 
---------------------------------------------


  report_statistics -Instance AOI21X2
              Statistics Report              
               Stuck-at Faults               
---------------------------------------------
Fault Classes                     #faults    
                                  (total)    
----------------------------  ---------------
  FU (full)                          8       
  --------------------------  ---------------
  DS (det_simulation)             8 (100.00%)
---------------------------------------------
Coverage                                     
  --------------------------                 
  test_coverage                      100.00% 
  fault_coverage                     100.00% 
  atpg_effectiveness                 100.00% 
---------------------------------------------
#test_patterns                            61 
  #basic_patterns                         27 
  #clock_sequential_patterns              34 
#simulated_patterns                       61 
CPU_time (secs)                          1.4 
---------------------------------------------


  report_statistics -Instance AOI21X4
              Statistics Report              
               Stuck-at Faults               
---------------------------------------------
Fault Classes                     #faults    
                                  (total)    
----------------------------  ---------------
  FU (full)                          8       
  --------------------------  ---------------
  DS (det_simulation)             8 (100.00%)
---------------------------------------------
Coverage                                     
  --------------------------                 
  test_coverage                      100.00% 
  fault_coverage                     100.00% 
  atpg_effectiveness                 100.00% 
---------------------------------------------
#test_patterns                            61 
  #basic_patterns                         27 
  #clock_sequential_patterns              34 
#simulated_patterns                       61 
CPU_time (secs)                          1.4 
---------------------------------------------


  report_statistics -Instance AOI21XL
              Statistics Report              
               Stuck-at Faults               
---------------------------------------------
Fault Classes                     #faults    
                                  (total)    
----------------------------  ---------------
  FU (full)                          8       
  --------------------------  ---------------
  DS (det_simulation)             8 (100.00%)
---------------------------------------------
Coverage                                     
  --------------------------                 
  test_coverage                      100.00% 
  fault_coverage                     100.00% 
  atpg_effectiveness                 100.00% 
---------------------------------------------
#test_patterns                            61 
  #basic_patterns                         27 
  #clock_sequential_patterns              34 
#simulated_patterns                       61 
CPU_time (secs)                          1.4 
---------------------------------------------


  report_statistics -Instance AOI221X1
              Statistics Report              
               Stuck-at Faults               
---------------------------------------------
Fault Classes                     #faults    
                                  (total)    
----------------------------  ---------------
  FU (full)                          12      
  --------------------------  ---------------
  DS (det_simulation)            12 (100.00%)
---------------------------------------------
Coverage                                     
  --------------------------                 
  test_coverage                      100.00% 
  fault_coverage                     100.00% 
  atpg_effectiveness                 100.00% 
---------------------------------------------
#test_patterns                            61 
  #basic_patterns                         27 
  #clock_sequential_patterns              34 
#simulated_patterns                       61 
CPU_time (secs)                          1.4 
---------------------------------------------


  report_statistics -Instance AOI221X2
              Statistics Report              
               Stuck-at Faults               
---------------------------------------------
Fault Classes                     #faults    
                                  (total)    
----------------------------  ---------------
  FU (full)                          12      
  --------------------------  ---------------
  DS (det_simulation)            12 (100.00%)
---------------------------------------------
Coverage                                     
  --------------------------                 
  test_coverage                      100.00% 
  fault_coverage                     100.00% 
  atpg_effectiveness                 100.00% 
---------------------------------------------
#test_patterns                            61 
  #basic_patterns                         27 
  #clock_sequential_patterns              34 
#simulated_patterns                       61 
CPU_time (secs)                          1.4 
---------------------------------------------


  report_statistics -Instance AOI221X4
              Statistics Report              
               Stuck-at Faults               
---------------------------------------------
Fault Classes                     #faults    
                                  (total)    
----------------------------  ---------------
  FU (full)                          12      
  --------------------------  ---------------
  DS (det_simulation)            12 (100.00%)
---------------------------------------------
Coverage                                     
  --------------------------                 
  test_coverage                      100.00% 
  fault_coverage                     100.00% 
  atpg_effectiveness                 100.00% 
---------------------------------------------
#test_patterns                            61 
  #basic_patterns                         27 
  #clock_sequential_patterns              34 
#simulated_patterns                       61 
CPU_time (secs)                          1.4 
---------------------------------------------


  report_statistics -Instance AOI221XL
              Statistics Report              
               Stuck-at Faults               
---------------------------------------------
Fault Classes                     #faults    
                                  (total)    
----------------------------  ---------------
  FU (full)                          12      
  --------------------------  ---------------
  DS (det_simulation)            12 (100.00%)
---------------------------------------------
Coverage                                     
  --------------------------                 
  test_coverage                      100.00% 
  fault_coverage                     100.00% 
  atpg_effectiveness                 100.00% 
---------------------------------------------
#test_patterns                            61 
  #basic_patterns                         27 
  #clock_sequential_patterns              34 
#simulated_patterns                       61 
CPU_time (secs)                          1.4 
---------------------------------------------


  report_statistics -Instance AOI222X1
              Statistics Report              
               Stuck-at Faults               
---------------------------------------------
Fault Classes                     #faults    
                                  (total)    
----------------------------  ---------------
  FU (full)                          14      
  --------------------------  ---------------
  DS (det_simulation)            14 (100.00%)
---------------------------------------------
Coverage                                     
  --------------------------                 
  test_coverage                      100.00% 
  fault_coverage                     100.00% 
  atpg_effectiveness                 100.00% 
---------------------------------------------
#test_patterns                            61 
  #basic_patterns                         27 
  #clock_sequential_patterns              34 
#simulated_patterns                       61 
CPU_time (secs)                          1.4 
---------------------------------------------


  report_statistics -Instance AOI222X2
              Statistics Report              
               Stuck-at Faults               
---------------------------------------------
Fault Classes                     #faults    
                                  (total)    
----------------------------  ---------------
  FU (full)                          14      
  --------------------------  ---------------
  DS (det_simulation)            14 (100.00%)
---------------------------------------------
Coverage                                     
  --------------------------                 
  test_coverage                      100.00% 
  fault_coverage                     100.00% 
  atpg_effectiveness                 100.00% 
---------------------------------------------
#test_patterns                            61 
  #basic_patterns                         27 
  #clock_sequential_patterns              34 
#simulated_patterns                       61 
CPU_time (secs)                          1.4 
---------------------------------------------


  report_statistics -Instance AOI222X4
              Statistics Report              
               Stuck-at Faults               
---------------------------------------------
Fault Classes                     #faults    
                                  (total)    
----------------------------  ---------------
  FU (full)                          14      
  --------------------------  ---------------
  DS (det_simulation)            14 (100.00%)
---------------------------------------------
Coverage                                     
  --------------------------                 
  test_coverage                      100.00% 
  fault_coverage                     100.00% 
  atpg_effectiveness                 100.00% 
---------------------------------------------
#test_patterns                            61 
  #basic_patterns                         27 
  #clock_sequential_patterns              34 
#simulated_patterns                       61 
CPU_time (secs)                          1.4 
---------------------------------------------


  report_statistics -Instance AOI222XL
              Statistics Report              
               Stuck-at Faults               
---------------------------------------------
Fault Classes                     #faults    
                                  (total)    
----------------------------  ---------------
  FU (full)                          14      
  --------------------------  ---------------
  DS (det_simulation)            14 (100.00%)
---------------------------------------------
Coverage                                     
  --------------------------                 
  test_coverage                      100.00% 
  fault_coverage                     100.00% 
  atpg_effectiveness                 100.00% 
---------------------------------------------
#test_patterns                            61 
  #basic_patterns                         27 
  #clock_sequential_patterns              34 
#simulated_patterns                       61 
CPU_time (secs)                          1.4 
---------------------------------------------


  report_statistics -Instance AOI22X1
              Statistics Report              
               Stuck-at Faults               
---------------------------------------------
Fault Classes                     #faults    
                                  (total)    
----------------------------  ---------------
  FU (full)                          10      
  --------------------------  ---------------
  DS (det_simulation)            10 (100.00%)
---------------------------------------------
Coverage                                     
  --------------------------                 
  test_coverage                      100.00% 
  fault_coverage                     100.00% 
  atpg_effectiveness                 100.00% 
---------------------------------------------
#test_patterns                            61 
  #basic_patterns                         27 
  #clock_sequential_patterns              34 
#simulated_patterns                       61 
CPU_time (secs)                          1.4 
---------------------------------------------


  report_statistics -Instance AOI22X2
              Statistics Report              
               Stuck-at Faults               
---------------------------------------------
Fault Classes                     #faults    
                                  (total)    
----------------------------  ---------------
  FU (full)                          10      
  --------------------------  ---------------
  DS (det_simulation)            10 (100.00%)
---------------------------------------------
Coverage                                     
  --------------------------                 
  test_coverage                      100.00% 
  fault_coverage                     100.00% 
  atpg_effectiveness                 100.00% 
---------------------------------------------
#test_patterns                            61 
  #basic_patterns                         27 
  #clock_sequential_patterns              34 
#simulated_patterns                       61 
CPU_time (secs)                          1.4 
---------------------------------------------


  report_statistics -Instance AOI22X4
              Statistics Report              
               Stuck-at Faults               
---------------------------------------------
Fault Classes                     #faults    
                                  (total)    
----------------------------  ---------------
  FU (full)                          10      
  --------------------------  ---------------
  DS (det_simulation)            10 (100.00%)
---------------------------------------------
Coverage                                     
  --------------------------                 
  test_coverage                      100.00% 
  fault_coverage                     100.00% 
  atpg_effectiveness                 100.00% 
---------------------------------------------
#test_patterns                            61 
  #basic_patterns                         27 
  #clock_sequential_patterns              34 
#simulated_patterns                       61 
CPU_time (secs)                          1.4 
---------------------------------------------


  report_statistics -Instance AOI22XL
              Statistics Report              
               Stuck-at Faults               
---------------------------------------------
Fault Classes                     #faults    
                                  (total)    
----------------------------  ---------------
  FU (full)                          10      
  --------------------------  ---------------
  DS (det_simulation)            10 (100.00%)
---------------------------------------------
Coverage                                     
  --------------------------                 
  test_coverage                      100.00% 
  fault_coverage                     100.00% 
  atpg_effectiveness                 100.00% 
---------------------------------------------
#test_patterns                            61 
  #basic_patterns                         27 
  #clock_sequential_patterns              34 
#simulated_patterns                       61 
CPU_time (secs)                          1.4 
---------------------------------------------


  report_statistics -Instance AOI2BB1X1
              Statistics Report              
               Stuck-at Faults               
---------------------------------------------
Fault Classes                     #faults    
                                  (total)    
----------------------------  ---------------
  FU (full)                          8       
  --------------------------  ---------------
  DS (det_simulation)             8 (100.00%)
---------------------------------------------
Coverage                                     
  --------------------------                 
  test_coverage                      100.00% 
  fault_coverage                     100.00% 
  atpg_effectiveness                 100.00% 
---------------------------------------------
#test_patterns                            61 
  #basic_patterns                         27 
  #clock_sequential_patterns              34 
#simulated_patterns                       61 
CPU_time (secs)                          1.4 
---------------------------------------------


  report_statistics -Instance AOI2BB1X2
              Statistics Report              
               Stuck-at Faults               
---------------------------------------------
Fault Classes                     #faults    
                                  (total)    
----------------------------  ---------------
  FU (full)                          8       
  --------------------------  ---------------
  DS (det_simulation)             8 (100.00%)
---------------------------------------------
Coverage                                     
  --------------------------                 
  test_coverage                      100.00% 
  fault_coverage                     100.00% 
  atpg_effectiveness                 100.00% 
---------------------------------------------
#test_patterns                            61 
  #basic_patterns                         27 
  #clock_sequential_patterns              34 
#simulated_patterns                       61 
CPU_time (secs)                          1.4 
---------------------------------------------


  report_statistics -Instance AOI2BB1X4
              Statistics Report              
               Stuck-at Faults               
---------------------------------------------
Fault Classes                     #faults    
                                  (total)    
----------------------------  ---------------
  FU (full)                          8       
  --------------------------  ---------------
  DS (det_simulation)             8 (100.00%)
---------------------------------------------
Coverage                                     
  --------------------------                 
  test_coverage                      100.00% 
  fault_coverage                     100.00% 
  atpg_effectiveness                 100.00% 
---------------------------------------------
#test_patterns                            61 
  #basic_patterns                         27 
  #clock_sequential_patterns              34 
#simulated_patterns                       61 
CPU_time (secs)                          1.4 
---------------------------------------------


  report_statistics -Instance AOI2BB1XL
              Statistics Report              
               Stuck-at Faults               
---------------------------------------------
Fault Classes                     #faults    
                                  (total)    
----------------------------  ---------------
  FU (full)                          8       
  --------------------------  ---------------
  DS (det_simulation)             8 (100.00%)
---------------------------------------------
Coverage                                     
  --------------------------                 
  test_coverage                      100.00% 
  fault_coverage                     100.00% 
  atpg_effectiveness                 100.00% 
---------------------------------------------
#test_patterns                            61 
  #basic_patterns                         27 
  #clock_sequential_patterns              34 
#simulated_patterns                       61 
CPU_time (secs)                          1.4 
---------------------------------------------


  report_statistics -Instance AOI2BB2X1
              Statistics Report              
               Stuck-at Faults               
---------------------------------------------
Fault Classes                     #faults    
                                  (total)    
----------------------------  ---------------
  FU (full)                          10      
  --------------------------  ---------------
  DS (det_simulation)            10 (100.00%)
---------------------------------------------
Coverage                                     
  --------------------------                 
  test_coverage                      100.00% 
  fault_coverage                     100.00% 
  atpg_effectiveness                 100.00% 
---------------------------------------------
#test_patterns                            61 
  #basic_patterns                         27 
  #clock_sequential_patterns              34 
#simulated_patterns                       61 
CPU_time (secs)                          1.4 
---------------------------------------------


  report_statistics -Instance AOI2BB2X2
              Statistics Report              
               Stuck-at Faults               
---------------------------------------------
Fault Classes                     #faults    
                                  (total)    
----------------------------  ---------------
  FU (full)                          10      
  --------------------------  ---------------
  DS (det_simulation)            10 (100.00%)
---------------------------------------------
Coverage                                     
  --------------------------                 
  test_coverage                      100.00% 
  fault_coverage                     100.00% 
  atpg_effectiveness                 100.00% 
---------------------------------------------
#test_patterns                            61 
  #basic_patterns                         27 
  #clock_sequential_patterns              34 
#simulated_patterns                       61 
CPU_time (secs)                          1.4 
---------------------------------------------


  report_statistics -Instance AOI2BB2X4
              Statistics Report              
               Stuck-at Faults               
---------------------------------------------
Fault Classes                     #faults    
                                  (total)    
----------------------------  ---------------
  FU (full)                          10      
  --------------------------  ---------------
  DS (det_simulation)            10 (100.00%)
---------------------------------------------
Coverage                                     
  --------------------------                 
  test_coverage                      100.00% 
  fault_coverage                     100.00% 
  atpg_effectiveness                 100.00% 
---------------------------------------------
#test_patterns                            61 
  #basic_patterns                         27 
  #clock_sequential_patterns              34 
#simulated_patterns                       61 
CPU_time (secs)                          1.4 
---------------------------------------------


  report_statistics -Instance AOI2BB2XL
              Statistics Report              
               Stuck-at Faults               
---------------------------------------------
Fault Classes                     #faults    
                                  (total)    
----------------------------  ---------------
  FU (full)                          10      
  --------------------------  ---------------
  DS (det_simulation)            10 (100.00%)
---------------------------------------------
Coverage                                     
  --------------------------                 
  test_coverage                      100.00% 
  fault_coverage                     100.00% 
  atpg_effectiveness                 100.00% 
---------------------------------------------
#test_patterns                            61 
  #basic_patterns                         27 
  #clock_sequential_patterns              34 
#simulated_patterns                       61 
CPU_time (secs)                          1.4 
---------------------------------------------


  report_statistics -Instance AOI31X1
              Statistics Report              
               Stuck-at Faults               
---------------------------------------------
Fault Classes                     #faults    
                                  (total)    
----------------------------  ---------------
  FU (full)                          10      
  --------------------------  ---------------
  DS (det_simulation)            10 (100.00%)
---------------------------------------------
Coverage                                     
  --------------------------                 
  test_coverage                      100.00% 
  fault_coverage                     100.00% 
  atpg_effectiveness                 100.00% 
---------------------------------------------
#test_patterns                            61 
  #basic_patterns                         27 
  #clock_sequential_patterns              34 
#simulated_patterns                       61 
CPU_time (secs)                          1.4 
---------------------------------------------


  report_statistics -Instance AOI31X2
              Statistics Report              
               Stuck-at Faults               
---------------------------------------------
Fault Classes                     #faults    
                                  (total)    
----------------------------  ---------------
  FU (full)                          10      
  --------------------------  ---------------
  DS (det_simulation)            10 (100.00%)
---------------------------------------------
Coverage                                     
  --------------------------                 
  test_coverage                      100.00% 
  fault_coverage                     100.00% 
  atpg_effectiveness                 100.00% 
---------------------------------------------
#test_patterns                            61 
  #basic_patterns                         27 
  #clock_sequential_patterns              34 
#simulated_patterns                       61 
CPU_time (secs)                          1.4 
---------------------------------------------


  report_statistics -Instance AOI31X4
              Statistics Report              
               Stuck-at Faults               
---------------------------------------------
Fault Classes                     #faults    
                                  (total)    
----------------------------  ---------------
  FU (full)                          10      
  --------------------------  ---------------
  DS (det_simulation)            10 (100.00%)
---------------------------------------------
Coverage                                     
  --------------------------                 
  test_coverage                      100.00% 
  fault_coverage                     100.00% 
  atpg_effectiveness                 100.00% 
---------------------------------------------
#test_patterns                            61 
  #basic_patterns                         27 
  #clock_sequential_patterns              34 
#simulated_patterns                       61 
CPU_time (secs)                          1.4 
---------------------------------------------


  report_statistics -Instance AOI31XL
              Statistics Report              
               Stuck-at Faults               
---------------------------------------------
Fault Classes                     #faults    
                                  (total)    
----------------------------  ---------------
  FU (full)                          10      
  --------------------------  ---------------
  DS (det_simulation)            10 (100.00%)
---------------------------------------------
Coverage                                     
  --------------------------                 
  test_coverage                      100.00% 
  fault_coverage                     100.00% 
  atpg_effectiveness                 100.00% 
---------------------------------------------
#test_patterns                            61 
  #basic_patterns                         27 
  #clock_sequential_patterns              34 
#simulated_patterns                       61 
CPU_time (secs)                          1.4 
---------------------------------------------


  report_statistics -Instance AOI32X1
              Statistics Report              
               Stuck-at Faults               
---------------------------------------------
Fault Classes                     #faults    
                                  (total)    
----------------------------  ---------------
  FU (full)                          12      
  --------------------------  ---------------
  DS (det_simulation)            12 (100.00%)
---------------------------------------------
Coverage                                     
  --------------------------                 
  test_coverage                      100.00% 
  fault_coverage                     100.00% 
  atpg_effectiveness                 100.00% 
---------------------------------------------
#test_patterns                            61 
  #basic_patterns                         27 
  #clock_sequential_patterns              34 
#simulated_patterns                       61 
CPU_time (secs)                          1.4 
---------------------------------------------


  report_statistics -Instance AOI32X2
              Statistics Report              
               Stuck-at Faults               
---------------------------------------------
Fault Classes                     #faults    
                                  (total)    
----------------------------  ---------------
  FU (full)                          12      
  --------------------------  ---------------
  DS (det_simulation)            12 (100.00%)
---------------------------------------------
Coverage                                     
  --------------------------                 
  test_coverage                      100.00% 
  fault_coverage                     100.00% 
  atpg_effectiveness                 100.00% 
---------------------------------------------
#test_patterns                            61 
  #basic_patterns                         27 
  #clock_sequential_patterns              34 
#simulated_patterns                       61 
CPU_time (secs)                          1.4 
---------------------------------------------


  report_statistics -Instance AOI32X4
              Statistics Report              
               Stuck-at Faults               
---------------------------------------------
Fault Classes                     #faults    
                                  (total)    
----------------------------  ---------------
  FU (full)                          12      
  --------------------------  ---------------
  DS (det_simulation)            12 (100.00%)
---------------------------------------------
Coverage                                     
  --------------------------                 
  test_coverage                      100.00% 
  fault_coverage                     100.00% 
  atpg_effectiveness                 100.00% 
---------------------------------------------
#test_patterns                            61 
  #basic_patterns                         27 
  #clock_sequential_patterns              34 
#simulated_patterns                       61 
CPU_time (secs)                          1.4 
---------------------------------------------


  report_statistics -Instance AOI32XL
              Statistics Report              
               Stuck-at Faults               
---------------------------------------------
Fault Classes                     #faults    
                                  (total)    
----------------------------  ---------------
  FU (full)                          12      
  --------------------------  ---------------
  DS (det_simulation)            12 (100.00%)
---------------------------------------------
Coverage                                     
  --------------------------                 
  test_coverage                      100.00% 
  fault_coverage                     100.00% 
  atpg_effectiveness                 100.00% 
---------------------------------------------
#test_patterns                            61 
  #basic_patterns                         27 
  #clock_sequential_patterns              34 
#simulated_patterns                       61 
CPU_time (secs)                          1.4 
---------------------------------------------


  report_statistics -Instance AOI33X1
              Statistics Report              
               Stuck-at Faults               
---------------------------------------------
Fault Classes                     #faults    
                                  (total)    
----------------------------  ---------------
  FU (full)                          14      
  --------------------------  ---------------
  DS (det_simulation)            14 (100.00%)
---------------------------------------------
Coverage                                     
  --------------------------                 
  test_coverage                      100.00% 
  fault_coverage                     100.00% 
  atpg_effectiveness                 100.00% 
---------------------------------------------
#test_patterns                            61 
  #basic_patterns                         27 
  #clock_sequential_patterns              34 
#simulated_patterns                       61 
CPU_time (secs)                          1.4 
---------------------------------------------


  report_statistics -Instance AOI33X2
              Statistics Report              
               Stuck-at Faults               
---------------------------------------------
Fault Classes                     #faults    
                                  (total)    
----------------------------  ---------------
  FU (full)                          14      
  --------------------------  ---------------
  DS (det_simulation)            14 (100.00%)
---------------------------------------------
Coverage                                     
  --------------------------                 
  test_coverage                      100.00% 
  fault_coverage                     100.00% 
  atpg_effectiveness                 100.00% 
---------------------------------------------
#test_patterns                            61 
  #basic_patterns                         27 
  #clock_sequential_patterns              34 
#simulated_patterns                       61 
CPU_time (secs)                          1.4 
---------------------------------------------


  report_statistics -Instance AOI33X4
              Statistics Report              
               Stuck-at Faults               
---------------------------------------------
Fault Classes                     #faults    
                                  (total)    
----------------------------  ---------------
  FU (full)                          14      
  --------------------------  ---------------
  DS (det_simulation)            14 (100.00%)
---------------------------------------------
Coverage                                     
  --------------------------                 
  test_coverage                      100.00% 
  fault_coverage                     100.00% 
  atpg_effectiveness                 100.00% 
---------------------------------------------
#test_patterns                            61 
  #basic_patterns                         27 
  #clock_sequential_patterns              34 
#simulated_patterns                       61 
CPU_time (secs)                          1.4 
---------------------------------------------


  report_statistics -Instance AOI33XL
              Statistics Report              
               Stuck-at Faults               
---------------------------------------------
Fault Classes                     #faults    
                                  (total)    
----------------------------  ---------------
  FU (full)                          14      
  --------------------------  ---------------
  DS (det_simulation)            14 (100.00%)
---------------------------------------------
Coverage                                     
  --------------------------                 
  test_coverage                      100.00% 
  fault_coverage                     100.00% 
  atpg_effectiveness                 100.00% 
---------------------------------------------
#test_patterns                            61 
  #basic_patterns                         27 
  #clock_sequential_patterns              34 
#simulated_patterns                       61 
CPU_time (secs)                          1.4 
---------------------------------------------


  report_statistics -Instance BMXIX2
              Statistics Report              
               Stuck-at Faults               
---------------------------------------------
Fault Classes                     #faults    
                                  (total)    
----------------------------  ---------------
  FU (full)                          12      
  --------------------------  ---------------
  DS (det_simulation)            12 (100.00%)
---------------------------------------------
Coverage                                     
  --------------------------                 
  test_coverage                      100.00% 
  fault_coverage                     100.00% 
  atpg_effectiveness                 100.00% 
---------------------------------------------
#test_patterns                            61 
  #basic_patterns                         27 
  #clock_sequential_patterns              34 
#simulated_patterns                       61 
CPU_time (secs)                          1.4 
---------------------------------------------


  report_statistics -Instance BMXIX4
              Statistics Report              
               Stuck-at Faults               
---------------------------------------------
Fault Classes                     #faults    
                                  (total)    
----------------------------  ---------------
  FU (full)                          12      
  --------------------------  ---------------
  DS (det_simulation)            12 (100.00%)
---------------------------------------------
Coverage                                     
  --------------------------                 
  test_coverage                      100.00% 
  fault_coverage                     100.00% 
  atpg_effectiveness                 100.00% 
---------------------------------------------
#test_patterns                            61 
  #basic_patterns                         27 
  #clock_sequential_patterns              34 
#simulated_patterns                       61 
CPU_time (secs)                          1.4 
---------------------------------------------


  report_statistics -Instance BUFX12
              Statistics Report              
               Stuck-at Faults               
---------------------------------------------
Fault Classes                     #faults    
                                  (total)    
----------------------------  ---------------
  FU (full)                          4       
  --------------------------  ---------------
  DS (det_simulation)             4 (100.00%)
---------------------------------------------
Coverage                                     
  --------------------------                 
  test_coverage                      100.00% 
  fault_coverage                     100.00% 
  atpg_effectiveness                 100.00% 
---------------------------------------------
#test_patterns                            61 
  #basic_patterns                         27 
  #clock_sequential_patterns              34 
#simulated_patterns                       61 
CPU_time (secs)                          1.4 
---------------------------------------------


  report_statistics -Instance BUFX16
              Statistics Report              
               Stuck-at Faults               
---------------------------------------------
Fault Classes                     #faults    
                                  (total)    
----------------------------  ---------------
  FU (full)                          4       
  --------------------------  ---------------
  DS (det_simulation)             4 (100.00%)
---------------------------------------------
Coverage                                     
  --------------------------                 
  test_coverage                      100.00% 
  fault_coverage                     100.00% 
  atpg_effectiveness                 100.00% 
---------------------------------------------
#test_patterns                            61 
  #basic_patterns                         27 
  #clock_sequential_patterns              34 
#simulated_patterns                       61 
CPU_time (secs)                          1.4 
---------------------------------------------


  report_statistics -Instance BUFX2
              Statistics Report              
               Stuck-at Faults               
---------------------------------------------
Fault Classes                     #faults    
                                  (total)    
----------------------------  ---------------
  FU (full)                          4       
  --------------------------  ---------------
  DS (det_simulation)             4 (100.00%)
---------------------------------------------
Coverage                                     
  --------------------------                 
  test_coverage                      100.00% 
  fault_coverage                     100.00% 
  atpg_effectiveness                 100.00% 
---------------------------------------------
#test_patterns                            61 
  #basic_patterns                         27 
  #clock_sequential_patterns              34 
#simulated_patterns                       61 
CPU_time (secs)                          1.4 
---------------------------------------------


  report_statistics -Instance BUFX20
              Statistics Report              
               Stuck-at Faults               
---------------------------------------------
Fault Classes                     #faults    
                                  (total)    
----------------------------  ---------------
  FU (full)                          4       
  --------------------------  ---------------
  DS (det_simulation)             4 (100.00%)
---------------------------------------------
Coverage                                     
  --------------------------                 
  test_coverage                      100.00% 
  fault_coverage                     100.00% 
  atpg_effectiveness                 100.00% 
---------------------------------------------
#test_patterns                            61 
  #basic_patterns                         27 
  #clock_sequential_patterns              34 
#simulated_patterns                       61 
CPU_time (secs)                          1.4 
---------------------------------------------


  report_statistics -Instance BUFX3
              Statistics Report              
               Stuck-at Faults               
---------------------------------------------
Fault Classes                     #faults    
                                  (total)    
----------------------------  ---------------
  FU (full)                          4       
  --------------------------  ---------------
  DS (det_simulation)             4 (100.00%)
---------------------------------------------
Coverage                                     
  --------------------------                 
  test_coverage                      100.00% 
  fault_coverage                     100.00% 
  atpg_effectiveness                 100.00% 
---------------------------------------------
#test_patterns                            61 
  #basic_patterns                         27 
  #clock_sequential_patterns              34 
#simulated_patterns                       61 
CPU_time (secs)                          1.4 
---------------------------------------------


  report_statistics -Instance BUFX4
              Statistics Report              
               Stuck-at Faults               
---------------------------------------------
Fault Classes                     #faults    
                                  (total)    
----------------------------  ---------------
  FU (full)                          4       
  --------------------------  ---------------
  DS (det_simulation)             4 (100.00%)
---------------------------------------------
Coverage                                     
  --------------------------                 
  test_coverage                      100.00% 
  fault_coverage                     100.00% 
  atpg_effectiveness                 100.00% 
---------------------------------------------
#test_patterns                            61 
  #basic_patterns                         27 
  #clock_sequential_patterns              34 
#simulated_patterns                       61 
CPU_time (secs)                          1.4 
---------------------------------------------


  report_statistics -Instance BUFX6
              Statistics Report              
               Stuck-at Faults               
---------------------------------------------
Fault Classes                     #faults    
                                  (total)    
----------------------------  ---------------
  FU (full)                          4       
  --------------------------  ---------------
  DS (det_simulation)             4 (100.00%)
---------------------------------------------
Coverage                                     
  --------------------------                 
  test_coverage                      100.00% 
  fault_coverage                     100.00% 
  atpg_effectiveness                 100.00% 
---------------------------------------------
#test_patterns                            61 
  #basic_patterns                         27 
  #clock_sequential_patterns              34 
#simulated_patterns                       61 
CPU_time (secs)                          1.4 
---------------------------------------------


  report_statistics -Instance BUFX8
              Statistics Report              
               Stuck-at Faults               
---------------------------------------------
Fault Classes                     #faults    
                                  (total)    
----------------------------  ---------------
  FU (full)                          4       
  --------------------------  ---------------
  DS (det_simulation)             4 (100.00%)
---------------------------------------------
Coverage                                     
  --------------------------                 
  test_coverage                      100.00% 
  fault_coverage                     100.00% 
  atpg_effectiveness                 100.00% 
---------------------------------------------
#test_patterns                            61 
  #basic_patterns                         27 
  #clock_sequential_patterns              34 
#simulated_patterns                       61 
CPU_time (secs)                          1.4 
---------------------------------------------


  report_statistics -Instance CLKAND2X12
              Statistics Report              
               Stuck-at Faults               
---------------------------------------------
Fault Classes                     #faults    
                                  (total)    
----------------------------  ---------------
  FU (full)                          6       
  --------------------------  ---------------
  DS (det_simulation)             6 (100.00%)
---------------------------------------------
Coverage                                     
  --------------------------                 
  test_coverage                      100.00% 
  fault_coverage                     100.00% 
  atpg_effectiveness                 100.00% 
---------------------------------------------
#test_patterns                            61 
  #basic_patterns                         27 
  #clock_sequential_patterns              34 
#simulated_patterns                       61 
CPU_time (secs)                          1.4 
---------------------------------------------


  report_statistics -Instance CLKAND2X2
              Statistics Report              
               Stuck-at Faults               
---------------------------------------------
Fault Classes                     #faults    
                                  (total)    
----------------------------  ---------------
  FU (full)                          6       
  --------------------------  ---------------
  DS (det_simulation)             6 (100.00%)
---------------------------------------------
Coverage                                     
  --------------------------                 
  test_coverage                      100.00% 
  fault_coverage                     100.00% 
  atpg_effectiveness                 100.00% 
---------------------------------------------
#test_patterns                            61 
  #basic_patterns                         27 
  #clock_sequential_patterns              34 
#simulated_patterns                       61 
CPU_time (secs)                          1.4 
---------------------------------------------


  report_statistics -Instance CLKAND2X3
              Statistics Report              
               Stuck-at Faults               
---------------------------------------------
Fault Classes                     #faults    
                                  (total)    
----------------------------  ---------------
  FU (full)                          6       
  --------------------------  ---------------
  DS (det_simulation)             6 (100.00%)
---------------------------------------------
Coverage                                     
  --------------------------                 
  test_coverage                      100.00% 
  fault_coverage                     100.00% 
  atpg_effectiveness                 100.00% 
---------------------------------------------
#test_patterns                            61 
  #basic_patterns                         27 
  #clock_sequential_patterns              34 
#simulated_patterns                       61 
CPU_time (secs)                          1.4 
---------------------------------------------


  report_statistics -Instance CLKAND2X4
              Statistics Report              
               Stuck-at Faults               
---------------------------------------------
Fault Classes                     #faults    
                                  (total)    
----------------------------  ---------------
  FU (full)                          6       
  --------------------------  ---------------
  DS (det_simulation)             6 (100.00%)
---------------------------------------------
Coverage                                     
  --------------------------                 
  test_coverage                      100.00% 
  fault_coverage                     100.00% 
  atpg_effectiveness                 100.00% 
---------------------------------------------
#test_patterns                            61 
  #basic_patterns                         27 
  #clock_sequential_patterns              34 
#simulated_patterns                       61 
CPU_time (secs)                          1.4 
---------------------------------------------


  report_statistics -Instance CLKAND2X6
              Statistics Report              
               Stuck-at Faults               
---------------------------------------------
Fault Classes                     #faults    
                                  (total)    
----------------------------  ---------------
  FU (full)                          6       
  --------------------------  ---------------
  DS (det_simulation)             6 (100.00%)
---------------------------------------------
Coverage                                     
  --------------------------                 
  test_coverage                      100.00% 
  fault_coverage                     100.00% 
  atpg_effectiveness                 100.00% 
---------------------------------------------
#test_patterns                            61 
  #basic_patterns                         27 
  #clock_sequential_patterns              34 
#simulated_patterns                       61 
CPU_time (secs)                          1.4 
---------------------------------------------


  report_statistics -Instance CLKAND2X8
              Statistics Report              
               Stuck-at Faults               
---------------------------------------------
Fault Classes                     #faults    
                                  (total)    
----------------------------  ---------------
  FU (full)                          6       
  --------------------------  ---------------
  DS (det_simulation)             6 (100.00%)
---------------------------------------------
Coverage                                     
  --------------------------                 
  test_coverage                      100.00% 
  fault_coverage                     100.00% 
  atpg_effectiveness                 100.00% 
---------------------------------------------
#test_patterns                            61 
  #basic_patterns                         27 
  #clock_sequential_patterns              34 
#simulated_patterns                       61 
CPU_time (secs)                          1.4 
---------------------------------------------


  report_statistics -Instance CLKBUFX12
              Statistics Report              
               Stuck-at Faults               
---------------------------------------------
Fault Classes                     #faults    
                                  (total)    
----------------------------  ---------------
  FU (full)                          4       
  --------------------------  ---------------
  DS (det_simulation)             4 (100.00%)
---------------------------------------------
Coverage                                     
  --------------------------                 
  test_coverage                      100.00% 
  fault_coverage                     100.00% 
  atpg_effectiveness                 100.00% 
---------------------------------------------
#test_patterns                            61 
  #basic_patterns                         27 
  #clock_sequential_patterns              34 
#simulated_patterns                       61 
CPU_time (secs)                          1.4 
---------------------------------------------


  report_statistics -Instance CLKBUFX16
              Statistics Report              
               Stuck-at Faults               
---------------------------------------------
Fault Classes                     #faults    
                                  (total)    
----------------------------  ---------------
  FU (full)                          4       
  --------------------------  ---------------
  DS (det_simulation)             4 (100.00%)
---------------------------------------------
Coverage                                     
  --------------------------                 
  test_coverage                      100.00% 
  fault_coverage                     100.00% 
  atpg_effectiveness                 100.00% 
---------------------------------------------
#test_patterns                            61 
  #basic_patterns                         27 
  #clock_sequential_patterns              34 
#simulated_patterns                       61 
CPU_time (secs)                          1.4 
---------------------------------------------


  report_statistics -Instance CLKBUFX2
              Statistics Report              
               Stuck-at Faults               
---------------------------------------------
Fault Classes                     #faults    
                                  (total)    
----------------------------  ---------------
  FU (full)                          4       
  --------------------------  ---------------
  DS (det_simulation)             4 (100.00%)
---------------------------------------------
Coverage                                     
  --------------------------                 
  test_coverage                      100.00% 
  fault_coverage                     100.00% 
  atpg_effectiveness                 100.00% 
---------------------------------------------
#test_patterns                            61 
  #basic_patterns                         27 
  #clock_sequential_patterns              34 
#simulated_patterns                       61 
CPU_time (secs)                          1.4 
---------------------------------------------


  report_statistics -Instance CLKBUFX20
              Statistics Report              
               Stuck-at Faults               
---------------------------------------------
Fault Classes                     #faults    
                                  (total)    
----------------------------  ---------------
  FU (full)                          4       
  --------------------------  ---------------
  DS (det_simulation)             4 (100.00%)
---------------------------------------------
Coverage                                     
  --------------------------                 
  test_coverage                      100.00% 
  fault_coverage                     100.00% 
  atpg_effectiveness                 100.00% 
---------------------------------------------
#test_patterns                            61 
  #basic_patterns                         27 
  #clock_sequential_patterns              34 
#simulated_patterns                       61 
CPU_time (secs)                          1.4 
---------------------------------------------


  report_statistics -Instance CLKBUFX3
              Statistics Report              
               Stuck-at Faults               
---------------------------------------------
Fault Classes                     #faults    
                                  (total)    
----------------------------  ---------------
  FU (full)                          4       
  --------------------------  ---------------
  DS (det_simulation)             4 (100.00%)
---------------------------------------------
Coverage                                     
  --------------------------                 
  test_coverage                      100.00% 
  fault_coverage                     100.00% 
  atpg_effectiveness                 100.00% 
---------------------------------------------
#test_patterns                            61 
  #basic_patterns                         27 
  #clock_sequential_patterns              34 
#simulated_patterns                       61 
CPU_time (secs)                          1.4 
---------------------------------------------


  report_statistics -Instance CLKBUFX4
              Statistics Report              
               Stuck-at Faults               
---------------------------------------------
Fault Classes                     #faults    
                                  (total)    
----------------------------  ---------------
  FU (full)                          4       
  --------------------------  ---------------
  DS (det_simulation)             4 (100.00%)
---------------------------------------------
Coverage                                     
  --------------------------                 
  test_coverage                      100.00% 
  fault_coverage                     100.00% 
  atpg_effectiveness                 100.00% 
---------------------------------------------
#test_patterns                            61 
  #basic_patterns                         27 
  #clock_sequential_patterns              34 
#simulated_patterns                       61 
CPU_time (secs)                          1.4 
---------------------------------------------


  report_statistics -Instance CLKBUFX6
              Statistics Report              
               Stuck-at Faults               
---------------------------------------------
Fault Classes                     #faults    
                                  (total)    
----------------------------  ---------------
  FU (full)                          4       
  --------------------------  ---------------
  DS (det_simulation)             4 (100.00%)
---------------------------------------------
Coverage                                     
  --------------------------                 
  test_coverage                      100.00% 
  fault_coverage                     100.00% 
  atpg_effectiveness                 100.00% 
---------------------------------------------
#test_patterns                            61 
  #basic_patterns                         27 
  #clock_sequential_patterns              34 
#simulated_patterns                       61 
CPU_time (secs)                          1.4 
---------------------------------------------


  report_statistics -Instance CLKBUFX8
              Statistics Report              
               Stuck-at Faults               
---------------------------------------------
Fault Classes                     #faults    
                                  (total)    
----------------------------  ---------------
  FU (full)                          4       
  --------------------------  ---------------
  DS (det_simulation)             4 (100.00%)
---------------------------------------------
Coverage                                     
  --------------------------                 
  test_coverage                      100.00% 
  fault_coverage                     100.00% 
  atpg_effectiveness                 100.00% 
---------------------------------------------
#test_patterns                            61 
  #basic_patterns                         27 
  #clock_sequential_patterns              34 
#simulated_patterns                       61 
CPU_time (secs)                          1.4 
---------------------------------------------


  report_statistics -Instance CLKINVX1
              Statistics Report              
               Stuck-at Faults               
---------------------------------------------
Fault Classes                     #faults    
                                  (total)    
----------------------------  ---------------
  FU (full)                          4       
  --------------------------  ---------------
  DS (det_simulation)             4 (100.00%)
---------------------------------------------
Coverage                                     
  --------------------------                 
  test_coverage                      100.00% 
  fault_coverage                     100.00% 
  atpg_effectiveness                 100.00% 
---------------------------------------------
#test_patterns                            61 
  #basic_patterns                         27 
  #clock_sequential_patterns              34 
#simulated_patterns                       61 
CPU_time (secs)                          1.4 
---------------------------------------------


  report_statistics -Instance CLKINVX12
              Statistics Report              
               Stuck-at Faults               
---------------------------------------------
Fault Classes                     #faults    
                                  (total)    
----------------------------  ---------------
  FU (full)                          4       
  --------------------------  ---------------
  DS (det_simulation)             4 (100.00%)
---------------------------------------------
Coverage                                     
  --------------------------                 
  test_coverage                      100.00% 
  fault_coverage                     100.00% 
  atpg_effectiveness                 100.00% 
---------------------------------------------
#test_patterns                            61 
  #basic_patterns                         27 
  #clock_sequential_patterns              34 
#simulated_patterns                       61 
CPU_time (secs)                          1.4 
---------------------------------------------


  report_statistics -Instance CLKINVX16
              Statistics Report              
               Stuck-at Faults               
---------------------------------------------
Fault Classes                     #faults    
                                  (total)    
----------------------------  ---------------
  FU (full)                          4       
  --------------------------  ---------------
  DS (det_simulation)             4 (100.00%)
---------------------------------------------
Coverage                                     
  --------------------------                 
  test_coverage                      100.00% 
  fault_coverage                     100.00% 
  atpg_effectiveness                 100.00% 
---------------------------------------------
#test_patterns                            61 
  #basic_patterns                         27 
  #clock_sequential_patterns              34 
#simulated_patterns                       61 
CPU_time (secs)                          1.4 
---------------------------------------------


  report_statistics -Instance CLKINVX2
              Statistics Report              
               Stuck-at Faults               
---------------------------------------------
Fault Classes                     #faults    
                                  (total)    
----------------------------  ---------------
  FU (full)                          4       
  --------------------------  ---------------
  DS (det_simulation)             4 (100.00%)
---------------------------------------------
Coverage                                     
  --------------------------                 
  test_coverage                      100.00% 
  fault_coverage                     100.00% 
  atpg_effectiveness                 100.00% 
---------------------------------------------
#test_patterns                            61 
  #basic_patterns                         27 
  #clock_sequential_patterns              34 
#simulated_patterns                       61 
CPU_time (secs)                          1.4 
---------------------------------------------


  report_statistics -Instance CLKINVX20
              Statistics Report              
               Stuck-at Faults               
---------------------------------------------
Fault Classes                     #faults    
                                  (total)    
----------------------------  ---------------
  FU (full)                          4       
  --------------------------  ---------------
  DS (det_simulation)             4 (100.00%)
---------------------------------------------
Coverage                                     
  --------------------------                 
  test_coverage                      100.00% 
  fault_coverage                     100.00% 
  atpg_effectiveness                 100.00% 
---------------------------------------------
#test_patterns                            61 
  #basic_patterns                         27 
  #clock_sequential_patterns              34 
#simulated_patterns                       61 
CPU_time (secs)                          1.4 
---------------------------------------------


  report_statistics -Instance CLKINVX3
              Statistics Report              
               Stuck-at Faults               
---------------------------------------------
Fault Classes                     #faults    
                                  (total)    
----------------------------  ---------------
  FU (full)                          4       
  --------------------------  ---------------
  DS (det_simulation)             4 (100.00%)
---------------------------------------------
Coverage                                     
  --------------------------                 
  test_coverage                      100.00% 
  fault_coverage                     100.00% 
  atpg_effectiveness                 100.00% 
---------------------------------------------
#test_patterns                            61 
  #basic_patterns                         27 
  #clock_sequential_patterns              34 
#simulated_patterns                       61 
CPU_time (secs)                          1.4 
---------------------------------------------


  report_statistics -Instance CLKINVX4
              Statistics Report              
               Stuck-at Faults               
---------------------------------------------
Fault Classes                     #faults    
                                  (total)    
----------------------------  ---------------
  FU (full)                          4       
  --------------------------  ---------------
  DS (det_simulation)             4 (100.00%)
---------------------------------------------
Coverage                                     
  --------------------------                 
  test_coverage                      100.00% 
  fault_coverage                     100.00% 
  atpg_effectiveness                 100.00% 
---------------------------------------------
#test_patterns                            61 
  #basic_patterns                         27 
  #clock_sequential_patterns              34 
#simulated_patterns                       61 
CPU_time (secs)                          1.4 
---------------------------------------------


  report_statistics -Instance CLKINVX6
              Statistics Report              
               Stuck-at Faults               
---------------------------------------------
Fault Classes                     #faults    
                                  (total)    
----------------------------  ---------------
  FU (full)                          4       
  --------------------------  ---------------
  DS (det_simulation)             4 (100.00%)
---------------------------------------------
Coverage                                     
  --------------------------                 
  test_coverage                      100.00% 
  fault_coverage                     100.00% 
  atpg_effectiveness                 100.00% 
---------------------------------------------
#test_patterns                            61 
  #basic_patterns                         27 
  #clock_sequential_patterns              34 
#simulated_patterns                       61 
CPU_time (secs)                          1.4 
---------------------------------------------


  report_statistics -Instance CLKINVX8
              Statistics Report              
               Stuck-at Faults               
---------------------------------------------
Fault Classes                     #faults    
                                  (total)    
----------------------------  ---------------
  FU (full)                          4       
  --------------------------  ---------------
  DS (det_simulation)             4 (100.00%)
---------------------------------------------
Coverage                                     
  --------------------------                 
  test_coverage                      100.00% 
  fault_coverage                     100.00% 
  atpg_effectiveness                 100.00% 
---------------------------------------------
#test_patterns                            61 
  #basic_patterns                         27 
  #clock_sequential_patterns              34 
#simulated_patterns                       61 
CPU_time (secs)                          1.4 
---------------------------------------------


  report_statistics -Instance CLKMX2X12
              Statistics Report              
               Stuck-at Faults               
---------------------------------------------
Fault Classes                     #faults    
                                  (total)    
----------------------------  ---------------
  FU (full)                          8       
  --------------------------  ---------------
  DS (det_simulation)             8 (100.00%)
---------------------------------------------
Coverage                                     
  --------------------------                 
  test_coverage                      100.00% 
  fault_coverage                     100.00% 
  atpg_effectiveness                 100.00% 
---------------------------------------------
#test_patterns                            61 
  #basic_patterns                         27 
  #clock_sequential_patterns              34 
#simulated_patterns                       61 
CPU_time (secs)                          1.4 
---------------------------------------------


  report_statistics -Instance CLKMX2X2
              Statistics Report              
               Stuck-at Faults               
---------------------------------------------
Fault Classes                     #faults    
                                  (total)    
----------------------------  ---------------
  FU (full)                          8       
  --------------------------  ---------------
  DS (det_simulation)             8 (100.00%)
---------------------------------------------
Coverage                                     
  --------------------------                 
  test_coverage                      100.00% 
  fault_coverage                     100.00% 
  atpg_effectiveness                 100.00% 
---------------------------------------------
#test_patterns                            61 
  #basic_patterns                         27 
  #clock_sequential_patterns              34 
#simulated_patterns                       61 
CPU_time (secs)                          1.4 
---------------------------------------------


  report_statistics -Instance CLKMX2X3
              Statistics Report              
               Stuck-at Faults               
---------------------------------------------
Fault Classes                     #faults    
                                  (total)    
----------------------------  ---------------
  FU (full)                          8       
  --------------------------  ---------------
  DS (det_simulation)             8 (100.00%)
---------------------------------------------
Coverage                                     
  --------------------------                 
  test_coverage                      100.00% 
  fault_coverage                     100.00% 
  atpg_effectiveness                 100.00% 
---------------------------------------------
#test_patterns                            61 
  #basic_patterns                         27 
  #clock_sequential_patterns              34 
#simulated_patterns                       61 
CPU_time (secs)                          1.4 
---------------------------------------------


  report_statistics -Instance CLKMX2X4
              Statistics Report              
               Stuck-at Faults               
---------------------------------------------
Fault Classes                     #faults    
                                  (total)    
----------------------------  ---------------
  FU (full)                          8       
  --------------------------  ---------------
  DS (det_simulation)             8 (100.00%)
---------------------------------------------
Coverage                                     
  --------------------------                 
  test_coverage                      100.00% 
  fault_coverage                     100.00% 
  atpg_effectiveness                 100.00% 
---------------------------------------------
#test_patterns                            61 
  #basic_patterns                         27 
  #clock_sequential_patterns              34 
#simulated_patterns                       61 
CPU_time (secs)                          1.4 
---------------------------------------------


  report_statistics -Instance CLKMX2X6
              Statistics Report              
               Stuck-at Faults               
---------------------------------------------
Fault Classes                     #faults    
                                  (total)    
----------------------------  ---------------
  FU (full)                          8       
  --------------------------  ---------------
  DS (det_simulation)             8 (100.00%)
---------------------------------------------
Coverage                                     
  --------------------------                 
  test_coverage                      100.00% 
  fault_coverage                     100.00% 
  atpg_effectiveness                 100.00% 
---------------------------------------------
#test_patterns                            61 
  #basic_patterns                         27 
  #clock_sequential_patterns              34 
#simulated_patterns                       61 
CPU_time (secs)                          1.4 
---------------------------------------------


  report_statistics -Instance CLKMX2X8
              Statistics Report              
               Stuck-at Faults               
---------------------------------------------
Fault Classes                     #faults    
                                  (total)    
----------------------------  ---------------
  FU (full)                          8       
  --------------------------  ---------------
  DS (det_simulation)             8 (100.00%)
---------------------------------------------
Coverage                                     
  --------------------------                 
  test_coverage                      100.00% 
  fault_coverage                     100.00% 
  atpg_effectiveness                 100.00% 
---------------------------------------------
#test_patterns                            61 
  #basic_patterns                         27 
  #clock_sequential_patterns              34 
#simulated_patterns                       61 
CPU_time (secs)                          1.4 
---------------------------------------------


  report_statistics -Instance CLKXOR2X1
              Statistics Report              
               Stuck-at Faults               
---------------------------------------------
Fault Classes                     #faults    
                                  (total)    
----------------------------  ---------------
  FU (full)                          6       
  --------------------------  ---------------
  DS (det_simulation)             6 (100.00%)
---------------------------------------------
Coverage                                     
  --------------------------                 
  test_coverage                      100.00% 
  fault_coverage                     100.00% 
  atpg_effectiveness                 100.00% 
---------------------------------------------
#test_patterns                            61 
  #basic_patterns                         27 
  #clock_sequential_patterns              34 
#simulated_patterns                       61 
CPU_time (secs)                          1.4 
---------------------------------------------


  report_statistics -Instance CLKXOR2X2
              Statistics Report              
               Stuck-at Faults               
---------------------------------------------
Fault Classes                     #faults    
                                  (total)    
----------------------------  ---------------
  FU (full)                          6       
  --------------------------  ---------------
  DS (det_simulation)             6 (100.00%)
---------------------------------------------
Coverage                                     
  --------------------------                 
  test_coverage                      100.00% 
  fault_coverage                     100.00% 
  atpg_effectiveness                 100.00% 
---------------------------------------------
#test_patterns                            61 
  #basic_patterns                         27 
  #clock_sequential_patterns              34 
#simulated_patterns                       61 
CPU_time (secs)                          1.4 
---------------------------------------------


  report_statistics -Instance CLKXOR2X4
              Statistics Report              
               Stuck-at Faults               
---------------------------------------------
Fault Classes                     #faults    
                                  (total)    
----------------------------  ---------------
  FU (full)                          6       
  --------------------------  ---------------
  DS (det_simulation)             6 (100.00%)
---------------------------------------------
Coverage                                     
  --------------------------                 
  test_coverage                      100.00% 
  fault_coverage                     100.00% 
  atpg_effectiveness                 100.00% 
---------------------------------------------
#test_patterns                            61 
  #basic_patterns                         27 
  #clock_sequential_patterns              34 
#simulated_patterns                       61 
CPU_time (secs)                          1.4 
---------------------------------------------


  report_statistics -Instance CLKXOR2X8
              Statistics Report              
               Stuck-at Faults               
---------------------------------------------
Fault Classes                     #faults    
                                  (total)    
----------------------------  ---------------
  FU (full)                          6       
  --------------------------  ---------------
  DS (det_simulation)             6 (100.00%)
---------------------------------------------
Coverage                                     
  --------------------------                 
  test_coverage                      100.00% 
  fault_coverage                     100.00% 
  atpg_effectiveness                 100.00% 
---------------------------------------------
#test_patterns                            61 
  #basic_patterns                         27 
  #clock_sequential_patterns              34 
#simulated_patterns                       61 
CPU_time (secs)                          1.4 
---------------------------------------------


  report_statistics -Instance DFFHQX1
              Statistics Report              
               Stuck-at Faults               
---------------------------------------------
Fault Classes                     #faults    
                                  (total)    
----------------------------  ---------------
  FU (full)                          4       
  --------------------------  ---------------
  DS (det_simulation)             4 (100.00%)
---------------------------------------------
Coverage                                     
  --------------------------                 
  test_coverage                      100.00% 
  fault_coverage                     100.00% 
  atpg_effectiveness                 100.00% 
---------------------------------------------
#test_patterns                            61 
  #basic_patterns                         27 
  #clock_sequential_patterns              34 
#simulated_patterns                       61 
CPU_time (secs)                          1.4 
---------------------------------------------


  report_statistics -Instance DFFHQX2
              Statistics Report              
               Stuck-at Faults               
---------------------------------------------
Fault Classes                     #faults    
                                  (total)    
----------------------------  ---------------
  FU (full)                          4       
  --------------------------  ---------------
  DS (det_simulation)             4 (100.00%)
---------------------------------------------
Coverage                                     
  --------------------------                 
  test_coverage                      100.00% 
  fault_coverage                     100.00% 
  atpg_effectiveness                 100.00% 
---------------------------------------------
#test_patterns                            61 
  #basic_patterns                         27 
  #clock_sequential_patterns              34 
#simulated_patterns                       61 
CPU_time (secs)                          1.4 
---------------------------------------------


  report_statistics -Instance DFFHQX4
              Statistics Report              
               Stuck-at Faults               
---------------------------------------------
Fault Classes                     #faults    
                                  (total)    
----------------------------  ---------------
  FU (full)                          4       
  --------------------------  ---------------
  DS (det_simulation)             4 (100.00%)
---------------------------------------------
Coverage                                     
  --------------------------                 
  test_coverage                      100.00% 
  fault_coverage                     100.00% 
  atpg_effectiveness                 100.00% 
---------------------------------------------
#test_patterns                            61 
  #basic_patterns                         27 
  #clock_sequential_patterns              34 
#simulated_patterns                       61 
CPU_time (secs)                          1.4 
---------------------------------------------


  report_statistics -Instance DFFHQX8
              Statistics Report              
               Stuck-at Faults               
---------------------------------------------
Fault Classes                     #faults    
                                  (total)    
----------------------------  ---------------
  FU (full)                          4       
  --------------------------  ---------------
  DS (det_simulation)             4 (100.00%)
---------------------------------------------
Coverage                                     
  --------------------------                 
  test_coverage                      100.00% 
  fault_coverage                     100.00% 
  atpg_effectiveness                 100.00% 
---------------------------------------------
#test_patterns                            61 
  #basic_patterns                         27 
  #clock_sequential_patterns              34 
#simulated_patterns                       61 
CPU_time (secs)                          1.4 
---------------------------------------------


  report_statistics -Instance DFFNSRX1
              Statistics Report              
               Stuck-at Faults               
---------------------------------------------
Fault Classes                     #faults    
                                  (total)    
----------------------------  ---------------
  FU (full)                          8       
  --------------------------  ---------------
  DS (det_simulation)             8 (100.00%)
---------------------------------------------
Coverage                                     
  --------------------------                 
  test_coverage                      100.00% 
  fault_coverage                     100.00% 
  atpg_effectiveness                 100.00% 
---------------------------------------------
#test_patterns                            61 
  #basic_patterns                         27 
  #clock_sequential_patterns              34 
#simulated_patterns                       61 
CPU_time (secs)                          1.4 
---------------------------------------------


  report_statistics -Instance DFFNSRX2
              Statistics Report              
               Stuck-at Faults               
---------------------------------------------
Fault Classes                     #faults    
                                  (total)    
----------------------------  ---------------
  FU (full)                          8       
  --------------------------  ---------------
  DS (det_simulation)             8 (100.00%)
---------------------------------------------
Coverage                                     
  --------------------------                 
  test_coverage                      100.00% 
  fault_coverage                     100.00% 
  atpg_effectiveness                 100.00% 
---------------------------------------------
#test_patterns                            61 
  #basic_patterns                         27 
  #clock_sequential_patterns              34 
#simulated_patterns                       61 
CPU_time (secs)                          1.4 
---------------------------------------------


  report_statistics -Instance DFFNSRX4
              Statistics Report              
               Stuck-at Faults               
---------------------------------------------
Fault Classes                     #faults    
                                  (total)    
----------------------------  ---------------
  FU (full)                          8       
  --------------------------  ---------------
  DS (det_simulation)             8 (100.00%)
---------------------------------------------
Coverage                                     
  --------------------------                 
  test_coverage                      100.00% 
  fault_coverage                     100.00% 
  atpg_effectiveness                 100.00% 
---------------------------------------------
#test_patterns                            61 
  #basic_patterns                         27 
  #clock_sequential_patterns              34 
#simulated_patterns                       61 
CPU_time (secs)                          1.4 
---------------------------------------------


  report_statistics -Instance DFFNSRXL
              Statistics Report              
               Stuck-at Faults               
---------------------------------------------
Fault Classes                     #faults    
                                  (total)    
----------------------------  ---------------
  FU (full)                          8       
  --------------------------  ---------------
  DS (det_simulation)             8 (100.00%)
---------------------------------------------
Coverage                                     
  --------------------------                 
  test_coverage                      100.00% 
  fault_coverage                     100.00% 
  atpg_effectiveness                 100.00% 
---------------------------------------------
#test_patterns                            61 
  #basic_patterns                         27 
  #clock_sequential_patterns              34 
#simulated_patterns                       61 
CPU_time (secs)                          1.4 
---------------------------------------------


  report_statistics -Instance DFFQX1
              Statistics Report              
               Stuck-at Faults               
---------------------------------------------
Fault Classes                     #faults    
                                  (total)    
----------------------------  ---------------
  FU (full)                          4       
  --------------------------  ---------------
  DS (det_simulation)             4 (100.00%)
---------------------------------------------
Coverage                                     
  --------------------------                 
  test_coverage                      100.00% 
  fault_coverage                     100.00% 
  atpg_effectiveness                 100.00% 
---------------------------------------------
#test_patterns                            61 
  #basic_patterns                         27 
  #clock_sequential_patterns              34 
#simulated_patterns                       61 
CPU_time (secs)                          1.4 
---------------------------------------------


  report_statistics -Instance DFFQX2
              Statistics Report              
               Stuck-at Faults               
---------------------------------------------
Fault Classes                     #faults    
                                  (total)    
----------------------------  ---------------
  FU (full)                          4       
  --------------------------  ---------------
  DS (det_simulation)             4 (100.00%)
---------------------------------------------
Coverage                                     
  --------------------------                 
  test_coverage                      100.00% 
  fault_coverage                     100.00% 
  atpg_effectiveness                 100.00% 
---------------------------------------------
#test_patterns                            61 
  #basic_patterns                         27 
  #clock_sequential_patterns              34 
#simulated_patterns                       61 
CPU_time (secs)                          1.4 
---------------------------------------------


  report_statistics -Instance DFFQX4
              Statistics Report              
               Stuck-at Faults               
---------------------------------------------
Fault Classes                     #faults    
                                  (total)    
----------------------------  ---------------
  FU (full)                          4       
  --------------------------  ---------------
  DS (det_simulation)             4 (100.00%)
---------------------------------------------
Coverage                                     
  --------------------------                 
  test_coverage                      100.00% 
  fault_coverage                     100.00% 
  atpg_effectiveness                 100.00% 
---------------------------------------------
#test_patterns                            61 
  #basic_patterns                         27 
  #clock_sequential_patterns              34 
#simulated_patterns                       61 
CPU_time (secs)                          1.4 
---------------------------------------------


  report_statistics -Instance DFFQXL
              Statistics Report              
               Stuck-at Faults               
---------------------------------------------
Fault Classes                     #faults    
                                  (total)    
----------------------------  ---------------
  FU (full)                          4       
  --------------------------  ---------------
  DS (det_simulation)             4 (100.00%)
---------------------------------------------
Coverage                                     
  --------------------------                 
  test_coverage                      100.00% 
  fault_coverage                     100.00% 
  atpg_effectiveness                 100.00% 
---------------------------------------------
#test_patterns                            61 
  #basic_patterns                         27 
  #clock_sequential_patterns              34 
#simulated_patterns                       61 
CPU_time (secs)                          1.4 
---------------------------------------------


  report_statistics -Instance DFFRHQX1
              Statistics Report              
               Stuck-at Faults               
---------------------------------------------
Fault Classes                     #faults    
                                  (total)    
----------------------------  ---------------
  FU (full)                          6       
  --------------------------  ---------------
  DS (det_simulation)             6 (100.00%)
---------------------------------------------
Coverage                                     
  --------------------------                 
  test_coverage                      100.00% 
  fault_coverage                     100.00% 
  atpg_effectiveness                 100.00% 
---------------------------------------------
#test_patterns                            61 
  #basic_patterns                         27 
  #clock_sequential_patterns              34 
#simulated_patterns                       61 
CPU_time (secs)                          1.4 
---------------------------------------------


  report_statistics -Instance DFFRHQX2
              Statistics Report              
               Stuck-at Faults               
---------------------------------------------
Fault Classes                     #faults    
                                  (total)    
----------------------------  ---------------
  FU (full)                          6       
  --------------------------  ---------------
  DS (det_simulation)             6 (100.00%)
---------------------------------------------
Coverage                                     
  --------------------------                 
  test_coverage                      100.00% 
  fault_coverage                     100.00% 
  atpg_effectiveness                 100.00% 
---------------------------------------------
#test_patterns                            61 
  #basic_patterns                         27 
  #clock_sequential_patterns              34 
#simulated_patterns                       61 
CPU_time (secs)                          1.4 
---------------------------------------------


  report_statistics -Instance DFFRHQX4
              Statistics Report              
               Stuck-at Faults               
---------------------------------------------
Fault Classes                     #faults    
                                  (total)    
----------------------------  ---------------
  FU (full)                          6       
  --------------------------  ---------------
  DS (det_simulation)             6 (100.00%)
---------------------------------------------
Coverage                                     
  --------------------------                 
  test_coverage                      100.00% 
  fault_coverage                     100.00% 
  atpg_effectiveness                 100.00% 
---------------------------------------------
#test_patterns                            61 
  #basic_patterns                         27 
  #clock_sequential_patterns              34 
#simulated_patterns                       61 
CPU_time (secs)                          1.4 
---------------------------------------------


  report_statistics -Instance DFFRHQX8
              Statistics Report              
               Stuck-at Faults               
---------------------------------------------
Fault Classes                     #faults    
                                  (total)    
----------------------------  ---------------
  FU (full)                          6       
  --------------------------  ---------------
  DS (det_simulation)             6 (100.00%)
---------------------------------------------
Coverage                                     
  --------------------------                 
  test_coverage                      100.00% 
  fault_coverage                     100.00% 
  atpg_effectiveness                 100.00% 
---------------------------------------------
#test_patterns                            61 
  #basic_patterns                         27 
  #clock_sequential_patterns              34 
#simulated_patterns                       61 
CPU_time (secs)                          1.4 
---------------------------------------------


  report_statistics -Instance DFFRX1
              Statistics Report              
               Stuck-at Faults               
---------------------------------------------
Fault Classes                     #faults    
                                  (total)    
----------------------------  ---------------
  FU (full)                          8       
  --------------------------  ---------------
  DS (det_simulation)             8 (100.00%)
---------------------------------------------
Coverage                                     
  --------------------------                 
  test_coverage                      100.00% 
  fault_coverage                     100.00% 
  atpg_effectiveness                 100.00% 
---------------------------------------------
#test_patterns                            61 
  #basic_patterns                         27 
  #clock_sequential_patterns              34 
#simulated_patterns                       61 
CPU_time (secs)                          1.4 
---------------------------------------------


  report_statistics -Instance DFFRX2
              Statistics Report              
               Stuck-at Faults               
---------------------------------------------
Fault Classes                     #faults    
                                  (total)    
----------------------------  ---------------
  FU (full)                          8       
  --------------------------  ---------------
  DS (det_simulation)             8 (100.00%)
---------------------------------------------
Coverage                                     
  --------------------------                 
  test_coverage                      100.00% 
  fault_coverage                     100.00% 
  atpg_effectiveness                 100.00% 
---------------------------------------------
#test_patterns                            61 
  #basic_patterns                         27 
  #clock_sequential_patterns              34 
#simulated_patterns                       61 
CPU_time (secs)                          1.4 
---------------------------------------------


  report_statistics -Instance DFFRX4
              Statistics Report              
               Stuck-at Faults               
---------------------------------------------
Fault Classes                     #faults    
                                  (total)    
----------------------------  ---------------
  FU (full)                          8       
  --------------------------  ---------------
  DS (det_simulation)             8 (100.00%)
---------------------------------------------
Coverage                                     
  --------------------------                 
  test_coverage                      100.00% 
  fault_coverage                     100.00% 
  atpg_effectiveness                 100.00% 
---------------------------------------------
#test_patterns                            61 
  #basic_patterns                         27 
  #clock_sequential_patterns              34 
#simulated_patterns                       61 
CPU_time (secs)                          1.4 
---------------------------------------------


  report_statistics -Instance DFFRXL
              Statistics Report              
               Stuck-at Faults               
---------------------------------------------
Fault Classes                     #faults    
                                  (total)    
----------------------------  ---------------
  FU (full)                          8       
  --------------------------  ---------------
  DS (det_simulation)             8 (100.00%)
---------------------------------------------
Coverage                                     
  --------------------------                 
  test_coverage                      100.00% 
  fault_coverage                     100.00% 
  atpg_effectiveness                 100.00% 
---------------------------------------------
#test_patterns                            61 
  #basic_patterns                         27 
  #clock_sequential_patterns              34 
#simulated_patterns                       61 
CPU_time (secs)                          1.4 
---------------------------------------------


  report_statistics -Instance DFFSHQX1
              Statistics Report              
               Stuck-at Faults               
---------------------------------------------
Fault Classes                     #faults    
                                  (total)    
----------------------------  ---------------
  FU (full)                          4       
  --------------------------  ---------------
  DS (det_simulation)             4 (100.00%)
---------------------------------------------
Coverage                                     
  --------------------------                 
  test_coverage                      100.00% 
  fault_coverage                     100.00% 
  atpg_effectiveness                 100.00% 
---------------------------------------------
#test_patterns                            61 
  #basic_patterns                         27 
  #clock_sequential_patterns              34 
#simulated_patterns                       61 
CPU_time (secs)                          1.4 
---------------------------------------------


  report_statistics -Instance DFFSHQX2
              Statistics Report              
               Stuck-at Faults               
---------------------------------------------
Fault Classes                     #faults    
                                  (total)    
----------------------------  ---------------
  FU (full)                          4       
  --------------------------  ---------------
  DS (det_simulation)             4 (100.00%)
---------------------------------------------
Coverage                                     
  --------------------------                 
  test_coverage                      100.00% 
  fault_coverage                     100.00% 
  atpg_effectiveness                 100.00% 
---------------------------------------------
#test_patterns                            61 
  #basic_patterns                         27 
  #clock_sequential_patterns              34 
#simulated_patterns                       61 
CPU_time (secs)                          1.4 
---------------------------------------------


  report_statistics -Instance DFFSHQX4
              Statistics Report              
               Stuck-at Faults               
---------------------------------------------
Fault Classes                     #faults    
                                  (total)    
----------------------------  ---------------
  FU (full)                          4       
  --------------------------  ---------------
  DS (det_simulation)             4 (100.00%)
---------------------------------------------
Coverage                                     
  --------------------------                 
  test_coverage                      100.00% 
  fault_coverage                     100.00% 
  atpg_effectiveness                 100.00% 
---------------------------------------------
#test_patterns                            61 
  #basic_patterns                         27 
  #clock_sequential_patterns              34 
#simulated_patterns                       61 
CPU_time (secs)                          1.4 
---------------------------------------------


  report_statistics -Instance DFFSHQX8
              Statistics Report              
               Stuck-at Faults               
---------------------------------------------
Fault Classes                     #faults    
                                  (total)    
----------------------------  ---------------
  FU (full)                          4       
  --------------------------  ---------------
  DS (det_simulation)             4 (100.00%)
---------------------------------------------
Coverage                                     
  --------------------------                 
  test_coverage                      100.00% 
  fault_coverage                     100.00% 
  atpg_effectiveness                 100.00% 
---------------------------------------------
#test_patterns                            61 
  #basic_patterns                         27 
  #clock_sequential_patterns              34 
#simulated_patterns                       61 
CPU_time (secs)                          1.4 
---------------------------------------------


  report_statistics -Instance DFFSRHQX1
              Statistics Report              
               Stuck-at Faults               
---------------------------------------------
Fault Classes                     #faults    
                                  (total)    
----------------------------  ---------------
  FU (full)                          6       
  --------------------------  ---------------
  DS (det_simulation)             6 (100.00%)
---------------------------------------------
Coverage                                     
  --------------------------                 
  test_coverage                      100.00% 
  fault_coverage                     100.00% 
  atpg_effectiveness                 100.00% 
---------------------------------------------
#test_patterns                            61 
  #basic_patterns                         27 
  #clock_sequential_patterns              34 
#simulated_patterns                       61 
CPU_time (secs)                          1.4 
---------------------------------------------


  report_statistics -Instance DFFSRHQX2
              Statistics Report              
               Stuck-at Faults               
---------------------------------------------
Fault Classes                     #faults    
                                  (total)    
----------------------------  ---------------
  FU (full)                          6       
  --------------------------  ---------------
  DS (det_simulation)             6 (100.00%)
---------------------------------------------
Coverage                                     
  --------------------------                 
  test_coverage                      100.00% 
  fault_coverage                     100.00% 
  atpg_effectiveness                 100.00% 
---------------------------------------------
#test_patterns                            61 
  #basic_patterns                         27 
  #clock_sequential_patterns              34 
#simulated_patterns                       61 
CPU_time (secs)                          1.4 
---------------------------------------------


  report_statistics -Instance DFFSRHQX4
              Statistics Report              
               Stuck-at Faults               
---------------------------------------------
Fault Classes                     #faults    
                                  (total)    
----------------------------  ---------------
  FU (full)                          6       
  --------------------------  ---------------
  DS (det_simulation)             6 (100.00%)
---------------------------------------------
Coverage                                     
  --------------------------                 
  test_coverage                      100.00% 
  fault_coverage                     100.00% 
  atpg_effectiveness                 100.00% 
---------------------------------------------
#test_patterns                            61 
  #basic_patterns                         27 
  #clock_sequential_patterns              34 
#simulated_patterns                       61 
CPU_time (secs)                          1.4 
---------------------------------------------


  report_statistics -Instance DFFSRHQX8
              Statistics Report              
               Stuck-at Faults               
---------------------------------------------
Fault Classes                     #faults    
                                  (total)    
----------------------------  ---------------
  FU (full)                          6       
  --------------------------  ---------------
  DS (det_simulation)             6 (100.00%)
---------------------------------------------
Coverage                                     
  --------------------------                 
  test_coverage                      100.00% 
  fault_coverage                     100.00% 
  atpg_effectiveness                 100.00% 
---------------------------------------------
#test_patterns                            61 
  #basic_patterns                         27 
  #clock_sequential_patterns              34 
#simulated_patterns                       61 
CPU_time (secs)                          1.4 
---------------------------------------------


  report_statistics -Instance DFFSRX1
              Statistics Report              
               Stuck-at Faults               
---------------------------------------------
Fault Classes                     #faults    
                                  (total)    
----------------------------  ---------------
  FU (full)                          8       
  --------------------------  ---------------
  DS (det_simulation)             8 (100.00%)
---------------------------------------------
Coverage                                     
  --------------------------                 
  test_coverage                      100.00% 
  fault_coverage                     100.00% 
  atpg_effectiveness                 100.00% 
---------------------------------------------
#test_patterns                            61 
  #basic_patterns                         27 
  #clock_sequential_patterns              34 
#simulated_patterns                       61 
CPU_time (secs)                          1.4 
---------------------------------------------


  report_statistics -Instance DFFSRX2
              Statistics Report              
               Stuck-at Faults               
---------------------------------------------
Fault Classes                     #faults    
                                  (total)    
----------------------------  ---------------
  FU (full)                          8       
  --------------------------  ---------------
  DS (det_simulation)             8 (100.00%)
---------------------------------------------
Coverage                                     
  --------------------------                 
  test_coverage                      100.00% 
  fault_coverage                     100.00% 
  atpg_effectiveness                 100.00% 
---------------------------------------------
#test_patterns                            61 
  #basic_patterns                         27 
  #clock_sequential_patterns              34 
#simulated_patterns                       61 
CPU_time (secs)                          1.4 
---------------------------------------------


  report_statistics -Instance DFFSRX4
              Statistics Report              
               Stuck-at Faults               
---------------------------------------------
Fault Classes                     #faults    
                                  (total)    
----------------------------  ---------------
  FU (full)                          8       
  --------------------------  ---------------
  DS (det_simulation)             8 (100.00%)
---------------------------------------------
Coverage                                     
  --------------------------                 
  test_coverage                      100.00% 
  fault_coverage                     100.00% 
  atpg_effectiveness                 100.00% 
---------------------------------------------
#test_patterns                            61 
  #basic_patterns                         27 
  #clock_sequential_patterns              34 
#simulated_patterns                       61 
CPU_time (secs)                          1.4 
---------------------------------------------


  report_statistics -Instance DFFSRXL
              Statistics Report              
               Stuck-at Faults               
---------------------------------------------
Fault Classes                     #faults    
                                  (total)    
----------------------------  ---------------
  FU (full)                          8       
  --------------------------  ---------------
  DS (det_simulation)             8 (100.00%)
---------------------------------------------
Coverage                                     
  --------------------------                 
  test_coverage                      100.00% 
  fault_coverage                     100.00% 
  atpg_effectiveness                 100.00% 
---------------------------------------------
#test_patterns                            61 
  #basic_patterns                         27 
  #clock_sequential_patterns              34 
#simulated_patterns                       61 
CPU_time (secs)                          1.4 
---------------------------------------------


  report_statistics -Instance DFFSX1
              Statistics Report              
               Stuck-at Faults               
---------------------------------------------
Fault Classes                     #faults    
                                  (total)    
----------------------------  ---------------
  FU (full)                          6       
  --------------------------  ---------------
  DS (det_simulation)             6 (100.00%)
---------------------------------------------
Coverage                                     
  --------------------------                 
  test_coverage                      100.00% 
  fault_coverage                     100.00% 
  atpg_effectiveness                 100.00% 
---------------------------------------------
#test_patterns                            61 
  #basic_patterns                         27 
  #clock_sequential_patterns              34 
#simulated_patterns                       61 
CPU_time (secs)                          1.4 
---------------------------------------------


  report_statistics -Instance DFFSX2
              Statistics Report              
               Stuck-at Faults               
---------------------------------------------
Fault Classes                     #faults    
                                  (total)    
----------------------------  ---------------
  FU (full)                          6       
  --------------------------  ---------------
  DS (det_simulation)             6 (100.00%)
---------------------------------------------
Coverage                                     
  --------------------------                 
  test_coverage                      100.00% 
  fault_coverage                     100.00% 
  atpg_effectiveness                 100.00% 
---------------------------------------------
#test_patterns                            61 
  #basic_patterns                         27 
  #clock_sequential_patterns              34 
#simulated_patterns                       61 
CPU_time (secs)                          1.4 
---------------------------------------------


  report_statistics -Instance DFFSX4
              Statistics Report              
               Stuck-at Faults               
---------------------------------------------
Fault Classes                     #faults    
                                  (total)    
----------------------------  ---------------
  FU (full)                          6       
  --------------------------  ---------------
  DS (det_simulation)             6 (100.00%)
---------------------------------------------
Coverage                                     
  --------------------------                 
  test_coverage                      100.00% 
  fault_coverage                     100.00% 
  atpg_effectiveness                 100.00% 
---------------------------------------------
#test_patterns                            61 
  #basic_patterns                         27 
  #clock_sequential_patterns              34 
#simulated_patterns                       61 
CPU_time (secs)                          1.4 
---------------------------------------------


  report_statistics -Instance DFFSXL
              Statistics Report              
               Stuck-at Faults               
---------------------------------------------
Fault Classes                     #faults    
                                  (total)    
----------------------------  ---------------
  FU (full)                          6       
  --------------------------  ---------------
  DS (det_simulation)             6 (100.00%)
---------------------------------------------
Coverage                                     
  --------------------------                 
  test_coverage                      100.00% 
  fault_coverage                     100.00% 
  atpg_effectiveness                 100.00% 
---------------------------------------------
#test_patterns                            61 
  #basic_patterns                         27 
  #clock_sequential_patterns              34 
#simulated_patterns                       61 
CPU_time (secs)                          1.4 
---------------------------------------------


  report_statistics -Instance DFFTRX1
              Statistics Report              
               Stuck-at Faults               
---------------------------------------------
Fault Classes                     #faults    
                                  (total)    
----------------------------  ---------------
  FU (full)                          8       
  --------------------------  ---------------
  DS (det_simulation)             8 (100.00%)
---------------------------------------------
Coverage                                     
  --------------------------                 
  test_coverage                      100.00% 
  fault_coverage                     100.00% 
  atpg_effectiveness                 100.00% 
---------------------------------------------
#test_patterns                            61 
  #basic_patterns                         27 
  #clock_sequential_patterns              34 
#simulated_patterns                       61 
CPU_time (secs)                          1.4 
---------------------------------------------


  report_statistics -Instance DFFTRX2
              Statistics Report              
               Stuck-at Faults               
---------------------------------------------
Fault Classes                     #faults    
                                  (total)    
----------------------------  ---------------
  FU (full)                          8       
  --------------------------  ---------------
  DS (det_simulation)             8 (100.00%)
---------------------------------------------
Coverage                                     
  --------------------------                 
  test_coverage                      100.00% 
  fault_coverage                     100.00% 
  atpg_effectiveness                 100.00% 
---------------------------------------------
#test_patterns                            61 
  #basic_patterns                         27 
  #clock_sequential_patterns              34 
#simulated_patterns                       61 
CPU_time (secs)                          1.4 
---------------------------------------------


  report_statistics -Instance DFFTRX4
              Statistics Report              
               Stuck-at Faults               
---------------------------------------------
Fault Classes                     #faults    
                                  (total)    
----------------------------  ---------------
  FU (full)                          8       
  --------------------------  ---------------
  DS (det_simulation)             8 (100.00%)
---------------------------------------------
Coverage                                     
  --------------------------                 
  test_coverage                      100.00% 
  fault_coverage                     100.00% 
  atpg_effectiveness                 100.00% 
---------------------------------------------
#test_patterns                            61 
  #basic_patterns                         27 
  #clock_sequential_patterns              34 
#simulated_patterns                       61 
CPU_time (secs)                          1.4 
---------------------------------------------


  report_statistics -Instance DFFTRXL
              Statistics Report              
               Stuck-at Faults               
---------------------------------------------
Fault Classes                     #faults    
                                  (total)    
----------------------------  ---------------
  FU (full)                          8       
  --------------------------  ---------------
  DS (det_simulation)             8 (100.00%)
---------------------------------------------
Coverage                                     
  --------------------------                 
  test_coverage                      100.00% 
  fault_coverage                     100.00% 
  atpg_effectiveness                 100.00% 
---------------------------------------------
#test_patterns                            61 
  #basic_patterns                         27 
  #clock_sequential_patterns              34 
#simulated_patterns                       61 
CPU_time (secs)                          1.4 
---------------------------------------------


  report_statistics -Instance DFFX1
              Statistics Report              
               Stuck-at Faults               
---------------------------------------------
Fault Classes                     #faults    
                                  (total)    
----------------------------  ---------------
  FU (full)                          6       
  --------------------------  ---------------
  DS (det_simulation)             6 (100.00%)
---------------------------------------------
Coverage                                     
  --------------------------                 
  test_coverage                      100.00% 
  fault_coverage                     100.00% 
  atpg_effectiveness                 100.00% 
---------------------------------------------
#test_patterns                            61 
  #basic_patterns                         27 
  #clock_sequential_patterns              34 
#simulated_patterns                       61 
CPU_time (secs)                          1.4 
---------------------------------------------


  report_statistics -Instance DFFX2
              Statistics Report              
               Stuck-at Faults               
---------------------------------------------
Fault Classes                     #faults    
                                  (total)    
----------------------------  ---------------
  FU (full)                          6       
  --------------------------  ---------------
  DS (det_simulation)             6 (100.00%)
---------------------------------------------
Coverage                                     
  --------------------------                 
  test_coverage                      100.00% 
  fault_coverage                     100.00% 
  atpg_effectiveness                 100.00% 
---------------------------------------------
#test_patterns                            61 
  #basic_patterns                         27 
  #clock_sequential_patterns              34 
#simulated_patterns                       61 
CPU_time (secs)                          1.4 
---------------------------------------------


  report_statistics -Instance DFFX4
              Statistics Report              
               Stuck-at Faults               
---------------------------------------------
Fault Classes                     #faults    
                                  (total)    
----------------------------  ---------------
  FU (full)                          6       
  --------------------------  ---------------
  DS (det_simulation)             6 (100.00%)
---------------------------------------------
Coverage                                     
  --------------------------                 
  test_coverage                      100.00% 
  fault_coverage                     100.00% 
  atpg_effectiveness                 100.00% 
---------------------------------------------
#test_patterns                            61 
  #basic_patterns                         27 
  #clock_sequential_patterns              34 
#simulated_patterns                       61 
CPU_time (secs)                          1.4 
---------------------------------------------


  report_statistics -Instance DFFXL
              Statistics Report              
               Stuck-at Faults               
---------------------------------------------
Fault Classes                     #faults    
                                  (total)    
----------------------------  ---------------
  FU (full)                          6       
  --------------------------  ---------------
  DS (det_simulation)             6 (100.00%)
---------------------------------------------
Coverage                                     
  --------------------------                 
  test_coverage                      100.00% 
  fault_coverage                     100.00% 
  atpg_effectiveness                 100.00% 
---------------------------------------------
#test_patterns                            61 
  #basic_patterns                         27 
  #clock_sequential_patterns              34 
#simulated_patterns                       61 
CPU_time (secs)                          1.4 
---------------------------------------------


  report_statistics -Instance DLY1X1
              Statistics Report              
               Stuck-at Faults               
---------------------------------------------
Fault Classes                     #faults    
                                  (total)    
----------------------------  ---------------
  FU (full)                          4       
  --------------------------  ---------------
  DS (det_simulation)             4 (100.00%)
---------------------------------------------
Coverage                                     
  --------------------------                 
  test_coverage                      100.00% 
  fault_coverage                     100.00% 
  atpg_effectiveness                 100.00% 
---------------------------------------------
#test_patterns                            61 
  #basic_patterns                         27 
  #clock_sequential_patterns              34 
#simulated_patterns                       61 
CPU_time (secs)                          1.4 
---------------------------------------------


  report_statistics -Instance DLY1X4
              Statistics Report              
               Stuck-at Faults               
---------------------------------------------
Fault Classes                     #faults    
                                  (total)    
----------------------------  ---------------
  FU (full)                          4       
  --------------------------  ---------------
  DS (det_simulation)             4 (100.00%)
---------------------------------------------
Coverage                                     
  --------------------------                 
  test_coverage                      100.00% 
  fault_coverage                     100.00% 
  atpg_effectiveness                 100.00% 
---------------------------------------------
#test_patterns                            61 
  #basic_patterns                         27 
  #clock_sequential_patterns              34 
#simulated_patterns                       61 
CPU_time (secs)                          1.4 
---------------------------------------------


  report_statistics -Instance DLY2X1
              Statistics Report              
               Stuck-at Faults               
---------------------------------------------
Fault Classes                     #faults    
                                  (total)    
----------------------------  ---------------
  FU (full)                          4       
  --------------------------  ---------------
  DS (det_simulation)             4 (100.00%)
---------------------------------------------
Coverage                                     
  --------------------------                 
  test_coverage                      100.00% 
  fault_coverage                     100.00% 
  atpg_effectiveness                 100.00% 
---------------------------------------------
#test_patterns                            61 
  #basic_patterns                         27 
  #clock_sequential_patterns              34 
#simulated_patterns                       61 
CPU_time (secs)                          1.4 
---------------------------------------------


  report_statistics -Instance DLY2X4
              Statistics Report              
               Stuck-at Faults               
---------------------------------------------
Fault Classes                     #faults    
                                  (total)    
----------------------------  ---------------
  FU (full)                          4       
  --------------------------  ---------------
  DS (det_simulation)             4 (100.00%)
---------------------------------------------
Coverage                                     
  --------------------------                 
  test_coverage                      100.00% 
  fault_coverage                     100.00% 
  atpg_effectiveness                 100.00% 
---------------------------------------------
#test_patterns                            61 
  #basic_patterns                         27 
  #clock_sequential_patterns              34 
#simulated_patterns                       61 
CPU_time (secs)                          1.4 
---------------------------------------------


  report_statistics -Instance DLY3X1
              Statistics Report              
               Stuck-at Faults               
---------------------------------------------
Fault Classes                     #faults    
                                  (total)    
----------------------------  ---------------
  FU (full)                          4       
  --------------------------  ---------------
  DS (det_simulation)             4 (100.00%)
---------------------------------------------
Coverage                                     
  --------------------------                 
  test_coverage                      100.00% 
  fault_coverage                     100.00% 
  atpg_effectiveness                 100.00% 
---------------------------------------------
#test_patterns                            61 
  #basic_patterns                         27 
  #clock_sequential_patterns              34 
#simulated_patterns                       61 
CPU_time (secs)                          1.4 
---------------------------------------------


  report_statistics -Instance DLY3X4
              Statistics Report              
               Stuck-at Faults               
---------------------------------------------
Fault Classes                     #faults    
                                  (total)    
----------------------------  ---------------
  FU (full)                          4       
  --------------------------  ---------------
  DS (det_simulation)             4 (100.00%)
---------------------------------------------
Coverage                                     
  --------------------------                 
  test_coverage                      100.00% 
  fault_coverage                     100.00% 
  atpg_effectiveness                 100.00% 
---------------------------------------------
#test_patterns                            61 
  #basic_patterns                         27 
  #clock_sequential_patterns              34 
#simulated_patterns                       61 
CPU_time (secs)                          1.4 
---------------------------------------------


  report_statistics -Instance DLY4X1
              Statistics Report              
               Stuck-at Faults               
---------------------------------------------
Fault Classes                     #faults    
                                  (total)    
----------------------------  ---------------
  FU (full)                          4       
  --------------------------  ---------------
  DS (det_simulation)             4 (100.00%)
---------------------------------------------
Coverage                                     
  --------------------------                 
  test_coverage                      100.00% 
  fault_coverage                     100.00% 
  atpg_effectiveness                 100.00% 
---------------------------------------------
#test_patterns                            61 
  #basic_patterns                         27 
  #clock_sequential_patterns              34 
#simulated_patterns                       61 
CPU_time (secs)                          1.4 
---------------------------------------------


  report_statistics -Instance DLY4X4
              Statistics Report              
               Stuck-at Faults               
---------------------------------------------
Fault Classes                     #faults    
                                  (total)    
----------------------------  ---------------
  FU (full)                          4       
  --------------------------  ---------------
  DS (det_simulation)             4 (100.00%)
---------------------------------------------
Coverage                                     
  --------------------------                 
  test_coverage                      100.00% 
  fault_coverage                     100.00% 
  atpg_effectiveness                 100.00% 
---------------------------------------------
#test_patterns                            61 
  #basic_patterns                         27 
  #clock_sequential_patterns              34 
#simulated_patterns                       61 
CPU_time (secs)                          1.4 
---------------------------------------------


  report_statistics -Instance EDFFHQX1
              Statistics Report             
               Stuck-at Faults              
--------------------------------------------
Fault Classes                     #faults   
                                  (total)   
----------------------------  --------------
  FU (full)                          6      
  --------------------------  --------------
  DS (det_simulation)             5 (83.33%)
  DI (det_implication)            1 (16.67%)
--------------------------------------------
Coverage                                    
  --------------------------                
  test_coverage                     100.00% 
  fault_coverage                    100.00% 
  atpg_effectiveness                100.00% 
--------------------------------------------
#test_patterns                           61 
  #basic_patterns                        27 
  #clock_sequential_patterns             34 
#simulated_patterns                      61 
CPU_time (secs)                         1.4 
--------------------------------------------


  report_statistics -Instance EDFFHQX2
              Statistics Report             
               Stuck-at Faults              
--------------------------------------------
Fault Classes                     #faults   
                                  (total)   
----------------------------  --------------
  FU (full)                          6      
  --------------------------  --------------
  DS (det_simulation)             5 (83.33%)
  DI (det_implication)            1 (16.67%)
--------------------------------------------
Coverage                                    
  --------------------------                
  test_coverage                     100.00% 
  fault_coverage                    100.00% 
  atpg_effectiveness                100.00% 
--------------------------------------------
#test_patterns                           61 
  #basic_patterns                        27 
  #clock_sequential_patterns             34 
#simulated_patterns                      61 
CPU_time (secs)                         1.4 
--------------------------------------------


  report_statistics -Instance EDFFHQX4
              Statistics Report             
               Stuck-at Faults              
--------------------------------------------
Fault Classes                     #faults   
                                  (total)   
----------------------------  --------------
  FU (full)                          6      
  --------------------------  --------------
  DS (det_simulation)             5 (83.33%)
  DI (det_implication)            1 (16.67%)
--------------------------------------------
Coverage                                    
  --------------------------                
  test_coverage                     100.00% 
  fault_coverage                    100.00% 
  atpg_effectiveness                100.00% 
--------------------------------------------
#test_patterns                           61 
  #basic_patterns                        27 
  #clock_sequential_patterns             34 
#simulated_patterns                      61 
CPU_time (secs)                         1.4 
--------------------------------------------


  report_statistics -Instance EDFFHQX8
              Statistics Report             
               Stuck-at Faults              
--------------------------------------------
Fault Classes                     #faults   
                                  (total)   
----------------------------  --------------
  FU (full)                          6      
  --------------------------  --------------
  DS (det_simulation)             5 (83.33%)
  DI (det_implication)            1 (16.67%)
--------------------------------------------
Coverage                                    
  --------------------------                
  test_coverage                     100.00% 
  fault_coverage                    100.00% 
  atpg_effectiveness                100.00% 
--------------------------------------------
#test_patterns                           61 
  #basic_patterns                        27 
  #clock_sequential_patterns             34 
#simulated_patterns                      61 
CPU_time (secs)                         1.4 
--------------------------------------------


  report_statistics -Instance EDFFTRX1
              Statistics Report              
               Stuck-at Faults               
---------------------------------------------
Fault Classes                     #faults    
                                  (total)    
----------------------------  ---------------
  FU (full)                          10      
  --------------------------  ---------------
  DS (det_simulation)            10 (100.00%)
---------------------------------------------
Coverage                                     
  --------------------------                 
  test_coverage                      100.00% 
  fault_coverage                     100.00% 
  atpg_effectiveness                 100.00% 
---------------------------------------------
#test_patterns                            61 
  #basic_patterns                         27 
  #clock_sequential_patterns              34 
#simulated_patterns                       61 
CPU_time (secs)                          1.4 
---------------------------------------------


  report_statistics -Instance EDFFTRX2
              Statistics Report              
               Stuck-at Faults               
---------------------------------------------
Fault Classes                     #faults    
                                  (total)    
----------------------------  ---------------
  FU (full)                          10      
  --------------------------  ---------------
  DS (det_simulation)            10 (100.00%)
---------------------------------------------
Coverage                                     
  --------------------------                 
  test_coverage                      100.00% 
  fault_coverage                     100.00% 
  atpg_effectiveness                 100.00% 
---------------------------------------------
#test_patterns                            61 
  #basic_patterns                         27 
  #clock_sequential_patterns              34 
#simulated_patterns                       61 
CPU_time (secs)                          1.4 
---------------------------------------------


  report_statistics -Instance EDFFTRX4
              Statistics Report              
               Stuck-at Faults               
---------------------------------------------
Fault Classes                     #faults    
                                  (total)    
----------------------------  ---------------
  FU (full)                          10      
  --------------------------  ---------------
  DS (det_simulation)            10 (100.00%)
---------------------------------------------
Coverage                                     
  --------------------------                 
  test_coverage                      100.00% 
  fault_coverage                     100.00% 
  atpg_effectiveness                 100.00% 
---------------------------------------------
#test_patterns                            61 
  #basic_patterns                         27 
  #clock_sequential_patterns              34 
#simulated_patterns                       61 
CPU_time (secs)                          1.4 
---------------------------------------------


  report_statistics -Instance EDFFTRXL
              Statistics Report              
               Stuck-at Faults               
---------------------------------------------
Fault Classes                     #faults    
                                  (total)    
----------------------------  ---------------
  FU (full)                          10      
  --------------------------  ---------------
  DS (det_simulation)            10 (100.00%)
---------------------------------------------
Coverage                                     
  --------------------------                 
  test_coverage                      100.00% 
  fault_coverage                     100.00% 
  atpg_effectiveness                 100.00% 
---------------------------------------------
#test_patterns                            61 
  #basic_patterns                         27 
  #clock_sequential_patterns              34 
#simulated_patterns                       61 
CPU_time (secs)                          1.4 
---------------------------------------------


  report_statistics -Instance EDFFX1
              Statistics Report             
               Stuck-at Faults              
--------------------------------------------
Fault Classes                     #faults   
                                  (total)   
----------------------------  --------------
  FU (full)                          8      
  --------------------------  --------------
  DS (det_simulation)             7 (87.50%)
  DI (det_implication)            1 (12.50%)
--------------------------------------------
Coverage                                    
  --------------------------                
  test_coverage                     100.00% 
  fault_coverage                    100.00% 
  atpg_effectiveness                100.00% 
--------------------------------------------
#test_patterns                           61 
  #basic_patterns                        27 
  #clock_sequential_patterns             34 
#simulated_patterns                      61 
CPU_time (secs)                         1.4 
--------------------------------------------


  report_statistics -Instance EDFFX2
              Statistics Report             
               Stuck-at Faults              
--------------------------------------------
Fault Classes                     #faults   
                                  (total)   
----------------------------  --------------
  FU (full)                          8      
  --------------------------  --------------
  DS (det_simulation)             7 (87.50%)
  DI (det_implication)            1 (12.50%)
--------------------------------------------
Coverage                                    
  --------------------------                
  test_coverage                     100.00% 
  fault_coverage                    100.00% 
  atpg_effectiveness                100.00% 
--------------------------------------------
#test_patterns                           61 
  #basic_patterns                        27 
  #clock_sequential_patterns             34 
#simulated_patterns                      61 
CPU_time (secs)                         1.4 
--------------------------------------------


  report_statistics -Instance EDFFX4
              Statistics Report             
               Stuck-at Faults              
--------------------------------------------
Fault Classes                     #faults   
                                  (total)   
----------------------------  --------------
  FU (full)                          8      
  --------------------------  --------------
  DS (det_simulation)             7 (87.50%)
  DI (det_implication)            1 (12.50%)
--------------------------------------------
Coverage                                    
  --------------------------                
  test_coverage                     100.00% 
  fault_coverage                    100.00% 
  atpg_effectiveness                100.00% 
--------------------------------------------
#test_patterns                           61 
  #basic_patterns                        27 
  #clock_sequential_patterns             34 
#simulated_patterns                      61 
CPU_time (secs)                         1.4 
--------------------------------------------


  report_statistics -Instance EDFFXL
              Statistics Report             
               Stuck-at Faults              
--------------------------------------------
Fault Classes                     #faults   
                                  (total)   
----------------------------  --------------
  FU (full)                          8      
  --------------------------  --------------
  DS (det_simulation)             7 (87.50%)
  DI (det_implication)            1 (12.50%)
--------------------------------------------
Coverage                                    
  --------------------------                
  test_coverage                     100.00% 
  fault_coverage                    100.00% 
  atpg_effectiveness                100.00% 
--------------------------------------------
#test_patterns                           61 
  #basic_patterns                        27 
  #clock_sequential_patterns             34 
#simulated_patterns                      61 
CPU_time (secs)                         1.4 
--------------------------------------------


  report_statistics -Instance HOLDX1
              Statistics Report              
               Stuck-at Faults               
---------------------------------------------
Fault Classes                     #faults    
                                  (total)    
----------------------------  ---------------
  FU (full)                          2       
  --------------------------  ---------------
  UO (unobserved)                 2 (100.00%)
---------------------------------------------
Fault Sub-classes                            
  --------------------------                 
  UC+UO                                      
    UNS   (unsuccess)             2 (100.00%)
---------------------------------------------
Coverage                                     
  --------------------------                 
  test_coverage                        0.00% 
  fault_coverage                       0.00% 
  atpg_effectiveness                   0.00% 
---------------------------------------------
#test_patterns                            61 
  #basic_patterns                         27 
  #clock_sequential_patterns              34 
#simulated_patterns                       61 
CPU_time (secs)                          1.4 
---------------------------------------------


  report_statistics -Instance INVX1
              Statistics Report              
               Stuck-at Faults               
---------------------------------------------
Fault Classes                     #faults    
                                  (total)    
----------------------------  ---------------
  FU (full)                          4       
  --------------------------  ---------------
  DS (det_simulation)             4 (100.00%)
---------------------------------------------
Coverage                                     
  --------------------------                 
  test_coverage                      100.00% 
  fault_coverage                     100.00% 
  atpg_effectiveness                 100.00% 
---------------------------------------------
#test_patterns                            61 
  #basic_patterns                         27 
  #clock_sequential_patterns              34 
#simulated_patterns                       61 
CPU_time (secs)                          1.4 
---------------------------------------------


  report_statistics -Instance INVX12
              Statistics Report              
               Stuck-at Faults               
---------------------------------------------
Fault Classes                     #faults    
                                  (total)    
----------------------------  ---------------
  FU (full)                          4       
  --------------------------  ---------------
  DS (det_simulation)             4 (100.00%)
---------------------------------------------
Coverage                                     
  --------------------------                 
  test_coverage                      100.00% 
  fault_coverage                     100.00% 
  atpg_effectiveness                 100.00% 
---------------------------------------------
#test_patterns                            61 
  #basic_patterns                         27 
  #clock_sequential_patterns              34 
#simulated_patterns                       61 
CPU_time (secs)                          1.4 
---------------------------------------------


  report_statistics -Instance INVX16
              Statistics Report              
               Stuck-at Faults               
---------------------------------------------
Fault Classes                     #faults    
                                  (total)    
----------------------------  ---------------
  FU (full)                          4       
  --------------------------  ---------------
  DS (det_simulation)             4 (100.00%)
---------------------------------------------
Coverage                                     
  --------------------------                 
  test_coverage                      100.00% 
  fault_coverage                     100.00% 
  atpg_effectiveness                 100.00% 
---------------------------------------------
#test_patterns                            61 
  #basic_patterns                         27 
  #clock_sequential_patterns              34 
#simulated_patterns                       61 
CPU_time (secs)                          1.4 
---------------------------------------------


  report_statistics -Instance INVX2
              Statistics Report              
               Stuck-at Faults               
---------------------------------------------
Fault Classes                     #faults    
                                  (total)    
----------------------------  ---------------
  FU (full)                          4       
  --------------------------  ---------------
  DS (det_simulation)             4 (100.00%)
---------------------------------------------
Coverage                                     
  --------------------------                 
  test_coverage                      100.00% 
  fault_coverage                     100.00% 
  atpg_effectiveness                 100.00% 
---------------------------------------------
#test_patterns                            61 
  #basic_patterns                         27 
  #clock_sequential_patterns              34 
#simulated_patterns                       61 
CPU_time (secs)                          1.4 
---------------------------------------------


  report_statistics -Instance INVX20
              Statistics Report              
               Stuck-at Faults               
---------------------------------------------
Fault Classes                     #faults    
                                  (total)    
----------------------------  ---------------
  FU (full)                          4       
  --------------------------  ---------------
  DS (det_simulation)             4 (100.00%)
---------------------------------------------
Coverage                                     
  --------------------------                 
  test_coverage                      100.00% 
  fault_coverage                     100.00% 
  atpg_effectiveness                 100.00% 
---------------------------------------------
#test_patterns                            61 
  #basic_patterns                         27 
  #clock_sequential_patterns              34 
#simulated_patterns                       61 
CPU_time (secs)                          1.4 
---------------------------------------------


  report_statistics -Instance INVX3
              Statistics Report              
               Stuck-at Faults               
---------------------------------------------
Fault Classes                     #faults    
                                  (total)    
----------------------------  ---------------
  FU (full)                          4       
  --------------------------  ---------------
  DS (det_simulation)             4 (100.00%)
---------------------------------------------
Coverage                                     
  --------------------------                 
  test_coverage                      100.00% 
  fault_coverage                     100.00% 
  atpg_effectiveness                 100.00% 
---------------------------------------------
#test_patterns                            61 
  #basic_patterns                         27 
  #clock_sequential_patterns              34 
#simulated_patterns                       61 
CPU_time (secs)                          1.4 
---------------------------------------------


  report_statistics -Instance INVX4
              Statistics Report              
               Stuck-at Faults               
---------------------------------------------
Fault Classes                     #faults    
                                  (total)    
----------------------------  ---------------
  FU (full)                          4       
  --------------------------  ---------------
  DS (det_simulation)             4 (100.00%)
---------------------------------------------
Coverage                                     
  --------------------------                 
  test_coverage                      100.00% 
  fault_coverage                     100.00% 
  atpg_effectiveness                 100.00% 
---------------------------------------------
#test_patterns                            61 
  #basic_patterns                         27 
  #clock_sequential_patterns              34 
#simulated_patterns                       61 
CPU_time (secs)                          1.4 
---------------------------------------------


  report_statistics -Instance INVX6
              Statistics Report              
               Stuck-at Faults               
---------------------------------------------
Fault Classes                     #faults    
                                  (total)    
----------------------------  ---------------
  FU (full)                          4       
  --------------------------  ---------------
  DS (det_simulation)             4 (100.00%)
---------------------------------------------
Coverage                                     
  --------------------------                 
  test_coverage                      100.00% 
  fault_coverage                     100.00% 
  atpg_effectiveness                 100.00% 
---------------------------------------------
#test_patterns                            61 
  #basic_patterns                         27 
  #clock_sequential_patterns              34 
#simulated_patterns                       61 
CPU_time (secs)                          1.4 
---------------------------------------------


  report_statistics -Instance INVX8
              Statistics Report              
               Stuck-at Faults               
---------------------------------------------
Fault Classes                     #faults    
                                  (total)    
----------------------------  ---------------
  FU (full)                          4       
  --------------------------  ---------------
  DS (det_simulation)             4 (100.00%)
---------------------------------------------
Coverage                                     
  --------------------------                 
  test_coverage                      100.00% 
  fault_coverage                     100.00% 
  atpg_effectiveness                 100.00% 
---------------------------------------------
#test_patterns                            61 
  #basic_patterns                         27 
  #clock_sequential_patterns              34 
#simulated_patterns                       61 
CPU_time (secs)                          1.4 
---------------------------------------------


  report_statistics -Instance INVXL
              Statistics Report              
               Stuck-at Faults               
---------------------------------------------
Fault Classes                     #faults    
                                  (total)    
----------------------------  ---------------
  FU (full)                          4       
  --------------------------  ---------------
  DS (det_simulation)             4 (100.00%)
---------------------------------------------
Coverage                                     
  --------------------------                 
  test_coverage                      100.00% 
  fault_coverage                     100.00% 
  atpg_effectiveness                 100.00% 
---------------------------------------------
#test_patterns                            61 
  #basic_patterns                         27 
  #clock_sequential_patterns              34 
#simulated_patterns                       61 
CPU_time (secs)                          1.4 
---------------------------------------------


  report_statistics -Instance MDFFHQX1
              Statistics Report              
               Stuck-at Faults               
---------------------------------------------
Fault Classes                     #faults    
                                  (total)    
----------------------------  ---------------
  FU (full)                          8       
  --------------------------  ---------------
  DS (det_simulation)             8 (100.00%)
---------------------------------------------
Coverage                                     
  --------------------------                 
  test_coverage                      100.00% 
  fault_coverage                     100.00% 
  atpg_effectiveness                 100.00% 
---------------------------------------------
#test_patterns                            61 
  #basic_patterns                         27 
  #clock_sequential_patterns              34 
#simulated_patterns                       61 
CPU_time (secs)                          1.4 
---------------------------------------------


  report_statistics -Instance MDFFHQX2
              Statistics Report              
               Stuck-at Faults               
---------------------------------------------
Fault Classes                     #faults    
                                  (total)    
----------------------------  ---------------
  FU (full)                          8       
  --------------------------  ---------------
  DS (det_simulation)             8 (100.00%)
---------------------------------------------
Coverage                                     
  --------------------------                 
  test_coverage                      100.00% 
  fault_coverage                     100.00% 
  atpg_effectiveness                 100.00% 
---------------------------------------------
#test_patterns                            61 
  #basic_patterns                         27 
  #clock_sequential_patterns              34 
#simulated_patterns                       61 
CPU_time (secs)                          1.4 
---------------------------------------------


  report_statistics -Instance MDFFHQX4
              Statistics Report              
               Stuck-at Faults               
---------------------------------------------
Fault Classes                     #faults    
                                  (total)    
----------------------------  ---------------
  FU (full)                          8       
  --------------------------  ---------------
  DS (det_simulation)             8 (100.00%)
---------------------------------------------
Coverage                                     
  --------------------------                 
  test_coverage                      100.00% 
  fault_coverage                     100.00% 
  atpg_effectiveness                 100.00% 
---------------------------------------------
#test_patterns                            61 
  #basic_patterns                         27 
  #clock_sequential_patterns              34 
#simulated_patterns                       61 
CPU_time (secs)                          1.4 
---------------------------------------------


  report_statistics -Instance MDFFHQX8
              Statistics Report              
               Stuck-at Faults               
---------------------------------------------
Fault Classes                     #faults    
                                  (total)    
----------------------------  ---------------
  FU (full)                          8       
  --------------------------  ---------------
  DS (det_simulation)             8 (100.00%)
---------------------------------------------
Coverage                                     
  --------------------------                 
  test_coverage                      100.00% 
  fault_coverage                     100.00% 
  atpg_effectiveness                 100.00% 
---------------------------------------------
#test_patterns                            61 
  #basic_patterns                         27 
  #clock_sequential_patterns              34 
#simulated_patterns                       61 
CPU_time (secs)                          1.4 
---------------------------------------------


  report_statistics -Instance MX2X1
              Statistics Report              
               Stuck-at Faults               
---------------------------------------------
Fault Classes                     #faults    
                                  (total)    
----------------------------  ---------------
  FU (full)                          8       
  --------------------------  ---------------
  DS (det_simulation)             8 (100.00%)
---------------------------------------------
Coverage                                     
  --------------------------                 
  test_coverage                      100.00% 
  fault_coverage                     100.00% 
  atpg_effectiveness                 100.00% 
---------------------------------------------
#test_patterns                            61 
  #basic_patterns                         27 
  #clock_sequential_patterns              34 
#simulated_patterns                       61 
CPU_time (secs)                          1.4 
---------------------------------------------


  report_statistics -Instance MX2X2
              Statistics Report              
               Stuck-at Faults               
---------------------------------------------
Fault Classes                     #faults    
                                  (total)    
----------------------------  ---------------
  FU (full)                          8       
  --------------------------  ---------------
  DS (det_simulation)             8 (100.00%)
---------------------------------------------
Coverage                                     
  --------------------------                 
  test_coverage                      100.00% 
  fault_coverage                     100.00% 
  atpg_effectiveness                 100.00% 
---------------------------------------------
#test_patterns                            61 
  #basic_patterns                         27 
  #clock_sequential_patterns              34 
#simulated_patterns                       61 
CPU_time (secs)                          1.4 
---------------------------------------------


  report_statistics -Instance MX2X4
              Statistics Report              
               Stuck-at Faults               
---------------------------------------------
Fault Classes                     #faults    
                                  (total)    
----------------------------  ---------------
  FU (full)                          8       
  --------------------------  ---------------
  DS (det_simulation)             8 (100.00%)
---------------------------------------------
Coverage                                     
  --------------------------                 
  test_coverage                      100.00% 
  fault_coverage                     100.00% 
  atpg_effectiveness                 100.00% 
---------------------------------------------
#test_patterns                            61 
  #basic_patterns                         27 
  #clock_sequential_patterns              34 
#simulated_patterns                       61 
CPU_time (secs)                          1.4 
---------------------------------------------


  report_statistics -Instance MX2X6
              Statistics Report              
               Stuck-at Faults               
---------------------------------------------
Fault Classes                     #faults    
                                  (total)    
----------------------------  ---------------
  FU (full)                          8       
  --------------------------  ---------------
  DS (det_simulation)             8 (100.00%)
---------------------------------------------
Coverage                                     
  --------------------------                 
  test_coverage                      100.00% 
  fault_coverage                     100.00% 
  atpg_effectiveness                 100.00% 
---------------------------------------------
#test_patterns                            61 
  #basic_patterns                         27 
  #clock_sequential_patterns              34 
#simulated_patterns                       61 
CPU_time (secs)                          1.4 
---------------------------------------------


  report_statistics -Instance MX2X8
              Statistics Report              
               Stuck-at Faults               
---------------------------------------------
Fault Classes                     #faults    
                                  (total)    
----------------------------  ---------------
  FU (full)                          8       
  --------------------------  ---------------
  DS (det_simulation)             8 (100.00%)
---------------------------------------------
Coverage                                     
  --------------------------                 
  test_coverage                      100.00% 
  fault_coverage                     100.00% 
  atpg_effectiveness                 100.00% 
---------------------------------------------
#test_patterns                            61 
  #basic_patterns                         27 
  #clock_sequential_patterns              34 
#simulated_patterns                       61 
CPU_time (secs)                          1.4 
---------------------------------------------


  report_statistics -Instance MX2XL
              Statistics Report              
               Stuck-at Faults               
---------------------------------------------
Fault Classes                     #faults    
                                  (total)    
----------------------------  ---------------
  FU (full)                          8       
  --------------------------  ---------------
  DS (det_simulation)             8 (100.00%)
---------------------------------------------
Coverage                                     
  --------------------------                 
  test_coverage                      100.00% 
  fault_coverage                     100.00% 
  atpg_effectiveness                 100.00% 
---------------------------------------------
#test_patterns                            61 
  #basic_patterns                         27 
  #clock_sequential_patterns              34 
#simulated_patterns                       61 
CPU_time (secs)                          1.4 
---------------------------------------------


  report_statistics -Instance MX3X1
              Statistics Report              
               Stuck-at Faults               
---------------------------------------------
Fault Classes                     #faults    
                                  (total)    
----------------------------  ---------------
  FU (full)                          12      
  --------------------------  ---------------
  DS (det_simulation)            12 (100.00%)
---------------------------------------------
Coverage                                     
  --------------------------                 
  test_coverage                      100.00% 
  fault_coverage                     100.00% 
  atpg_effectiveness                 100.00% 
---------------------------------------------
#test_patterns                            61 
  #basic_patterns                         27 
  #clock_sequential_patterns              34 
#simulated_patterns                       61 
CPU_time (secs)                          1.4 
---------------------------------------------


  report_statistics -Instance MX3X2
              Statistics Report              
               Stuck-at Faults               
---------------------------------------------
Fault Classes                     #faults    
                                  (total)    
----------------------------  ---------------
  FU (full)                          12      
  --------------------------  ---------------
  DS (det_simulation)            12 (100.00%)
---------------------------------------------
Coverage                                     
  --------------------------                 
  test_coverage                      100.00% 
  fault_coverage                     100.00% 
  atpg_effectiveness                 100.00% 
---------------------------------------------
#test_patterns                            61 
  #basic_patterns                         27 
  #clock_sequential_patterns              34 
#simulated_patterns                       61 
CPU_time (secs)                          1.4 
---------------------------------------------


  report_statistics -Instance MX3X4
              Statistics Report              
               Stuck-at Faults               
---------------------------------------------
Fault Classes                     #faults    
                                  (total)    
----------------------------  ---------------
  FU (full)                          12      
  --------------------------  ---------------
  DS (det_simulation)            12 (100.00%)
---------------------------------------------
Coverage                                     
  --------------------------                 
  test_coverage                      100.00% 
  fault_coverage                     100.00% 
  atpg_effectiveness                 100.00% 
---------------------------------------------
#test_patterns                            61 
  #basic_patterns                         27 
  #clock_sequential_patterns              34 
#simulated_patterns                       61 
CPU_time (secs)                          1.4 
---------------------------------------------


  report_statistics -Instance MX3XL
              Statistics Report              
               Stuck-at Faults               
---------------------------------------------
Fault Classes                     #faults    
                                  (total)    
----------------------------  ---------------
  FU (full)                          12      
  --------------------------  ---------------
  DS (det_simulation)            12 (100.00%)
---------------------------------------------
Coverage                                     
  --------------------------                 
  test_coverage                      100.00% 
  fault_coverage                     100.00% 
  atpg_effectiveness                 100.00% 
---------------------------------------------
#test_patterns                            61 
  #basic_patterns                         27 
  #clock_sequential_patterns              34 
#simulated_patterns                       61 
CPU_time (secs)                          1.4 
---------------------------------------------


  report_statistics -Instance MX4X1
              Statistics Report              
               Stuck-at Faults               
---------------------------------------------
Fault Classes                     #faults    
                                  (total)    
----------------------------  ---------------
  FU (full)                          14      
  --------------------------  ---------------
  DS (det_simulation)            14 (100.00%)
---------------------------------------------
Coverage                                     
  --------------------------                 
  test_coverage                      100.00% 
  fault_coverage                     100.00% 
  atpg_effectiveness                 100.00% 
---------------------------------------------
#test_patterns                            61 
  #basic_patterns                         27 
  #clock_sequential_patterns              34 
#simulated_patterns                       61 
CPU_time (secs)                          1.4 
---------------------------------------------


  report_statistics -Instance MX4X2
              Statistics Report              
               Stuck-at Faults               
---------------------------------------------
Fault Classes                     #faults    
                                  (total)    
----------------------------  ---------------
  FU (full)                          14      
  --------------------------  ---------------
  DS (det_simulation)            14 (100.00%)
---------------------------------------------
Coverage                                     
  --------------------------                 
  test_coverage                      100.00% 
  fault_coverage                     100.00% 
  atpg_effectiveness                 100.00% 
---------------------------------------------
#test_patterns                            61 
  #basic_patterns                         27 
  #clock_sequential_patterns              34 
#simulated_patterns                       61 
CPU_time (secs)                          1.4 
---------------------------------------------


  report_statistics -Instance MX4X4
              Statistics Report              
               Stuck-at Faults               
---------------------------------------------
Fault Classes                     #faults    
                                  (total)    
----------------------------  ---------------
  FU (full)                          14      
  --------------------------  ---------------
  DS (det_simulation)            14 (100.00%)
---------------------------------------------
Coverage                                     
  --------------------------                 
  test_coverage                      100.00% 
  fault_coverage                     100.00% 
  atpg_effectiveness                 100.00% 
---------------------------------------------
#test_patterns                            61 
  #basic_patterns                         27 
  #clock_sequential_patterns              34 
#simulated_patterns                       61 
CPU_time (secs)                          1.4 
---------------------------------------------


  report_statistics -Instance MX4XL
              Statistics Report              
               Stuck-at Faults               
---------------------------------------------
Fault Classes                     #faults    
                                  (total)    
----------------------------  ---------------
  FU (full)                          14      
  --------------------------  ---------------
  DS (det_simulation)            14 (100.00%)
---------------------------------------------
Coverage                                     
  --------------------------                 
  test_coverage                      100.00% 
  fault_coverage                     100.00% 
  atpg_effectiveness                 100.00% 
---------------------------------------------
#test_patterns                            61 
  #basic_patterns                         27 
  #clock_sequential_patterns              34 
#simulated_patterns                       61 
CPU_time (secs)                          1.4 
---------------------------------------------


  report_statistics -Instance MXI2X1
              Statistics Report              
               Stuck-at Faults               
---------------------------------------------
Fault Classes                     #faults    
                                  (total)    
----------------------------  ---------------
  FU (full)                          8       
  --------------------------  ---------------
  DS (det_simulation)             8 (100.00%)
---------------------------------------------
Coverage                                     
  --------------------------                 
  test_coverage                      100.00% 
  fault_coverage                     100.00% 
  atpg_effectiveness                 100.00% 
---------------------------------------------
#test_patterns                            61 
  #basic_patterns                         27 
  #clock_sequential_patterns              34 
#simulated_patterns                       61 
CPU_time (secs)                          1.4 
---------------------------------------------


  report_statistics -Instance MXI2X2
              Statistics Report              
               Stuck-at Faults               
---------------------------------------------
Fault Classes                     #faults    
                                  (total)    
----------------------------  ---------------
  FU (full)                          8       
  --------------------------  ---------------
  DS (det_simulation)             8 (100.00%)
---------------------------------------------
Coverage                                     
  --------------------------                 
  test_coverage                      100.00% 
  fault_coverage                     100.00% 
  atpg_effectiveness                 100.00% 
---------------------------------------------
#test_patterns                            61 
  #basic_patterns                         27 
  #clock_sequential_patterns              34 
#simulated_patterns                       61 
CPU_time (secs)                          1.4 
---------------------------------------------


  report_statistics -Instance MXI2X4
              Statistics Report              
               Stuck-at Faults               
---------------------------------------------
Fault Classes                     #faults    
                                  (total)    
----------------------------  ---------------
  FU (full)                          8       
  --------------------------  ---------------
  DS (det_simulation)             8 (100.00%)
---------------------------------------------
Coverage                                     
  --------------------------                 
  test_coverage                      100.00% 
  fault_coverage                     100.00% 
  atpg_effectiveness                 100.00% 
---------------------------------------------
#test_patterns                            61 
  #basic_patterns                         27 
  #clock_sequential_patterns              34 
#simulated_patterns                       61 
CPU_time (secs)                          1.4 
---------------------------------------------


  report_statistics -Instance MXI2X6
              Statistics Report              
               Stuck-at Faults               
---------------------------------------------
Fault Classes                     #faults    
                                  (total)    
----------------------------  ---------------
  FU (full)                          8       
  --------------------------  ---------------
  DS (det_simulation)             8 (100.00%)
---------------------------------------------
Coverage                                     
  --------------------------                 
  test_coverage                      100.00% 
  fault_coverage                     100.00% 
  atpg_effectiveness                 100.00% 
---------------------------------------------
#test_patterns                            61 
  #basic_patterns                         27 
  #clock_sequential_patterns              34 
#simulated_patterns                       61 
CPU_time (secs)                          1.4 
---------------------------------------------


  report_statistics -Instance MXI2X8
              Statistics Report              
               Stuck-at Faults               
---------------------------------------------
Fault Classes                     #faults    
                                  (total)    
----------------------------  ---------------
  FU (full)                          8       
  --------------------------  ---------------
  DS (det_simulation)             8 (100.00%)
---------------------------------------------
Coverage                                     
  --------------------------                 
  test_coverage                      100.00% 
  fault_coverage                     100.00% 
  atpg_effectiveness                 100.00% 
---------------------------------------------
#test_patterns                            61 
  #basic_patterns                         27 
  #clock_sequential_patterns              34 
#simulated_patterns                       61 
CPU_time (secs)                          1.4 
---------------------------------------------


  report_statistics -Instance MXI2XL
              Statistics Report              
               Stuck-at Faults               
---------------------------------------------
Fault Classes                     #faults    
                                  (total)    
----------------------------  ---------------
  FU (full)                          8       
  --------------------------  ---------------
  DS (det_simulation)             8 (100.00%)
---------------------------------------------
Coverage                                     
  --------------------------                 
  test_coverage                      100.00% 
  fault_coverage                     100.00% 
  atpg_effectiveness                 100.00% 
---------------------------------------------
#test_patterns                            61 
  #basic_patterns                         27 
  #clock_sequential_patterns              34 
#simulated_patterns                       61 
CPU_time (secs)                          1.4 
---------------------------------------------


  report_statistics -Instance MXI3X1
              Statistics Report              
               Stuck-at Faults               
---------------------------------------------
Fault Classes                     #faults    
                                  (total)    
----------------------------  ---------------
  FU (full)                          12      
  --------------------------  ---------------
  DS (det_simulation)            12 (100.00%)
---------------------------------------------
Coverage                                     
  --------------------------                 
  test_coverage                      100.00% 
  fault_coverage                     100.00% 
  atpg_effectiveness                 100.00% 
---------------------------------------------
#test_patterns                            61 
  #basic_patterns                         27 
  #clock_sequential_patterns              34 
#simulated_patterns                       61 
CPU_time (secs)                          1.4 
---------------------------------------------


  report_statistics -Instance MXI3X2
              Statistics Report              
               Stuck-at Faults               
---------------------------------------------
Fault Classes                     #faults    
                                  (total)    
----------------------------  ---------------
  FU (full)                          12      
  --------------------------  ---------------
  DS (det_simulation)            12 (100.00%)
---------------------------------------------
Coverage                                     
  --------------------------                 
  test_coverage                      100.00% 
  fault_coverage                     100.00% 
  atpg_effectiveness                 100.00% 
---------------------------------------------
#test_patterns                            61 
  #basic_patterns                         27 
  #clock_sequential_patterns              34 
#simulated_patterns                       61 
CPU_time (secs)                          1.4 
---------------------------------------------


  report_statistics -Instance MXI3X4
              Statistics Report              
               Stuck-at Faults               
---------------------------------------------
Fault Classes                     #faults    
                                  (total)    
----------------------------  ---------------
  FU (full)                          12      
  --------------------------  ---------------
  DS (det_simulation)            12 (100.00%)
---------------------------------------------
Coverage                                     
  --------------------------                 
  test_coverage                      100.00% 
  fault_coverage                     100.00% 
  atpg_effectiveness                 100.00% 
---------------------------------------------
#test_patterns                            61 
  #basic_patterns                         27 
  #clock_sequential_patterns              34 
#simulated_patterns                       61 
CPU_time (secs)                          1.4 
---------------------------------------------


  report_statistics -Instance MXI3XL
              Statistics Report              
               Stuck-at Faults               
---------------------------------------------
Fault Classes                     #faults    
                                  (total)    
----------------------------  ---------------
  FU (full)                          12      
  --------------------------  ---------------
  DS (det_simulation)            12 (100.00%)
---------------------------------------------
Coverage                                     
  --------------------------                 
  test_coverage                      100.00% 
  fault_coverage                     100.00% 
  atpg_effectiveness                 100.00% 
---------------------------------------------
#test_patterns                            61 
  #basic_patterns                         27 
  #clock_sequential_patterns              34 
#simulated_patterns                       61 
CPU_time (secs)                          1.4 
---------------------------------------------


  report_statistics -Instance MXI4X1
              Statistics Report              
               Stuck-at Faults               
---------------------------------------------
Fault Classes                     #faults    
                                  (total)    
----------------------------  ---------------
  FU (full)                          14      
  --------------------------  ---------------
  DS (det_simulation)            14 (100.00%)
---------------------------------------------
Coverage                                     
  --------------------------                 
  test_coverage                      100.00% 
  fault_coverage                     100.00% 
  atpg_effectiveness                 100.00% 
---------------------------------------------
#test_patterns                            61 
  #basic_patterns                         27 
  #clock_sequential_patterns              34 
#simulated_patterns                       61 
CPU_time (secs)                          1.4 
---------------------------------------------


  report_statistics -Instance MXI4X2
              Statistics Report              
               Stuck-at Faults               
---------------------------------------------
Fault Classes                     #faults    
                                  (total)    
----------------------------  ---------------
  FU (full)                          14      
  --------------------------  ---------------
  DS (det_simulation)            14 (100.00%)
---------------------------------------------
Coverage                                     
  --------------------------                 
  test_coverage                      100.00% 
  fault_coverage                     100.00% 
  atpg_effectiveness                 100.00% 
---------------------------------------------
#test_patterns                            61 
  #basic_patterns                         27 
  #clock_sequential_patterns              34 
#simulated_patterns                       61 
CPU_time (secs)                          1.4 
---------------------------------------------


  report_statistics -Instance MXI4X4
              Statistics Report              
               Stuck-at Faults               
---------------------------------------------
Fault Classes                     #faults    
                                  (total)    
----------------------------  ---------------
  FU (full)                          14      
  --------------------------  ---------------
  DS (det_simulation)            14 (100.00%)
---------------------------------------------
Coverage                                     
  --------------------------                 
  test_coverage                      100.00% 
  fault_coverage                     100.00% 
  atpg_effectiveness                 100.00% 
---------------------------------------------
#test_patterns                            61 
  #basic_patterns                         27 
  #clock_sequential_patterns              34 
#simulated_patterns                       61 
CPU_time (secs)                          1.4 
---------------------------------------------


  report_statistics -Instance MXI4XL
              Statistics Report              
               Stuck-at Faults               
---------------------------------------------
Fault Classes                     #faults    
                                  (total)    
----------------------------  ---------------
  FU (full)                          14      
  --------------------------  ---------------
  DS (det_simulation)            14 (100.00%)
---------------------------------------------
Coverage                                     
  --------------------------                 
  test_coverage                      100.00% 
  fault_coverage                     100.00% 
  atpg_effectiveness                 100.00% 
---------------------------------------------
#test_patterns                            61 
  #basic_patterns                         27 
  #clock_sequential_patterns              34 
#simulated_patterns                       61 
CPU_time (secs)                          1.4 
---------------------------------------------


  report_statistics -Instance NAND2BX1
              Statistics Report              
               Stuck-at Faults               
---------------------------------------------
Fault Classes                     #faults    
                                  (total)    
----------------------------  ---------------
  FU (full)                          6       
  --------------------------  ---------------
  DS (det_simulation)             6 (100.00%)
---------------------------------------------
Coverage                                     
  --------------------------                 
  test_coverage                      100.00% 
  fault_coverage                     100.00% 
  atpg_effectiveness                 100.00% 
---------------------------------------------
#test_patterns                            61 
  #basic_patterns                         27 
  #clock_sequential_patterns              34 
#simulated_patterns                       61 
CPU_time (secs)                          1.4 
---------------------------------------------


  report_statistics -Instance NAND2BX2
              Statistics Report              
               Stuck-at Faults               
---------------------------------------------
Fault Classes                     #faults    
                                  (total)    
----------------------------  ---------------
  FU (full)                          6       
  --------------------------  ---------------
  DS (det_simulation)             6 (100.00%)
---------------------------------------------
Coverage                                     
  --------------------------                 
  test_coverage                      100.00% 
  fault_coverage                     100.00% 
  atpg_effectiveness                 100.00% 
---------------------------------------------
#test_patterns                            61 
  #basic_patterns                         27 
  #clock_sequential_patterns              34 
#simulated_patterns                       61 
CPU_time (secs)                          1.4 
---------------------------------------------


  report_statistics -Instance NAND2BX4
              Statistics Report              
               Stuck-at Faults               
---------------------------------------------
Fault Classes                     #faults    
                                  (total)    
----------------------------  ---------------
  FU (full)                          6       
  --------------------------  ---------------
  DS (det_simulation)             6 (100.00%)
---------------------------------------------
Coverage                                     
  --------------------------                 
  test_coverage                      100.00% 
  fault_coverage                     100.00% 
  atpg_effectiveness                 100.00% 
---------------------------------------------
#test_patterns                            61 
  #basic_patterns                         27 
  #clock_sequential_patterns              34 
#simulated_patterns                       61 
CPU_time (secs)                          1.4 
---------------------------------------------


  report_statistics -Instance NAND2BXL
              Statistics Report              
               Stuck-at Faults               
---------------------------------------------
Fault Classes                     #faults    
                                  (total)    
----------------------------  ---------------
  FU (full)                          6       
  --------------------------  ---------------
  DS (det_simulation)             6 (100.00%)
---------------------------------------------
Coverage                                     
  --------------------------                 
  test_coverage                      100.00% 
  fault_coverage                     100.00% 
  atpg_effectiveness                 100.00% 
---------------------------------------------
#test_patterns                            61 
  #basic_patterns                         27 
  #clock_sequential_patterns              34 
#simulated_patterns                       61 
CPU_time (secs)                          1.4 
---------------------------------------------


  report_statistics -Instance NAND2X1
              Statistics Report              
               Stuck-at Faults               
---------------------------------------------
Fault Classes                     #faults    
                                  (total)    
----------------------------  ---------------
  FU (full)                          6       
  --------------------------  ---------------
  DS (det_simulation)             6 (100.00%)
---------------------------------------------
Coverage                                     
  --------------------------                 
  test_coverage                      100.00% 
  fault_coverage                     100.00% 
  atpg_effectiveness                 100.00% 
---------------------------------------------
#test_patterns                            61 
  #basic_patterns                         27 
  #clock_sequential_patterns              34 
#simulated_patterns                       61 
CPU_time (secs)                          1.4 
---------------------------------------------


  report_statistics -Instance NAND2X2
              Statistics Report              
               Stuck-at Faults               
---------------------------------------------
Fault Classes                     #faults    
                                  (total)    
----------------------------  ---------------
  FU (full)                          6       
  --------------------------  ---------------
  DS (det_simulation)             6 (100.00%)
---------------------------------------------
Coverage                                     
  --------------------------                 
  test_coverage                      100.00% 
  fault_coverage                     100.00% 
  atpg_effectiveness                 100.00% 
---------------------------------------------
#test_patterns                            61 
  #basic_patterns                         27 
  #clock_sequential_patterns              34 
#simulated_patterns                       61 
CPU_time (secs)                          1.4 
---------------------------------------------


  report_statistics -Instance NAND2X4
              Statistics Report              
               Stuck-at Faults               
---------------------------------------------
Fault Classes                     #faults    
                                  (total)    
----------------------------  ---------------
  FU (full)                          6       
  --------------------------  ---------------
  DS (det_simulation)             6 (100.00%)
---------------------------------------------
Coverage                                     
  --------------------------                 
  test_coverage                      100.00% 
  fault_coverage                     100.00% 
  atpg_effectiveness                 100.00% 
---------------------------------------------
#test_patterns                            61 
  #basic_patterns                         27 
  #clock_sequential_patterns              34 
#simulated_patterns                       61 
CPU_time (secs)                          1.4 
---------------------------------------------


  report_statistics -Instance NAND2X6
              Statistics Report              
               Stuck-at Faults               
---------------------------------------------
Fault Classes                     #faults    
                                  (total)    
----------------------------  ---------------
  FU (full)                          6       
  --------------------------  ---------------
  DS (det_simulation)             6 (100.00%)
---------------------------------------------
Coverage                                     
  --------------------------                 
  test_coverage                      100.00% 
  fault_coverage                     100.00% 
  atpg_effectiveness                 100.00% 
---------------------------------------------
#test_patterns                            61 
  #basic_patterns                         27 
  #clock_sequential_patterns              34 
#simulated_patterns                       61 
CPU_time (secs)                          1.4 
---------------------------------------------


  report_statistics -Instance NAND2X8
              Statistics Report              
               Stuck-at Faults               
---------------------------------------------
Fault Classes                     #faults    
                                  (total)    
----------------------------  ---------------
  FU (full)                          6       
  --------------------------  ---------------
  DS (det_simulation)             6 (100.00%)
---------------------------------------------
Coverage                                     
  --------------------------                 
  test_coverage                      100.00% 
  fault_coverage                     100.00% 
  atpg_effectiveness                 100.00% 
---------------------------------------------
#test_patterns                            61 
  #basic_patterns                         27 
  #clock_sequential_patterns              34 
#simulated_patterns                       61 
CPU_time (secs)                          1.4 
---------------------------------------------


  report_statistics -Instance NAND2XL
              Statistics Report              
               Stuck-at Faults               
---------------------------------------------
Fault Classes                     #faults    
                                  (total)    
----------------------------  ---------------
  FU (full)                          6       
  --------------------------  ---------------
  DS (det_simulation)             6 (100.00%)
---------------------------------------------
Coverage                                     
  --------------------------                 
  test_coverage                      100.00% 
  fault_coverage                     100.00% 
  atpg_effectiveness                 100.00% 
---------------------------------------------
#test_patterns                            61 
  #basic_patterns                         27 
  #clock_sequential_patterns              34 
#simulated_patterns                       61 
CPU_time (secs)                          1.4 
---------------------------------------------


  report_statistics -Instance NAND3BX1
              Statistics Report              
               Stuck-at Faults               
---------------------------------------------
Fault Classes                     #faults    
                                  (total)    
----------------------------  ---------------
  FU (full)                          8       
  --------------------------  ---------------
  DS (det_simulation)             8 (100.00%)
---------------------------------------------
Coverage                                     
  --------------------------                 
  test_coverage                      100.00% 
  fault_coverage                     100.00% 
  atpg_effectiveness                 100.00% 
---------------------------------------------
#test_patterns                            61 
  #basic_patterns                         27 
  #clock_sequential_patterns              34 
#simulated_patterns                       61 
CPU_time (secs)                          1.4 
---------------------------------------------


  report_statistics -Instance NAND3BX2
              Statistics Report              
               Stuck-at Faults               
---------------------------------------------
Fault Classes                     #faults    
                                  (total)    
----------------------------  ---------------
  FU (full)                          8       
  --------------------------  ---------------
  DS (det_simulation)             8 (100.00%)
---------------------------------------------
Coverage                                     
  --------------------------                 
  test_coverage                      100.00% 
  fault_coverage                     100.00% 
  atpg_effectiveness                 100.00% 
---------------------------------------------
#test_patterns                            61 
  #basic_patterns                         27 
  #clock_sequential_patterns              34 
#simulated_patterns                       61 
CPU_time (secs)                          1.4 
---------------------------------------------


  report_statistics -Instance NAND3BX4
              Statistics Report              
               Stuck-at Faults               
---------------------------------------------
Fault Classes                     #faults    
                                  (total)    
----------------------------  ---------------
  FU (full)                          8       
  --------------------------  ---------------
  DS (det_simulation)             8 (100.00%)
---------------------------------------------
Coverage                                     
  --------------------------                 
  test_coverage                      100.00% 
  fault_coverage                     100.00% 
  atpg_effectiveness                 100.00% 
---------------------------------------------
#test_patterns                            61 
  #basic_patterns                         27 
  #clock_sequential_patterns              34 
#simulated_patterns                       61 
CPU_time (secs)                          1.4 
---------------------------------------------


  report_statistics -Instance NAND3BXL
              Statistics Report              
               Stuck-at Faults               
---------------------------------------------
Fault Classes                     #faults    
                                  (total)    
----------------------------  ---------------
  FU (full)                          8       
  --------------------------  ---------------
  DS (det_simulation)             8 (100.00%)
---------------------------------------------
Coverage                                     
  --------------------------                 
  test_coverage                      100.00% 
  fault_coverage                     100.00% 
  atpg_effectiveness                 100.00% 
---------------------------------------------
#test_patterns                            61 
  #basic_patterns                         27 
  #clock_sequential_patterns              34 
#simulated_patterns                       61 
CPU_time (secs)                          1.5 
---------------------------------------------


  report_statistics -Instance NAND3X1
              Statistics Report              
               Stuck-at Faults               
---------------------------------------------
Fault Classes                     #faults    
                                  (total)    
----------------------------  ---------------
  FU (full)                          8       
  --------------------------  ---------------
  DS (det_simulation)             8 (100.00%)
---------------------------------------------
Coverage                                     
  --------------------------                 
  test_coverage                      100.00% 
  fault_coverage                     100.00% 
  atpg_effectiveness                 100.00% 
---------------------------------------------
#test_patterns                            61 
  #basic_patterns                         27 
  #clock_sequential_patterns              34 
#simulated_patterns                       61 
CPU_time (secs)                          1.5 
---------------------------------------------


  report_statistics -Instance NAND3X2
              Statistics Report              
               Stuck-at Faults               
---------------------------------------------
Fault Classes                     #faults    
                                  (total)    
----------------------------  ---------------
  FU (full)                          8       
  --------------------------  ---------------
  DS (det_simulation)             8 (100.00%)
---------------------------------------------
Coverage                                     
  --------------------------                 
  test_coverage                      100.00% 
  fault_coverage                     100.00% 
  atpg_effectiveness                 100.00% 
---------------------------------------------
#test_patterns                            61 
  #basic_patterns                         27 
  #clock_sequential_patterns              34 
#simulated_patterns                       61 
CPU_time (secs)                          1.5 
---------------------------------------------


  report_statistics -Instance NAND3X4
              Statistics Report              
               Stuck-at Faults               
---------------------------------------------
Fault Classes                     #faults    
                                  (total)    
----------------------------  ---------------
  FU (full)                          8       
  --------------------------  ---------------
  DS (det_simulation)             8 (100.00%)
---------------------------------------------
Coverage                                     
  --------------------------                 
  test_coverage                      100.00% 
  fault_coverage                     100.00% 
  atpg_effectiveness                 100.00% 
---------------------------------------------
#test_patterns                            61 
  #basic_patterns                         27 
  #clock_sequential_patterns              34 
#simulated_patterns                       61 
CPU_time (secs)                          1.5 
---------------------------------------------


  report_statistics -Instance NAND3X6
              Statistics Report              
               Stuck-at Faults               
---------------------------------------------
Fault Classes                     #faults    
                                  (total)    
----------------------------  ---------------
  FU (full)                          8       
  --------------------------  ---------------
  DS (det_simulation)             8 (100.00%)
---------------------------------------------
Coverage                                     
  --------------------------                 
  test_coverage                      100.00% 
  fault_coverage                     100.00% 
  atpg_effectiveness                 100.00% 
---------------------------------------------
#test_patterns                            61 
  #basic_patterns                         27 
  #clock_sequential_patterns              34 
#simulated_patterns                       61 
CPU_time (secs)                          1.5 
---------------------------------------------


  report_statistics -Instance NAND3X8
              Statistics Report              
               Stuck-at Faults               
---------------------------------------------
Fault Classes                     #faults    
                                  (total)    
----------------------------  ---------------
  FU (full)                          8       
  --------------------------  ---------------
  DS (det_simulation)             8 (100.00%)
---------------------------------------------
Coverage                                     
  --------------------------                 
  test_coverage                      100.00% 
  fault_coverage                     100.00% 
  atpg_effectiveness                 100.00% 
---------------------------------------------
#test_patterns                            61 
  #basic_patterns                         27 
  #clock_sequential_patterns              34 
#simulated_patterns                       61 
CPU_time (secs)                          1.5 
---------------------------------------------


  report_statistics -Instance NAND3XL
              Statistics Report              
               Stuck-at Faults               
---------------------------------------------
Fault Classes                     #faults    
                                  (total)    
----------------------------  ---------------
  FU (full)                          8       
  --------------------------  ---------------
  DS (det_simulation)             8 (100.00%)
---------------------------------------------
Coverage                                     
  --------------------------                 
  test_coverage                      100.00% 
  fault_coverage                     100.00% 
  atpg_effectiveness                 100.00% 
---------------------------------------------
#test_patterns                            61 
  #basic_patterns                         27 
  #clock_sequential_patterns              34 
#simulated_patterns                       61 
CPU_time (secs)                          1.5 
---------------------------------------------


  report_statistics -Instance NAND4BBX1
              Statistics Report              
               Stuck-at Faults               
---------------------------------------------
Fault Classes                     #faults    
                                  (total)    
----------------------------  ---------------
  FU (full)                          10      
  --------------------------  ---------------
  DS (det_simulation)            10 (100.00%)
---------------------------------------------
Coverage                                     
  --------------------------                 
  test_coverage                      100.00% 
  fault_coverage                     100.00% 
  atpg_effectiveness                 100.00% 
---------------------------------------------
#test_patterns                            61 
  #basic_patterns                         27 
  #clock_sequential_patterns              34 
#simulated_patterns                       61 
CPU_time (secs)                          1.5 
---------------------------------------------


  report_statistics -Instance NAND4BBX2
              Statistics Report              
               Stuck-at Faults               
---------------------------------------------
Fault Classes                     #faults    
                                  (total)    
----------------------------  ---------------
  FU (full)                          10      
  --------------------------  ---------------
  DS (det_simulation)            10 (100.00%)
---------------------------------------------
Coverage                                     
  --------------------------                 
  test_coverage                      100.00% 
  fault_coverage                     100.00% 
  atpg_effectiveness                 100.00% 
---------------------------------------------
#test_patterns                            61 
  #basic_patterns                         27 
  #clock_sequential_patterns              34 
#simulated_patterns                       61 
CPU_time (secs)                          1.5 
---------------------------------------------


  report_statistics -Instance NAND4BBX4
              Statistics Report              
               Stuck-at Faults               
---------------------------------------------
Fault Classes                     #faults    
                                  (total)    
----------------------------  ---------------
  FU (full)                          10      
  --------------------------  ---------------
  DS (det_simulation)            10 (100.00%)
---------------------------------------------
Coverage                                     
  --------------------------                 
  test_coverage                      100.00% 
  fault_coverage                     100.00% 
  atpg_effectiveness                 100.00% 
---------------------------------------------
#test_patterns                            61 
  #basic_patterns                         27 
  #clock_sequential_patterns              34 
#simulated_patterns                       61 
CPU_time (secs)                          1.5 
---------------------------------------------


  report_statistics -Instance NAND4BBXL
              Statistics Report              
               Stuck-at Faults               
---------------------------------------------
Fault Classes                     #faults    
                                  (total)    
----------------------------  ---------------
  FU (full)                          10      
  --------------------------  ---------------
  DS (det_simulation)            10 (100.00%)
---------------------------------------------
Coverage                                     
  --------------------------                 
  test_coverage                      100.00% 
  fault_coverage                     100.00% 
  atpg_effectiveness                 100.00% 
---------------------------------------------
#test_patterns                            61 
  #basic_patterns                         27 
  #clock_sequential_patterns              34 
#simulated_patterns                       61 
CPU_time (secs)                          1.5 
---------------------------------------------


  report_statistics -Instance NAND4BX1
              Statistics Report              
               Stuck-at Faults               
---------------------------------------------
Fault Classes                     #faults    
                                  (total)    
----------------------------  ---------------
  FU (full)                          10      
  --------------------------  ---------------
  DS (det_simulation)            10 (100.00%)
---------------------------------------------
Coverage                                     
  --------------------------                 
  test_coverage                      100.00% 
  fault_coverage                     100.00% 
  atpg_effectiveness                 100.00% 
---------------------------------------------
#test_patterns                            61 
  #basic_patterns                         27 
  #clock_sequential_patterns              34 
#simulated_patterns                       61 
CPU_time (secs)                          1.5 
---------------------------------------------


  report_statistics -Instance NAND4BX2
              Statistics Report              
               Stuck-at Faults               
---------------------------------------------
Fault Classes                     #faults    
                                  (total)    
----------------------------  ---------------
  FU (full)                          10      
  --------------------------  ---------------
  DS (det_simulation)            10 (100.00%)
---------------------------------------------
Coverage                                     
  --------------------------                 
  test_coverage                      100.00% 
  fault_coverage                     100.00% 
  atpg_effectiveness                 100.00% 
---------------------------------------------
#test_patterns                            61 
  #basic_patterns                         27 
  #clock_sequential_patterns              34 
#simulated_patterns                       61 
CPU_time (secs)                          1.5 
---------------------------------------------


  report_statistics -Instance NAND4BX4
              Statistics Report              
               Stuck-at Faults               
---------------------------------------------
Fault Classes                     #faults    
                                  (total)    
----------------------------  ---------------
  FU (full)                          10      
  --------------------------  ---------------
  DS (det_simulation)            10 (100.00%)
---------------------------------------------
Coverage                                     
  --------------------------                 
  test_coverage                      100.00% 
  fault_coverage                     100.00% 
  atpg_effectiveness                 100.00% 
---------------------------------------------
#test_patterns                            61 
  #basic_patterns                         27 
  #clock_sequential_patterns              34 
#simulated_patterns                       61 
CPU_time (secs)                          1.5 
---------------------------------------------


  report_statistics -Instance NAND4BXL
              Statistics Report              
               Stuck-at Faults               
---------------------------------------------
Fault Classes                     #faults    
                                  (total)    
----------------------------  ---------------
  FU (full)                          10      
  --------------------------  ---------------
  DS (det_simulation)            10 (100.00%)
---------------------------------------------
Coverage                                     
  --------------------------                 
  test_coverage                      100.00% 
  fault_coverage                     100.00% 
  atpg_effectiveness                 100.00% 
---------------------------------------------
#test_patterns                            61 
  #basic_patterns                         27 
  #clock_sequential_patterns              34 
#simulated_patterns                       61 
CPU_time (secs)                          1.5 
---------------------------------------------


  report_statistics -Instance NAND4X1
              Statistics Report              
               Stuck-at Faults               
---------------------------------------------
Fault Classes                     #faults    
                                  (total)    
----------------------------  ---------------
  FU (full)                          10      
  --------------------------  ---------------
  DS (det_simulation)            10 (100.00%)
---------------------------------------------
Coverage                                     
  --------------------------                 
  test_coverage                      100.00% 
  fault_coverage                     100.00% 
  atpg_effectiveness                 100.00% 
---------------------------------------------
#test_patterns                            61 
  #basic_patterns                         27 
  #clock_sequential_patterns              34 
#simulated_patterns                       61 
CPU_time (secs)                          1.5 
---------------------------------------------


  report_statistics -Instance NAND4X2
              Statistics Report              
               Stuck-at Faults               
---------------------------------------------
Fault Classes                     #faults    
                                  (total)    
----------------------------  ---------------
  FU (full)                          10      
  --------------------------  ---------------
  DS (det_simulation)            10 (100.00%)
---------------------------------------------
Coverage                                     
  --------------------------                 
  test_coverage                      100.00% 
  fault_coverage                     100.00% 
  atpg_effectiveness                 100.00% 
---------------------------------------------
#test_patterns                            61 
  #basic_patterns                         27 
  #clock_sequential_patterns              34 
#simulated_patterns                       61 
CPU_time (secs)                          1.5 
---------------------------------------------


  report_statistics -Instance NAND4X4
              Statistics Report              
               Stuck-at Faults               
---------------------------------------------
Fault Classes                     #faults    
                                  (total)    
----------------------------  ---------------
  FU (full)                          10      
  --------------------------  ---------------
  DS (det_simulation)            10 (100.00%)
---------------------------------------------
Coverage                                     
  --------------------------                 
  test_coverage                      100.00% 
  fault_coverage                     100.00% 
  atpg_effectiveness                 100.00% 
---------------------------------------------
#test_patterns                            61 
  #basic_patterns                         27 
  #clock_sequential_patterns              34 
#simulated_patterns                       61 
CPU_time (secs)                          1.5 
---------------------------------------------


  report_statistics -Instance NAND4X6
              Statistics Report              
               Stuck-at Faults               
---------------------------------------------
Fault Classes                     #faults    
                                  (total)    
----------------------------  ---------------
  FU (full)                          10      
  --------------------------  ---------------
  DS (det_simulation)            10 (100.00%)
---------------------------------------------
Coverage                                     
  --------------------------                 
  test_coverage                      100.00% 
  fault_coverage                     100.00% 
  atpg_effectiveness                 100.00% 
---------------------------------------------
#test_patterns                            61 
  #basic_patterns                         27 
  #clock_sequential_patterns              34 
#simulated_patterns                       61 
CPU_time (secs)                          1.5 
---------------------------------------------


  report_statistics -Instance NAND4X8
              Statistics Report              
               Stuck-at Faults               
---------------------------------------------
Fault Classes                     #faults    
                                  (total)    
----------------------------  ---------------
  FU (full)                          10      
  --------------------------  ---------------
  DS (det_simulation)            10 (100.00%)
---------------------------------------------
Coverage                                     
  --------------------------                 
  test_coverage                      100.00% 
  fault_coverage                     100.00% 
  atpg_effectiveness                 100.00% 
---------------------------------------------
#test_patterns                            61 
  #basic_patterns                         27 
  #clock_sequential_patterns              34 
#simulated_patterns                       61 
CPU_time (secs)                          1.5 
---------------------------------------------


  report_statistics -Instance NAND4XL
              Statistics Report              
               Stuck-at Faults               
---------------------------------------------
Fault Classes                     #faults    
                                  (total)    
----------------------------  ---------------
  FU (full)                          10      
  --------------------------  ---------------
  DS (det_simulation)            10 (100.00%)
---------------------------------------------
Coverage                                     
  --------------------------                 
  test_coverage                      100.00% 
  fault_coverage                     100.00% 
  atpg_effectiveness                 100.00% 
---------------------------------------------
#test_patterns                            61 
  #basic_patterns                         27 
  #clock_sequential_patterns              34 
#simulated_patterns                       61 
CPU_time (secs)                          1.5 
---------------------------------------------


  report_statistics -Instance NOR2BX1
              Statistics Report              
               Stuck-at Faults               
---------------------------------------------
Fault Classes                     #faults    
                                  (total)    
----------------------------  ---------------
  FU (full)                          6       
  --------------------------  ---------------
  DS (det_simulation)             6 (100.00%)
---------------------------------------------
Coverage                                     
  --------------------------                 
  test_coverage                      100.00% 
  fault_coverage                     100.00% 
  atpg_effectiveness                 100.00% 
---------------------------------------------
#test_patterns                            61 
  #basic_patterns                         27 
  #clock_sequential_patterns              34 
#simulated_patterns                       61 
CPU_time (secs)                          1.5 
---------------------------------------------


  report_statistics -Instance NOR2BX2
              Statistics Report              
               Stuck-at Faults               
---------------------------------------------
Fault Classes                     #faults    
                                  (total)    
----------------------------  ---------------
  FU (full)                          6       
  --------------------------  ---------------
  DS (det_simulation)             6 (100.00%)
---------------------------------------------
Coverage                                     
  --------------------------                 
  test_coverage                      100.00% 
  fault_coverage                     100.00% 
  atpg_effectiveness                 100.00% 
---------------------------------------------
#test_patterns                            61 
  #basic_patterns                         27 
  #clock_sequential_patterns              34 
#simulated_patterns                       61 
CPU_time (secs)                          1.5 
---------------------------------------------


  report_statistics -Instance NOR2BX4
              Statistics Report              
               Stuck-at Faults               
---------------------------------------------
Fault Classes                     #faults    
                                  (total)    
----------------------------  ---------------
  FU (full)                          6       
  --------------------------  ---------------
  DS (det_simulation)             6 (100.00%)
---------------------------------------------
Coverage                                     
  --------------------------                 
  test_coverage                      100.00% 
  fault_coverage                     100.00% 
  atpg_effectiveness                 100.00% 
---------------------------------------------
#test_patterns                            61 
  #basic_patterns                         27 
  #clock_sequential_patterns              34 
#simulated_patterns                       61 
CPU_time (secs)                          1.5 
---------------------------------------------


  report_statistics -Instance NOR2BXL
              Statistics Report              
               Stuck-at Faults               
---------------------------------------------
Fault Classes                     #faults    
                                  (total)    
----------------------------  ---------------
  FU (full)                          6       
  --------------------------  ---------------
  DS (det_simulation)             6 (100.00%)
---------------------------------------------
Coverage                                     
  --------------------------                 
  test_coverage                      100.00% 
  fault_coverage                     100.00% 
  atpg_effectiveness                 100.00% 
---------------------------------------------
#test_patterns                            61 
  #basic_patterns                         27 
  #clock_sequential_patterns              34 
#simulated_patterns                       61 
CPU_time (secs)                          1.5 
---------------------------------------------


  report_statistics -Instance NOR2X1
              Statistics Report              
               Stuck-at Faults               
---------------------------------------------
Fault Classes                     #faults    
                                  (total)    
----------------------------  ---------------
  FU (full)                          6       
  --------------------------  ---------------
  DS (det_simulation)             6 (100.00%)
---------------------------------------------
Coverage                                     
  --------------------------                 
  test_coverage                      100.00% 
  fault_coverage                     100.00% 
  atpg_effectiveness                 100.00% 
---------------------------------------------
#test_patterns                            61 
  #basic_patterns                         27 
  #clock_sequential_patterns              34 
#simulated_patterns                       61 
CPU_time (secs)                          1.5 
---------------------------------------------


  report_statistics -Instance NOR2X2
              Statistics Report              
               Stuck-at Faults               
---------------------------------------------
Fault Classes                     #faults    
                                  (total)    
----------------------------  ---------------
  FU (full)                          6       
  --------------------------  ---------------
  DS (det_simulation)             6 (100.00%)
---------------------------------------------
Coverage                                     
  --------------------------                 
  test_coverage                      100.00% 
  fault_coverage                     100.00% 
  atpg_effectiveness                 100.00% 
---------------------------------------------
#test_patterns                            61 
  #basic_patterns                         27 
  #clock_sequential_patterns              34 
#simulated_patterns                       61 
CPU_time (secs)                          1.5 
---------------------------------------------


  report_statistics -Instance NOR2X4
              Statistics Report              
               Stuck-at Faults               
---------------------------------------------
Fault Classes                     #faults    
                                  (total)    
----------------------------  ---------------
  FU (full)                          6       
  --------------------------  ---------------
  DS (det_simulation)             6 (100.00%)
---------------------------------------------
Coverage                                     
  --------------------------                 
  test_coverage                      100.00% 
  fault_coverage                     100.00% 
  atpg_effectiveness                 100.00% 
---------------------------------------------
#test_patterns                            61 
  #basic_patterns                         27 
  #clock_sequential_patterns              34 
#simulated_patterns                       61 
CPU_time (secs)                          1.5 
---------------------------------------------


  report_statistics -Instance NOR2X6
              Statistics Report              
               Stuck-at Faults               
---------------------------------------------
Fault Classes                     #faults    
                                  (total)    
----------------------------  ---------------
  FU (full)                          6       
  --------------------------  ---------------
  DS (det_simulation)             6 (100.00%)
---------------------------------------------
Coverage                                     
  --------------------------                 
  test_coverage                      100.00% 
  fault_coverage                     100.00% 
  atpg_effectiveness                 100.00% 
---------------------------------------------
#test_patterns                            61 
  #basic_patterns                         27 
  #clock_sequential_patterns              34 
#simulated_patterns                       61 
CPU_time (secs)                          1.5 
---------------------------------------------


  report_statistics -Instance NOR2X8
              Statistics Report              
               Stuck-at Faults               
---------------------------------------------
Fault Classes                     #faults    
                                  (total)    
----------------------------  ---------------
  FU (full)                          6       
  --------------------------  ---------------
  DS (det_simulation)             6 (100.00%)
---------------------------------------------
Coverage                                     
  --------------------------                 
  test_coverage                      100.00% 
  fault_coverage                     100.00% 
  atpg_effectiveness                 100.00% 
---------------------------------------------
#test_patterns                            61 
  #basic_patterns                         27 
  #clock_sequential_patterns              34 
#simulated_patterns                       61 
CPU_time (secs)                          1.5 
---------------------------------------------


  report_statistics -Instance NOR2XL
              Statistics Report              
               Stuck-at Faults               
---------------------------------------------
Fault Classes                     #faults    
                                  (total)    
----------------------------  ---------------
  FU (full)                          6       
  --------------------------  ---------------
  DS (det_simulation)             6 (100.00%)
---------------------------------------------
Coverage                                     
  --------------------------                 
  test_coverage                      100.00% 
  fault_coverage                     100.00% 
  atpg_effectiveness                 100.00% 
---------------------------------------------
#test_patterns                            61 
  #basic_patterns                         27 
  #clock_sequential_patterns              34 
#simulated_patterns                       61 
CPU_time (secs)                          1.5 
---------------------------------------------


  report_statistics -Instance NOR3BX1
              Statistics Report              
               Stuck-at Faults               
---------------------------------------------
Fault Classes                     #faults    
                                  (total)    
----------------------------  ---------------
  FU (full)                          8       
  --------------------------  ---------------
  DS (det_simulation)             8 (100.00%)
---------------------------------------------
Coverage                                     
  --------------------------                 
  test_coverage                      100.00% 
  fault_coverage                     100.00% 
  atpg_effectiveness                 100.00% 
---------------------------------------------
#test_patterns                            61 
  #basic_patterns                         27 
  #clock_sequential_patterns              34 
#simulated_patterns                       61 
CPU_time (secs)                          1.5 
---------------------------------------------


  report_statistics -Instance NOR3BX2
              Statistics Report              
               Stuck-at Faults               
---------------------------------------------
Fault Classes                     #faults    
                                  (total)    
----------------------------  ---------------
  FU (full)                          8       
  --------------------------  ---------------
  DS (det_simulation)             8 (100.00%)
---------------------------------------------
Coverage                                     
  --------------------------                 
  test_coverage                      100.00% 
  fault_coverage                     100.00% 
  atpg_effectiveness                 100.00% 
---------------------------------------------
#test_patterns                            61 
  #basic_patterns                         27 
  #clock_sequential_patterns              34 
#simulated_patterns                       61 
CPU_time (secs)                          1.5 
---------------------------------------------


  report_statistics -Instance NOR3BX4
              Statistics Report              
               Stuck-at Faults               
---------------------------------------------
Fault Classes                     #faults    
                                  (total)    
----------------------------  ---------------
  FU (full)                          8       
  --------------------------  ---------------
  DS (det_simulation)             8 (100.00%)
---------------------------------------------
Coverage                                     
  --------------------------                 
  test_coverage                      100.00% 
  fault_coverage                     100.00% 
  atpg_effectiveness                 100.00% 
---------------------------------------------
#test_patterns                            61 
  #basic_patterns                         27 
  #clock_sequential_patterns              34 
#simulated_patterns                       61 
CPU_time (secs)                          1.5 
---------------------------------------------


  report_statistics -Instance NOR3BXL
              Statistics Report              
               Stuck-at Faults               
---------------------------------------------
Fault Classes                     #faults    
                                  (total)    
----------------------------  ---------------
  FU (full)                          8       
  --------------------------  ---------------
  DS (det_simulation)             8 (100.00%)
---------------------------------------------
Coverage                                     
  --------------------------                 
  test_coverage                      100.00% 
  fault_coverage                     100.00% 
  atpg_effectiveness                 100.00% 
---------------------------------------------
#test_patterns                            61 
  #basic_patterns                         27 
  #clock_sequential_patterns              34 
#simulated_patterns                       61 
CPU_time (secs)                          1.5 
---------------------------------------------


  report_statistics -Instance NOR3X1
              Statistics Report              
               Stuck-at Faults               
---------------------------------------------
Fault Classes                     #faults    
                                  (total)    
----------------------------  ---------------
  FU (full)                          8       
  --------------------------  ---------------
  DS (det_simulation)             8 (100.00%)
---------------------------------------------
Coverage                                     
  --------------------------                 
  test_coverage                      100.00% 
  fault_coverage                     100.00% 
  atpg_effectiveness                 100.00% 
---------------------------------------------
#test_patterns                            61 
  #basic_patterns                         27 
  #clock_sequential_patterns              34 
#simulated_patterns                       61 
CPU_time (secs)                          1.5 
---------------------------------------------


  report_statistics -Instance NOR3X2
              Statistics Report              
               Stuck-at Faults               
---------------------------------------------
Fault Classes                     #faults    
                                  (total)    
----------------------------  ---------------
  FU (full)                          8       
  --------------------------  ---------------
  DS (det_simulation)             8 (100.00%)
---------------------------------------------
Coverage                                     
  --------------------------                 
  test_coverage                      100.00% 
  fault_coverage                     100.00% 
  atpg_effectiveness                 100.00% 
---------------------------------------------
#test_patterns                            61 
  #basic_patterns                         27 
  #clock_sequential_patterns              34 
#simulated_patterns                       61 
CPU_time (secs)                          1.5 
---------------------------------------------


  report_statistics -Instance NOR3X4
              Statistics Report              
               Stuck-at Faults               
---------------------------------------------
Fault Classes                     #faults    
                                  (total)    
----------------------------  ---------------
  FU (full)                          8       
  --------------------------  ---------------
  DS (det_simulation)             8 (100.00%)
---------------------------------------------
Coverage                                     
  --------------------------                 
  test_coverage                      100.00% 
  fault_coverage                     100.00% 
  atpg_effectiveness                 100.00% 
---------------------------------------------
#test_patterns                            61 
  #basic_patterns                         27 
  #clock_sequential_patterns              34 
#simulated_patterns                       61 
CPU_time (secs)                          1.5 
---------------------------------------------


  report_statistics -Instance NOR3X6
              Statistics Report              
               Stuck-at Faults               
---------------------------------------------
Fault Classes                     #faults    
                                  (total)    
----------------------------  ---------------
  FU (full)                          8       
  --------------------------  ---------------
  DS (det_simulation)             8 (100.00%)
---------------------------------------------
Coverage                                     
  --------------------------                 
  test_coverage                      100.00% 
  fault_coverage                     100.00% 
  atpg_effectiveness                 100.00% 
---------------------------------------------
#test_patterns                            61 
  #basic_patterns                         27 
  #clock_sequential_patterns              34 
#simulated_patterns                       61 
CPU_time (secs)                          1.5 
---------------------------------------------


  report_statistics -Instance NOR3X8
              Statistics Report              
               Stuck-at Faults               
---------------------------------------------
Fault Classes                     #faults    
                                  (total)    
----------------------------  ---------------
  FU (full)                          8       
  --------------------------  ---------------
  DS (det_simulation)             8 (100.00%)
---------------------------------------------
Coverage                                     
  --------------------------                 
  test_coverage                      100.00% 
  fault_coverage                     100.00% 
  atpg_effectiveness                 100.00% 
---------------------------------------------
#test_patterns                            61 
  #basic_patterns                         27 
  #clock_sequential_patterns              34 
#simulated_patterns                       61 
CPU_time (secs)                          1.5 
---------------------------------------------


  report_statistics -Instance NOR3XL
              Statistics Report              
               Stuck-at Faults               
---------------------------------------------
Fault Classes                     #faults    
                                  (total)    
----------------------------  ---------------
  FU (full)                          8       
  --------------------------  ---------------
  DS (det_simulation)             8 (100.00%)
---------------------------------------------
Coverage                                     
  --------------------------                 
  test_coverage                      100.00% 
  fault_coverage                     100.00% 
  atpg_effectiveness                 100.00% 
---------------------------------------------
#test_patterns                            61 
  #basic_patterns                         27 
  #clock_sequential_patterns              34 
#simulated_patterns                       61 
CPU_time (secs)                          1.5 
---------------------------------------------


  report_statistics -Instance NOR4BBX1
              Statistics Report              
               Stuck-at Faults               
---------------------------------------------
Fault Classes                     #faults    
                                  (total)    
----------------------------  ---------------
  FU (full)                          10      
  --------------------------  ---------------
  DS (det_simulation)            10 (100.00%)
---------------------------------------------
Coverage                                     
  --------------------------                 
  test_coverage                      100.00% 
  fault_coverage                     100.00% 
  atpg_effectiveness                 100.00% 
---------------------------------------------
#test_patterns                            61 
  #basic_patterns                         27 
  #clock_sequential_patterns              34 
#simulated_patterns                       61 
CPU_time (secs)                          1.5 
---------------------------------------------


  report_statistics -Instance NOR4BBX2
              Statistics Report              
               Stuck-at Faults               
---------------------------------------------
Fault Classes                     #faults    
                                  (total)    
----------------------------  ---------------
  FU (full)                          10      
  --------------------------  ---------------
  DS (det_simulation)            10 (100.00%)
---------------------------------------------
Coverage                                     
  --------------------------                 
  test_coverage                      100.00% 
  fault_coverage                     100.00% 
  atpg_effectiveness                 100.00% 
---------------------------------------------
#test_patterns                            61 
  #basic_patterns                         27 
  #clock_sequential_patterns              34 
#simulated_patterns                       61 
CPU_time (secs)                          1.5 
---------------------------------------------


  report_statistics -Instance NOR4BBX4
              Statistics Report              
               Stuck-at Faults               
---------------------------------------------
Fault Classes                     #faults    
                                  (total)    
----------------------------  ---------------
  FU (full)                          10      
  --------------------------  ---------------
  DS (det_simulation)            10 (100.00%)
---------------------------------------------
Coverage                                     
  --------------------------                 
  test_coverage                      100.00% 
  fault_coverage                     100.00% 
  atpg_effectiveness                 100.00% 
---------------------------------------------
#test_patterns                            61 
  #basic_patterns                         27 
  #clock_sequential_patterns              34 
#simulated_patterns                       61 
CPU_time (secs)                          1.5 
---------------------------------------------


  report_statistics -Instance NOR4BBXL
              Statistics Report              
               Stuck-at Faults               
---------------------------------------------
Fault Classes                     #faults    
                                  (total)    
----------------------------  ---------------
  FU (full)                          10      
  --------------------------  ---------------
  DS (det_simulation)            10 (100.00%)
---------------------------------------------
Coverage                                     
  --------------------------                 
  test_coverage                      100.00% 
  fault_coverage                     100.00% 
  atpg_effectiveness                 100.00% 
---------------------------------------------
#test_patterns                            61 
  #basic_patterns                         27 
  #clock_sequential_patterns              34 
#simulated_patterns                       61 
CPU_time (secs)                          1.5 
---------------------------------------------


  report_statistics -Instance NOR4BX1
              Statistics Report              
               Stuck-at Faults               
---------------------------------------------
Fault Classes                     #faults    
                                  (total)    
----------------------------  ---------------
  FU (full)                          10      
  --------------------------  ---------------
  DS (det_simulation)            10 (100.00%)
---------------------------------------------
Coverage                                     
  --------------------------                 
  test_coverage                      100.00% 
  fault_coverage                     100.00% 
  atpg_effectiveness                 100.00% 
---------------------------------------------
#test_patterns                            61 
  #basic_patterns                         27 
  #clock_sequential_patterns              34 
#simulated_patterns                       61 
CPU_time (secs)                          1.5 
---------------------------------------------


  report_statistics -Instance NOR4BX2
              Statistics Report              
               Stuck-at Faults               
---------------------------------------------
Fault Classes                     #faults    
                                  (total)    
----------------------------  ---------------
  FU (full)                          10      
  --------------------------  ---------------
  DS (det_simulation)            10 (100.00%)
---------------------------------------------
Coverage                                     
  --------------------------                 
  test_coverage                      100.00% 
  fault_coverage                     100.00% 
  atpg_effectiveness                 100.00% 
---------------------------------------------
#test_patterns                            61 
  #basic_patterns                         27 
  #clock_sequential_patterns              34 
#simulated_patterns                       61 
CPU_time (secs)                          1.5 
---------------------------------------------


  report_statistics -Instance NOR4BX4
              Statistics Report              
               Stuck-at Faults               
---------------------------------------------
Fault Classes                     #faults    
                                  (total)    
----------------------------  ---------------
  FU (full)                          10      
  --------------------------  ---------------
  DS (det_simulation)            10 (100.00%)
---------------------------------------------
Coverage                                     
  --------------------------                 
  test_coverage                      100.00% 
  fault_coverage                     100.00% 
  atpg_effectiveness                 100.00% 
---------------------------------------------
#test_patterns                            61 
  #basic_patterns                         27 
  #clock_sequential_patterns              34 
#simulated_patterns                       61 
CPU_time (secs)                          1.5 
---------------------------------------------


  report_statistics -Instance NOR4BXL
              Statistics Report              
               Stuck-at Faults               
---------------------------------------------
Fault Classes                     #faults    
                                  (total)    
----------------------------  ---------------
  FU (full)                          10      
  --------------------------  ---------------
  DS (det_simulation)            10 (100.00%)
---------------------------------------------
Coverage                                     
  --------------------------                 
  test_coverage                      100.00% 
  fault_coverage                     100.00% 
  atpg_effectiveness                 100.00% 
---------------------------------------------
#test_patterns                            61 
  #basic_patterns                         27 
  #clock_sequential_patterns              34 
#simulated_patterns                       61 
CPU_time (secs)                          1.5 
---------------------------------------------


  report_statistics -Instance NOR4X1
              Statistics Report              
               Stuck-at Faults               
---------------------------------------------
Fault Classes                     #faults    
                                  (total)    
----------------------------  ---------------
  FU (full)                          10      
  --------------------------  ---------------
  DS (det_simulation)            10 (100.00%)
---------------------------------------------
Coverage                                     
  --------------------------                 
  test_coverage                      100.00% 
  fault_coverage                     100.00% 
  atpg_effectiveness                 100.00% 
---------------------------------------------
#test_patterns                            61 
  #basic_patterns                         27 
  #clock_sequential_patterns              34 
#simulated_patterns                       61 
CPU_time (secs)                          1.5 
---------------------------------------------


  report_statistics -Instance NOR4X2
              Statistics Report              
               Stuck-at Faults               
---------------------------------------------
Fault Classes                     #faults    
                                  (total)    
----------------------------  ---------------
  FU (full)                          10      
  --------------------------  ---------------
  DS (det_simulation)            10 (100.00%)
---------------------------------------------
Coverage                                     
  --------------------------                 
  test_coverage                      100.00% 
  fault_coverage                     100.00% 
  atpg_effectiveness                 100.00% 
---------------------------------------------
#test_patterns                            61 
  #basic_patterns                         27 
  #clock_sequential_patterns              34 
#simulated_patterns                       61 
CPU_time (secs)                          1.5 
---------------------------------------------


  report_statistics -Instance NOR4X4
              Statistics Report              
               Stuck-at Faults               
---------------------------------------------
Fault Classes                     #faults    
                                  (total)    
----------------------------  ---------------
  FU (full)                          10      
  --------------------------  ---------------
  DS (det_simulation)            10 (100.00%)
---------------------------------------------
Coverage                                     
  --------------------------                 
  test_coverage                      100.00% 
  fault_coverage                     100.00% 
  atpg_effectiveness                 100.00% 
---------------------------------------------
#test_patterns                            61 
  #basic_patterns                         27 
  #clock_sequential_patterns              34 
#simulated_patterns                       61 
CPU_time (secs)                          1.5 
---------------------------------------------


  report_statistics -Instance NOR4X6
              Statistics Report              
               Stuck-at Faults               
---------------------------------------------
Fault Classes                     #faults    
                                  (total)    
----------------------------  ---------------
  FU (full)                          10      
  --------------------------  ---------------
  DS (det_simulation)            10 (100.00%)
---------------------------------------------
Coverage                                     
  --------------------------                 
  test_coverage                      100.00% 
  fault_coverage                     100.00% 
  atpg_effectiveness                 100.00% 
---------------------------------------------
#test_patterns                            61 
  #basic_patterns                         27 
  #clock_sequential_patterns              34 
#simulated_patterns                       61 
CPU_time (secs)                          1.5 
---------------------------------------------


  report_statistics -Instance NOR4X8
              Statistics Report              
               Stuck-at Faults               
---------------------------------------------
Fault Classes                     #faults    
                                  (total)    
----------------------------  ---------------
  FU (full)                          10      
  --------------------------  ---------------
  DS (det_simulation)            10 (100.00%)
---------------------------------------------
Coverage                                     
  --------------------------                 
  test_coverage                      100.00% 
  fault_coverage                     100.00% 
  atpg_effectiveness                 100.00% 
---------------------------------------------
#test_patterns                            61 
  #basic_patterns                         27 
  #clock_sequential_patterns              34 
#simulated_patterns                       61 
CPU_time (secs)                          1.5 
---------------------------------------------


  report_statistics -Instance NOR4XL
              Statistics Report              
               Stuck-at Faults               
---------------------------------------------
Fault Classes                     #faults    
                                  (total)    
----------------------------  ---------------
  FU (full)                          10      
  --------------------------  ---------------
  DS (det_simulation)            10 (100.00%)
---------------------------------------------
Coverage                                     
  --------------------------                 
  test_coverage                      100.00% 
  fault_coverage                     100.00% 
  atpg_effectiveness                 100.00% 
---------------------------------------------
#test_patterns                            61 
  #basic_patterns                         27 
  #clock_sequential_patterns              34 
#simulated_patterns                       61 
CPU_time (secs)                          1.5 
---------------------------------------------


  report_statistics -Instance OA21X1
              Statistics Report              
               Stuck-at Faults               
---------------------------------------------
Fault Classes                     #faults    
                                  (total)    
----------------------------  ---------------
  FU (full)                          8       
  --------------------------  ---------------
  DS (det_simulation)             8 (100.00%)
---------------------------------------------
Coverage                                     
  --------------------------                 
  test_coverage                      100.00% 
  fault_coverage                     100.00% 
  atpg_effectiveness                 100.00% 
---------------------------------------------
#test_patterns                            61 
  #basic_patterns                         27 
  #clock_sequential_patterns              34 
#simulated_patterns                       61 
CPU_time (secs)                          1.5 
---------------------------------------------


  report_statistics -Instance OA21X2
              Statistics Report              
               Stuck-at Faults               
---------------------------------------------
Fault Classes                     #faults    
                                  (total)    
----------------------------  ---------------
  FU (full)                          8       
  --------------------------  ---------------
  DS (det_simulation)             8 (100.00%)
---------------------------------------------
Coverage                                     
  --------------------------                 
  test_coverage                      100.00% 
  fault_coverage                     100.00% 
  atpg_effectiveness                 100.00% 
---------------------------------------------
#test_patterns                            61 
  #basic_patterns                         27 
  #clock_sequential_patterns              34 
#simulated_patterns                       61 
CPU_time (secs)                          1.5 
---------------------------------------------


  report_statistics -Instance OA21X4
              Statistics Report              
               Stuck-at Faults               
---------------------------------------------
Fault Classes                     #faults    
                                  (total)    
----------------------------  ---------------
  FU (full)                          8       
  --------------------------  ---------------
  DS (det_simulation)             8 (100.00%)
---------------------------------------------
Coverage                                     
  --------------------------                 
  test_coverage                      100.00% 
  fault_coverage                     100.00% 
  atpg_effectiveness                 100.00% 
---------------------------------------------
#test_patterns                            61 
  #basic_patterns                         27 
  #clock_sequential_patterns              34 
#simulated_patterns                       61 
CPU_time (secs)                          1.5 
---------------------------------------------


  report_statistics -Instance OA21XL
              Statistics Report              
               Stuck-at Faults               
---------------------------------------------
Fault Classes                     #faults    
                                  (total)    
----------------------------  ---------------
  FU (full)                          8       
  --------------------------  ---------------
  DS (det_simulation)             8 (100.00%)
---------------------------------------------
Coverage                                     
  --------------------------                 
  test_coverage                      100.00% 
  fault_coverage                     100.00% 
  atpg_effectiveness                 100.00% 
---------------------------------------------
#test_patterns                            61 
  #basic_patterns                         27 
  #clock_sequential_patterns              34 
#simulated_patterns                       61 
CPU_time (secs)                          1.5 
---------------------------------------------


  report_statistics -Instance OA22X1
              Statistics Report              
               Stuck-at Faults               
---------------------------------------------
Fault Classes                     #faults    
                                  (total)    
----------------------------  ---------------
  FU (full)                          10      
  --------------------------  ---------------
  DS (det_simulation)            10 (100.00%)
---------------------------------------------
Coverage                                     
  --------------------------                 
  test_coverage                      100.00% 
  fault_coverage                     100.00% 
  atpg_effectiveness                 100.00% 
---------------------------------------------
#test_patterns                            61 
  #basic_patterns                         27 
  #clock_sequential_patterns              34 
#simulated_patterns                       61 
CPU_time (secs)                          1.5 
---------------------------------------------


  report_statistics -Instance OA22X2
              Statistics Report              
               Stuck-at Faults               
---------------------------------------------
Fault Classes                     #faults    
                                  (total)    
----------------------------  ---------------
  FU (full)                          10      
  --------------------------  ---------------
  DS (det_simulation)            10 (100.00%)
---------------------------------------------
Coverage                                     
  --------------------------                 
  test_coverage                      100.00% 
  fault_coverage                     100.00% 
  atpg_effectiveness                 100.00% 
---------------------------------------------
#test_patterns                            61 
  #basic_patterns                         27 
  #clock_sequential_patterns              34 
#simulated_patterns                       61 
CPU_time (secs)                          1.5 
---------------------------------------------


  report_statistics -Instance OA22X4
              Statistics Report              
               Stuck-at Faults               
---------------------------------------------
Fault Classes                     #faults    
                                  (total)    
----------------------------  ---------------
  FU (full)                          10      
  --------------------------  ---------------
  DS (det_simulation)            10 (100.00%)
---------------------------------------------
Coverage                                     
  --------------------------                 
  test_coverage                      100.00% 
  fault_coverage                     100.00% 
  atpg_effectiveness                 100.00% 
---------------------------------------------
#test_patterns                            61 
  #basic_patterns                         27 
  #clock_sequential_patterns              34 
#simulated_patterns                       61 
CPU_time (secs)                          1.5 
---------------------------------------------


  report_statistics -Instance OA22XL
              Statistics Report              
               Stuck-at Faults               
---------------------------------------------
Fault Classes                     #faults    
                                  (total)    
----------------------------  ---------------
  FU (full)                          10      
  --------------------------  ---------------
  DS (det_simulation)            10 (100.00%)
---------------------------------------------
Coverage                                     
  --------------------------                 
  test_coverage                      100.00% 
  fault_coverage                     100.00% 
  atpg_effectiveness                 100.00% 
---------------------------------------------
#test_patterns                            61 
  #basic_patterns                         27 
  #clock_sequential_patterns              34 
#simulated_patterns                       61 
CPU_time (secs)                          1.5 
---------------------------------------------


  report_statistics -Instance OAI211X1
              Statistics Report              
               Stuck-at Faults               
---------------------------------------------
Fault Classes                     #faults    
                                  (total)    
----------------------------  ---------------
  FU (full)                          10      
  --------------------------  ---------------
  DS (det_simulation)            10 (100.00%)
---------------------------------------------
Coverage                                     
  --------------------------                 
  test_coverage                      100.00% 
  fault_coverage                     100.00% 
  atpg_effectiveness                 100.00% 
---------------------------------------------
#test_patterns                            61 
  #basic_patterns                         27 
  #clock_sequential_patterns              34 
#simulated_patterns                       61 
CPU_time (secs)                          1.5 
---------------------------------------------


  report_statistics -Instance OAI211X2
              Statistics Report              
               Stuck-at Faults               
---------------------------------------------
Fault Classes                     #faults    
                                  (total)    
----------------------------  ---------------
  FU (full)                          10      
  --------------------------  ---------------
  DS (det_simulation)            10 (100.00%)
---------------------------------------------
Coverage                                     
  --------------------------                 
  test_coverage                      100.00% 
  fault_coverage                     100.00% 
  atpg_effectiveness                 100.00% 
---------------------------------------------
#test_patterns                            61 
  #basic_patterns                         27 
  #clock_sequential_patterns              34 
#simulated_patterns                       61 
CPU_time (secs)                          1.5 
---------------------------------------------


  report_statistics -Instance OAI211X4
              Statistics Report              
               Stuck-at Faults               
---------------------------------------------
Fault Classes                     #faults    
                                  (total)    
----------------------------  ---------------
  FU (full)                          10      
  --------------------------  ---------------
  DS (det_simulation)            10 (100.00%)
---------------------------------------------
Coverage                                     
  --------------------------                 
  test_coverage                      100.00% 
  fault_coverage                     100.00% 
  atpg_effectiveness                 100.00% 
---------------------------------------------
#test_patterns                            61 
  #basic_patterns                         27 
  #clock_sequential_patterns              34 
#simulated_patterns                       61 
CPU_time (secs)                          1.5 
---------------------------------------------


  report_statistics -Instance OAI211XL
              Statistics Report              
               Stuck-at Faults               
---------------------------------------------
Fault Classes                     #faults    
                                  (total)    
----------------------------  ---------------
  FU (full)                          10      
  --------------------------  ---------------
  DS (det_simulation)            10 (100.00%)
---------------------------------------------
Coverage                                     
  --------------------------                 
  test_coverage                      100.00% 
  fault_coverage                     100.00% 
  atpg_effectiveness                 100.00% 
---------------------------------------------
#test_patterns                            61 
  #basic_patterns                         27 
  #clock_sequential_patterns              34 
#simulated_patterns                       61 
CPU_time (secs)                          1.5 
---------------------------------------------


  report_statistics -Instance OAI21X1
              Statistics Report              
               Stuck-at Faults               
---------------------------------------------
Fault Classes                     #faults    
                                  (total)    
----------------------------  ---------------
  FU (full)                          8       
  --------------------------  ---------------
  DS (det_simulation)             8 (100.00%)
---------------------------------------------
Coverage                                     
  --------------------------                 
  test_coverage                      100.00% 
  fault_coverage                     100.00% 
  atpg_effectiveness                 100.00% 
---------------------------------------------
#test_patterns                            61 
  #basic_patterns                         27 
  #clock_sequential_patterns              34 
#simulated_patterns                       61 
CPU_time (secs)                          1.5 
---------------------------------------------


  report_statistics -Instance OAI21X2
              Statistics Report              
               Stuck-at Faults               
---------------------------------------------
Fault Classes                     #faults    
                                  (total)    
----------------------------  ---------------
  FU (full)                          8       
  --------------------------  ---------------
  DS (det_simulation)             8 (100.00%)
---------------------------------------------
Coverage                                     
  --------------------------                 
  test_coverage                      100.00% 
  fault_coverage                     100.00% 
  atpg_effectiveness                 100.00% 
---------------------------------------------
#test_patterns                            61 
  #basic_patterns                         27 
  #clock_sequential_patterns              34 
#simulated_patterns                       61 
CPU_time (secs)                          1.5 
---------------------------------------------


  report_statistics -Instance OAI21X4
              Statistics Report              
               Stuck-at Faults               
---------------------------------------------
Fault Classes                     #faults    
                                  (total)    
----------------------------  ---------------
  FU (full)                          8       
  --------------------------  ---------------
  DS (det_simulation)             8 (100.00%)
---------------------------------------------
Coverage                                     
  --------------------------                 
  test_coverage                      100.00% 
  fault_coverage                     100.00% 
  atpg_effectiveness                 100.00% 
---------------------------------------------
#test_patterns                            61 
  #basic_patterns                         27 
  #clock_sequential_patterns              34 
#simulated_patterns                       61 
CPU_time (secs)                          1.5 
---------------------------------------------


  report_statistics -Instance OAI21XL
              Statistics Report              
               Stuck-at Faults               
---------------------------------------------
Fault Classes                     #faults    
                                  (total)    
----------------------------  ---------------
  FU (full)                          8       
  --------------------------  ---------------
  DS (det_simulation)             8 (100.00%)
---------------------------------------------
Coverage                                     
  --------------------------                 
  test_coverage                      100.00% 
  fault_coverage                     100.00% 
  atpg_effectiveness                 100.00% 
---------------------------------------------
#test_patterns                            61 
  #basic_patterns                         27 
  #clock_sequential_patterns              34 
#simulated_patterns                       61 
CPU_time (secs)                          1.5 
---------------------------------------------


  report_statistics -Instance OAI221X1
              Statistics Report              
               Stuck-at Faults               
---------------------------------------------
Fault Classes                     #faults    
                                  (total)    
----------------------------  ---------------
  FU (full)                          12      
  --------------------------  ---------------
  DS (det_simulation)            12 (100.00%)
---------------------------------------------
Coverage                                     
  --------------------------                 
  test_coverage                      100.00% 
  fault_coverage                     100.00% 
  atpg_effectiveness                 100.00% 
---------------------------------------------
#test_patterns                            61 
  #basic_patterns                         27 
  #clock_sequential_patterns              34 
#simulated_patterns                       61 
CPU_time (secs)                          1.5 
---------------------------------------------


  report_statistics -Instance OAI221X2
              Statistics Report              
               Stuck-at Faults               
---------------------------------------------
Fault Classes                     #faults    
                                  (total)    
----------------------------  ---------------
  FU (full)                          12      
  --------------------------  ---------------
  DS (det_simulation)            12 (100.00%)
---------------------------------------------
Coverage                                     
  --------------------------                 
  test_coverage                      100.00% 
  fault_coverage                     100.00% 
  atpg_effectiveness                 100.00% 
---------------------------------------------
#test_patterns                            61 
  #basic_patterns                         27 
  #clock_sequential_patterns              34 
#simulated_patterns                       61 
CPU_time (secs)                          1.5 
---------------------------------------------


  report_statistics -Instance OAI221X4
              Statistics Report              
               Stuck-at Faults               
---------------------------------------------
Fault Classes                     #faults    
                                  (total)    
----------------------------  ---------------
  FU (full)                          12      
  --------------------------  ---------------
  DS (det_simulation)            12 (100.00%)
---------------------------------------------
Coverage                                     
  --------------------------                 
  test_coverage                      100.00% 
  fault_coverage                     100.00% 
  atpg_effectiveness                 100.00% 
---------------------------------------------
#test_patterns                            61 
  #basic_patterns                         27 
  #clock_sequential_patterns              34 
#simulated_patterns                       61 
CPU_time (secs)                          1.5 
---------------------------------------------


  report_statistics -Instance OAI221XL
              Statistics Report              
               Stuck-at Faults               
---------------------------------------------
Fault Classes                     #faults    
                                  (total)    
----------------------------  ---------------
  FU (full)                          12      
  --------------------------  ---------------
  DS (det_simulation)            12 (100.00%)
---------------------------------------------
Coverage                                     
  --------------------------                 
  test_coverage                      100.00% 
  fault_coverage                     100.00% 
  atpg_effectiveness                 100.00% 
---------------------------------------------
#test_patterns                            61 
  #basic_patterns                         27 
  #clock_sequential_patterns              34 
#simulated_patterns                       61 
CPU_time (secs)                          1.5 
---------------------------------------------


  report_statistics -Instance OAI222X1
              Statistics Report              
               Stuck-at Faults               
---------------------------------------------
Fault Classes                     #faults    
                                  (total)    
----------------------------  ---------------
  FU (full)                          14      
  --------------------------  ---------------
  DS (det_simulation)            14 (100.00%)
---------------------------------------------
Coverage                                     
  --------------------------                 
  test_coverage                      100.00% 
  fault_coverage                     100.00% 
  atpg_effectiveness                 100.00% 
---------------------------------------------
#test_patterns                            61 
  #basic_patterns                         27 
  #clock_sequential_patterns              34 
#simulated_patterns                       61 
CPU_time (secs)                          1.5 
---------------------------------------------


  report_statistics -Instance OAI222X2
              Statistics Report              
               Stuck-at Faults               
---------------------------------------------
Fault Classes                     #faults    
                                  (total)    
----------------------------  ---------------
  FU (full)                          14      
  --------------------------  ---------------
  DS (det_simulation)            14 (100.00%)
---------------------------------------------
Coverage                                     
  --------------------------                 
  test_coverage                      100.00% 
  fault_coverage                     100.00% 
  atpg_effectiveness                 100.00% 
---------------------------------------------
#test_patterns                            61 
  #basic_patterns                         27 
  #clock_sequential_patterns              34 
#simulated_patterns                       61 
CPU_time (secs)                          1.5 
---------------------------------------------


  report_statistics -Instance OAI222X4
              Statistics Report              
               Stuck-at Faults               
---------------------------------------------
Fault Classes                     #faults    
                                  (total)    
----------------------------  ---------------
  FU (full)                          14      
  --------------------------  ---------------
  DS (det_simulation)            14 (100.00%)
---------------------------------------------
Coverage                                     
  --------------------------                 
  test_coverage                      100.00% 
  fault_coverage                     100.00% 
  atpg_effectiveness                 100.00% 
---------------------------------------------
#test_patterns                            61 
  #basic_patterns                         27 
  #clock_sequential_patterns              34 
#simulated_patterns                       61 
CPU_time (secs)                          1.5 
---------------------------------------------


  report_statistics -Instance OAI222XL
              Statistics Report              
               Stuck-at Faults               
---------------------------------------------
Fault Classes                     #faults    
                                  (total)    
----------------------------  ---------------
  FU (full)                          14      
  --------------------------  ---------------
  DS (det_simulation)            14 (100.00%)
---------------------------------------------
Coverage                                     
  --------------------------                 
  test_coverage                      100.00% 
  fault_coverage                     100.00% 
  atpg_effectiveness                 100.00% 
---------------------------------------------
#test_patterns                            61 
  #basic_patterns                         27 
  #clock_sequential_patterns              34 
#simulated_patterns                       61 
CPU_time (secs)                          1.5 
---------------------------------------------


  report_statistics -Instance OAI22X1
              Statistics Report              
               Stuck-at Faults               
---------------------------------------------
Fault Classes                     #faults    
                                  (total)    
----------------------------  ---------------
  FU (full)                          10      
  --------------------------  ---------------
  DS (det_simulation)            10 (100.00%)
---------------------------------------------
Coverage                                     
  --------------------------                 
  test_coverage                      100.00% 
  fault_coverage                     100.00% 
  atpg_effectiveness                 100.00% 
---------------------------------------------
#test_patterns                            61 
  #basic_patterns                         27 
  #clock_sequential_patterns              34 
#simulated_patterns                       61 
CPU_time (secs)                          1.5 
---------------------------------------------


  report_statistics -Instance OAI22X2
              Statistics Report              
               Stuck-at Faults               
---------------------------------------------
Fault Classes                     #faults    
                                  (total)    
----------------------------  ---------------
  FU (full)                          10      
  --------------------------  ---------------
  DS (det_simulation)            10 (100.00%)
---------------------------------------------
Coverage                                     
  --------------------------                 
  test_coverage                      100.00% 
  fault_coverage                     100.00% 
  atpg_effectiveness                 100.00% 
---------------------------------------------
#test_patterns                            61 
  #basic_patterns                         27 
  #clock_sequential_patterns              34 
#simulated_patterns                       61 
CPU_time (secs)                          1.5 
---------------------------------------------


  report_statistics -Instance OAI22X4
              Statistics Report              
               Stuck-at Faults               
---------------------------------------------
Fault Classes                     #faults    
                                  (total)    
----------------------------  ---------------
  FU (full)                          10      
  --------------------------  ---------------
  DS (det_simulation)            10 (100.00%)
---------------------------------------------
Coverage                                     
  --------------------------                 
  test_coverage                      100.00% 
  fault_coverage                     100.00% 
  atpg_effectiveness                 100.00% 
---------------------------------------------
#test_patterns                            61 
  #basic_patterns                         27 
  #clock_sequential_patterns              34 
#simulated_patterns                       61 
CPU_time (secs)                          1.5 
---------------------------------------------


  report_statistics -Instance OAI22XL
              Statistics Report              
               Stuck-at Faults               
---------------------------------------------
Fault Classes                     #faults    
                                  (total)    
----------------------------  ---------------
  FU (full)                          10      
  --------------------------  ---------------
  DS (det_simulation)            10 (100.00%)
---------------------------------------------
Coverage                                     
  --------------------------                 
  test_coverage                      100.00% 
  fault_coverage                     100.00% 
  atpg_effectiveness                 100.00% 
---------------------------------------------
#test_patterns                            61 
  #basic_patterns                         27 
  #clock_sequential_patterns              34 
#simulated_patterns                       61 
CPU_time (secs)                          1.5 
---------------------------------------------


  report_statistics -Instance OAI2BB1X1
              Statistics Report              
               Stuck-at Faults               
---------------------------------------------
Fault Classes                     #faults    
                                  (total)    
----------------------------  ---------------
  FU (full)                          8       
  --------------------------  ---------------
  DS (det_simulation)             8 (100.00%)
---------------------------------------------
Coverage                                     
  --------------------------                 
  test_coverage                      100.00% 
  fault_coverage                     100.00% 
  atpg_effectiveness                 100.00% 
---------------------------------------------
#test_patterns                            61 
  #basic_patterns                         27 
  #clock_sequential_patterns              34 
#simulated_patterns                       61 
CPU_time (secs)                          1.5 
---------------------------------------------


  report_statistics -Instance OAI2BB1X2
              Statistics Report              
               Stuck-at Faults               
---------------------------------------------
Fault Classes                     #faults    
                                  (total)    
----------------------------  ---------------
  FU (full)                          8       
  --------------------------  ---------------
  DS (det_simulation)             8 (100.00%)
---------------------------------------------
Coverage                                     
  --------------------------                 
  test_coverage                      100.00% 
  fault_coverage                     100.00% 
  atpg_effectiveness                 100.00% 
---------------------------------------------
#test_patterns                            61 
  #basic_patterns                         27 
  #clock_sequential_patterns              34 
#simulated_patterns                       61 
CPU_time (secs)                          1.5 
---------------------------------------------


  report_statistics -Instance OAI2BB1X4
              Statistics Report              
               Stuck-at Faults               
---------------------------------------------
Fault Classes                     #faults    
                                  (total)    
----------------------------  ---------------
  FU (full)                          8       
  --------------------------  ---------------
  DS (det_simulation)             8 (100.00%)
---------------------------------------------
Coverage                                     
  --------------------------                 
  test_coverage                      100.00% 
  fault_coverage                     100.00% 
  atpg_effectiveness                 100.00% 
---------------------------------------------
#test_patterns                            61 
  #basic_patterns                         27 
  #clock_sequential_patterns              34 
#simulated_patterns                       61 
CPU_time (secs)                          1.5 
---------------------------------------------


  report_statistics -Instance OAI2BB1XL
              Statistics Report              
               Stuck-at Faults               
---------------------------------------------
Fault Classes                     #faults    
                                  (total)    
----------------------------  ---------------
  FU (full)                          8       
  --------------------------  ---------------
  DS (det_simulation)             8 (100.00%)
---------------------------------------------
Coverage                                     
  --------------------------                 
  test_coverage                      100.00% 
  fault_coverage                     100.00% 
  atpg_effectiveness                 100.00% 
---------------------------------------------
#test_patterns                            61 
  #basic_patterns                         27 
  #clock_sequential_patterns              34 
#simulated_patterns                       61 
CPU_time (secs)                          1.5 
---------------------------------------------


  report_statistics -Instance OAI2BB2X1
              Statistics Report              
               Stuck-at Faults               
---------------------------------------------
Fault Classes                     #faults    
                                  (total)    
----------------------------  ---------------
  FU (full)                          10      
  --------------------------  ---------------
  DS (det_simulation)            10 (100.00%)
---------------------------------------------
Coverage                                     
  --------------------------                 
  test_coverage                      100.00% 
  fault_coverage                     100.00% 
  atpg_effectiveness                 100.00% 
---------------------------------------------
#test_patterns                            61 
  #basic_patterns                         27 
  #clock_sequential_patterns              34 
#simulated_patterns                       61 
CPU_time (secs)                          1.5 
---------------------------------------------


  report_statistics -Instance OAI2BB2X2
              Statistics Report              
               Stuck-at Faults               
---------------------------------------------
Fault Classes                     #faults    
                                  (total)    
----------------------------  ---------------
  FU (full)                          10      
  --------------------------  ---------------
  DS (det_simulation)            10 (100.00%)
---------------------------------------------
Coverage                                     
  --------------------------                 
  test_coverage                      100.00% 
  fault_coverage                     100.00% 
  atpg_effectiveness                 100.00% 
---------------------------------------------
#test_patterns                            61 
  #basic_patterns                         27 
  #clock_sequential_patterns              34 
#simulated_patterns                       61 
CPU_time (secs)                          1.5 
---------------------------------------------


  report_statistics -Instance OAI2BB2X4
              Statistics Report              
               Stuck-at Faults               
---------------------------------------------
Fault Classes                     #faults    
                                  (total)    
----------------------------  ---------------
  FU (full)                          10      
  --------------------------  ---------------
  DS (det_simulation)            10 (100.00%)
---------------------------------------------
Coverage                                     
  --------------------------                 
  test_coverage                      100.00% 
  fault_coverage                     100.00% 
  atpg_effectiveness                 100.00% 
---------------------------------------------
#test_patterns                            61 
  #basic_patterns                         27 
  #clock_sequential_patterns              34 
#simulated_patterns                       61 
CPU_time (secs)                          1.5 
---------------------------------------------


  report_statistics -Instance OAI2BB2XL
              Statistics Report              
               Stuck-at Faults               
---------------------------------------------
Fault Classes                     #faults    
                                  (total)    
----------------------------  ---------------
  FU (full)                          10      
  --------------------------  ---------------
  DS (det_simulation)            10 (100.00%)
---------------------------------------------
Coverage                                     
  --------------------------                 
  test_coverage                      100.00% 
  fault_coverage                     100.00% 
  atpg_effectiveness                 100.00% 
---------------------------------------------
#test_patterns                            61 
  #basic_patterns                         27 
  #clock_sequential_patterns              34 
#simulated_patterns                       61 
CPU_time (secs)                          1.5 
---------------------------------------------


  report_statistics -Instance OAI31X1
              Statistics Report              
               Stuck-at Faults               
---------------------------------------------
Fault Classes                     #faults    
                                  (total)    
----------------------------  ---------------
  FU (full)                          10      
  --------------------------  ---------------
  DS (det_simulation)            10 (100.00%)
---------------------------------------------
Coverage                                     
  --------------------------                 
  test_coverage                      100.00% 
  fault_coverage                     100.00% 
  atpg_effectiveness                 100.00% 
---------------------------------------------
#test_patterns                            61 
  #basic_patterns                         27 
  #clock_sequential_patterns              34 
#simulated_patterns                       61 
CPU_time (secs)                          1.5 
---------------------------------------------


  report_statistics -Instance OAI31X2
              Statistics Report              
               Stuck-at Faults               
---------------------------------------------
Fault Classes                     #faults    
                                  (total)    
----------------------------  ---------------
  FU (full)                          10      
  --------------------------  ---------------
  DS (det_simulation)            10 (100.00%)
---------------------------------------------
Coverage                                     
  --------------------------                 
  test_coverage                      100.00% 
  fault_coverage                     100.00% 
  atpg_effectiveness                 100.00% 
---------------------------------------------
#test_patterns                            61 
  #basic_patterns                         27 
  #clock_sequential_patterns              34 
#simulated_patterns                       61 
CPU_time (secs)                          1.5 
---------------------------------------------


  report_statistics -Instance OAI31X4
              Statistics Report              
               Stuck-at Faults               
---------------------------------------------
Fault Classes                     #faults    
                                  (total)    
----------------------------  ---------------
  FU (full)                          10      
  --------------------------  ---------------
  DS (det_simulation)            10 (100.00%)
---------------------------------------------
Coverage                                     
  --------------------------                 
  test_coverage                      100.00% 
  fault_coverage                     100.00% 
  atpg_effectiveness                 100.00% 
---------------------------------------------
#test_patterns                            61 
  #basic_patterns                         27 
  #clock_sequential_patterns              34 
#simulated_patterns                       61 
CPU_time (secs)                          1.5 
---------------------------------------------


  report_statistics -Instance OAI31XL
              Statistics Report              
               Stuck-at Faults               
---------------------------------------------
Fault Classes                     #faults    
                                  (total)    
----------------------------  ---------------
  FU (full)                          10      
  --------------------------  ---------------
  DS (det_simulation)            10 (100.00%)
---------------------------------------------
Coverage                                     
  --------------------------                 
  test_coverage                      100.00% 
  fault_coverage                     100.00% 
  atpg_effectiveness                 100.00% 
---------------------------------------------
#test_patterns                            61 
  #basic_patterns                         27 
  #clock_sequential_patterns              34 
#simulated_patterns                       61 
CPU_time (secs)                          1.5 
---------------------------------------------


  report_statistics -Instance OAI32X1
              Statistics Report              
               Stuck-at Faults               
---------------------------------------------
Fault Classes                     #faults    
                                  (total)    
----------------------------  ---------------
  FU (full)                          12      
  --------------------------  ---------------
  DS (det_simulation)            12 (100.00%)
---------------------------------------------
Coverage                                     
  --------------------------                 
  test_coverage                      100.00% 
  fault_coverage                     100.00% 
  atpg_effectiveness                 100.00% 
---------------------------------------------
#test_patterns                            61 
  #basic_patterns                         27 
  #clock_sequential_patterns              34 
#simulated_patterns                       61 
CPU_time (secs)                          1.5 
---------------------------------------------


  report_statistics -Instance OAI32X2
              Statistics Report              
               Stuck-at Faults               
---------------------------------------------
Fault Classes                     #faults    
                                  (total)    
----------------------------  ---------------
  FU (full)                          12      
  --------------------------  ---------------
  DS (det_simulation)            12 (100.00%)
---------------------------------------------
Coverage                                     
  --------------------------                 
  test_coverage                      100.00% 
  fault_coverage                     100.00% 
  atpg_effectiveness                 100.00% 
---------------------------------------------
#test_patterns                            61 
  #basic_patterns                         27 
  #clock_sequential_patterns              34 
#simulated_patterns                       61 
CPU_time (secs)                          1.5 
---------------------------------------------


  report_statistics -Instance OAI32X4
              Statistics Report              
               Stuck-at Faults               
---------------------------------------------
Fault Classes                     #faults    
                                  (total)    
----------------------------  ---------------
  FU (full)                          12      
  --------------------------  ---------------
  DS (det_simulation)            12 (100.00%)
---------------------------------------------
Coverage                                     
  --------------------------                 
  test_coverage                      100.00% 
  fault_coverage                     100.00% 
  atpg_effectiveness                 100.00% 
---------------------------------------------
#test_patterns                            61 
  #basic_patterns                         27 
  #clock_sequential_patterns              34 
#simulated_patterns                       61 
CPU_time (secs)                          1.5 
---------------------------------------------


  report_statistics -Instance OAI32XL
              Statistics Report              
               Stuck-at Faults               
---------------------------------------------
Fault Classes                     #faults    
                                  (total)    
----------------------------  ---------------
  FU (full)                          12      
  --------------------------  ---------------
  DS (det_simulation)            12 (100.00%)
---------------------------------------------
Coverage                                     
  --------------------------                 
  test_coverage                      100.00% 
  fault_coverage                     100.00% 
  atpg_effectiveness                 100.00% 
---------------------------------------------
#test_patterns                            61 
  #basic_patterns                         27 
  #clock_sequential_patterns              34 
#simulated_patterns                       61 
CPU_time (secs)                          1.5 
---------------------------------------------


  report_statistics -Instance OAI33X1
              Statistics Report              
               Stuck-at Faults               
---------------------------------------------
Fault Classes                     #faults    
                                  (total)    
----------------------------  ---------------
  FU (full)                          14      
  --------------------------  ---------------
  DS (det_simulation)            14 (100.00%)
---------------------------------------------
Coverage                                     
  --------------------------                 
  test_coverage                      100.00% 
  fault_coverage                     100.00% 
  atpg_effectiveness                 100.00% 
---------------------------------------------
#test_patterns                            61 
  #basic_patterns                         27 
  #clock_sequential_patterns              34 
#simulated_patterns                       61 
CPU_time (secs)                          1.5 
---------------------------------------------


  report_statistics -Instance OAI33X2
              Statistics Report              
               Stuck-at Faults               
---------------------------------------------
Fault Classes                     #faults    
                                  (total)    
----------------------------  ---------------
  FU (full)                          14      
  --------------------------  ---------------
  DS (det_simulation)            14 (100.00%)
---------------------------------------------
Coverage                                     
  --------------------------                 
  test_coverage                      100.00% 
  fault_coverage                     100.00% 
  atpg_effectiveness                 100.00% 
---------------------------------------------
#test_patterns                            61 
  #basic_patterns                         27 
  #clock_sequential_patterns              34 
#simulated_patterns                       61 
CPU_time (secs)                          1.5 
---------------------------------------------


  report_statistics -Instance OAI33X4
              Statistics Report              
               Stuck-at Faults               
---------------------------------------------
Fault Classes                     #faults    
                                  (total)    
----------------------------  ---------------
  FU (full)                          14      
  --------------------------  ---------------
  DS (det_simulation)            14 (100.00%)
---------------------------------------------
Coverage                                     
  --------------------------                 
  test_coverage                      100.00% 
  fault_coverage                     100.00% 
  atpg_effectiveness                 100.00% 
---------------------------------------------
#test_patterns                            61 
  #basic_patterns                         27 
  #clock_sequential_patterns              34 
#simulated_patterns                       61 
CPU_time (secs)                          1.5 
---------------------------------------------


  report_statistics -Instance OAI33XL
              Statistics Report              
               Stuck-at Faults               
---------------------------------------------
Fault Classes                     #faults    
                                  (total)    
----------------------------  ---------------
  FU (full)                          14      
  --------------------------  ---------------
  DS (det_simulation)            14 (100.00%)
---------------------------------------------
Coverage                                     
  --------------------------                 
  test_coverage                      100.00% 
  fault_coverage                     100.00% 
  atpg_effectiveness                 100.00% 
---------------------------------------------
#test_patterns                            61 
  #basic_patterns                         27 
  #clock_sequential_patterns              34 
#simulated_patterns                       61 
CPU_time (secs)                          1.5 
---------------------------------------------


  report_statistics -Instance OR2X1
              Statistics Report              
               Stuck-at Faults               
---------------------------------------------
Fault Classes                     #faults    
                                  (total)    
----------------------------  ---------------
  FU (full)                          6       
  --------------------------  ---------------
  DS (det_simulation)             6 (100.00%)
---------------------------------------------
Coverage                                     
  --------------------------                 
  test_coverage                      100.00% 
  fault_coverage                     100.00% 
  atpg_effectiveness                 100.00% 
---------------------------------------------
#test_patterns                            61 
  #basic_patterns                         27 
  #clock_sequential_patterns              34 
#simulated_patterns                       61 
CPU_time (secs)                          1.5 
---------------------------------------------


  report_statistics -Instance OR2X2
              Statistics Report              
               Stuck-at Faults               
---------------------------------------------
Fault Classes                     #faults    
                                  (total)    
----------------------------  ---------------
  FU (full)                          6       
  --------------------------  ---------------
  DS (det_simulation)             6 (100.00%)
---------------------------------------------
Coverage                                     
  --------------------------                 
  test_coverage                      100.00% 
  fault_coverage                     100.00% 
  atpg_effectiveness                 100.00% 
---------------------------------------------
#test_patterns                            61 
  #basic_patterns                         27 
  #clock_sequential_patterns              34 
#simulated_patterns                       61 
CPU_time (secs)                          1.5 
---------------------------------------------


  report_statistics -Instance OR2X4
              Statistics Report              
               Stuck-at Faults               
---------------------------------------------
Fault Classes                     #faults    
                                  (total)    
----------------------------  ---------------
  FU (full)                          6       
  --------------------------  ---------------
  DS (det_simulation)             6 (100.00%)
---------------------------------------------
Coverage                                     
  --------------------------                 
  test_coverage                      100.00% 
  fault_coverage                     100.00% 
  atpg_effectiveness                 100.00% 
---------------------------------------------
#test_patterns                            61 
  #basic_patterns                         27 
  #clock_sequential_patterns              34 
#simulated_patterns                       61 
CPU_time (secs)                          1.5 
---------------------------------------------


  report_statistics -Instance OR2X6
              Statistics Report              
               Stuck-at Faults               
---------------------------------------------
Fault Classes                     #faults    
                                  (total)    
----------------------------  ---------------
  FU (full)                          6       
  --------------------------  ---------------
  DS (det_simulation)             6 (100.00%)
---------------------------------------------
Coverage                                     
  --------------------------                 
  test_coverage                      100.00% 
  fault_coverage                     100.00% 
  atpg_effectiveness                 100.00% 
---------------------------------------------
#test_patterns                            61 
  #basic_patterns                         27 
  #clock_sequential_patterns              34 
#simulated_patterns                       61 
CPU_time (secs)                          1.5 
---------------------------------------------


  report_statistics -Instance OR2X8
              Statistics Report              
               Stuck-at Faults               
---------------------------------------------
Fault Classes                     #faults    
                                  (total)    
----------------------------  ---------------
  FU (full)                          6       
  --------------------------  ---------------
  DS (det_simulation)             6 (100.00%)
---------------------------------------------
Coverage                                     
  --------------------------                 
  test_coverage                      100.00% 
  fault_coverage                     100.00% 
  atpg_effectiveness                 100.00% 
---------------------------------------------
#test_patterns                            61 
  #basic_patterns                         27 
  #clock_sequential_patterns              34 
#simulated_patterns                       61 
CPU_time (secs)                          1.5 
---------------------------------------------


  report_statistics -Instance OR2XL
              Statistics Report              
               Stuck-at Faults               
---------------------------------------------
Fault Classes                     #faults    
                                  (total)    
----------------------------  ---------------
  FU (full)                          6       
  --------------------------  ---------------
  DS (det_simulation)             6 (100.00%)
---------------------------------------------
Coverage                                     
  --------------------------                 
  test_coverage                      100.00% 
  fault_coverage                     100.00% 
  atpg_effectiveness                 100.00% 
---------------------------------------------
#test_patterns                            61 
  #basic_patterns                         27 
  #clock_sequential_patterns              34 
#simulated_patterns                       61 
CPU_time (secs)                          1.5 
---------------------------------------------


  report_statistics -Instance OR3X1
              Statistics Report              
               Stuck-at Faults               
---------------------------------------------
Fault Classes                     #faults    
                                  (total)    
----------------------------  ---------------
  FU (full)                          8       
  --------------------------  ---------------
  DS (det_simulation)             8 (100.00%)
---------------------------------------------
Coverage                                     
  --------------------------                 
  test_coverage                      100.00% 
  fault_coverage                     100.00% 
  atpg_effectiveness                 100.00% 
---------------------------------------------
#test_patterns                            61 
  #basic_patterns                         27 
  #clock_sequential_patterns              34 
#simulated_patterns                       61 
CPU_time (secs)                          1.5 
---------------------------------------------


  report_statistics -Instance OR3X2
              Statistics Report              
               Stuck-at Faults               
---------------------------------------------
Fault Classes                     #faults    
                                  (total)    
----------------------------  ---------------
  FU (full)                          8       
  --------------------------  ---------------
  DS (det_simulation)             8 (100.00%)
---------------------------------------------
Coverage                                     
  --------------------------                 
  test_coverage                      100.00% 
  fault_coverage                     100.00% 
  atpg_effectiveness                 100.00% 
---------------------------------------------
#test_patterns                            61 
  #basic_patterns                         27 
  #clock_sequential_patterns              34 
#simulated_patterns                       61 
CPU_time (secs)                          1.5 
---------------------------------------------


  report_statistics -Instance OR3X4
              Statistics Report              
               Stuck-at Faults               
---------------------------------------------
Fault Classes                     #faults    
                                  (total)    
----------------------------  ---------------
  FU (full)                          8       
  --------------------------  ---------------
  DS (det_simulation)             8 (100.00%)
---------------------------------------------
Coverage                                     
  --------------------------                 
  test_coverage                      100.00% 
  fault_coverage                     100.00% 
  atpg_effectiveness                 100.00% 
---------------------------------------------
#test_patterns                            61 
  #basic_patterns                         27 
  #clock_sequential_patterns              34 
#simulated_patterns                       61 
CPU_time (secs)                          1.5 
---------------------------------------------


  report_statistics -Instance OR3X6
              Statistics Report              
               Stuck-at Faults               
---------------------------------------------
Fault Classes                     #faults    
                                  (total)    
----------------------------  ---------------
  FU (full)                          8       
  --------------------------  ---------------
  DS (det_simulation)             8 (100.00%)
---------------------------------------------
Coverage                                     
  --------------------------                 
  test_coverage                      100.00% 
  fault_coverage                     100.00% 
  atpg_effectiveness                 100.00% 
---------------------------------------------
#test_patterns                            61 
  #basic_patterns                         27 
  #clock_sequential_patterns              34 
#simulated_patterns                       61 
CPU_time (secs)                          1.5 
---------------------------------------------


  report_statistics -Instance OR3X8
              Statistics Report              
               Stuck-at Faults               
---------------------------------------------
Fault Classes                     #faults    
                                  (total)    
----------------------------  ---------------
  FU (full)                          8       
  --------------------------  ---------------
  DS (det_simulation)             8 (100.00%)
---------------------------------------------
Coverage                                     
  --------------------------                 
  test_coverage                      100.00% 
  fault_coverage                     100.00% 
  atpg_effectiveness                 100.00% 
---------------------------------------------
#test_patterns                            61 
  #basic_patterns                         27 
  #clock_sequential_patterns              34 
#simulated_patterns                       61 
CPU_time (secs)                          1.5 
---------------------------------------------


  report_statistics -Instance OR3XL
              Statistics Report              
               Stuck-at Faults               
---------------------------------------------
Fault Classes                     #faults    
                                  (total)    
----------------------------  ---------------
  FU (full)                          8       
  --------------------------  ---------------
  DS (det_simulation)             8 (100.00%)
---------------------------------------------
Coverage                                     
  --------------------------                 
  test_coverage                      100.00% 
  fault_coverage                     100.00% 
  atpg_effectiveness                 100.00% 
---------------------------------------------
#test_patterns                            61 
  #basic_patterns                         27 
  #clock_sequential_patterns              34 
#simulated_patterns                       61 
CPU_time (secs)                          1.5 
---------------------------------------------


  report_statistics -Instance OR4X1
              Statistics Report              
               Stuck-at Faults               
---------------------------------------------
Fault Classes                     #faults    
                                  (total)    
----------------------------  ---------------
  FU (full)                          10      
  --------------------------  ---------------
  DS (det_simulation)            10 (100.00%)
---------------------------------------------
Coverage                                     
  --------------------------                 
  test_coverage                      100.00% 
  fault_coverage                     100.00% 
  atpg_effectiveness                 100.00% 
---------------------------------------------
#test_patterns                            61 
  #basic_patterns                         27 
  #clock_sequential_patterns              34 
#simulated_patterns                       61 
CPU_time (secs)                          1.5 
---------------------------------------------


  report_statistics -Instance OR4X2
              Statistics Report              
               Stuck-at Faults               
---------------------------------------------
Fault Classes                     #faults    
                                  (total)    
----------------------------  ---------------
  FU (full)                          10      
  --------------------------  ---------------
  DS (det_simulation)            10 (100.00%)
---------------------------------------------
Coverage                                     
  --------------------------                 
  test_coverage                      100.00% 
  fault_coverage                     100.00% 
  atpg_effectiveness                 100.00% 
---------------------------------------------
#test_patterns                            61 
  #basic_patterns                         27 
  #clock_sequential_patterns              34 
#simulated_patterns                       61 
CPU_time (secs)                          1.5 
---------------------------------------------


  report_statistics -Instance OR4X4
              Statistics Report              
               Stuck-at Faults               
---------------------------------------------
Fault Classes                     #faults    
                                  (total)    
----------------------------  ---------------
  FU (full)                          10      
  --------------------------  ---------------
  DS (det_simulation)            10 (100.00%)
---------------------------------------------
Coverage                                     
  --------------------------                 
  test_coverage                      100.00% 
  fault_coverage                     100.00% 
  atpg_effectiveness                 100.00% 
---------------------------------------------
#test_patterns                            61 
  #basic_patterns                         27 
  #clock_sequential_patterns              34 
#simulated_patterns                       61 
CPU_time (secs)                          1.5 
---------------------------------------------


  report_statistics -Instance OR4X6
              Statistics Report              
               Stuck-at Faults               
---------------------------------------------
Fault Classes                     #faults    
                                  (total)    
----------------------------  ---------------
  FU (full)                          10      
  --------------------------  ---------------
  DS (det_simulation)            10 (100.00%)
---------------------------------------------
Coverage                                     
  --------------------------                 
  test_coverage                      100.00% 
  fault_coverage                     100.00% 
  atpg_effectiveness                 100.00% 
---------------------------------------------
#test_patterns                            61 
  #basic_patterns                         27 
  #clock_sequential_patterns              34 
#simulated_patterns                       61 
CPU_time (secs)                          1.5 
---------------------------------------------


  report_statistics -Instance OR4X8
              Statistics Report              
               Stuck-at Faults               
---------------------------------------------
Fault Classes                     #faults    
                                  (total)    
----------------------------  ---------------
  FU (full)                          10      
  --------------------------  ---------------
  DS (det_simulation)            10 (100.00%)
---------------------------------------------
Coverage                                     
  --------------------------                 
  test_coverage                      100.00% 
  fault_coverage                     100.00% 
  atpg_effectiveness                 100.00% 
---------------------------------------------
#test_patterns                            61 
  #basic_patterns                         27 
  #clock_sequential_patterns              34 
#simulated_patterns                       61 
CPU_time (secs)                          1.5 
---------------------------------------------


  report_statistics -Instance OR4XL
              Statistics Report              
               Stuck-at Faults               
---------------------------------------------
Fault Classes                     #faults    
                                  (total)    
----------------------------  ---------------
  FU (full)                          10      
  --------------------------  ---------------
  DS (det_simulation)            10 (100.00%)
---------------------------------------------
Coverage                                     
  --------------------------                 
  test_coverage                      100.00% 
  fault_coverage                     100.00% 
  atpg_effectiveness                 100.00% 
---------------------------------------------
#test_patterns                            61 
  #basic_patterns                         27 
  #clock_sequential_patterns              34 
#simulated_patterns                       61 
CPU_time (secs)                          1.5 
---------------------------------------------


  report_statistics -Instance SDFFHQX1
              Statistics Report              
               Stuck-at Faults               
---------------------------------------------
Fault Classes                     #faults    
                                  (total)    
----------------------------  ---------------
  FU (full)                          8       
  --------------------------  ---------------
  DS (det_simulation)             8 (100.00%)
---------------------------------------------
Coverage                                     
  --------------------------                 
  test_coverage                      100.00% 
  fault_coverage                     100.00% 
  atpg_effectiveness                 100.00% 
---------------------------------------------
#test_patterns                            61 
  #basic_patterns                         27 
  #clock_sequential_patterns              34 
#simulated_patterns                       61 
CPU_time (secs)                          1.5 
---------------------------------------------


  report_statistics -Instance SDFFHQX2
              Statistics Report              
               Stuck-at Faults               
---------------------------------------------
Fault Classes                     #faults    
                                  (total)    
----------------------------  ---------------
  FU (full)                          8       
  --------------------------  ---------------
  DS (det_simulation)             8 (100.00%)
---------------------------------------------
Coverage                                     
  --------------------------                 
  test_coverage                      100.00% 
  fault_coverage                     100.00% 
  atpg_effectiveness                 100.00% 
---------------------------------------------
#test_patterns                            61 
  #basic_patterns                         27 
  #clock_sequential_patterns              34 
#simulated_patterns                       61 
CPU_time (secs)                          1.5 
---------------------------------------------


  report_statistics -Instance SDFFHQX4
              Statistics Report              
               Stuck-at Faults               
---------------------------------------------
Fault Classes                     #faults    
                                  (total)    
----------------------------  ---------------
  FU (full)                          8       
  --------------------------  ---------------
  DS (det_simulation)             8 (100.00%)
---------------------------------------------
Coverage                                     
  --------------------------                 
  test_coverage                      100.00% 
  fault_coverage                     100.00% 
  atpg_effectiveness                 100.00% 
---------------------------------------------
#test_patterns                            61 
  #basic_patterns                         27 
  #clock_sequential_patterns              34 
#simulated_patterns                       61 
CPU_time (secs)                          1.5 
---------------------------------------------


  report_statistics -Instance SDFFHQX8
              Statistics Report              
               Stuck-at Faults               
---------------------------------------------
Fault Classes                     #faults    
                                  (total)    
----------------------------  ---------------
  FU (full)                          8       
  --------------------------  ---------------
  DS (det_simulation)             8 (100.00%)
---------------------------------------------
Coverage                                     
  --------------------------                 
  test_coverage                      100.00% 
  fault_coverage                     100.00% 
  atpg_effectiveness                 100.00% 
---------------------------------------------
#test_patterns                            61 
  #basic_patterns                         27 
  #clock_sequential_patterns              34 
#simulated_patterns                       61 
CPU_time (secs)                          1.5 
---------------------------------------------


  report_statistics -Instance SDFFNSRX1
              Statistics Report              
               Stuck-at Faults               
---------------------------------------------
Fault Classes                     #faults    
                                  (total)    
----------------------------  ---------------
  FU (full)                          12      
  --------------------------  ---------------
  DS (det_simulation)            12 (100.00%)
---------------------------------------------
Coverage                                     
  --------------------------                 
  test_coverage                      100.00% 
  fault_coverage                     100.00% 
  atpg_effectiveness                 100.00% 
---------------------------------------------
#test_patterns                            61 
  #basic_patterns                         27 
  #clock_sequential_patterns              34 
#simulated_patterns                       61 
CPU_time (secs)                          1.5 
---------------------------------------------


  report_statistics -Instance SDFFNSRX2
              Statistics Report              
               Stuck-at Faults               
---------------------------------------------
Fault Classes                     #faults    
                                  (total)    
----------------------------  ---------------
  FU (full)                          12      
  --------------------------  ---------------
  DS (det_simulation)            12 (100.00%)
---------------------------------------------
Coverage                                     
  --------------------------                 
  test_coverage                      100.00% 
  fault_coverage                     100.00% 
  atpg_effectiveness                 100.00% 
---------------------------------------------
#test_patterns                            61 
  #basic_patterns                         27 
  #clock_sequential_patterns              34 
#simulated_patterns                       61 
CPU_time (secs)                          1.5 
---------------------------------------------


  report_statistics -Instance SDFFNSRX4
              Statistics Report              
               Stuck-at Faults               
---------------------------------------------
Fault Classes                     #faults    
                                  (total)    
----------------------------  ---------------
  FU (full)                          12      
  --------------------------  ---------------
  DS (det_simulation)            12 (100.00%)
---------------------------------------------
Coverage                                     
  --------------------------                 
  test_coverage                      100.00% 
  fault_coverage                     100.00% 
  atpg_effectiveness                 100.00% 
---------------------------------------------
#test_patterns                            61 
  #basic_patterns                         27 
  #clock_sequential_patterns              34 
#simulated_patterns                       61 
CPU_time (secs)                          1.5 
---------------------------------------------


  report_statistics -Instance SDFFNSRXL
              Statistics Report              
               Stuck-at Faults               
---------------------------------------------
Fault Classes                     #faults    
                                  (total)    
----------------------------  ---------------
  FU (full)                          12      
  --------------------------  ---------------
  DS (det_simulation)            12 (100.00%)
---------------------------------------------
Coverage                                     
  --------------------------                 
  test_coverage                      100.00% 
  fault_coverage                     100.00% 
  atpg_effectiveness                 100.00% 
---------------------------------------------
#test_patterns                            61 
  #basic_patterns                         27 
  #clock_sequential_patterns              34 
#simulated_patterns                       61 
CPU_time (secs)                          1.5 
---------------------------------------------


  report_statistics -Instance SDFFQX1
              Statistics Report              
               Stuck-at Faults               
---------------------------------------------
Fault Classes                     #faults    
                                  (total)    
----------------------------  ---------------
  FU (full)                          8       
  --------------------------  ---------------
  DS (det_simulation)             8 (100.00%)
---------------------------------------------
Coverage                                     
  --------------------------                 
  test_coverage                      100.00% 
  fault_coverage                     100.00% 
  atpg_effectiveness                 100.00% 
---------------------------------------------
#test_patterns                            61 
  #basic_patterns                         27 
  #clock_sequential_patterns              34 
#simulated_patterns                       61 
CPU_time (secs)                          1.5 
---------------------------------------------


  report_statistics -Instance SDFFQX2
              Statistics Report              
               Stuck-at Faults               
---------------------------------------------
Fault Classes                     #faults    
                                  (total)    
----------------------------  ---------------
  FU (full)                          8       
  --------------------------  ---------------
  DS (det_simulation)             8 (100.00%)
---------------------------------------------
Coverage                                     
  --------------------------                 
  test_coverage                      100.00% 
  fault_coverage                     100.00% 
  atpg_effectiveness                 100.00% 
---------------------------------------------
#test_patterns                            61 
  #basic_patterns                         27 
  #clock_sequential_patterns              34 
#simulated_patterns                       61 
CPU_time (secs)                          1.5 
---------------------------------------------


  report_statistics -Instance SDFFQX4
              Statistics Report              
               Stuck-at Faults               
---------------------------------------------
Fault Classes                     #faults    
                                  (total)    
----------------------------  ---------------
  FU (full)                          8       
  --------------------------  ---------------
  DS (det_simulation)             8 (100.00%)
---------------------------------------------
Coverage                                     
  --------------------------                 
  test_coverage                      100.00% 
  fault_coverage                     100.00% 
  atpg_effectiveness                 100.00% 
---------------------------------------------
#test_patterns                            61 
  #basic_patterns                         27 
  #clock_sequential_patterns              34 
#simulated_patterns                       61 
CPU_time (secs)                          1.5 
---------------------------------------------


  report_statistics -Instance SDFFQXL
              Statistics Report              
               Stuck-at Faults               
---------------------------------------------
Fault Classes                     #faults    
                                  (total)    
----------------------------  ---------------
  FU (full)                          8       
  --------------------------  ---------------
  DS (det_simulation)             8 (100.00%)
---------------------------------------------
Coverage                                     
  --------------------------                 
  test_coverage                      100.00% 
  fault_coverage                     100.00% 
  atpg_effectiveness                 100.00% 
---------------------------------------------
#test_patterns                            61 
  #basic_patterns                         27 
  #clock_sequential_patterns              34 
#simulated_patterns                       61 
CPU_time (secs)                          1.5 
---------------------------------------------


  report_statistics -Instance SDFFRHQX1
              Statistics Report              
               Stuck-at Faults               
---------------------------------------------
Fault Classes                     #faults    
                                  (total)    
----------------------------  ---------------
  FU (full)                          10      
  --------------------------  ---------------
  DS (det_simulation)            10 (100.00%)
---------------------------------------------
Coverage                                     
  --------------------------                 
  test_coverage                      100.00% 
  fault_coverage                     100.00% 
  atpg_effectiveness                 100.00% 
---------------------------------------------
#test_patterns                            61 
  #basic_patterns                         27 
  #clock_sequential_patterns              34 
#simulated_patterns                       61 
CPU_time (secs)                          1.5 
---------------------------------------------


  report_statistics -Instance SDFFRHQX2
              Statistics Report              
               Stuck-at Faults               
---------------------------------------------
Fault Classes                     #faults    
                                  (total)    
----------------------------  ---------------
  FU (full)                          10      
  --------------------------  ---------------
  DS (det_simulation)            10 (100.00%)
---------------------------------------------
Coverage                                     
  --------------------------                 
  test_coverage                      100.00% 
  fault_coverage                     100.00% 
  atpg_effectiveness                 100.00% 
---------------------------------------------
#test_patterns                            61 
  #basic_patterns                         27 
  #clock_sequential_patterns              34 
#simulated_patterns                       61 
CPU_time (secs)                          1.5 
---------------------------------------------


  report_statistics -Instance SDFFRHQX4
              Statistics Report              
               Stuck-at Faults               
---------------------------------------------
Fault Classes                     #faults    
                                  (total)    
----------------------------  ---------------
  FU (full)                          10      
  --------------------------  ---------------
  DS (det_simulation)            10 (100.00%)
---------------------------------------------
Coverage                                     
  --------------------------                 
  test_coverage                      100.00% 
  fault_coverage                     100.00% 
  atpg_effectiveness                 100.00% 
---------------------------------------------
#test_patterns                            61 
  #basic_patterns                         27 
  #clock_sequential_patterns              34 
#simulated_patterns                       61 
CPU_time (secs)                          1.5 
---------------------------------------------


  report_statistics -Instance SDFFRHQX8
              Statistics Report              
               Stuck-at Faults               
---------------------------------------------
Fault Classes                     #faults    
                                  (total)    
----------------------------  ---------------
  FU (full)                          10      
  --------------------------  ---------------
  DS (det_simulation)            10 (100.00%)
---------------------------------------------
Coverage                                     
  --------------------------                 
  test_coverage                      100.00% 
  fault_coverage                     100.00% 
  atpg_effectiveness                 100.00% 
---------------------------------------------
#test_patterns                            61 
  #basic_patterns                         27 
  #clock_sequential_patterns              34 
#simulated_patterns                       61 
CPU_time (secs)                          1.5 
---------------------------------------------


  report_statistics -Instance SDFFRX1
              Statistics Report              
               Stuck-at Faults               
---------------------------------------------
Fault Classes                     #faults    
                                  (total)    
----------------------------  ---------------
  FU (full)                          12      
  --------------------------  ---------------
  DS (det_simulation)            12 (100.00%)
---------------------------------------------
Coverage                                     
  --------------------------                 
  test_coverage                      100.00% 
  fault_coverage                     100.00% 
  atpg_effectiveness                 100.00% 
---------------------------------------------
#test_patterns                            61 
  #basic_patterns                         27 
  #clock_sequential_patterns              34 
#simulated_patterns                       61 
CPU_time (secs)                          1.5 
---------------------------------------------


  report_statistics -Instance SDFFRX2
              Statistics Report              
               Stuck-at Faults               
---------------------------------------------
Fault Classes                     #faults    
                                  (total)    
----------------------------  ---------------
  FU (full)                          12      
  --------------------------  ---------------
  DS (det_simulation)            12 (100.00%)
---------------------------------------------
Coverage                                     
  --------------------------                 
  test_coverage                      100.00% 
  fault_coverage                     100.00% 
  atpg_effectiveness                 100.00% 
---------------------------------------------
#test_patterns                            61 
  #basic_patterns                         27 
  #clock_sequential_patterns              34 
#simulated_patterns                       61 
CPU_time (secs)                          1.5 
---------------------------------------------


  report_statistics -Instance SDFFRX4
              Statistics Report              
               Stuck-at Faults               
---------------------------------------------
Fault Classes                     #faults    
                                  (total)    
----------------------------  ---------------
  FU (full)                          12      
  --------------------------  ---------------
  DS (det_simulation)            12 (100.00%)
---------------------------------------------
Coverage                                     
  --------------------------                 
  test_coverage                      100.00% 
  fault_coverage                     100.00% 
  atpg_effectiveness                 100.00% 
---------------------------------------------
#test_patterns                            61 
  #basic_patterns                         27 
  #clock_sequential_patterns              34 
#simulated_patterns                       61 
CPU_time (secs)                          1.5 
---------------------------------------------


  report_statistics -Instance SDFFRXL
              Statistics Report              
               Stuck-at Faults               
---------------------------------------------
Fault Classes                     #faults    
                                  (total)    
----------------------------  ---------------
  FU (full)                          12      
  --------------------------  ---------------
  DS (det_simulation)            12 (100.00%)
---------------------------------------------
Coverage                                     
  --------------------------                 
  test_coverage                      100.00% 
  fault_coverage                     100.00% 
  atpg_effectiveness                 100.00% 
---------------------------------------------
#test_patterns                            61 
  #basic_patterns                         27 
  #clock_sequential_patterns              34 
#simulated_patterns                       61 
CPU_time (secs)                          1.5 
---------------------------------------------


  report_statistics -Instance SDFFSHQX1
              Statistics Report              
               Stuck-at Faults               
---------------------------------------------
Fault Classes                     #faults    
                                  (total)    
----------------------------  ---------------
  FU (full)                          8       
  --------------------------  ---------------
  DS (det_simulation)             8 (100.00%)
---------------------------------------------
Coverage                                     
  --------------------------                 
  test_coverage                      100.00% 
  fault_coverage                     100.00% 
  atpg_effectiveness                 100.00% 
---------------------------------------------
#test_patterns                            61 
  #basic_patterns                         27 
  #clock_sequential_patterns              34 
#simulated_patterns                       61 
CPU_time (secs)                          1.5 
---------------------------------------------


  report_statistics -Instance SDFFSHQX2
              Statistics Report              
               Stuck-at Faults               
---------------------------------------------
Fault Classes                     #faults    
                                  (total)    
----------------------------  ---------------
  FU (full)                          8       
  --------------------------  ---------------
  DS (det_simulation)             8 (100.00%)
---------------------------------------------
Coverage                                     
  --------------------------                 
  test_coverage                      100.00% 
  fault_coverage                     100.00% 
  atpg_effectiveness                 100.00% 
---------------------------------------------
#test_patterns                            61 
  #basic_patterns                         27 
  #clock_sequential_patterns              34 
#simulated_patterns                       61 
CPU_time (secs)                          1.5 
---------------------------------------------


  report_statistics -Instance SDFFSHQX4
              Statistics Report              
               Stuck-at Faults               
---------------------------------------------
Fault Classes                     #faults    
                                  (total)    
----------------------------  ---------------
  FU (full)                          8       
  --------------------------  ---------------
  DS (det_simulation)             8 (100.00%)
---------------------------------------------
Coverage                                     
  --------------------------                 
  test_coverage                      100.00% 
  fault_coverage                     100.00% 
  atpg_effectiveness                 100.00% 
---------------------------------------------
#test_patterns                            61 
  #basic_patterns                         27 
  #clock_sequential_patterns              34 
#simulated_patterns                       61 
CPU_time (secs)                          1.5 
---------------------------------------------


  report_statistics -Instance SDFFSHQX8
              Statistics Report              
               Stuck-at Faults               
---------------------------------------------
Fault Classes                     #faults    
                                  (total)    
----------------------------  ---------------
  FU (full)                          8       
  --------------------------  ---------------
  DS (det_simulation)             8 (100.00%)
---------------------------------------------
Coverage                                     
  --------------------------                 
  test_coverage                      100.00% 
  fault_coverage                     100.00% 
  atpg_effectiveness                 100.00% 
---------------------------------------------
#test_patterns                            61 
  #basic_patterns                         27 
  #clock_sequential_patterns              34 
#simulated_patterns                       61 
CPU_time (secs)                          1.5 
---------------------------------------------


  report_statistics -Instance SDFFSRHQX1
              Statistics Report              
               Stuck-at Faults               
---------------------------------------------
Fault Classes                     #faults    
                                  (total)    
----------------------------  ---------------
  FU (full)                          10      
  --------------------------  ---------------
  DS (det_simulation)            10 (100.00%)
---------------------------------------------
Coverage                                     
  --------------------------                 
  test_coverage                      100.00% 
  fault_coverage                     100.00% 
  atpg_effectiveness                 100.00% 
---------------------------------------------
#test_patterns                            61 
  #basic_patterns                         27 
  #clock_sequential_patterns              34 
#simulated_patterns                       61 
CPU_time (secs)                          1.5 
---------------------------------------------


  report_statistics -Instance SDFFSRHQX2
              Statistics Report              
               Stuck-at Faults               
---------------------------------------------
Fault Classes                     #faults    
                                  (total)    
----------------------------  ---------------
  FU (full)                          10      
  --------------------------  ---------------
  DS (det_simulation)            10 (100.00%)
---------------------------------------------
Coverage                                     
  --------------------------                 
  test_coverage                      100.00% 
  fault_coverage                     100.00% 
  atpg_effectiveness                 100.00% 
---------------------------------------------
#test_patterns                            61 
  #basic_patterns                         27 
  #clock_sequential_patterns              34 
#simulated_patterns                       61 
CPU_time (secs)                          1.5 
---------------------------------------------


  report_statistics -Instance SDFFSRHQX4
              Statistics Report              
               Stuck-at Faults               
---------------------------------------------
Fault Classes                     #faults    
                                  (total)    
----------------------------  ---------------
  FU (full)                          10      
  --------------------------  ---------------
  DS (det_simulation)            10 (100.00%)
---------------------------------------------
Coverage                                     
  --------------------------                 
  test_coverage                      100.00% 
  fault_coverage                     100.00% 
  atpg_effectiveness                 100.00% 
---------------------------------------------
#test_patterns                            61 
  #basic_patterns                         27 
  #clock_sequential_patterns              34 
#simulated_patterns                       61 
CPU_time (secs)                          1.5 
---------------------------------------------


  report_statistics -Instance SDFFSRHQX8
              Statistics Report              
               Stuck-at Faults               
---------------------------------------------
Fault Classes                     #faults    
                                  (total)    
----------------------------  ---------------
  FU (full)                          10      
  --------------------------  ---------------
  DS (det_simulation)            10 (100.00%)
---------------------------------------------
Coverage                                     
  --------------------------                 
  test_coverage                      100.00% 
  fault_coverage                     100.00% 
  atpg_effectiveness                 100.00% 
---------------------------------------------
#test_patterns                            61 
  #basic_patterns                         27 
  #clock_sequential_patterns              34 
#simulated_patterns                       61 
CPU_time (secs)                          1.5 
---------------------------------------------


  report_statistics -Instance SDFFSRX1
              Statistics Report              
               Stuck-at Faults               
---------------------------------------------
Fault Classes                     #faults    
                                  (total)    
----------------------------  ---------------
  FU (full)                          12      
  --------------------------  ---------------
  DS (det_simulation)            12 (100.00%)
---------------------------------------------
Coverage                                     
  --------------------------                 
  test_coverage                      100.00% 
  fault_coverage                     100.00% 
  atpg_effectiveness                 100.00% 
---------------------------------------------
#test_patterns                            61 
  #basic_patterns                         27 
  #clock_sequential_patterns              34 
#simulated_patterns                       61 
CPU_time (secs)                          1.5 
---------------------------------------------


  report_statistics -Instance SDFFSRX2
              Statistics Report              
               Stuck-at Faults               
---------------------------------------------
Fault Classes                     #faults    
                                  (total)    
----------------------------  ---------------
  FU (full)                          12      
  --------------------------  ---------------
  DS (det_simulation)            12 (100.00%)
---------------------------------------------
Coverage                                     
  --------------------------                 
  test_coverage                      100.00% 
  fault_coverage                     100.00% 
  atpg_effectiveness                 100.00% 
---------------------------------------------
#test_patterns                            61 
  #basic_patterns                         27 
  #clock_sequential_patterns              34 
#simulated_patterns                       61 
CPU_time (secs)                          1.5 
---------------------------------------------


  report_statistics -Instance SDFFSRX4
              Statistics Report              
               Stuck-at Faults               
---------------------------------------------
Fault Classes                     #faults    
                                  (total)    
----------------------------  ---------------
  FU (full)                          12      
  --------------------------  ---------------
  DS (det_simulation)            12 (100.00%)
---------------------------------------------
Coverage                                     
  --------------------------                 
  test_coverage                      100.00% 
  fault_coverage                     100.00% 
  atpg_effectiveness                 100.00% 
---------------------------------------------
#test_patterns                            61 
  #basic_patterns                         27 
  #clock_sequential_patterns              34 
#simulated_patterns                       61 
CPU_time (secs)                          1.5 
---------------------------------------------


  report_statistics -Instance SDFFSRXL
              Statistics Report              
               Stuck-at Faults               
---------------------------------------------
Fault Classes                     #faults    
                                  (total)    
----------------------------  ---------------
  FU (full)                          12      
  --------------------------  ---------------
  DS (det_simulation)            12 (100.00%)
---------------------------------------------
Coverage                                     
  --------------------------                 
  test_coverage                      100.00% 
  fault_coverage                     100.00% 
  atpg_effectiveness                 100.00% 
---------------------------------------------
#test_patterns                            61 
  #basic_patterns                         27 
  #clock_sequential_patterns              34 
#simulated_patterns                       61 
CPU_time (secs)                          1.5 
---------------------------------------------


  report_statistics -Instance SDFFSX1
              Statistics Report              
               Stuck-at Faults               
---------------------------------------------
Fault Classes                     #faults    
                                  (total)    
----------------------------  ---------------
  FU (full)                          10      
  --------------------------  ---------------
  DS (det_simulation)            10 (100.00%)
---------------------------------------------
Coverage                                     
  --------------------------                 
  test_coverage                      100.00% 
  fault_coverage                     100.00% 
  atpg_effectiveness                 100.00% 
---------------------------------------------
#test_patterns                            61 
  #basic_patterns                         27 
  #clock_sequential_patterns              34 
#simulated_patterns                       61 
CPU_time (secs)                          1.5 
---------------------------------------------


  report_statistics -Instance SDFFSX2
              Statistics Report              
               Stuck-at Faults               
---------------------------------------------
Fault Classes                     #faults    
                                  (total)    
----------------------------  ---------------
  FU (full)                          10      
  --------------------------  ---------------
  DS (det_simulation)            10 (100.00%)
---------------------------------------------
Coverage                                     
  --------------------------                 
  test_coverage                      100.00% 
  fault_coverage                     100.00% 
  atpg_effectiveness                 100.00% 
---------------------------------------------
#test_patterns                            61 
  #basic_patterns                         27 
  #clock_sequential_patterns              34 
#simulated_patterns                       61 
CPU_time (secs)                          1.5 
---------------------------------------------


  report_statistics -Instance SDFFSX4
              Statistics Report              
               Stuck-at Faults               
---------------------------------------------
Fault Classes                     #faults    
                                  (total)    
----------------------------  ---------------
  FU (full)                          10      
  --------------------------  ---------------
  DS (det_simulation)            10 (100.00%)
---------------------------------------------
Coverage                                     
  --------------------------                 
  test_coverage                      100.00% 
  fault_coverage                     100.00% 
  atpg_effectiveness                 100.00% 
---------------------------------------------
#test_patterns                            61 
  #basic_patterns                         27 
  #clock_sequential_patterns              34 
#simulated_patterns                       61 
CPU_time (secs)                          1.5 
---------------------------------------------


  report_statistics -Instance SDFFSXL
              Statistics Report              
               Stuck-at Faults               
---------------------------------------------
Fault Classes                     #faults    
                                  (total)    
----------------------------  ---------------
  FU (full)                          10      
  --------------------------  ---------------
  DS (det_simulation)            10 (100.00%)
---------------------------------------------
Coverage                                     
  --------------------------                 
  test_coverage                      100.00% 
  fault_coverage                     100.00% 
  atpg_effectiveness                 100.00% 
---------------------------------------------
#test_patterns                            61 
  #basic_patterns                         27 
  #clock_sequential_patterns              34 
#simulated_patterns                       61 
CPU_time (secs)                          1.5 
---------------------------------------------


  report_statistics -Instance SDFFTRX1
              Statistics Report              
               Stuck-at Faults               
---------------------------------------------
Fault Classes                     #faults    
                                  (total)    
----------------------------  ---------------
  FU (full)                          12      
  --------------------------  ---------------
  DS (det_simulation)            12 (100.00%)
---------------------------------------------
Coverage                                     
  --------------------------                 
  test_coverage                      100.00% 
  fault_coverage                     100.00% 
  atpg_effectiveness                 100.00% 
---------------------------------------------
#test_patterns                            61 
  #basic_patterns                         27 
  #clock_sequential_patterns              34 
#simulated_patterns                       61 
CPU_time (secs)                          1.5 
---------------------------------------------


  report_statistics -Instance SDFFTRX2
              Statistics Report              
               Stuck-at Faults               
---------------------------------------------
Fault Classes                     #faults    
                                  (total)    
----------------------------  ---------------
  FU (full)                          12      
  --------------------------  ---------------
  DS (det_simulation)            12 (100.00%)
---------------------------------------------
Coverage                                     
  --------------------------                 
  test_coverage                      100.00% 
  fault_coverage                     100.00% 
  atpg_effectiveness                 100.00% 
---------------------------------------------
#test_patterns                            61 
  #basic_patterns                         27 
  #clock_sequential_patterns              34 
#simulated_patterns                       61 
CPU_time (secs)                          1.5 
---------------------------------------------


  report_statistics -Instance SDFFTRX4
              Statistics Report              
               Stuck-at Faults               
---------------------------------------------
Fault Classes                     #faults    
                                  (total)    
----------------------------  ---------------
  FU (full)                          12      
  --------------------------  ---------------
  DS (det_simulation)            12 (100.00%)
---------------------------------------------
Coverage                                     
  --------------------------                 
  test_coverage                      100.00% 
  fault_coverage                     100.00% 
  atpg_effectiveness                 100.00% 
---------------------------------------------
#test_patterns                            61 
  #basic_patterns                         27 
  #clock_sequential_patterns              34 
#simulated_patterns                       61 
CPU_time (secs)                          1.5 
---------------------------------------------


  report_statistics -Instance SDFFTRXL
              Statistics Report              
               Stuck-at Faults               
---------------------------------------------
Fault Classes                     #faults    
                                  (total)    
----------------------------  ---------------
  FU (full)                          12      
  --------------------------  ---------------
  DS (det_simulation)            12 (100.00%)
---------------------------------------------
Coverage                                     
  --------------------------                 
  test_coverage                      100.00% 
  fault_coverage                     100.00% 
  atpg_effectiveness                 100.00% 
---------------------------------------------
#test_patterns                            61 
  #basic_patterns                         27 
  #clock_sequential_patterns              34 
#simulated_patterns                       61 
CPU_time (secs)                          1.5 
---------------------------------------------


  report_statistics -Instance SDFFX1
              Statistics Report              
               Stuck-at Faults               
---------------------------------------------
Fault Classes                     #faults    
                                  (total)    
----------------------------  ---------------
  FU (full)                          10      
  --------------------------  ---------------
  DS (det_simulation)            10 (100.00%)
---------------------------------------------
Coverage                                     
  --------------------------                 
  test_coverage                      100.00% 
  fault_coverage                     100.00% 
  atpg_effectiveness                 100.00% 
---------------------------------------------
#test_patterns                            61 
  #basic_patterns                         27 
  #clock_sequential_patterns              34 
#simulated_patterns                       61 
CPU_time (secs)                          1.5 
---------------------------------------------


  report_statistics -Instance SDFFX2
              Statistics Report              
               Stuck-at Faults               
---------------------------------------------
Fault Classes                     #faults    
                                  (total)    
----------------------------  ---------------
  FU (full)                          10      
  --------------------------  ---------------
  DS (det_simulation)            10 (100.00%)
---------------------------------------------
Coverage                                     
  --------------------------                 
  test_coverage                      100.00% 
  fault_coverage                     100.00% 
  atpg_effectiveness                 100.00% 
---------------------------------------------
#test_patterns                            61 
  #basic_patterns                         27 
  #clock_sequential_patterns              34 
#simulated_patterns                       61 
CPU_time (secs)                          1.5 
---------------------------------------------


  report_statistics -Instance SDFFX4
              Statistics Report              
               Stuck-at Faults               
---------------------------------------------
Fault Classes                     #faults    
                                  (total)    
----------------------------  ---------------
  FU (full)                          10      
  --------------------------  ---------------
  DS (det_simulation)            10 (100.00%)
---------------------------------------------
Coverage                                     
  --------------------------                 
  test_coverage                      100.00% 
  fault_coverage                     100.00% 
  atpg_effectiveness                 100.00% 
---------------------------------------------
#test_patterns                            61 
  #basic_patterns                         27 
  #clock_sequential_patterns              34 
#simulated_patterns                       61 
CPU_time (secs)                          1.5 
---------------------------------------------


  report_statistics -Instance SDFFXL
              Statistics Report              
               Stuck-at Faults               
---------------------------------------------
Fault Classes                     #faults    
                                  (total)    
----------------------------  ---------------
  FU (full)                          10      
  --------------------------  ---------------
  DS (det_simulation)            10 (100.00%)
---------------------------------------------
Coverage                                     
  --------------------------                 
  test_coverage                      100.00% 
  fault_coverage                     100.00% 
  atpg_effectiveness                 100.00% 
---------------------------------------------
#test_patterns                            61 
  #basic_patterns                         27 
  #clock_sequential_patterns              34 
#simulated_patterns                       61 
CPU_time (secs)                          1.5 
---------------------------------------------


  report_statistics -Instance SEDFFHQX1
              Statistics Report              
               Stuck-at Faults               
---------------------------------------------
Fault Classes                     #faults    
                                  (total)    
----------------------------  ---------------
  FU (full)                          10      
  --------------------------  ---------------
  DS (det_simulation)            10 (100.00%)
---------------------------------------------
Coverage                                     
  --------------------------                 
  test_coverage                      100.00% 
  fault_coverage                     100.00% 
  atpg_effectiveness                 100.00% 
---------------------------------------------
#test_patterns                            61 
  #basic_patterns                         27 
  #clock_sequential_patterns              34 
#simulated_patterns                       61 
CPU_time (secs)                          1.5 
---------------------------------------------


  report_statistics -Instance SEDFFHQX2
              Statistics Report              
               Stuck-at Faults               
---------------------------------------------
Fault Classes                     #faults    
                                  (total)    
----------------------------  ---------------
  FU (full)                          10      
  --------------------------  ---------------
  DS (det_simulation)            10 (100.00%)
---------------------------------------------
Coverage                                     
  --------------------------                 
  test_coverage                      100.00% 
  fault_coverage                     100.00% 
  atpg_effectiveness                 100.00% 
---------------------------------------------
#test_patterns                            61 
  #basic_patterns                         27 
  #clock_sequential_patterns              34 
#simulated_patterns                       61 
CPU_time (secs)                          1.5 
---------------------------------------------


  report_statistics -Instance SEDFFHQX4
              Statistics Report              
               Stuck-at Faults               
---------------------------------------------
Fault Classes                     #faults    
                                  (total)    
----------------------------  ---------------
  FU (full)                          10      
  --------------------------  ---------------
  DS (det_simulation)            10 (100.00%)
---------------------------------------------
Coverage                                     
  --------------------------                 
  test_coverage                      100.00% 
  fault_coverage                     100.00% 
  atpg_effectiveness                 100.00% 
---------------------------------------------
#test_patterns                            61 
  #basic_patterns                         27 
  #clock_sequential_patterns              34 
#simulated_patterns                       61 
CPU_time (secs)                          1.5 
---------------------------------------------


  report_statistics -Instance SEDFFHQX8
              Statistics Report              
               Stuck-at Faults               
---------------------------------------------
Fault Classes                     #faults    
                                  (total)    
----------------------------  ---------------
  FU (full)                          10      
  --------------------------  ---------------
  DS (det_simulation)            10 (100.00%)
---------------------------------------------
Coverage                                     
  --------------------------                 
  test_coverage                      100.00% 
  fault_coverage                     100.00% 
  atpg_effectiveness                 100.00% 
---------------------------------------------
#test_patterns                            61 
  #basic_patterns                         27 
  #clock_sequential_patterns              34 
#simulated_patterns                       61 
CPU_time (secs)                          1.5 
---------------------------------------------


  report_statistics -Instance SEDFFTRX1
              Statistics Report              
               Stuck-at Faults               
---------------------------------------------
Fault Classes                     #faults    
                                  (total)    
----------------------------  ---------------
  FU (full)                          14      
  --------------------------  ---------------
  DS (det_simulation)            14 (100.00%)
---------------------------------------------
Coverage                                     
  --------------------------                 
  test_coverage                      100.00% 
  fault_coverage                     100.00% 
  atpg_effectiveness                 100.00% 
---------------------------------------------
#test_patterns                            61 
  #basic_patterns                         27 
  #clock_sequential_patterns              34 
#simulated_patterns                       61 
CPU_time (secs)                          1.5 
---------------------------------------------


  report_statistics -Instance SEDFFTRX2
              Statistics Report              
               Stuck-at Faults               
---------------------------------------------
Fault Classes                     #faults    
                                  (total)    
----------------------------  ---------------
  FU (full)                          14      
  --------------------------  ---------------
  DS (det_simulation)            14 (100.00%)
---------------------------------------------
Coverage                                     
  --------------------------                 
  test_coverage                      100.00% 
  fault_coverage                     100.00% 
  atpg_effectiveness                 100.00% 
---------------------------------------------
#test_patterns                            61 
  #basic_patterns                         27 
  #clock_sequential_patterns              34 
#simulated_patterns                       61 
CPU_time (secs)                          1.5 
---------------------------------------------


  report_statistics -Instance SEDFFTRX4
              Statistics Report              
               Stuck-at Faults               
---------------------------------------------
Fault Classes                     #faults    
                                  (total)    
----------------------------  ---------------
  FU (full)                          14      
  --------------------------  ---------------
  DS (det_simulation)            14 (100.00%)
---------------------------------------------
Coverage                                     
  --------------------------                 
  test_coverage                      100.00% 
  fault_coverage                     100.00% 
  atpg_effectiveness                 100.00% 
---------------------------------------------
#test_patterns                            61 
  #basic_patterns                         27 
  #clock_sequential_patterns              34 
#simulated_patterns                       61 
CPU_time (secs)                          1.5 
---------------------------------------------


  report_statistics -Instance SEDFFTRXL
              Statistics Report              
               Stuck-at Faults               
---------------------------------------------
Fault Classes                     #faults    
                                  (total)    
----------------------------  ---------------
  FU (full)                          14      
  --------------------------  ---------------
  DS (det_simulation)            14 (100.00%)
---------------------------------------------
Coverage                                     
  --------------------------                 
  test_coverage                      100.00% 
  fault_coverage                     100.00% 
  atpg_effectiveness                 100.00% 
---------------------------------------------
#test_patterns                            61 
  #basic_patterns                         27 
  #clock_sequential_patterns              34 
#simulated_patterns                       61 
CPU_time (secs)                          1.5 
---------------------------------------------


  report_statistics -Instance SEDFFX1
              Statistics Report              
               Stuck-at Faults               
---------------------------------------------
Fault Classes                     #faults    
                                  (total)    
----------------------------  ---------------
  FU (full)                          12      
  --------------------------  ---------------
  DS (det_simulation)            12 (100.00%)
---------------------------------------------
Coverage                                     
  --------------------------                 
  test_coverage                      100.00% 
  fault_coverage                     100.00% 
  atpg_effectiveness                 100.00% 
---------------------------------------------
#test_patterns                            61 
  #basic_patterns                         27 
  #clock_sequential_patterns              34 
#simulated_patterns                       61 
CPU_time (secs)                          1.5 
---------------------------------------------


  report_statistics -Instance SEDFFX2
              Statistics Report              
               Stuck-at Faults               
---------------------------------------------
Fault Classes                     #faults    
                                  (total)    
----------------------------  ---------------
  FU (full)                          12      
  --------------------------  ---------------
  DS (det_simulation)            12 (100.00%)
---------------------------------------------
Coverage                                     
  --------------------------                 
  test_coverage                      100.00% 
  fault_coverage                     100.00% 
  atpg_effectiveness                 100.00% 
---------------------------------------------
#test_patterns                            61 
  #basic_patterns                         27 
  #clock_sequential_patterns              34 
#simulated_patterns                       61 
CPU_time (secs)                          1.5 
---------------------------------------------


  report_statistics -Instance SEDFFX4
              Statistics Report              
               Stuck-at Faults               
---------------------------------------------
Fault Classes                     #faults    
                                  (total)    
----------------------------  ---------------
  FU (full)                          12      
  --------------------------  ---------------
  DS (det_simulation)            12 (100.00%)
---------------------------------------------
Coverage                                     
  --------------------------                 
  test_coverage                      100.00% 
  fault_coverage                     100.00% 
  atpg_effectiveness                 100.00% 
---------------------------------------------
#test_patterns                            61 
  #basic_patterns                         27 
  #clock_sequential_patterns              34 
#simulated_patterns                       61 
CPU_time (secs)                          1.5 
---------------------------------------------


  report_statistics -Instance SEDFFXL
              Statistics Report              
               Stuck-at Faults               
---------------------------------------------
Fault Classes                     #faults    
                                  (total)    
----------------------------  ---------------
  FU (full)                          12      
  --------------------------  ---------------
  DS (det_simulation)            12 (100.00%)
---------------------------------------------
Coverage                                     
  --------------------------                 
  test_coverage                      100.00% 
  fault_coverage                     100.00% 
  atpg_effectiveness                 100.00% 
---------------------------------------------
#test_patterns                            61 
  #basic_patterns                         27 
  #clock_sequential_patterns              34 
#simulated_patterns                       61 
CPU_time (secs)                          1.5 
---------------------------------------------


  report_statistics -Instance SMDFFHQX1
              Statistics Report              
               Stuck-at Faults               
---------------------------------------------
Fault Classes                     #faults    
                                  (total)    
----------------------------  ---------------
  FU (full)                          12      
  --------------------------  ---------------
  DS (det_simulation)            12 (100.00%)
---------------------------------------------
Coverage                                     
  --------------------------                 
  test_coverage                      100.00% 
  fault_coverage                     100.00% 
  atpg_effectiveness                 100.00% 
---------------------------------------------
#test_patterns                            61 
  #basic_patterns                         27 
  #clock_sequential_patterns              34 
#simulated_patterns                       61 
CPU_time (secs)                          1.5 
---------------------------------------------


  report_statistics -Instance SMDFFHQX2
              Statistics Report              
               Stuck-at Faults               
---------------------------------------------
Fault Classes                     #faults    
                                  (total)    
----------------------------  ---------------
  FU (full)                          12      
  --------------------------  ---------------
  DS (det_simulation)            12 (100.00%)
---------------------------------------------
Coverage                                     
  --------------------------                 
  test_coverage                      100.00% 
  fault_coverage                     100.00% 
  atpg_effectiveness                 100.00% 
---------------------------------------------
#test_patterns                            61 
  #basic_patterns                         27 
  #clock_sequential_patterns              34 
#simulated_patterns                       61 
CPU_time (secs)                          1.5 
---------------------------------------------


  report_statistics -Instance SMDFFHQX4
              Statistics Report              
               Stuck-at Faults               
---------------------------------------------
Fault Classes                     #faults    
                                  (total)    
----------------------------  ---------------
  FU (full)                          12      
  --------------------------  ---------------
  DS (det_simulation)            12 (100.00%)
---------------------------------------------
Coverage                                     
  --------------------------                 
  test_coverage                      100.00% 
  fault_coverage                     100.00% 
  atpg_effectiveness                 100.00% 
---------------------------------------------
#test_patterns                            61 
  #basic_patterns                         27 
  #clock_sequential_patterns              34 
#simulated_patterns                       61 
CPU_time (secs)                          1.5 
---------------------------------------------


  report_statistics -Instance SMDFFHQX8
              Statistics Report              
               Stuck-at Faults               
---------------------------------------------
Fault Classes                     #faults    
                                  (total)    
----------------------------  ---------------
  FU (full)                          12      
  --------------------------  ---------------
  DS (det_simulation)            12 (100.00%)
---------------------------------------------
Coverage                                     
  --------------------------                 
  test_coverage                      100.00% 
  fault_coverage                     100.00% 
  atpg_effectiveness                 100.00% 
---------------------------------------------
#test_patterns                            61 
  #basic_patterns                         27 
  #clock_sequential_patterns              34 
#simulated_patterns                       61 
CPU_time (secs)                          1.5 
---------------------------------------------


  report_statistics -Instance TBUFX1
              Statistics Report              
               Stuck-at Faults               
---------------------------------------------
Fault Classes                     #faults    
                                  (total)    
----------------------------  ---------------
  FU (full)                          6       
  --------------------------  ---------------
  DS (det_simulation)             6 (100.00%)
---------------------------------------------
Coverage                                     
  --------------------------                 
  test_coverage                      100.00% 
  fault_coverage                     100.00% 
  atpg_effectiveness                 100.00% 
---------------------------------------------
#test_patterns                            61 
  #basic_patterns                         27 
  #clock_sequential_patterns              34 
#simulated_patterns                       61 
CPU_time (secs)                          1.5 
---------------------------------------------


  report_statistics -Instance TBUFX12
              Statistics Report              
               Stuck-at Faults               
---------------------------------------------
Fault Classes                     #faults    
                                  (total)    
----------------------------  ---------------
  FU (full)                          6       
  --------------------------  ---------------
  DS (det_simulation)             6 (100.00%)
---------------------------------------------
Coverage                                     
  --------------------------                 
  test_coverage                      100.00% 
  fault_coverage                     100.00% 
  atpg_effectiveness                 100.00% 
---------------------------------------------
#test_patterns                            61 
  #basic_patterns                         27 
  #clock_sequential_patterns              34 
#simulated_patterns                       61 
CPU_time (secs)                          1.5 
---------------------------------------------


  report_statistics -Instance TBUFX16
              Statistics Report              
               Stuck-at Faults               
---------------------------------------------
Fault Classes                     #faults    
                                  (total)    
----------------------------  ---------------
  FU (full)                          6       
  --------------------------  ---------------
  DS (det_simulation)             6 (100.00%)
---------------------------------------------
Coverage                                     
  --------------------------                 
  test_coverage                      100.00% 
  fault_coverage                     100.00% 
  atpg_effectiveness                 100.00% 
---------------------------------------------
#test_patterns                            61 
  #basic_patterns                         27 
  #clock_sequential_patterns              34 
#simulated_patterns                       61 
CPU_time (secs)                          1.5 
---------------------------------------------


  report_statistics -Instance TBUFX2
              Statistics Report              
               Stuck-at Faults               
---------------------------------------------
Fault Classes                     #faults    
                                  (total)    
----------------------------  ---------------
  FU (full)                          6       
  --------------------------  ---------------
  DS (det_simulation)             6 (100.00%)
---------------------------------------------
Coverage                                     
  --------------------------                 
  test_coverage                      100.00% 
  fault_coverage                     100.00% 
  atpg_effectiveness                 100.00% 
---------------------------------------------
#test_patterns                            61 
  #basic_patterns                         27 
  #clock_sequential_patterns              34 
#simulated_patterns                       61 
CPU_time (secs)                          1.5 
---------------------------------------------


  report_statistics -Instance TBUFX20
              Statistics Report              
               Stuck-at Faults               
---------------------------------------------
Fault Classes                     #faults    
                                  (total)    
----------------------------  ---------------
  FU (full)                          6       
  --------------------------  ---------------
  DS (det_simulation)             6 (100.00%)
---------------------------------------------
Coverage                                     
  --------------------------                 
  test_coverage                      100.00% 
  fault_coverage                     100.00% 
  atpg_effectiveness                 100.00% 
---------------------------------------------
#test_patterns                            61 
  #basic_patterns                         27 
  #clock_sequential_patterns              34 
#simulated_patterns                       61 
CPU_time (secs)                          1.5 
---------------------------------------------


  report_statistics -Instance TBUFX3
              Statistics Report              
               Stuck-at Faults               
---------------------------------------------
Fault Classes                     #faults    
                                  (total)    
----------------------------  ---------------
  FU (full)                          6       
  --------------------------  ---------------
  DS (det_simulation)             6 (100.00%)
---------------------------------------------
Coverage                                     
  --------------------------                 
  test_coverage                      100.00% 
  fault_coverage                     100.00% 
  atpg_effectiveness                 100.00% 
---------------------------------------------
#test_patterns                            61 
  #basic_patterns                         27 
  #clock_sequential_patterns              34 
#simulated_patterns                       61 
CPU_time (secs)                          1.5 
---------------------------------------------


  report_statistics -Instance TBUFX4
              Statistics Report              
               Stuck-at Faults               
---------------------------------------------
Fault Classes                     #faults    
                                  (total)    
----------------------------  ---------------
  FU (full)                          6       
  --------------------------  ---------------
  DS (det_simulation)             6 (100.00%)
---------------------------------------------
Coverage                                     
  --------------------------                 
  test_coverage                      100.00% 
  fault_coverage                     100.00% 
  atpg_effectiveness                 100.00% 
---------------------------------------------
#test_patterns                            61 
  #basic_patterns                         27 
  #clock_sequential_patterns              34 
#simulated_patterns                       61 
CPU_time (secs)                          1.5 
---------------------------------------------


  report_statistics -Instance TBUFX6
              Statistics Report              
               Stuck-at Faults               
---------------------------------------------
Fault Classes                     #faults    
                                  (total)    
----------------------------  ---------------
  FU (full)                          6       
  --------------------------  ---------------
  DS (det_simulation)             6 (100.00%)
---------------------------------------------
Coverage                                     
  --------------------------                 
  test_coverage                      100.00% 
  fault_coverage                     100.00% 
  atpg_effectiveness                 100.00% 
---------------------------------------------
#test_patterns                            61 
  #basic_patterns                         27 
  #clock_sequential_patterns              34 
#simulated_patterns                       61 
CPU_time (secs)                          1.5 
---------------------------------------------


  report_statistics -Instance TBUFX8
              Statistics Report              
               Stuck-at Faults               
---------------------------------------------
Fault Classes                     #faults    
                                  (total)    
----------------------------  ---------------
  FU (full)                          6       
  --------------------------  ---------------
  DS (det_simulation)             6 (100.00%)
---------------------------------------------
Coverage                                     
  --------------------------                 
  test_coverage                      100.00% 
  fault_coverage                     100.00% 
  atpg_effectiveness                 100.00% 
---------------------------------------------
#test_patterns                            61 
  #basic_patterns                         27 
  #clock_sequential_patterns              34 
#simulated_patterns                       61 
CPU_time (secs)                          1.5 
---------------------------------------------


  report_statistics -Instance TBUFXL
              Statistics Report              
               Stuck-at Faults               
---------------------------------------------
Fault Classes                     #faults    
                                  (total)    
----------------------------  ---------------
  FU (full)                          6       
  --------------------------  ---------------
  DS (det_simulation)             6 (100.00%)
---------------------------------------------
Coverage                                     
  --------------------------                 
  test_coverage                      100.00% 
  fault_coverage                     100.00% 
  atpg_effectiveness                 100.00% 
---------------------------------------------
#test_patterns                            61 
  #basic_patterns                         27 
  #clock_sequential_patterns              34 
#simulated_patterns                       61 
CPU_time (secs)                          1.5 
---------------------------------------------


  report_statistics -Instance TIEHI
              Statistics Report              
               Stuck-at Faults               
---------------------------------------------
Fault Classes                     #faults    
                                  (total)    
----------------------------  ---------------
  FU (full)                          1       
  --------------------------  ---------------
  DS (det_simulation)             1 (100.00%)
---------------------------------------------
Coverage                                     
  --------------------------                 
  test_coverage                      100.00% 
  fault_coverage                     100.00% 
  atpg_effectiveness                 100.00% 
---------------------------------------------
#test_patterns                            61 
  #basic_patterns                         27 
  #clock_sequential_patterns              34 
#simulated_patterns                       61 
CPU_time (secs)                          1.5 
---------------------------------------------


  report_statistics -Instance TIELO
              Statistics Report              
               Stuck-at Faults               
---------------------------------------------
Fault Classes                     #faults    
                                  (total)    
----------------------------  ---------------
  FU (full)                          1       
  --------------------------  ---------------
  DS (det_simulation)             1 (100.00%)
---------------------------------------------
Coverage                                     
  --------------------------                 
  test_coverage                      100.00% 
  fault_coverage                     100.00% 
  atpg_effectiveness                 100.00% 
---------------------------------------------
#test_patterns                            61 
  #basic_patterns                         27 
  #clock_sequential_patterns              34 
#simulated_patterns                       61 
CPU_time (secs)                          1.5 
---------------------------------------------


  report_statistics -Instance TLATNCAX12
              Statistics Report              
               Stuck-at Faults               
---------------------------------------------
Fault Classes                     #faults    
                                  (total)    
----------------------------  ---------------
  FU (full)                          4       
  --------------------------  ---------------
  DS (det_simulation)             4 (100.00%)
---------------------------------------------
Coverage                                     
  --------------------------                 
  test_coverage                      100.00% 
  fault_coverage                     100.00% 
  atpg_effectiveness                 100.00% 
---------------------------------------------
#test_patterns                            61 
  #basic_patterns                         27 
  #clock_sequential_patterns              34 
#simulated_patterns                       61 
CPU_time (secs)                          1.5 
---------------------------------------------


  report_statistics -Instance TLATNCAX16
              Statistics Report              
               Stuck-at Faults               
---------------------------------------------
Fault Classes                     #faults    
                                  (total)    
----------------------------  ---------------
  FU (full)                          4       
  --------------------------  ---------------
  DS (det_simulation)             4 (100.00%)
---------------------------------------------
Coverage                                     
  --------------------------                 
  test_coverage                      100.00% 
  fault_coverage                     100.00% 
  atpg_effectiveness                 100.00% 
---------------------------------------------
#test_patterns                            61 
  #basic_patterns                         27 
  #clock_sequential_patterns              34 
#simulated_patterns                       61 
CPU_time (secs)                          1.5 
---------------------------------------------


  report_statistics -Instance TLATNCAX2
              Statistics Report              
               Stuck-at Faults               
---------------------------------------------
Fault Classes                     #faults    
                                  (total)    
----------------------------  ---------------
  FU (full)                          4       
  --------------------------  ---------------
  DS (det_simulation)             4 (100.00%)
---------------------------------------------
Coverage                                     
  --------------------------                 
  test_coverage                      100.00% 
  fault_coverage                     100.00% 
  atpg_effectiveness                 100.00% 
---------------------------------------------
#test_patterns                            61 
  #basic_patterns                         27 
  #clock_sequential_patterns              34 
#simulated_patterns                       61 
CPU_time (secs)                          1.5 
---------------------------------------------


  report_statistics -Instance TLATNCAX20
              Statistics Report              
               Stuck-at Faults               
---------------------------------------------
Fault Classes                     #faults    
                                  (total)    
----------------------------  ---------------
  FU (full)                          4       
  --------------------------  ---------------
  DS (det_simulation)             4 (100.00%)
---------------------------------------------
Coverage                                     
  --------------------------                 
  test_coverage                      100.00% 
  fault_coverage                     100.00% 
  atpg_effectiveness                 100.00% 
---------------------------------------------
#test_patterns                            61 
  #basic_patterns                         27 
  #clock_sequential_patterns              34 
#simulated_patterns                       61 
CPU_time (secs)                          1.5 
---------------------------------------------


  report_statistics -Instance TLATNCAX3
              Statistics Report              
               Stuck-at Faults               
---------------------------------------------
Fault Classes                     #faults    
                                  (total)    
----------------------------  ---------------
  FU (full)                          4       
  --------------------------  ---------------
  DS (det_simulation)             4 (100.00%)
---------------------------------------------
Coverage                                     
  --------------------------                 
  test_coverage                      100.00% 
  fault_coverage                     100.00% 
  atpg_effectiveness                 100.00% 
---------------------------------------------
#test_patterns                            61 
  #basic_patterns                         27 
  #clock_sequential_patterns              34 
#simulated_patterns                       61 
CPU_time (secs)                          1.5 
---------------------------------------------


  report_statistics -Instance TLATNCAX4
              Statistics Report              
               Stuck-at Faults               
---------------------------------------------
Fault Classes                     #faults    
                                  (total)    
----------------------------  ---------------
  FU (full)                          4       
  --------------------------  ---------------
  DS (det_simulation)             4 (100.00%)
---------------------------------------------
Coverage                                     
  --------------------------                 
  test_coverage                      100.00% 
  fault_coverage                     100.00% 
  atpg_effectiveness                 100.00% 
---------------------------------------------
#test_patterns                            61 
  #basic_patterns                         27 
  #clock_sequential_patterns              34 
#simulated_patterns                       61 
CPU_time (secs)                          1.5 
---------------------------------------------


  report_statistics -Instance TLATNCAX6
              Statistics Report              
               Stuck-at Faults               
---------------------------------------------
Fault Classes                     #faults    
                                  (total)    
----------------------------  ---------------
  FU (full)                          4       
  --------------------------  ---------------
  DS (det_simulation)             4 (100.00%)
---------------------------------------------
Coverage                                     
  --------------------------                 
  test_coverage                      100.00% 
  fault_coverage                     100.00% 
  atpg_effectiveness                 100.00% 
---------------------------------------------
#test_patterns                            61 
  #basic_patterns                         27 
  #clock_sequential_patterns              34 
#simulated_patterns                       61 
CPU_time (secs)                          1.5 
---------------------------------------------


  report_statistics -Instance TLATNCAX8
              Statistics Report              
               Stuck-at Faults               
---------------------------------------------
Fault Classes                     #faults    
                                  (total)    
----------------------------  ---------------
  FU (full)                          4       
  --------------------------  ---------------
  DS (det_simulation)             4 (100.00%)
---------------------------------------------
Coverage                                     
  --------------------------                 
  test_coverage                      100.00% 
  fault_coverage                     100.00% 
  atpg_effectiveness                 100.00% 
---------------------------------------------
#test_patterns                            61 
  #basic_patterns                         27 
  #clock_sequential_patterns              34 
#simulated_patterns                       61 
CPU_time (secs)                          1.5 
---------------------------------------------


  report_statistics -Instance TLATNSRX1
              Statistics Report              
               Stuck-at Faults               
---------------------------------------------
Fault Classes                     #faults    
                                  (total)    
----------------------------  ---------------
  FU (full)                          8       
  --------------------------  ---------------
  DS (det_simulation)             8 (100.00%)
---------------------------------------------
Coverage                                     
  --------------------------                 
  test_coverage                      100.00% 
  fault_coverage                     100.00% 
  atpg_effectiveness                 100.00% 
---------------------------------------------
#test_patterns                            61 
  #basic_patterns                         27 
  #clock_sequential_patterns              34 
#simulated_patterns                       61 
CPU_time (secs)                          1.5 
---------------------------------------------


  report_statistics -Instance TLATNSRX2
              Statistics Report              
               Stuck-at Faults               
---------------------------------------------
Fault Classes                     #faults    
                                  (total)    
----------------------------  ---------------
  FU (full)                          8       
  --------------------------  ---------------
  DS (det_simulation)             8 (100.00%)
---------------------------------------------
Coverage                                     
  --------------------------                 
  test_coverage                      100.00% 
  fault_coverage                     100.00% 
  atpg_effectiveness                 100.00% 
---------------------------------------------
#test_patterns                            61 
  #basic_patterns                         27 
  #clock_sequential_patterns              34 
#simulated_patterns                       61 
CPU_time (secs)                          1.5 
---------------------------------------------


  report_statistics -Instance TLATNSRX4
              Statistics Report              
               Stuck-at Faults               
---------------------------------------------
Fault Classes                     #faults    
                                  (total)    
----------------------------  ---------------
  FU (full)                          8       
  --------------------------  ---------------
  DS (det_simulation)             8 (100.00%)
---------------------------------------------
Coverage                                     
  --------------------------                 
  test_coverage                      100.00% 
  fault_coverage                     100.00% 
  atpg_effectiveness                 100.00% 
---------------------------------------------
#test_patterns                            61 
  #basic_patterns                         27 
  #clock_sequential_patterns              34 
#simulated_patterns                       61 
CPU_time (secs)                          1.5 
---------------------------------------------


  report_statistics -Instance TLATNSRXL
              Statistics Report              
               Stuck-at Faults               
---------------------------------------------
Fault Classes                     #faults    
                                  (total)    
----------------------------  ---------------
  FU (full)                          8       
  --------------------------  ---------------
  DS (det_simulation)             8 (100.00%)
---------------------------------------------
Coverage                                     
  --------------------------                 
  test_coverage                      100.00% 
  fault_coverage                     100.00% 
  atpg_effectiveness                 100.00% 
---------------------------------------------
#test_patterns                            61 
  #basic_patterns                         27 
  #clock_sequential_patterns              34 
#simulated_patterns                       61 
CPU_time (secs)                          1.5 
---------------------------------------------


  report_statistics -Instance TLATNTSCAX12
              Statistics Report              
               Stuck-at Faults               
---------------------------------------------
Fault Classes                     #faults    
                                  (total)    
----------------------------  ---------------
  FU (full)                          6       
  --------------------------  ---------------
  DS (det_simulation)             6 (100.00%)
---------------------------------------------
Coverage                                     
  --------------------------                 
  test_coverage                      100.00% 
  fault_coverage                     100.00% 
  atpg_effectiveness                 100.00% 
---------------------------------------------
#test_patterns                            61 
  #basic_patterns                         27 
  #clock_sequential_patterns              34 
#simulated_patterns                       61 
CPU_time (secs)                          1.5 
---------------------------------------------


  report_statistics -Instance TLATNTSCAX16
              Statistics Report              
               Stuck-at Faults               
---------------------------------------------
Fault Classes                     #faults    
                                  (total)    
----------------------------  ---------------
  FU (full)                          6       
  --------------------------  ---------------
  DS (det_simulation)             6 (100.00%)
---------------------------------------------
Coverage                                     
  --------------------------                 
  test_coverage                      100.00% 
  fault_coverage                     100.00% 
  atpg_effectiveness                 100.00% 
---------------------------------------------
#test_patterns                            61 
  #basic_patterns                         27 
  #clock_sequential_patterns              34 
#simulated_patterns                       61 
CPU_time (secs)                          1.5 
---------------------------------------------


  report_statistics -Instance TLATNTSCAX2
              Statistics Report              
               Stuck-at Faults               
---------------------------------------------
Fault Classes                     #faults    
                                  (total)    
----------------------------  ---------------
  FU (full)                          6       
  --------------------------  ---------------
  DS (det_simulation)             6 (100.00%)
---------------------------------------------
Coverage                                     
  --------------------------                 
  test_coverage                      100.00% 
  fault_coverage                     100.00% 
  atpg_effectiveness                 100.00% 
---------------------------------------------
#test_patterns                            61 
  #basic_patterns                         27 
  #clock_sequential_patterns              34 
#simulated_patterns                       61 
CPU_time (secs)                          1.5 
---------------------------------------------


  report_statistics -Instance TLATNTSCAX20
              Statistics Report              
               Stuck-at Faults               
---------------------------------------------
Fault Classes                     #faults    
                                  (total)    
----------------------------  ---------------
  FU (full)                          6       
  --------------------------  ---------------
  DS (det_simulation)             6 (100.00%)
---------------------------------------------
Coverage                                     
  --------------------------                 
  test_coverage                      100.00% 
  fault_coverage                     100.00% 
  atpg_effectiveness                 100.00% 
---------------------------------------------
#test_patterns                            61 
  #basic_patterns                         27 
  #clock_sequential_patterns              34 
#simulated_patterns                       61 
CPU_time (secs)                          1.5 
---------------------------------------------


  report_statistics -Instance TLATNTSCAX3
              Statistics Report              
               Stuck-at Faults               
---------------------------------------------
Fault Classes                     #faults    
                                  (total)    
----------------------------  ---------------
  FU (full)                          6       
  --------------------------  ---------------
  DS (det_simulation)             6 (100.00%)
---------------------------------------------
Coverage                                     
  --------------------------                 
  test_coverage                      100.00% 
  fault_coverage                     100.00% 
  atpg_effectiveness                 100.00% 
---------------------------------------------
#test_patterns                            61 
  #basic_patterns                         27 
  #clock_sequential_patterns              34 
#simulated_patterns                       61 
CPU_time (secs)                          1.5 
---------------------------------------------


  report_statistics -Instance TLATNTSCAX4
              Statistics Report              
               Stuck-at Faults               
---------------------------------------------
Fault Classes                     #faults    
                                  (total)    
----------------------------  ---------------
  FU (full)                          6       
  --------------------------  ---------------
  DS (det_simulation)             6 (100.00%)
---------------------------------------------
Coverage                                     
  --------------------------                 
  test_coverage                      100.00% 
  fault_coverage                     100.00% 
  atpg_effectiveness                 100.00% 
---------------------------------------------
#test_patterns                            61 
  #basic_patterns                         27 
  #clock_sequential_patterns              34 
#simulated_patterns                       61 
CPU_time (secs)                          1.5 
---------------------------------------------


  report_statistics -Instance TLATNTSCAX6
              Statistics Report              
               Stuck-at Faults               
---------------------------------------------
Fault Classes                     #faults    
                                  (total)    
----------------------------  ---------------
  FU (full)                          6       
  --------------------------  ---------------
  DS (det_simulation)             6 (100.00%)
---------------------------------------------
Coverage                                     
  --------------------------                 
  test_coverage                      100.00% 
  fault_coverage                     100.00% 
  atpg_effectiveness                 100.00% 
---------------------------------------------
#test_patterns                            61 
  #basic_patterns                         27 
  #clock_sequential_patterns              34 
#simulated_patterns                       61 
CPU_time (secs)                          1.5 
---------------------------------------------


  report_statistics -Instance TLATNTSCAX8
              Statistics Report              
               Stuck-at Faults               
---------------------------------------------
Fault Classes                     #faults    
                                  (total)    
----------------------------  ---------------
  FU (full)                          6       
  --------------------------  ---------------
  DS (det_simulation)             6 (100.00%)
---------------------------------------------
Coverage                                     
  --------------------------                 
  test_coverage                      100.00% 
  fault_coverage                     100.00% 
  atpg_effectiveness                 100.00% 
---------------------------------------------
#test_patterns                            61 
  #basic_patterns                         27 
  #clock_sequential_patterns              34 
#simulated_patterns                       61 
CPU_time (secs)                          1.5 
---------------------------------------------


  report_statistics -Instance TLATNX1
              Statistics Report              
               Stuck-at Faults               
---------------------------------------------
Fault Classes                     #faults    
                                  (total)    
----------------------------  ---------------
  FU (full)                          6       
  --------------------------  ---------------
  DS (det_simulation)             6 (100.00%)
---------------------------------------------
Coverage                                     
  --------------------------                 
  test_coverage                      100.00% 
  fault_coverage                     100.00% 
  atpg_effectiveness                 100.00% 
---------------------------------------------
#test_patterns                            61 
  #basic_patterns                         27 
  #clock_sequential_patterns              34 
#simulated_patterns                       61 
CPU_time (secs)                          1.5 
---------------------------------------------


  report_statistics -Instance TLATNX2
              Statistics Report              
               Stuck-at Faults               
---------------------------------------------
Fault Classes                     #faults    
                                  (total)    
----------------------------  ---------------
  FU (full)                          6       
  --------------------------  ---------------
  DS (det_simulation)             6 (100.00%)
---------------------------------------------
Coverage                                     
  --------------------------                 
  test_coverage                      100.00% 
  fault_coverage                     100.00% 
  atpg_effectiveness                 100.00% 
---------------------------------------------
#test_patterns                            61 
  #basic_patterns                         27 
  #clock_sequential_patterns              34 
#simulated_patterns                       61 
CPU_time (secs)                          1.5 
---------------------------------------------


  report_statistics -Instance TLATNX4
              Statistics Report              
               Stuck-at Faults               
---------------------------------------------
Fault Classes                     #faults    
                                  (total)    
----------------------------  ---------------
  FU (full)                          6       
  --------------------------  ---------------
  DS (det_simulation)             6 (100.00%)
---------------------------------------------
Coverage                                     
  --------------------------                 
  test_coverage                      100.00% 
  fault_coverage                     100.00% 
  atpg_effectiveness                 100.00% 
---------------------------------------------
#test_patterns                            61 
  #basic_patterns                         27 
  #clock_sequential_patterns              34 
#simulated_patterns                       61 
CPU_time (secs)                          1.5 
---------------------------------------------


  report_statistics -Instance TLATNXL
              Statistics Report              
               Stuck-at Faults               
---------------------------------------------
Fault Classes                     #faults    
                                  (total)    
----------------------------  ---------------
  FU (full)                          6       
  --------------------------  ---------------
  DS (det_simulation)             6 (100.00%)
---------------------------------------------
Coverage                                     
  --------------------------                 
  test_coverage                      100.00% 
  fault_coverage                     100.00% 
  atpg_effectiveness                 100.00% 
---------------------------------------------
#test_patterns                            61 
  #basic_patterns                         27 
  #clock_sequential_patterns              34 
#simulated_patterns                       61 
CPU_time (secs)                          1.5 
---------------------------------------------


  report_statistics -Instance TLATSRX1
              Statistics Report              
               Stuck-at Faults               
---------------------------------------------
Fault Classes                     #faults    
                                  (total)    
----------------------------  ---------------
  FU (full)                          8       
  --------------------------  ---------------
  DS (det_simulation)             8 (100.00%)
---------------------------------------------
Coverage                                     
  --------------------------                 
  test_coverage                      100.00% 
  fault_coverage                     100.00% 
  atpg_effectiveness                 100.00% 
---------------------------------------------
#test_patterns                            61 
  #basic_patterns                         27 
  #clock_sequential_patterns              34 
#simulated_patterns                       61 
CPU_time (secs)                          1.5 
---------------------------------------------


  report_statistics -Instance TLATSRX2
              Statistics Report              
               Stuck-at Faults               
---------------------------------------------
Fault Classes                     #faults    
                                  (total)    
----------------------------  ---------------
  FU (full)                          8       
  --------------------------  ---------------
  DS (det_simulation)             8 (100.00%)
---------------------------------------------
Coverage                                     
  --------------------------                 
  test_coverage                      100.00% 
  fault_coverage                     100.00% 
  atpg_effectiveness                 100.00% 
---------------------------------------------
#test_patterns                            61 
  #basic_patterns                         27 
  #clock_sequential_patterns              34 
#simulated_patterns                       61 
CPU_time (secs)                          1.5 
---------------------------------------------


  report_statistics -Instance TLATSRX4
              Statistics Report              
               Stuck-at Faults               
---------------------------------------------
Fault Classes                     #faults    
                                  (total)    
----------------------------  ---------------
  FU (full)                          8       
  --------------------------  ---------------
  DS (det_simulation)             8 (100.00%)
---------------------------------------------
Coverage                                     
  --------------------------                 
  test_coverage                      100.00% 
  fault_coverage                     100.00% 
  atpg_effectiveness                 100.00% 
---------------------------------------------
#test_patterns                            61 
  #basic_patterns                         27 
  #clock_sequential_patterns              34 
#simulated_patterns                       61 
CPU_time (secs)                          1.5 
---------------------------------------------


  report_statistics -Instance TLATSRXL
              Statistics Report              
               Stuck-at Faults               
---------------------------------------------
Fault Classes                     #faults    
                                  (total)    
----------------------------  ---------------
  FU (full)                          8       
  --------------------------  ---------------
  DS (det_simulation)             8 (100.00%)
---------------------------------------------
Coverage                                     
  --------------------------                 
  test_coverage                      100.00% 
  fault_coverage                     100.00% 
  atpg_effectiveness                 100.00% 
---------------------------------------------
#test_patterns                            61 
  #basic_patterns                         27 
  #clock_sequential_patterns              34 
#simulated_patterns                       61 
CPU_time (secs)                          1.5 
---------------------------------------------


  report_statistics -Instance TLATX1
              Statistics Report              
               Stuck-at Faults               
---------------------------------------------
Fault Classes                     #faults    
                                  (total)    
----------------------------  ---------------
  FU (full)                          6       
  --------------------------  ---------------
  DS (det_simulation)             6 (100.00%)
---------------------------------------------
Coverage                                     
  --------------------------                 
  test_coverage                      100.00% 
  fault_coverage                     100.00% 
  atpg_effectiveness                 100.00% 
---------------------------------------------
#test_patterns                            61 
  #basic_patterns                         27 
  #clock_sequential_patterns              34 
#simulated_patterns                       61 
CPU_time (secs)                          1.5 
---------------------------------------------


  report_statistics -Instance TLATX2
              Statistics Report              
               Stuck-at Faults               
---------------------------------------------
Fault Classes                     #faults    
                                  (total)    
----------------------------  ---------------
  FU (full)                          6       
  --------------------------  ---------------
  DS (det_simulation)             6 (100.00%)
---------------------------------------------
Coverage                                     
  --------------------------                 
  test_coverage                      100.00% 
  fault_coverage                     100.00% 
  atpg_effectiveness                 100.00% 
---------------------------------------------
#test_patterns                            61 
  #basic_patterns                         27 
  #clock_sequential_patterns              34 
#simulated_patterns                       61 
CPU_time (secs)                          1.5 
---------------------------------------------


  report_statistics -Instance TLATX4
              Statistics Report              
               Stuck-at Faults               
---------------------------------------------
Fault Classes                     #faults    
                                  (total)    
----------------------------  ---------------
  FU (full)                          6       
  --------------------------  ---------------
  DS (det_simulation)             6 (100.00%)
---------------------------------------------
Coverage                                     
  --------------------------                 
  test_coverage                      100.00% 
  fault_coverage                     100.00% 
  atpg_effectiveness                 100.00% 
---------------------------------------------
#test_patterns                            61 
  #basic_patterns                         27 
  #clock_sequential_patterns              34 
#simulated_patterns                       61 
CPU_time (secs)                          1.5 
---------------------------------------------


  report_statistics -Instance TLATXL
              Statistics Report              
               Stuck-at Faults               
---------------------------------------------
Fault Classes                     #faults    
                                  (total)    
----------------------------  ---------------
  FU (full)                          6       
  --------------------------  ---------------
  DS (det_simulation)             6 (100.00%)
---------------------------------------------
Coverage                                     
  --------------------------                 
  test_coverage                      100.00% 
  fault_coverage                     100.00% 
  atpg_effectiveness                 100.00% 
---------------------------------------------
#test_patterns                            61 
  #basic_patterns                         27 
  #clock_sequential_patterns              34 
#simulated_patterns                       61 
CPU_time (secs)                          1.5 
---------------------------------------------


  report_statistics -Instance XNOR2X1
              Statistics Report              
               Stuck-at Faults               
---------------------------------------------
Fault Classes                     #faults    
                                  (total)    
----------------------------  ---------------
  FU (full)                          6       
  --------------------------  ---------------
  DS (det_simulation)             6 (100.00%)
---------------------------------------------
Coverage                                     
  --------------------------                 
  test_coverage                      100.00% 
  fault_coverage                     100.00% 
  atpg_effectiveness                 100.00% 
---------------------------------------------
#test_patterns                            61 
  #basic_patterns                         27 
  #clock_sequential_patterns              34 
#simulated_patterns                       61 
CPU_time (secs)                          1.5 
---------------------------------------------


  report_statistics -Instance XNOR2X2
              Statistics Report              
               Stuck-at Faults               
---------------------------------------------
Fault Classes                     #faults    
                                  (total)    
----------------------------  ---------------
  FU (full)                          6       
  --------------------------  ---------------
  DS (det_simulation)             6 (100.00%)
---------------------------------------------
Coverage                                     
  --------------------------                 
  test_coverage                      100.00% 
  fault_coverage                     100.00% 
  atpg_effectiveness                 100.00% 
---------------------------------------------
#test_patterns                            61 
  #basic_patterns                         27 
  #clock_sequential_patterns              34 
#simulated_patterns                       61 
CPU_time (secs)                          1.5 
---------------------------------------------


  report_statistics -Instance XNOR2X4
              Statistics Report              
               Stuck-at Faults               
---------------------------------------------
Fault Classes                     #faults    
                                  (total)    
----------------------------  ---------------
  FU (full)                          6       
  --------------------------  ---------------
  DS (det_simulation)             6 (100.00%)
---------------------------------------------
Coverage                                     
  --------------------------                 
  test_coverage                      100.00% 
  fault_coverage                     100.00% 
  atpg_effectiveness                 100.00% 
---------------------------------------------
#test_patterns                            61 
  #basic_patterns                         27 
  #clock_sequential_patterns              34 
#simulated_patterns                       61 
CPU_time (secs)                          1.5 
---------------------------------------------


  report_statistics -Instance XNOR2XL
              Statistics Report              
               Stuck-at Faults               
---------------------------------------------
Fault Classes                     #faults    
                                  (total)    
----------------------------  ---------------
  FU (full)                          6       
  --------------------------  ---------------
  DS (det_simulation)             6 (100.00%)
---------------------------------------------
Coverage                                     
  --------------------------                 
  test_coverage                      100.00% 
  fault_coverage                     100.00% 
  atpg_effectiveness                 100.00% 
---------------------------------------------
#test_patterns                            61 
  #basic_patterns                         27 
  #clock_sequential_patterns              34 
#simulated_patterns                       61 
CPU_time (secs)                          1.5 
---------------------------------------------


  report_statistics -Instance XNOR3X1
              Statistics Report              
               Stuck-at Faults               
---------------------------------------------
Fault Classes                     #faults    
                                  (total)    
----------------------------  ---------------
  FU (full)                          8       
  --------------------------  ---------------
  DS (det_simulation)             8 (100.00%)
---------------------------------------------
Coverage                                     
  --------------------------                 
  test_coverage                      100.00% 
  fault_coverage                     100.00% 
  atpg_effectiveness                 100.00% 
---------------------------------------------
#test_patterns                            61 
  #basic_patterns                         27 
  #clock_sequential_patterns              34 
#simulated_patterns                       61 
CPU_time (secs)                          1.5 
---------------------------------------------


  report_statistics -Instance XNOR3XL
              Statistics Report              
               Stuck-at Faults               
---------------------------------------------
Fault Classes                     #faults    
                                  (total)    
----------------------------  ---------------
  FU (full)                          8       
  --------------------------  ---------------
  DS (det_simulation)             8 (100.00%)
---------------------------------------------
Coverage                                     
  --------------------------                 
  test_coverage                      100.00% 
  fault_coverage                     100.00% 
  atpg_effectiveness                 100.00% 
---------------------------------------------
#test_patterns                            61 
  #basic_patterns                         27 
  #clock_sequential_patterns              34 
#simulated_patterns                       61 
CPU_time (secs)                          1.5 
---------------------------------------------


  report_statistics -Instance XOR2X1
              Statistics Report              
               Stuck-at Faults               
---------------------------------------------
Fault Classes                     #faults    
                                  (total)    
----------------------------  ---------------
  FU (full)                          6       
  --------------------------  ---------------
  DS (det_simulation)             6 (100.00%)
---------------------------------------------
Coverage                                     
  --------------------------                 
  test_coverage                      100.00% 
  fault_coverage                     100.00% 
  atpg_effectiveness                 100.00% 
---------------------------------------------
#test_patterns                            61 
  #basic_patterns                         27 
  #clock_sequential_patterns              34 
#simulated_patterns                       61 
CPU_time (secs)                          1.5 
---------------------------------------------


  report_statistics -Instance XOR2X2
              Statistics Report              
               Stuck-at Faults               
---------------------------------------------
Fault Classes                     #faults    
                                  (total)    
----------------------------  ---------------
  FU (full)                          6       
  --------------------------  ---------------
  DS (det_simulation)             6 (100.00%)
---------------------------------------------
Coverage                                     
  --------------------------                 
  test_coverage                      100.00% 
  fault_coverage                     100.00% 
  atpg_effectiveness                 100.00% 
---------------------------------------------
#test_patterns                            61 
  #basic_patterns                         27 
  #clock_sequential_patterns              34 
#simulated_patterns                       61 
CPU_time (secs)                          1.5 
---------------------------------------------


  report_statistics -Instance XOR2X4
              Statistics Report              
               Stuck-at Faults               
---------------------------------------------
Fault Classes                     #faults    
                                  (total)    
----------------------------  ---------------
  FU (full)                          6       
  --------------------------  ---------------
  DS (det_simulation)             6 (100.00%)
---------------------------------------------
Coverage                                     
  --------------------------                 
  test_coverage                      100.00% 
  fault_coverage                     100.00% 
  atpg_effectiveness                 100.00% 
---------------------------------------------
#test_patterns                            61 
  #basic_patterns                         27 
  #clock_sequential_patterns              34 
#simulated_patterns                       61 
CPU_time (secs)                          1.5 
---------------------------------------------


  report_statistics -Instance XOR2XL
              Statistics Report              
               Stuck-at Faults               
---------------------------------------------
Fault Classes                     #faults    
                                  (total)    
----------------------------  ---------------
  FU (full)                          6       
  --------------------------  ---------------
  DS (det_simulation)             6 (100.00%)
---------------------------------------------
Coverage                                     
  --------------------------                 
  test_coverage                      100.00% 
  fault_coverage                     100.00% 
  atpg_effectiveness                 100.00% 
---------------------------------------------
#test_patterns                            61 
  #basic_patterns                         27 
  #clock_sequential_patterns              34 
#simulated_patterns                       61 
CPU_time (secs)                          1.5 
---------------------------------------------


  report_statistics -Instance XOR3X1
              Statistics Report              
               Stuck-at Faults               
---------------------------------------------
Fault Classes                     #faults    
                                  (total)    
----------------------------  ---------------
  FU (full)                          8       
  --------------------------  ---------------
  DS (det_simulation)             8 (100.00%)
---------------------------------------------
Coverage                                     
  --------------------------                 
  test_coverage                      100.00% 
  fault_coverage                     100.00% 
  atpg_effectiveness                 100.00% 
---------------------------------------------
#test_patterns                            61 
  #basic_patterns                         27 
  #clock_sequential_patterns              34 
#simulated_patterns                       61 
CPU_time (secs)                          1.5 
---------------------------------------------


  report_statistics -Instance XOR3XL
              Statistics Report              
               Stuck-at Faults               
---------------------------------------------
Fault Classes                     #faults    
                                  (total)    
----------------------------  ---------------
  FU (full)                          8       
  --------------------------  ---------------
  DS (det_simulation)             8 (100.00%)
---------------------------------------------
Coverage                                     
  --------------------------                 
  test_coverage                      100.00% 
  fault_coverage                     100.00% 
  atpg_effectiveness                 100.00% 
---------------------------------------------
#test_patterns                            61 
  #basic_patterns                         27 
  #clock_sequential_patterns              34 
#simulated_patterns                       61 
CPU_time (secs)                          1.5 
---------------------------------------------

//  command: echo "*** WRITING all AU UC and UO FAULTS to file ./au_uc_uo_faults.libcomp ***"
*** WRITING all AU UC and UO FAULTS to file ./au_uc_uo_faults.libcomp *** 
//  command: write_faults ./au_uc_uo_faults.libcomp -cl au -cl uc -cl uo -rep
//  command: exit -d
//
//  Note: Invoking vlog with :
//      vlog    pat.v design.v  +libext+.v+.udp +librescan
//
//
//  Note: Invoking vsim with :
//      vsim -voptargs=+acc MGC_DFT_LIB_ALL_pat_v_ctl -t 1ns -c -do "run -all; quit" +nospecify +nowarnTSCALE
//
