###############################################################
#  Generated by:      Cadence Tempus 20.20-p001_1
#  OS:                Linux x86_64(Host ID APL10.kletech.ac.in)
#  Generated on:      Fri Apr 11 11:14:20 2025
#  Design:            vorca
#  Command:           check_timing -verbose > ${reportDir}/check_timing.rpt
###############################################################
    -------------------------------------------------------------------------------  
                                 TIMING CHECK SUMMARY                                
    -------------------------------------------------------------------------------  
     Warning                            Warning Description              Number of   
                                                                         Warnings    
    -------------------------------------------------------------------------------  
    clock_expected           Clock not found where clock is expected    152
    ideal_clock_waveform     Clock waveform is ideal                    1
    no_drive                 No drive assertion                         988
    no_input_delay           No input delay assertion with respect to clock
                                                                        987
    uncons_endpoint          Unconstrained signal arriving at end point 680
    -------------------------------------------------------------------------------
    ------------------------------------------  
               TIMING CHECK DETAIL              
    ------------------------------------------  
     Pin                              Warning   
    ------------------------------------------  
    o_reg_addr_reg_7_/CK             Clock not found where clock is expected
    o_reg_addr_reg_6_/CK             Clock not found where clock is expected
    o_reg_addr_reg_5_/CK             Clock not found where clock is expected
    o_reg_addr_reg_4_/CK             Clock not found where clock is expected
    o_reg_addr_reg_3_/CK             Clock not found where clock is expected
    o_reg_addr_reg_2_/CK             Clock not found where clock is expected
    o_reg_addr_reg_1_/CK             Clock not found where clock is expected
    o_reg_addr_reg_0_/CK             Clock not found where clock is expected
    f32_mux_1_data_reg_0_/CK         Clock not found where clock is expected
    f32_mux_1_data_reg_1_/CK         Clock not found where clock is expected
    f32_mux_1_data_reg_2_/CK         Clock not found where clock is expected
    f32_mux_1_data_reg_3_/CK         Clock not found where clock is expected
    f32_mux_1_data_reg_4_/CK         Clock not found where clock is expected
    f32_mux_1_data_reg_5_/CK         Clock not found where clock is expected
    f32_mux_1_data_reg_6_/CK         Clock not found where clock is expected
    f32_mux_1_data_reg_7_/CK         Clock not found where clock is expected
    f32_mux_1_data_reg_8_/CK         Clock not found where clock is expected
    f32_mux_1_data_reg_9_/CK         Clock not found where clock is expected
    f32_mux_1_data_reg_10_/CK        Clock not found where clock is expected
    f32_mux_1_data_reg_11_/CK        Clock not found where clock is expected
    f32_mux_1_data_reg_12_/CK        Clock not found where clock is expected
    f32_mux_1_data_reg_13_/CK        Clock not found where clock is expected
    f32_mux_1_data_reg_14_/CK        Clock not found where clock is expected
    f32_mux_1_data_reg_15_/CK        Clock not found where clock is expected
    f32_mux_1_data_reg_16_/CK        Clock not found where clock is expected
    f32_mux_1_data_reg_17_/CK        Clock not found where clock is expected
    f32_mux_1_data_reg_18_/CK        Clock not found where clock is expected
    f32_mux_1_data_reg_19_/CK        Clock not found where clock is expected
    f32_mux_1_data_reg_20_/CK        Clock not found where clock is expected
    f32_mux_1_data_reg_21_/CK        Clock not found where clock is expected
    f32_mux_1_data_reg_22_/CK        Clock not found where clock is expected
    f32_mux_1_data_reg_23_/CK        Clock not found where clock is expected
    f32_mux_1_data_reg_24_/CK        Clock not found where clock is expected
    f32_mux_1_data_reg_25_/CK        Clock not found where clock is expected
    f32_mux_1_data_reg_26_/CK        Clock not found where clock is expected
    f32_mux_1_data_reg_27_/CK        Clock not found where clock is expected
    f32_mux_1_data_reg_28_/CK        Clock not found where clock is expected
    f32_mux_1_data_reg_29_/CK        Clock not found where clock is expected
    f32_mux_1_data_reg_30_/CK        Clock not found where clock is expected
    f32_mux_1_data_reg_31_/CK        Clock not found where clock is expected
    f32_mux_0_data_reg_31_/CK        Clock not found where clock is expected
    f32_mux_0_data_reg_30_/CK        Clock not found where clock is expected
    f32_mux_0_data_reg_29_/CK        Clock not found where clock is expected
    f32_mux_0_data_reg_28_/CK        Clock not found where clock is expected
    f32_mux_0_data_reg_27_/CK        Clock not found where clock is expected
    f32_mux_0_data_reg_26_/CK        Clock not found where clock is expected
    f32_mux_0_data_reg_25_/CK        Clock not found where clock is expected
    f32_mux_0_data_reg_24_/CK        Clock not found where clock is expected
    f32_mux_0_data_reg_23_/CK        Clock not found where clock is expected
    f32_mux_0_data_reg_22_/CK        Clock not found where clock is expected
    f32_mux_0_data_reg_21_/CK        Clock not found where clock is expected
    f32_mux_0_data_reg_20_/CK        Clock not found where clock is expected
    f32_mux_0_data_reg_19_/CK        Clock not found where clock is expected
    f32_mux_0_data_reg_18_/CK        Clock not found where clock is expected
    f32_mux_0_data_reg_17_/CK        Clock not found where clock is expected
    f32_mux_0_data_reg_16_/CK        Clock not found where clock is expected
    f32_mux_0_data_reg_0_/CK         Clock not found where clock is expected
    f32_mux_0_data_reg_1_/CK         Clock not found where clock is expected
    f32_mux_0_data_reg_2_/CK         Clock not found where clock is expected
    f32_mux_0_data_reg_3_/CK         Clock not found where clock is expected
    f32_mux_0_data_reg_4_/CK         Clock not found where clock is expected
    f32_mux_0_data_reg_5_/CK         Clock not found where clock is expected
    f32_mux_0_data_reg_6_/CK         Clock not found where clock is expected
    f32_mux_0_data_reg_7_/CK         Clock not found where clock is expected
    f32_mux_0_data_reg_8_/CK         Clock not found where clock is expected
    f32_mux_0_data_reg_9_/CK         Clock not found where clock is expected
    f32_mux_0_data_reg_10_/CK        Clock not found where clock is expected
    f32_mux_0_data_reg_11_/CK        Clock not found where clock is expected
    f32_mux_0_data_reg_12_/CK        Clock not found where clock is expected
    f32_mux_0_data_reg_13_/CK        Clock not found where clock is expected
    f32_mux_0_data_reg_14_/CK        Clock not found where clock is expected
    f32_mux_0_data_reg_15_/CK        Clock not found where clock is expected
    f32_data_reg_31_/CK              Clock not found where clock is expected
    f32_data_reg_30_/CK              Clock not found where clock is expected
    f32_data_reg_29_/CK              Clock not found where clock is expected
    f32_data_reg_28_/CK              Clock not found where clock is expected
    f32_data_reg_27_/CK              Clock not found where clock is expected
    f32_data_reg_26_/CK              Clock not found where clock is expected
    f32_data_reg_25_/CK              Clock not found where clock is expected
    f32_data_reg_24_/CK              Clock not found where clock is expected
    f32_data_reg_23_/CK              Clock not found where clock is expected
    f32_data_reg_22_/CK              Clock not found where clock is expected
    f32_data_reg_21_/CK              Clock not found where clock is expected
    f32_data_reg_20_/CK              Clock not found where clock is expected
    f32_data_reg_19_/CK              Clock not found where clock is expected
    f32_data_reg_18_/CK              Clock not found where clock is expected
    f32_data_reg_17_/CK              Clock not found where clock is expected
    f32_data_reg_16_/CK              Clock not found where clock is expected
    f32_data_reg_15_/CK              Clock not found where clock is expected
    f32_data_reg_14_/CK              Clock not found where clock is expected
    f32_data_reg_13_/CK              Clock not found where clock is expected
    f32_data_reg_12_/CK              Clock not found where clock is expected
    f32_data_reg_11_/CK              Clock not found where clock is expected
    f32_data_reg_10_/CK              Clock not found where clock is expected
    f32_data_reg_9_/CK               Clock not found where clock is expected
    f32_data_reg_8_/CK               Clock not found where clock is expected
    f32_data_reg_7_/CK               Clock not found where clock is expected
    f32_data_reg_6_/CK               Clock not found where clock is expected
    f32_data_reg_5_/CK               Clock not found where clock is expected
    f32_data_reg_4_/CK               Clock not found where clock is expected
    f32_data_reg_3_/CK               Clock not found where clock is expected
    f32_data_reg_2_/CK               Clock not found where clock is expected
    f32_data_reg_1_/CK               Clock not found where clock is expected
    f32_data_reg_0_/CK               Clock not found where clock is expected
    u_survik/o_spare_config_reg_31_/CK
                                     Clock not found where clock is expected
    u_survik/o_spare_config_reg_30_/CK
                                     Clock not found where clock is expected
    u_survik/o_spare_config_reg_29_/CK
                                     Clock not found where clock is expected
    u_survik/o_spare_config_reg_28_/CK
                                     Clock not found where clock is expected
    u_survik/o_spare_config_reg_27_/CK
                                     Clock not found where clock is expected
    u_survik/o_spare_config_reg_26_/CK
                                     Clock not found where clock is expected
    u_survik/o_spare_config_reg_25_/CK
                                     Clock not found where clock is expected
    u_survik/o_spare_config_reg_24_/CK
                                     Clock not found where clock is expected
    u_survik/o_spare_config_reg_23_/CK
                                     Clock not found where clock is expected
    u_survik/o_spare_config_reg_22_/CK
                                     Clock not found where clock is expected
    u_survik/o_spare_config_reg_21_/CK
                                     Clock not found where clock is expected
    u_survik/o_spare_config_reg_20_/CK
                                     Clock not found where clock is expected
    u_survik/o_spare_config_reg_19_/CK
                                     Clock not found where clock is expected
    u_survik/o_spare_config_reg_18_/CK
                                     Clock not found where clock is expected
    u_survik/o_spare_config_reg_17_/CK
                                     Clock not found where clock is expected
    u_survik/o_spare_config_reg_16_/CK
                                     Clock not found where clock is expected
    u_survik/o_spare_config_reg_15_/CK
                                     Clock not found where clock is expected
    u_survik/o_spare_config_reg_14_/CK
                                     Clock not found where clock is expected
    u_survik/o_spare_config_reg_13_/CK
                                     Clock not found where clock is expected
    u_survik/o_spare_config_reg_12_/CK
                                     Clock not found where clock is expected
    u_survik/o_spare_config_reg_11_/CK
                                     Clock not found where clock is expected
    u_survik/o_spare_config_reg_10_/CK
                                     Clock not found where clock is expected
    u_survik/o_spare_config_reg_9_/CK
                                     Clock not found where clock is expected
    u_survik/o_spare_config_reg_8_/CK
                                     Clock not found where clock is expected
    u_survik/o_spare_config_reg_7_/CK
                                     Clock not found where clock is expected
    u_survik/o_spare_config_reg_6_/CK
                                     Clock not found where clock is expected
    u_survik/o_spare_config_reg_5_/CK
                                     Clock not found where clock is expected
    u_survik/o_spare_config_reg_4_/CK
                                     Clock not found where clock is expected
    u_survik/o_spare_config_reg_3_/CK
                                     Clock not found where clock is expected
    u_survik/o_spare_config_reg_2_/CK
                                     Clock not found where clock is expected
    u_survik/o_spare_config_reg_1_/CK
                                     Clock not found where clock is expected
    u_survik/o_spare_config_reg_0_/CK
                                     Clock not found where clock is expected
    u_survik/o_adj_config_reg_15_/CK Clock not found where clock is expected
    u_survik/o_adj_config_reg_14_/CK Clock not found where clock is expected
    u_survik/o_adj_config_reg_13_/CK Clock not found where clock is expected
    u_survik/o_adj_config_reg_12_/CK Clock not found where clock is expected
    u_survik/o_adj_config_reg_11_/CK Clock not found where clock is expected
    u_survik/o_adj_config_reg_10_/CK Clock not found where clock is expected
    u_survik/o_adj_config_reg_9_/CK  Clock not found where clock is expected
    u_survik/o_adj_config_reg_8_/CK  Clock not found where clock is expected
    u_survik/o_adj_config_reg_7_/CK  Clock not found where clock is expected
    u_survik/o_adj_config_reg_6_/CK  Clock not found where clock is expected
    u_survik/o_adj_config_reg_5_/CK  Clock not found where clock is expected
    u_survik/o_adj_config_reg_4_/CK  Clock not found where clock is expected
    u_survik/o_adj_config_reg_3_/CK  Clock not found where clock is expected
    u_survik/o_adj_config_reg_2_/CK  Clock not found where clock is expected
    u_survik/o_adj_config_reg_1_/CK  Clock not found where clock is expected
    u_survik/o_adj_config_reg_0_/CK  Clock not found where clock is expected
    clk                              No drive assertion
    i_reset_                         No drive assertion
    i_sw_init                        No drive assertion
    i_addr[7]                        No drive assertion
    i_addr[6]                        No drive assertion
    i_addr[5]                        No drive assertion
    i_addr[4]                        No drive assertion
    i_addr[3]                        No drive assertion
    i_addr[2]                        No drive assertion
    i_addr[1]                        No drive assertion
    i_addr[0]                        No drive assertion
    i_wr_strb                        No drive assertion
    i_wr_data[31]                    No drive assertion
    i_wr_data[30]                    No drive assertion
    i_wr_data[29]                    No drive assertion
    i_wr_data[28]                    No drive assertion
    i_wr_data[27]                    No drive assertion
    i_wr_data[26]                    No drive assertion
    i_wr_data[25]                    No drive assertion
    i_wr_data[24]                    No drive assertion
    i_wr_data[23]                    No drive assertion
    i_wr_data[22]                    No drive assertion
    i_wr_data[21]                    No drive assertion
    i_wr_data[20]                    No drive assertion
    i_wr_data[19]                    No drive assertion
    i_wr_data[18]                    No drive assertion
    i_wr_data[17]                    No drive assertion
    i_wr_data[16]                    No drive assertion
    i_wr_data[15]                    No drive assertion
    i_wr_data[14]                    No drive assertion
    i_wr_data[13]                    No drive assertion
    i_wr_data[12]                    No drive assertion
    i_wr_data[11]                    No drive assertion
    i_wr_data[10]                    No drive assertion
    i_wr_data[9]                     No drive assertion
    i_wr_data[8]                     No drive assertion
    i_wr_data[7]                     No drive assertion
    i_wr_data[6]                     No drive assertion
    i_wr_data[5]                     No drive assertion
    i_wr_data[4]                     No drive assertion
    i_wr_data[3]                     No drive assertion
    i_wr_data[2]                     No drive assertion
    i_wr_data[1]                     No drive assertion
    i_wr_data[0]                     No drive assertion
    i_rd_strb                        No drive assertion
    i_revision_config[7]             No drive assertion
    i_revision_config[6]             No drive assertion
    i_revision_config[5]             No drive assertion
    i_revision_config[4]             No drive assertion
    i_revision_config[3]             No drive assertion
    i_revision_config[2]             No drive assertion
    i_revision_config[1]             No drive assertion
    i_revision_config[0]             No drive assertion
    i_spare_config[31]               No drive assertion
    i_spare_config[30]               No drive assertion
    i_spare_config[29]               No drive assertion
    i_spare_config[28]               No drive assertion
    i_spare_config[27]               No drive assertion
    i_spare_config[26]               No drive assertion
    i_spare_config[25]               No drive assertion
    i_spare_config[24]               No drive assertion
    i_spare_config[23]               No drive assertion
    i_spare_config[22]               No drive assertion
    i_spare_config[21]               No drive assertion
    i_spare_config[20]               No drive assertion
    i_spare_config[19]               No drive assertion
    i_spare_config[18]               No drive assertion
    i_spare_config[17]               No drive assertion
    i_spare_config[16]               No drive assertion
    i_spare_config[15]               No drive assertion
    i_spare_config[14]               No drive assertion
    i_spare_config[13]               No drive assertion
    i_spare_config[12]               No drive assertion
    i_spare_config[11]               No drive assertion
    i_spare_config[10]               No drive assertion
    i_spare_config[9]                No drive assertion
    i_spare_config[8]                No drive assertion
    i_spare_config[7]                No drive assertion
    i_spare_config[6]                No drive assertion
    i_spare_config[5]                No drive assertion
    i_spare_config[4]                No drive assertion
    i_spare_config[3]                No drive assertion
    i_spare_config[2]                No drive assertion
    i_spare_config[1]                No drive assertion
    i_spare_config[0]                No drive assertion
    i_hb_sup[2]                      No drive assertion
    i_hb_sup[1]                      No drive assertion
    i_hb_sup[0]                      No drive assertion
    i_hisbuf0_0[23]                  No drive assertion
    i_hisbuf0_0[22]                  No drive assertion
    i_hisbuf0_0[21]                  No drive assertion
    i_hisbuf0_0[20]                  No drive assertion
    i_hisbuf0_0[19]                  No drive assertion
    i_hisbuf0_0[18]                  No drive assertion
    i_hisbuf0_0[17]                  No drive assertion
    i_hisbuf0_0[16]                  No drive assertion
    i_hisbuf0_0[15]                  No drive assertion
    i_hisbuf0_0[14]                  No drive assertion
    i_hisbuf0_0[13]                  No drive assertion
    i_hisbuf0_0[12]                  No drive assertion
    i_hisbuf0_0[11]                  No drive assertion
    i_hisbuf0_0[10]                  No drive assertion
    i_hisbuf0_0[9]                   No drive assertion
    i_hisbuf0_0[8]                   No drive assertion
    i_hisbuf0_0[7]                   No drive assertion
    i_hisbuf0_0[6]                   No drive assertion
    i_hisbuf0_0[5]                   No drive assertion
    i_hisbuf0_0[4]                   No drive assertion
    i_hisbuf0_0[3]                   No drive assertion
    i_hisbuf0_0[2]                   No drive assertion
    i_hisbuf0_0[1]                   No drive assertion
    i_hisbuf0_0[0]                   No drive assertion
    i_hisbuf1_0[23]                  No drive assertion
    i_hisbuf1_0[22]                  No drive assertion
    i_hisbuf1_0[21]                  No drive assertion
    i_hisbuf1_0[20]                  No drive assertion
    i_hisbuf1_0[19]                  No drive assertion
    i_hisbuf1_0[18]                  No drive assertion
    i_hisbuf1_0[17]                  No drive assertion
    i_hisbuf1_0[16]                  No drive assertion
    i_hisbuf1_0[15]                  No drive assertion
    i_hisbuf1_0[14]                  No drive assertion
    i_hisbuf1_0[13]                  No drive assertion
    i_hisbuf1_0[12]                  No drive assertion
    i_hisbuf1_0[11]                  No drive assertion
    i_hisbuf1_0[10]                  No drive assertion
    i_hisbuf1_0[9]                   No drive assertion
    i_hisbuf1_0[8]                   No drive assertion
    i_hisbuf1_0[7]                   No drive assertion
    i_hisbuf1_0[6]                   No drive assertion
    i_hisbuf1_0[5]                   No drive assertion
    i_hisbuf1_0[4]                   No drive assertion
    i_hisbuf1_0[3]                   No drive assertion
    i_hisbuf1_0[2]                   No drive assertion
    i_hisbuf1_0[1]                   No drive assertion
    i_hisbuf1_0[0]                   No drive assertion
    i_hisbuf2_0[31]                  No drive assertion
    i_hisbuf2_0[30]                  No drive assertion
    i_hisbuf2_0[29]                  No drive assertion
    i_hisbuf2_0[28]                  No drive assertion
    i_hisbuf2_0[27]                  No drive assertion
    i_hisbuf2_0[26]                  No drive assertion
    i_hisbuf2_0[25]                  No drive assertion
    i_hisbuf2_0[24]                  No drive assertion
    i_hisbuf2_0[23]                  No drive assertion
    i_hisbuf2_0[22]                  No drive assertion
    i_hisbuf2_0[21]                  No drive assertion
    i_hisbuf2_0[20]                  No drive assertion
    i_hisbuf2_0[19]                  No drive assertion
    i_hisbuf2_0[18]                  No drive assertion
    i_hisbuf2_0[17]                  No drive assertion
    i_hisbuf2_0[16]                  No drive assertion
    i_hisbuf2_0[15]                  No drive assertion
    i_hisbuf2_0[14]                  No drive assertion
    i_hisbuf2_0[13]                  No drive assertion
    i_hisbuf2_0[12]                  No drive assertion
    i_hisbuf2_0[11]                  No drive assertion
    i_hisbuf2_0[10]                  No drive assertion
    i_hisbuf2_0[9]                   No drive assertion
    i_hisbuf2_0[8]                   No drive assertion
    i_hisbuf2_0[7]                   No drive assertion
    i_hisbuf2_0[6]                   No drive assertion
    i_hisbuf2_0[5]                   No drive assertion
    i_hisbuf2_0[4]                   No drive assertion
    i_hisbuf2_0[3]                   No drive assertion
    i_hisbuf2_0[2]                   No drive assertion
    i_hisbuf2_0[1]                   No drive assertion
    i_hisbuf2_0[0]                   No drive assertion
    i_hisbuf3_0[27]                  No drive assertion
    i_hisbuf3_0[26]                  No drive assertion
    i_hisbuf3_0[25]                  No drive assertion
    i_hisbuf3_0[24]                  No drive assertion
    i_hisbuf3_0[23]                  No drive assertion
    i_hisbuf3_0[22]                  No drive assertion
    i_hisbuf3_0[21]                  No drive assertion
    i_hisbuf3_0[20]                  No drive assertion
    i_hisbuf3_0[19]                  No drive assertion
    i_hisbuf3_0[18]                  No drive assertion
    i_hisbuf3_0[17]                  No drive assertion
    i_hisbuf3_0[16]                  No drive assertion
    i_hisbuf3_0[15]                  No drive assertion
    i_hisbuf3_0[14]                  No drive assertion
    i_hisbuf3_0[13]                  No drive assertion
    i_hisbuf3_0[12]                  No drive assertion
    i_hisbuf3_0[11]                  No drive assertion
    i_hisbuf3_0[10]                  No drive assertion
    i_hisbuf3_0[9]                   No drive assertion
    i_hisbuf3_0[8]                   No drive assertion
    i_hisbuf3_0[7]                   No drive assertion
    i_hisbuf3_0[6]                   No drive assertion
    i_hisbuf3_0[5]                   No drive assertion
    i_hisbuf3_0[4]                   No drive assertion
    i_hisbuf3_0[3]                   No drive assertion
    i_hisbuf3_0[2]                   No drive assertion
    i_hisbuf3_0[1]                   No drive assertion
    i_hisbuf3_0[0]                   No drive assertion
    i_hisbuf0_1[23]                  No drive assertion
    i_hisbuf0_1[22]                  No drive assertion
    i_hisbuf0_1[21]                  No drive assertion
    i_hisbuf0_1[20]                  No drive assertion
    i_hisbuf0_1[19]                  No drive assertion
    i_hisbuf0_1[18]                  No drive assertion
    i_hisbuf0_1[17]                  No drive assertion
    i_hisbuf0_1[16]                  No drive assertion
    i_hisbuf0_1[15]                  No drive assertion
    i_hisbuf0_1[14]                  No drive assertion
    i_hisbuf0_1[13]                  No drive assertion
    i_hisbuf0_1[12]                  No drive assertion
    i_hisbuf0_1[11]                  No drive assertion
    i_hisbuf0_1[10]                  No drive assertion
    i_hisbuf0_1[9]                   No drive assertion
    i_hisbuf0_1[8]                   No drive assertion
    i_hisbuf0_1[7]                   No drive assertion
    i_hisbuf0_1[6]                   No drive assertion
    i_hisbuf0_1[5]                   No drive assertion
    i_hisbuf0_1[4]                   No drive assertion
    i_hisbuf0_1[3]                   No drive assertion
    i_hisbuf0_1[2]                   No drive assertion
    i_hisbuf0_1[1]                   No drive assertion
    i_hisbuf0_1[0]                   No drive assertion
    i_hisbuf1_1[23]                  No drive assertion
    i_hisbuf1_1[22]                  No drive assertion
    i_hisbuf1_1[21]                  No drive assertion
    i_hisbuf1_1[20]                  No drive assertion
    i_hisbuf1_1[19]                  No drive assertion
    i_hisbuf1_1[18]                  No drive assertion
    i_hisbuf1_1[17]                  No drive assertion
    i_hisbuf1_1[16]                  No drive assertion
    i_hisbuf1_1[15]                  No drive assertion
    i_hisbuf1_1[14]                  No drive assertion
    i_hisbuf1_1[13]                  No drive assertion
    i_hisbuf1_1[12]                  No drive assertion
    i_hisbuf1_1[11]                  No drive assertion
    i_hisbuf1_1[10]                  No drive assertion
    i_hisbuf1_1[9]                   No drive assertion
    i_hisbuf1_1[8]                   No drive assertion
    i_hisbuf1_1[7]                   No drive assertion
    i_hisbuf1_1[6]                   No drive assertion
    i_hisbuf1_1[5]                   No drive assertion
    i_hisbuf1_1[4]                   No drive assertion
    i_hisbuf1_1[3]                   No drive assertion
    i_hisbuf1_1[2]                   No drive assertion
    i_hisbuf1_1[1]                   No drive assertion
    i_hisbuf1_1[0]                   No drive assertion
    i_hisbuf2_1[31]                  No drive assertion
    i_hisbuf2_1[30]                  No drive assertion
    i_hisbuf2_1[29]                  No drive assertion
    i_hisbuf2_1[28]                  No drive assertion
    i_hisbuf2_1[27]                  No drive assertion
    i_hisbuf2_1[26]                  No drive assertion
    i_hisbuf2_1[25]                  No drive assertion
    i_hisbuf2_1[24]                  No drive assertion
    i_hisbuf2_1[23]                  No drive assertion
    i_hisbuf2_1[22]                  No drive assertion
    i_hisbuf2_1[21]                  No drive assertion
    i_hisbuf2_1[20]                  No drive assertion
    i_hisbuf2_1[19]                  No drive assertion
    i_hisbuf2_1[18]                  No drive assertion
    i_hisbuf2_1[17]                  No drive assertion
    i_hisbuf2_1[16]                  No drive assertion
    i_hisbuf2_1[15]                  No drive assertion
    i_hisbuf2_1[14]                  No drive assertion
    i_hisbuf2_1[13]                  No drive assertion
    i_hisbuf2_1[12]                  No drive assertion
    i_hisbuf2_1[11]                  No drive assertion
    i_hisbuf2_1[10]                  No drive assertion
    i_hisbuf2_1[9]                   No drive assertion
    i_hisbuf2_1[8]                   No drive assertion
    i_hisbuf2_1[7]                   No drive assertion
    i_hisbuf2_1[6]                   No drive assertion
    i_hisbuf2_1[5]                   No drive assertion
    i_hisbuf2_1[4]                   No drive assertion
    i_hisbuf2_1[3]                   No drive assertion
    i_hisbuf2_1[2]                   No drive assertion
    i_hisbuf2_1[1]                   No drive assertion
    i_hisbuf2_1[0]                   No drive assertion
    i_hisbuf3_1[27]                  No drive assertion
    i_hisbuf3_1[26]                  No drive assertion
    i_hisbuf3_1[25]                  No drive assertion
    i_hisbuf3_1[24]                  No drive assertion
    i_hisbuf3_1[23]                  No drive assertion
    i_hisbuf3_1[22]                  No drive assertion
    i_hisbuf3_1[21]                  No drive assertion
    i_hisbuf3_1[20]                  No drive assertion
    i_hisbuf3_1[19]                  No drive assertion
    i_hisbuf3_1[18]                  No drive assertion
    i_hisbuf3_1[17]                  No drive assertion
    i_hisbuf3_1[16]                  No drive assertion
    i_hisbuf3_1[15]                  No drive assertion
    i_hisbuf3_1[14]                  No drive assertion
    i_hisbuf3_1[13]                  No drive assertion
    i_hisbuf3_1[12]                  No drive assertion
    i_hisbuf3_1[11]                  No drive assertion
    i_hisbuf3_1[10]                  No drive assertion
    i_hisbuf3_1[9]                   No drive assertion
    i_hisbuf3_1[8]                   No drive assertion
    i_hisbuf3_1[7]                   No drive assertion
    i_hisbuf3_1[6]                   No drive assertion
    i_hisbuf3_1[5]                   No drive assertion
    i_hisbuf3_1[4]                   No drive assertion
    i_hisbuf3_1[3]                   No drive assertion
    i_hisbuf3_1[2]                   No drive assertion
    i_hisbuf3_1[1]                   No drive assertion
    i_hisbuf3_1[0]                   No drive assertion
    i_hisbuf0_2[23]                  No drive assertion
    i_hisbuf0_2[22]                  No drive assertion
    i_hisbuf0_2[21]                  No drive assertion
    i_hisbuf0_2[20]                  No drive assertion
    i_hisbuf0_2[19]                  No drive assertion
    i_hisbuf0_2[18]                  No drive assertion
    i_hisbuf0_2[17]                  No drive assertion
    i_hisbuf0_2[16]                  No drive assertion
    i_hisbuf0_2[15]                  No drive assertion
    i_hisbuf0_2[14]                  No drive assertion
    i_hisbuf0_2[13]                  No drive assertion
    i_hisbuf0_2[12]                  No drive assertion
    i_hisbuf0_2[11]                  No drive assertion
    i_hisbuf0_2[10]                  No drive assertion
    i_hisbuf0_2[9]                   No drive assertion
    i_hisbuf0_2[8]                   No drive assertion
    i_hisbuf0_2[7]                   No drive assertion
    i_hisbuf0_2[6]                   No drive assertion
    i_hisbuf0_2[5]                   No drive assertion
    i_hisbuf0_2[4]                   No drive assertion
    i_hisbuf0_2[3]                   No drive assertion
    i_hisbuf0_2[2]                   No drive assertion
    i_hisbuf0_2[1]                   No drive assertion
    i_hisbuf0_2[0]                   No drive assertion
    i_hisbuf1_2[23]                  No drive assertion
    i_hisbuf1_2[22]                  No drive assertion
    i_hisbuf1_2[21]                  No drive assertion
    i_hisbuf1_2[20]                  No drive assertion
    i_hisbuf1_2[19]                  No drive assertion
    i_hisbuf1_2[18]                  No drive assertion
    i_hisbuf1_2[17]                  No drive assertion
    i_hisbuf1_2[16]                  No drive assertion
    i_hisbuf1_2[15]                  No drive assertion
    i_hisbuf1_2[14]                  No drive assertion
    i_hisbuf1_2[13]                  No drive assertion
    i_hisbuf1_2[12]                  No drive assertion
    i_hisbuf1_2[11]                  No drive assertion
    i_hisbuf1_2[10]                  No drive assertion
    i_hisbuf1_2[9]                   No drive assertion
    i_hisbuf1_2[8]                   No drive assertion
    i_hisbuf1_2[7]                   No drive assertion
    i_hisbuf1_2[6]                   No drive assertion
    i_hisbuf1_2[5]                   No drive assertion
    i_hisbuf1_2[4]                   No drive assertion
    i_hisbuf1_2[3]                   No drive assertion
    i_hisbuf1_2[2]                   No drive assertion
    i_hisbuf1_2[1]                   No drive assertion
    i_hisbuf1_2[0]                   No drive assertion
    i_hisbuf2_2[31]                  No drive assertion
    i_hisbuf2_2[30]                  No drive assertion
    i_hisbuf2_2[29]                  No drive assertion
    i_hisbuf2_2[28]                  No drive assertion
    i_hisbuf2_2[27]                  No drive assertion
    i_hisbuf2_2[26]                  No drive assertion
    i_hisbuf2_2[25]                  No drive assertion
    i_hisbuf2_2[24]                  No drive assertion
    i_hisbuf2_2[23]                  No drive assertion
    i_hisbuf2_2[22]                  No drive assertion
    i_hisbuf2_2[21]                  No drive assertion
    i_hisbuf2_2[20]                  No drive assertion
    i_hisbuf2_2[19]                  No drive assertion
    i_hisbuf2_2[18]                  No drive assertion
    i_hisbuf2_2[17]                  No drive assertion
    i_hisbuf2_2[16]                  No drive assertion
    i_hisbuf2_2[15]                  No drive assertion
    i_hisbuf2_2[14]                  No drive assertion
    i_hisbuf2_2[13]                  No drive assertion
    i_hisbuf2_2[12]                  No drive assertion
    i_hisbuf2_2[11]                  No drive assertion
    i_hisbuf2_2[10]                  No drive assertion
    i_hisbuf2_2[9]                   No drive assertion
    i_hisbuf2_2[8]                   No drive assertion
    i_hisbuf2_2[7]                   No drive assertion
    i_hisbuf2_2[6]                   No drive assertion
    i_hisbuf2_2[5]                   No drive assertion
    i_hisbuf2_2[4]                   No drive assertion
    i_hisbuf2_2[3]                   No drive assertion
    i_hisbuf2_2[2]                   No drive assertion
    i_hisbuf2_2[1]                   No drive assertion
    i_hisbuf2_2[0]                   No drive assertion
    i_hisbuf3_2[27]                  No drive assertion
    i_hisbuf3_2[26]                  No drive assertion
    i_hisbuf3_2[25]                  No drive assertion
    i_hisbuf3_2[24]                  No drive assertion
    i_hisbuf3_2[23]                  No drive assertion
    i_hisbuf3_2[22]                  No drive assertion
    i_hisbuf3_2[21]                  No drive assertion
    i_hisbuf3_2[20]                  No drive assertion
    i_hisbuf3_2[19]                  No drive assertion
    i_hisbuf3_2[18]                  No drive assertion
    i_hisbuf3_2[17]                  No drive assertion
    i_hisbuf3_2[16]                  No drive assertion
    i_hisbuf3_2[15]                  No drive assertion
    i_hisbuf3_2[14]                  No drive assertion
    i_hisbuf3_2[13]                  No drive assertion
    i_hisbuf3_2[12]                  No drive assertion
    i_hisbuf3_2[11]                  No drive assertion
    i_hisbuf3_2[10]                  No drive assertion
    i_hisbuf3_2[9]                   No drive assertion
    i_hisbuf3_2[8]                   No drive assertion
    i_hisbuf3_2[7]                   No drive assertion
    i_hisbuf3_2[6]                   No drive assertion
    i_hisbuf3_2[5]                   No drive assertion
    i_hisbuf3_2[4]                   No drive assertion
    i_hisbuf3_2[3]                   No drive assertion
    i_hisbuf3_2[2]                   No drive assertion
    i_hisbuf3_2[1]                   No drive assertion
    i_hisbuf3_2[0]                   No drive assertion
    i_hisbuf0_3[23]                  No drive assertion
    i_hisbuf0_3[22]                  No drive assertion
    i_hisbuf0_3[21]                  No drive assertion
    i_hisbuf0_3[20]                  No drive assertion
    i_hisbuf0_3[19]                  No drive assertion
    i_hisbuf0_3[18]                  No drive assertion
    i_hisbuf0_3[17]                  No drive assertion
    i_hisbuf0_3[16]                  No drive assertion
    i_hisbuf0_3[15]                  No drive assertion
    i_hisbuf0_3[14]                  No drive assertion
    i_hisbuf0_3[13]                  No drive assertion
    i_hisbuf0_3[12]                  No drive assertion
    i_hisbuf0_3[11]                  No drive assertion
    i_hisbuf0_3[10]                  No drive assertion
    i_hisbuf0_3[9]                   No drive assertion
    i_hisbuf0_3[8]                   No drive assertion
    i_hisbuf0_3[7]                   No drive assertion
    i_hisbuf0_3[6]                   No drive assertion
    i_hisbuf0_3[5]                   No drive assertion
    i_hisbuf0_3[4]                   No drive assertion
    i_hisbuf0_3[3]                   No drive assertion
    i_hisbuf0_3[2]                   No drive assertion
    i_hisbuf0_3[1]                   No drive assertion
    i_hisbuf0_3[0]                   No drive assertion
    i_hisbuf1_3[23]                  No drive assertion
    i_hisbuf1_3[22]                  No drive assertion
    i_hisbuf1_3[21]                  No drive assertion
    i_hisbuf1_3[20]                  No drive assertion
    i_hisbuf1_3[19]                  No drive assertion
    i_hisbuf1_3[18]                  No drive assertion
    i_hisbuf1_3[17]                  No drive assertion
    i_hisbuf1_3[16]                  No drive assertion
    i_hisbuf1_3[15]                  No drive assertion
    i_hisbuf1_3[14]                  No drive assertion
    i_hisbuf1_3[13]                  No drive assertion
    i_hisbuf1_3[12]                  No drive assertion
    i_hisbuf1_3[11]                  No drive assertion
    i_hisbuf1_3[10]                  No drive assertion
    i_hisbuf1_3[9]                   No drive assertion
    i_hisbuf1_3[8]                   No drive assertion
    i_hisbuf1_3[7]                   No drive assertion
    i_hisbuf1_3[6]                   No drive assertion
    i_hisbuf1_3[5]                   No drive assertion
    i_hisbuf1_3[4]                   No drive assertion
    i_hisbuf1_3[3]                   No drive assertion
    i_hisbuf1_3[2]                   No drive assertion
    i_hisbuf1_3[1]                   No drive assertion
    i_hisbuf1_3[0]                   No drive assertion
    i_hisbuf2_3[31]                  No drive assertion
    i_hisbuf2_3[30]                  No drive assertion
    i_hisbuf2_3[29]                  No drive assertion
    i_hisbuf2_3[28]                  No drive assertion
    i_hisbuf2_3[27]                  No drive assertion
    i_hisbuf2_3[26]                  No drive assertion
    i_hisbuf2_3[25]                  No drive assertion
    i_hisbuf2_3[24]                  No drive assertion
    i_hisbuf2_3[23]                  No drive assertion
    i_hisbuf2_3[22]                  No drive assertion
    i_hisbuf2_3[21]                  No drive assertion
    i_hisbuf2_3[20]                  No drive assertion
    i_hisbuf2_3[19]                  No drive assertion
    i_hisbuf2_3[18]                  No drive assertion
    i_hisbuf2_3[17]                  No drive assertion
    i_hisbuf2_3[16]                  No drive assertion
    i_hisbuf2_3[15]                  No drive assertion
    i_hisbuf2_3[14]                  No drive assertion
    i_hisbuf2_3[13]                  No drive assertion
    i_hisbuf2_3[12]                  No drive assertion
    i_hisbuf2_3[11]                  No drive assertion
    i_hisbuf2_3[10]                  No drive assertion
    i_hisbuf2_3[9]                   No drive assertion
    i_hisbuf2_3[8]                   No drive assertion
    i_hisbuf2_3[7]                   No drive assertion
    i_hisbuf2_3[6]                   No drive assertion
    i_hisbuf2_3[5]                   No drive assertion
    i_hisbuf2_3[4]                   No drive assertion
    i_hisbuf2_3[3]                   No drive assertion
    i_hisbuf2_3[2]                   No drive assertion
    i_hisbuf2_3[1]                   No drive assertion
    i_hisbuf2_3[0]                   No drive assertion
    i_hisbuf3_3[27]                  No drive assertion
    i_hisbuf3_3[26]                  No drive assertion
    i_hisbuf3_3[25]                  No drive assertion
    i_hisbuf3_3[24]                  No drive assertion
    i_hisbuf3_3[23]                  No drive assertion
    i_hisbuf3_3[22]                  No drive assertion
    i_hisbuf3_3[21]                  No drive assertion
    i_hisbuf3_3[20]                  No drive assertion
    i_hisbuf3_3[19]                  No drive assertion
    i_hisbuf3_3[18]                  No drive assertion
    i_hisbuf3_3[17]                  No drive assertion
    i_hisbuf3_3[16]                  No drive assertion
    i_hisbuf3_3[15]                  No drive assertion
    i_hisbuf3_3[14]                  No drive assertion
    i_hisbuf3_3[13]                  No drive assertion
    i_hisbuf3_3[12]                  No drive assertion
    i_hisbuf3_3[11]                  No drive assertion
    i_hisbuf3_3[10]                  No drive assertion
    i_hisbuf3_3[9]                   No drive assertion
    i_hisbuf3_3[8]                   No drive assertion
    i_hisbuf3_3[7]                   No drive assertion
    i_hisbuf3_3[6]                   No drive assertion
    i_hisbuf3_3[5]                   No drive assertion
    i_hisbuf3_3[4]                   No drive assertion
    i_hisbuf3_3[3]                   No drive assertion
    i_hisbuf3_3[2]                   No drive assertion
    i_hisbuf3_3[1]                   No drive assertion
    i_hisbuf3_3[0]                   No drive assertion
    i_hisbuf0_4[23]                  No drive assertion
    i_hisbuf0_4[22]                  No drive assertion
    i_hisbuf0_4[21]                  No drive assertion
    i_hisbuf0_4[20]                  No drive assertion
    i_hisbuf0_4[19]                  No drive assertion
    i_hisbuf0_4[18]                  No drive assertion
    i_hisbuf0_4[17]                  No drive assertion
    i_hisbuf0_4[16]                  No drive assertion
    i_hisbuf0_4[15]                  No drive assertion
    i_hisbuf0_4[14]                  No drive assertion
    i_hisbuf0_4[13]                  No drive assertion
    i_hisbuf0_4[12]                  No drive assertion
    i_hisbuf0_4[11]                  No drive assertion
    i_hisbuf0_4[10]                  No drive assertion
    i_hisbuf0_4[9]                   No drive assertion
    i_hisbuf0_4[8]                   No drive assertion
    i_hisbuf0_4[7]                   No drive assertion
    i_hisbuf0_4[6]                   No drive assertion
    i_hisbuf0_4[5]                   No drive assertion
    i_hisbuf0_4[4]                   No drive assertion
    i_hisbuf0_4[3]                   No drive assertion
    i_hisbuf0_4[2]                   No drive assertion
    i_hisbuf0_4[1]                   No drive assertion
    i_hisbuf0_4[0]                   No drive assertion
    i_hisbuf1_4[23]                  No drive assertion
    i_hisbuf1_4[22]                  No drive assertion
    i_hisbuf1_4[21]                  No drive assertion
    i_hisbuf1_4[20]                  No drive assertion
    i_hisbuf1_4[19]                  No drive assertion
    i_hisbuf1_4[18]                  No drive assertion
    i_hisbuf1_4[17]                  No drive assertion
    i_hisbuf1_4[16]                  No drive assertion
    i_hisbuf1_4[15]                  No drive assertion
    i_hisbuf1_4[14]                  No drive assertion
    i_hisbuf1_4[13]                  No drive assertion
    i_hisbuf1_4[12]                  No drive assertion
    i_hisbuf1_4[11]                  No drive assertion
    i_hisbuf1_4[10]                  No drive assertion
    i_hisbuf1_4[9]                   No drive assertion
    i_hisbuf1_4[8]                   No drive assertion
    i_hisbuf1_4[7]                   No drive assertion
    i_hisbuf1_4[6]                   No drive assertion
    i_hisbuf1_4[5]                   No drive assertion
    i_hisbuf1_4[4]                   No drive assertion
    i_hisbuf1_4[3]                   No drive assertion
    i_hisbuf1_4[2]                   No drive assertion
    i_hisbuf1_4[1]                   No drive assertion
    i_hisbuf1_4[0]                   No drive assertion
    i_hisbuf2_4[31]                  No drive assertion
    i_hisbuf2_4[30]                  No drive assertion
    i_hisbuf2_4[29]                  No drive assertion
    i_hisbuf2_4[28]                  No drive assertion
    i_hisbuf2_4[27]                  No drive assertion
    i_hisbuf2_4[26]                  No drive assertion
    i_hisbuf2_4[25]                  No drive assertion
    i_hisbuf2_4[24]                  No drive assertion
    i_hisbuf2_4[23]                  No drive assertion
    i_hisbuf2_4[22]                  No drive assertion
    i_hisbuf2_4[21]                  No drive assertion
    i_hisbuf2_4[20]                  No drive assertion
    i_hisbuf2_4[19]                  No drive assertion
    i_hisbuf2_4[18]                  No drive assertion
    i_hisbuf2_4[17]                  No drive assertion
    i_hisbuf2_4[16]                  No drive assertion
    i_hisbuf2_4[15]                  No drive assertion
    i_hisbuf2_4[14]                  No drive assertion
    i_hisbuf2_4[13]                  No drive assertion
    i_hisbuf2_4[12]                  No drive assertion
    i_hisbuf2_4[11]                  No drive assertion
    i_hisbuf2_4[10]                  No drive assertion
    i_hisbuf2_4[9]                   No drive assertion
    i_hisbuf2_4[8]                   No drive assertion
    i_hisbuf2_4[7]                   No drive assertion
    i_hisbuf2_4[6]                   No drive assertion
    i_hisbuf2_4[5]                   No drive assertion
    i_hisbuf2_4[4]                   No drive assertion
    i_hisbuf2_4[3]                   No drive assertion
    i_hisbuf2_4[2]                   No drive assertion
    i_hisbuf2_4[1]                   No drive assertion
    i_hisbuf2_4[0]                   No drive assertion
    i_hisbuf3_4[27]                  No drive assertion
    i_hisbuf3_4[26]                  No drive assertion
    i_hisbuf3_4[25]                  No drive assertion
    i_hisbuf3_4[24]                  No drive assertion
    i_hisbuf3_4[23]                  No drive assertion
    i_hisbuf3_4[22]                  No drive assertion
    i_hisbuf3_4[21]                  No drive assertion
    i_hisbuf3_4[20]                  No drive assertion
    i_hisbuf3_4[19]                  No drive assertion
    i_hisbuf3_4[18]                  No drive assertion
    i_hisbuf3_4[17]                  No drive assertion
    i_hisbuf3_4[16]                  No drive assertion
    i_hisbuf3_4[15]                  No drive assertion
    i_hisbuf3_4[14]                  No drive assertion
    i_hisbuf3_4[13]                  No drive assertion
    i_hisbuf3_4[12]                  No drive assertion
    i_hisbuf3_4[11]                  No drive assertion
    i_hisbuf3_4[10]                  No drive assertion
    i_hisbuf3_4[9]                   No drive assertion
    i_hisbuf3_4[8]                   No drive assertion
    i_hisbuf3_4[7]                   No drive assertion
    i_hisbuf3_4[6]                   No drive assertion
    i_hisbuf3_4[5]                   No drive assertion
    i_hisbuf3_4[4]                   No drive assertion
    i_hisbuf3_4[3]                   No drive assertion
    i_hisbuf3_4[2]                   No drive assertion
    i_hisbuf3_4[1]                   No drive assertion
    i_hisbuf3_4[0]                   No drive assertion
    i_hisbuf0_5[23]                  No drive assertion
    i_hisbuf0_5[22]                  No drive assertion
    i_hisbuf0_5[21]                  No drive assertion
    i_hisbuf0_5[20]                  No drive assertion
    i_hisbuf0_5[19]                  No drive assertion
    i_hisbuf0_5[18]                  No drive assertion
    i_hisbuf0_5[17]                  No drive assertion
    i_hisbuf0_5[16]                  No drive assertion
    i_hisbuf0_5[15]                  No drive assertion
    i_hisbuf0_5[14]                  No drive assertion
    i_hisbuf0_5[13]                  No drive assertion
    i_hisbuf0_5[12]                  No drive assertion
    i_hisbuf0_5[11]                  No drive assertion
    i_hisbuf0_5[10]                  No drive assertion
    i_hisbuf0_5[9]                   No drive assertion
    i_hisbuf0_5[8]                   No drive assertion
    i_hisbuf0_5[7]                   No drive assertion
    i_hisbuf0_5[6]                   No drive assertion
    i_hisbuf0_5[5]                   No drive assertion
    i_hisbuf0_5[4]                   No drive assertion
    i_hisbuf0_5[3]                   No drive assertion
    i_hisbuf0_5[2]                   No drive assertion
    i_hisbuf0_5[1]                   No drive assertion
    i_hisbuf0_5[0]                   No drive assertion
    i_hisbuf1_5[23]                  No drive assertion
    i_hisbuf1_5[22]                  No drive assertion
    i_hisbuf1_5[21]                  No drive assertion
    i_hisbuf1_5[20]                  No drive assertion
    i_hisbuf1_5[19]                  No drive assertion
    i_hisbuf1_5[18]                  No drive assertion
    i_hisbuf1_5[17]                  No drive assertion
    i_hisbuf1_5[16]                  No drive assertion
    i_hisbuf1_5[15]                  No drive assertion
    i_hisbuf1_5[14]                  No drive assertion
    i_hisbuf1_5[13]                  No drive assertion
    i_hisbuf1_5[12]                  No drive assertion
    i_hisbuf1_5[11]                  No drive assertion
    i_hisbuf1_5[10]                  No drive assertion
    i_hisbuf1_5[9]                   No drive assertion
    i_hisbuf1_5[8]                   No drive assertion
    i_hisbuf1_5[7]                   No drive assertion
    i_hisbuf1_5[6]                   No drive assertion
    i_hisbuf1_5[5]                   No drive assertion
    i_hisbuf1_5[4]                   No drive assertion
    i_hisbuf1_5[3]                   No drive assertion
    i_hisbuf1_5[2]                   No drive assertion
    i_hisbuf1_5[1]                   No drive assertion
    i_hisbuf1_5[0]                   No drive assertion
    i_hisbuf2_5[31]                  No drive assertion
    i_hisbuf2_5[30]                  No drive assertion
    i_hisbuf2_5[29]                  No drive assertion
    i_hisbuf2_5[28]                  No drive assertion
    i_hisbuf2_5[27]                  No drive assertion
    i_hisbuf2_5[26]                  No drive assertion
    i_hisbuf2_5[25]                  No drive assertion
    i_hisbuf2_5[24]                  No drive assertion
    i_hisbuf2_5[23]                  No drive assertion
    i_hisbuf2_5[22]                  No drive assertion
    i_hisbuf2_5[21]                  No drive assertion
    i_hisbuf2_5[20]                  No drive assertion
    i_hisbuf2_5[19]                  No drive assertion
    i_hisbuf2_5[18]                  No drive assertion
    i_hisbuf2_5[17]                  No drive assertion
    i_hisbuf2_5[16]                  No drive assertion
    i_hisbuf2_5[15]                  No drive assertion
    i_hisbuf2_5[14]                  No drive assertion
    i_hisbuf2_5[13]                  No drive assertion
    i_hisbuf2_5[12]                  No drive assertion
    i_hisbuf2_5[11]                  No drive assertion
    i_hisbuf2_5[10]                  No drive assertion
    i_hisbuf2_5[9]                   No drive assertion
    i_hisbuf2_5[8]                   No drive assertion
    i_hisbuf2_5[7]                   No drive assertion
    i_hisbuf2_5[6]                   No drive assertion
    i_hisbuf2_5[5]                   No drive assertion
    i_hisbuf2_5[4]                   No drive assertion
    i_hisbuf2_5[3]                   No drive assertion
    i_hisbuf2_5[2]                   No drive assertion
    i_hisbuf2_5[1]                   No drive assertion
    i_hisbuf2_5[0]                   No drive assertion
    i_hisbuf3_5[27]                  No drive assertion
    i_hisbuf3_5[26]                  No drive assertion
    i_hisbuf3_5[25]                  No drive assertion
    i_hisbuf3_5[24]                  No drive assertion
    i_hisbuf3_5[23]                  No drive assertion
    i_hisbuf3_5[22]                  No drive assertion
    i_hisbuf3_5[21]                  No drive assertion
    i_hisbuf3_5[20]                  No drive assertion
    i_hisbuf3_5[19]                  No drive assertion
    i_hisbuf3_5[18]                  No drive assertion
    i_hisbuf3_5[17]                  No drive assertion
    i_hisbuf3_5[16]                  No drive assertion
    i_hisbuf3_5[15]                  No drive assertion
    i_hisbuf3_5[14]                  No drive assertion
    i_hisbuf3_5[13]                  No drive assertion
    i_hisbuf3_5[12]                  No drive assertion
    i_hisbuf3_5[11]                  No drive assertion
    i_hisbuf3_5[10]                  No drive assertion
    i_hisbuf3_5[9]                   No drive assertion
    i_hisbuf3_5[8]                   No drive assertion
    i_hisbuf3_5[7]                   No drive assertion
    i_hisbuf3_5[6]                   No drive assertion
    i_hisbuf3_5[5]                   No drive assertion
    i_hisbuf3_5[4]                   No drive assertion
    i_hisbuf3_5[3]                   No drive assertion
    i_hisbuf3_5[2]                   No drive assertion
    i_hisbuf3_5[1]                   No drive assertion
    i_hisbuf3_5[0]                   No drive assertion
    i_hisbuf0_6[23]                  No drive assertion
    i_hisbuf0_6[22]                  No drive assertion
    i_hisbuf0_6[21]                  No drive assertion
    i_hisbuf0_6[20]                  No drive assertion
    i_hisbuf0_6[19]                  No drive assertion
    i_hisbuf0_6[18]                  No drive assertion
    i_hisbuf0_6[17]                  No drive assertion
    i_hisbuf0_6[16]                  No drive assertion
    i_hisbuf0_6[15]                  No drive assertion
    i_hisbuf0_6[14]                  No drive assertion
    i_hisbuf0_6[13]                  No drive assertion
    i_hisbuf0_6[12]                  No drive assertion
    i_hisbuf0_6[11]                  No drive assertion
    i_hisbuf0_6[10]                  No drive assertion
    i_hisbuf0_6[9]                   No drive assertion
    i_hisbuf0_6[8]                   No drive assertion
    i_hisbuf0_6[7]                   No drive assertion
    i_hisbuf0_6[6]                   No drive assertion
    i_hisbuf0_6[5]                   No drive assertion
    i_hisbuf0_6[4]                   No drive assertion
    i_hisbuf0_6[3]                   No drive assertion
    i_hisbuf0_6[2]                   No drive assertion
    i_hisbuf0_6[1]                   No drive assertion
    i_hisbuf0_6[0]                   No drive assertion
    i_hisbuf1_6[23]                  No drive assertion
    i_hisbuf1_6[22]                  No drive assertion
    i_hisbuf1_6[21]                  No drive assertion
    i_hisbuf1_6[20]                  No drive assertion
    i_hisbuf1_6[19]                  No drive assertion
    i_hisbuf1_6[18]                  No drive assertion
    i_hisbuf1_6[17]                  No drive assertion
    i_hisbuf1_6[16]                  No drive assertion
    i_hisbuf1_6[15]                  No drive assertion
    i_hisbuf1_6[14]                  No drive assertion
    i_hisbuf1_6[13]                  No drive assertion
    i_hisbuf1_6[12]                  No drive assertion
    i_hisbuf1_6[11]                  No drive assertion
    i_hisbuf1_6[10]                  No drive assertion
    i_hisbuf1_6[9]                   No drive assertion
    i_hisbuf1_6[8]                   No drive assertion
    i_hisbuf1_6[7]                   No drive assertion
    i_hisbuf1_6[6]                   No drive assertion
    i_hisbuf1_6[5]                   No drive assertion
    i_hisbuf1_6[4]                   No drive assertion
    i_hisbuf1_6[3]                   No drive assertion
    i_hisbuf1_6[2]                   No drive assertion
    i_hisbuf1_6[1]                   No drive assertion
    i_hisbuf1_6[0]                   No drive assertion
    i_hisbuf2_6[31]                  No drive assertion
    i_hisbuf2_6[30]                  No drive assertion
    i_hisbuf2_6[29]                  No drive assertion
    i_hisbuf2_6[28]                  No drive assertion
    i_hisbuf2_6[27]                  No drive assertion
    i_hisbuf2_6[26]                  No drive assertion
    i_hisbuf2_6[25]                  No drive assertion
    i_hisbuf2_6[24]                  No drive assertion
    i_hisbuf2_6[23]                  No drive assertion
    i_hisbuf2_6[22]                  No drive assertion
    i_hisbuf2_6[21]                  No drive assertion
    i_hisbuf2_6[20]                  No drive assertion
    i_hisbuf2_6[19]                  No drive assertion
    i_hisbuf2_6[18]                  No drive assertion
    i_hisbuf2_6[17]                  No drive assertion
    i_hisbuf2_6[16]                  No drive assertion
    i_hisbuf2_6[15]                  No drive assertion
    i_hisbuf2_6[14]                  No drive assertion
    i_hisbuf2_6[13]                  No drive assertion
    i_hisbuf2_6[12]                  No drive assertion
    i_hisbuf2_6[11]                  No drive assertion
    i_hisbuf2_6[10]                  No drive assertion
    i_hisbuf2_6[9]                   No drive assertion
    i_hisbuf2_6[8]                   No drive assertion
    i_hisbuf2_6[7]                   No drive assertion
    i_hisbuf2_6[6]                   No drive assertion
    i_hisbuf2_6[5]                   No drive assertion
    i_hisbuf2_6[4]                   No drive assertion
    i_hisbuf2_6[3]                   No drive assertion
    i_hisbuf2_6[2]                   No drive assertion
    i_hisbuf2_6[1]                   No drive assertion
    i_hisbuf2_6[0]                   No drive assertion
    i_hisbuf3_6[27]                  No drive assertion
    i_hisbuf3_6[26]                  No drive assertion
    i_hisbuf3_6[25]                  No drive assertion
    i_hisbuf3_6[24]                  No drive assertion
    i_hisbuf3_6[23]                  No drive assertion
    i_hisbuf3_6[22]                  No drive assertion
    i_hisbuf3_6[21]                  No drive assertion
    i_hisbuf3_6[20]                  No drive assertion
    i_hisbuf3_6[19]                  No drive assertion
    i_hisbuf3_6[18]                  No drive assertion
    i_hisbuf3_6[17]                  No drive assertion
    i_hisbuf3_6[16]                  No drive assertion
    i_hisbuf3_6[15]                  No drive assertion
    i_hisbuf3_6[14]                  No drive assertion
    i_hisbuf3_6[13]                  No drive assertion
    i_hisbuf3_6[12]                  No drive assertion
    i_hisbuf3_6[11]                  No drive assertion
    i_hisbuf3_6[10]                  No drive assertion
    i_hisbuf3_6[9]                   No drive assertion
    i_hisbuf3_6[8]                   No drive assertion
    i_hisbuf3_6[7]                   No drive assertion
    i_hisbuf3_6[6]                   No drive assertion
    i_hisbuf3_6[5]                   No drive assertion
    i_hisbuf3_6[4]                   No drive assertion
    i_hisbuf3_6[3]                   No drive assertion
    i_hisbuf3_6[2]                   No drive assertion
    i_hisbuf3_6[1]                   No drive assertion
    i_hisbuf3_6[0]                   No drive assertion
    i_hisbuf0_7[23]                  No drive assertion
    i_hisbuf0_7[22]                  No drive assertion
    i_hisbuf0_7[21]                  No drive assertion
    i_hisbuf0_7[20]                  No drive assertion
    i_hisbuf0_7[19]                  No drive assertion
    i_hisbuf0_7[18]                  No drive assertion
    i_hisbuf0_7[17]                  No drive assertion
    i_hisbuf0_7[16]                  No drive assertion
    i_hisbuf0_7[15]                  No drive assertion
    i_hisbuf0_7[14]                  No drive assertion
    i_hisbuf0_7[13]                  No drive assertion
    i_hisbuf0_7[12]                  No drive assertion
    i_hisbuf0_7[11]                  No drive assertion
    i_hisbuf0_7[10]                  No drive assertion
    i_hisbuf0_7[9]                   No drive assertion
    i_hisbuf0_7[8]                   No drive assertion
    i_hisbuf0_7[7]                   No drive assertion
    i_hisbuf0_7[6]                   No drive assertion
    i_hisbuf0_7[5]                   No drive assertion
    i_hisbuf0_7[4]                   No drive assertion
    i_hisbuf0_7[3]                   No drive assertion
    i_hisbuf0_7[2]                   No drive assertion
    i_hisbuf0_7[1]                   No drive assertion
    i_hisbuf0_7[0]                   No drive assertion
    i_hisbuf1_7[23]                  No drive assertion
    i_hisbuf1_7[22]                  No drive assertion
    i_hisbuf1_7[21]                  No drive assertion
    i_hisbuf1_7[20]                  No drive assertion
    i_hisbuf1_7[19]                  No drive assertion
    i_hisbuf1_7[18]                  No drive assertion
    i_hisbuf1_7[17]                  No drive assertion
    i_hisbuf1_7[16]                  No drive assertion
    i_hisbuf1_7[15]                  No drive assertion
    i_hisbuf1_7[14]                  No drive assertion
    i_hisbuf1_7[13]                  No drive assertion
    i_hisbuf1_7[12]                  No drive assertion
    i_hisbuf1_7[11]                  No drive assertion
    i_hisbuf1_7[10]                  No drive assertion
    i_hisbuf1_7[9]                   No drive assertion
    i_hisbuf1_7[8]                   No drive assertion
    i_hisbuf1_7[7]                   No drive assertion
    i_hisbuf1_7[6]                   No drive assertion
    i_hisbuf1_7[5]                   No drive assertion
    i_hisbuf1_7[4]                   No drive assertion
    i_hisbuf1_7[3]                   No drive assertion
    i_hisbuf1_7[2]                   No drive assertion
    i_hisbuf1_7[1]                   No drive assertion
    i_hisbuf1_7[0]                   No drive assertion
    i_hisbuf2_7[31]                  No drive assertion
    i_hisbuf2_7[30]                  No drive assertion
    i_hisbuf2_7[29]                  No drive assertion
    i_hisbuf2_7[28]                  No drive assertion
    i_hisbuf2_7[27]                  No drive assertion
    i_hisbuf2_7[26]                  No drive assertion
    i_hisbuf2_7[25]                  No drive assertion
    i_hisbuf2_7[24]                  No drive assertion
    i_hisbuf2_7[23]                  No drive assertion
    i_hisbuf2_7[22]                  No drive assertion
    i_hisbuf2_7[21]                  No drive assertion
    i_hisbuf2_7[20]                  No drive assertion
    i_hisbuf2_7[19]                  No drive assertion
    i_hisbuf2_7[18]                  No drive assertion
    i_hisbuf2_7[17]                  No drive assertion
    i_hisbuf2_7[16]                  No drive assertion
    i_hisbuf2_7[15]                  No drive assertion
    i_hisbuf2_7[14]                  No drive assertion
    i_hisbuf2_7[13]                  No drive assertion
    i_hisbuf2_7[12]                  No drive assertion
    i_hisbuf2_7[11]                  No drive assertion
    i_hisbuf2_7[10]                  No drive assertion
    i_hisbuf2_7[9]                   No drive assertion
    i_hisbuf2_7[8]                   No drive assertion
    i_hisbuf2_7[7]                   No drive assertion
    i_hisbuf2_7[6]                   No drive assertion
    i_hisbuf2_7[5]                   No drive assertion
    i_hisbuf2_7[4]                   No drive assertion
    i_hisbuf2_7[3]                   No drive assertion
    i_hisbuf2_7[2]                   No drive assertion
    i_hisbuf2_7[1]                   No drive assertion
    i_hisbuf2_7[0]                   No drive assertion
    i_hisbuf3_7[27]                  No drive assertion
    i_hisbuf3_7[26]                  No drive assertion
    i_hisbuf3_7[25]                  No drive assertion
    i_hisbuf3_7[24]                  No drive assertion
    i_hisbuf3_7[23]                  No drive assertion
    i_hisbuf3_7[22]                  No drive assertion
    i_hisbuf3_7[21]                  No drive assertion
    i_hisbuf3_7[20]                  No drive assertion
    i_hisbuf3_7[19]                  No drive assertion
    i_hisbuf3_7[18]                  No drive assertion
    i_hisbuf3_7[17]                  No drive assertion
    i_hisbuf3_7[16]                  No drive assertion
    i_hisbuf3_7[15]                  No drive assertion
    i_hisbuf3_7[14]                  No drive assertion
    i_hisbuf3_7[13]                  No drive assertion
    i_hisbuf3_7[12]                  No drive assertion
    i_hisbuf3_7[11]                  No drive assertion
    i_hisbuf3_7[10]                  No drive assertion
    i_hisbuf3_7[9]                   No drive assertion
    i_hisbuf3_7[8]                   No drive assertion
    i_hisbuf3_7[7]                   No drive assertion
    i_hisbuf3_7[6]                   No drive assertion
    i_hisbuf3_7[5]                   No drive assertion
    i_hisbuf3_7[4]                   No drive assertion
    i_hisbuf3_7[3]                   No drive assertion
    i_hisbuf3_7[2]                   No drive assertion
    i_hisbuf3_7[1]                   No drive assertion
    i_hisbuf3_7[0]                   No drive assertion
    i_agg_su_count_a[31]             No drive assertion
    i_agg_su_count_a[30]             No drive assertion
    i_agg_su_count_a[29]             No drive assertion
    i_agg_su_count_a[28]             No drive assertion
    i_agg_su_count_a[27]             No drive assertion
    i_agg_su_count_a[26]             No drive assertion
    i_agg_su_count_a[25]             No drive assertion
    i_agg_su_count_a[24]             No drive assertion
    i_agg_su_count_a[23]             No drive assertion
    i_agg_su_count_a[22]             No drive assertion
    i_agg_su_count_a[21]             No drive assertion
    i_agg_su_count_a[20]             No drive assertion
    i_agg_su_count_a[19]             No drive assertion
    i_agg_su_count_a[18]             No drive assertion
    i_agg_su_count_a[17]             No drive assertion
    i_agg_su_count_a[16]             No drive assertion
    i_agg_su_count_a[15]             No drive assertion
    i_agg_su_count_a[14]             No drive assertion
    i_agg_su_count_a[13]             No drive assertion
    i_agg_su_count_a[12]             No drive assertion
    i_agg_su_count_a[11]             No drive assertion
    i_agg_su_count_a[10]             No drive assertion
    i_agg_su_count_a[9]              No drive assertion
    i_agg_su_count_a[8]              No drive assertion
    i_agg_su_count_a[7]              No drive assertion
    i_agg_su_count_a[6]              No drive assertion
    i_agg_su_count_a[5]              No drive assertion
    i_agg_su_count_a[4]              No drive assertion
    i_agg_su_count_a[3]              No drive assertion
    i_agg_su_count_a[2]              No drive assertion
    i_agg_su_count_a[1]              No drive assertion
    i_agg_su_count_a[0]              No drive assertion
    test_se                          No drive assertion
    test_si1                         No drive assertion
    scan_enable                      No drive assertion
    raw_scan_en                      No drive assertion
    i_reset_                         No input delay assertion with respect to clock
    i_sw_init                        No input delay assertion with respect to clock
    i_addr[7]                        No input delay assertion with respect to clock
    i_addr[6]                        No input delay assertion with respect to clock
    i_addr[5]                        No input delay assertion with respect to clock
    i_addr[4]                        No input delay assertion with respect to clock
    i_addr[3]                        No input delay assertion with respect to clock
    i_addr[2]                        No input delay assertion with respect to clock
    i_addr[1]                        No input delay assertion with respect to clock
    i_addr[0]                        No input delay assertion with respect to clock
    i_wr_strb                        No input delay assertion with respect to clock
    i_wr_data[31]                    No input delay assertion with respect to clock
    i_wr_data[30]                    No input delay assertion with respect to clock
    i_wr_data[29]                    No input delay assertion with respect to clock
    i_wr_data[28]                    No input delay assertion with respect to clock
    i_wr_data[27]                    No input delay assertion with respect to clock
    i_wr_data[26]                    No input delay assertion with respect to clock
    i_wr_data[25]                    No input delay assertion with respect to clock
    i_wr_data[24]                    No input delay assertion with respect to clock
    i_wr_data[23]                    No input delay assertion with respect to clock
    i_wr_data[22]                    No input delay assertion with respect to clock
    i_wr_data[21]                    No input delay assertion with respect to clock
    i_wr_data[20]                    No input delay assertion with respect to clock
    i_wr_data[19]                    No input delay assertion with respect to clock
    i_wr_data[18]                    No input delay assertion with respect to clock
    i_wr_data[17]                    No input delay assertion with respect to clock
    i_wr_data[16]                    No input delay assertion with respect to clock
    i_wr_data[15]                    No input delay assertion with respect to clock
    i_wr_data[14]                    No input delay assertion with respect to clock
    i_wr_data[13]                    No input delay assertion with respect to clock
    i_wr_data[12]                    No input delay assertion with respect to clock
    i_wr_data[11]                    No input delay assertion with respect to clock
    i_wr_data[10]                    No input delay assertion with respect to clock
    i_wr_data[9]                     No input delay assertion with respect to clock
    i_wr_data[8]                     No input delay assertion with respect to clock
    i_wr_data[7]                     No input delay assertion with respect to clock
    i_wr_data[6]                     No input delay assertion with respect to clock
    i_wr_data[5]                     No input delay assertion with respect to clock
    i_wr_data[4]                     No input delay assertion with respect to clock
    i_wr_data[3]                     No input delay assertion with respect to clock
    i_wr_data[2]                     No input delay assertion with respect to clock
    i_wr_data[1]                     No input delay assertion with respect to clock
    i_wr_data[0]                     No input delay assertion with respect to clock
    i_rd_strb                        No input delay assertion with respect to clock
    i_revision_config[7]             No input delay assertion with respect to clock
    i_revision_config[6]             No input delay assertion with respect to clock
    i_revision_config[5]             No input delay assertion with respect to clock
    i_revision_config[4]             No input delay assertion with respect to clock
    i_revision_config[3]             No input delay assertion with respect to clock
    i_revision_config[2]             No input delay assertion with respect to clock
    i_revision_config[1]             No input delay assertion with respect to clock
    i_revision_config[0]             No input delay assertion with respect to clock
    i_spare_config[31]               No input delay assertion with respect to clock
    i_spare_config[30]               No input delay assertion with respect to clock
    i_spare_config[29]               No input delay assertion with respect to clock
    i_spare_config[28]               No input delay assertion with respect to clock
    i_spare_config[27]               No input delay assertion with respect to clock
    i_spare_config[26]               No input delay assertion with respect to clock
    i_spare_config[25]               No input delay assertion with respect to clock
    i_spare_config[24]               No input delay assertion with respect to clock
    i_spare_config[23]               No input delay assertion with respect to clock
    i_spare_config[22]               No input delay assertion with respect to clock
    i_spare_config[21]               No input delay assertion with respect to clock
    i_spare_config[20]               No input delay assertion with respect to clock
    i_spare_config[19]               No input delay assertion with respect to clock
    i_spare_config[18]               No input delay assertion with respect to clock
    i_spare_config[17]               No input delay assertion with respect to clock
    i_spare_config[16]               No input delay assertion with respect to clock
    i_spare_config[15]               No input delay assertion with respect to clock
    i_spare_config[14]               No input delay assertion with respect to clock
    i_spare_config[13]               No input delay assertion with respect to clock
    i_spare_config[12]               No input delay assertion with respect to clock
    i_spare_config[11]               No input delay assertion with respect to clock
    i_spare_config[10]               No input delay assertion with respect to clock
    i_spare_config[9]                No input delay assertion with respect to clock
    i_spare_config[8]                No input delay assertion with respect to clock
    i_spare_config[7]                No input delay assertion with respect to clock
    i_spare_config[6]                No input delay assertion with respect to clock
    i_spare_config[5]                No input delay assertion with respect to clock
    i_spare_config[4]                No input delay assertion with respect to clock
    i_spare_config[3]                No input delay assertion with respect to clock
    i_spare_config[2]                No input delay assertion with respect to clock
    i_spare_config[1]                No input delay assertion with respect to clock
    i_spare_config[0]                No input delay assertion with respect to clock
    i_hb_sup[2]                      No input delay assertion with respect to clock
    i_hb_sup[1]                      No input delay assertion with respect to clock
    i_hb_sup[0]                      No input delay assertion with respect to clock
    i_hisbuf0_0[23]                  No input delay assertion with respect to clock
    i_hisbuf0_0[22]                  No input delay assertion with respect to clock
    i_hisbuf0_0[21]                  No input delay assertion with respect to clock
    i_hisbuf0_0[20]                  No input delay assertion with respect to clock
    i_hisbuf0_0[19]                  No input delay assertion with respect to clock
    i_hisbuf0_0[18]                  No input delay assertion with respect to clock
    i_hisbuf0_0[17]                  No input delay assertion with respect to clock
    i_hisbuf0_0[16]                  No input delay assertion with respect to clock
    i_hisbuf0_0[15]                  No input delay assertion with respect to clock
    i_hisbuf0_0[14]                  No input delay assertion with respect to clock
    i_hisbuf0_0[13]                  No input delay assertion with respect to clock
    i_hisbuf0_0[12]                  No input delay assertion with respect to clock
    i_hisbuf0_0[11]                  No input delay assertion with respect to clock
    i_hisbuf0_0[10]                  No input delay assertion with respect to clock
    i_hisbuf0_0[9]                   No input delay assertion with respect to clock
    i_hisbuf0_0[8]                   No input delay assertion with respect to clock
    i_hisbuf0_0[7]                   No input delay assertion with respect to clock
    i_hisbuf0_0[6]                   No input delay assertion with respect to clock
    i_hisbuf0_0[5]                   No input delay assertion with respect to clock
    i_hisbuf0_0[4]                   No input delay assertion with respect to clock
    i_hisbuf0_0[3]                   No input delay assertion with respect to clock
    i_hisbuf0_0[2]                   No input delay assertion with respect to clock
    i_hisbuf0_0[1]                   No input delay assertion with respect to clock
    i_hisbuf0_0[0]                   No input delay assertion with respect to clock
    i_hisbuf1_0[23]                  No input delay assertion with respect to clock
    i_hisbuf1_0[22]                  No input delay assertion with respect to clock
    i_hisbuf1_0[21]                  No input delay assertion with respect to clock
    i_hisbuf1_0[20]                  No input delay assertion with respect to clock
    i_hisbuf1_0[19]                  No input delay assertion with respect to clock
    i_hisbuf1_0[18]                  No input delay assertion with respect to clock
    i_hisbuf1_0[17]                  No input delay assertion with respect to clock
    i_hisbuf1_0[16]                  No input delay assertion with respect to clock
    i_hisbuf1_0[15]                  No input delay assertion with respect to clock
    i_hisbuf1_0[14]                  No input delay assertion with respect to clock
    i_hisbuf1_0[13]                  No input delay assertion with respect to clock
    i_hisbuf1_0[12]                  No input delay assertion with respect to clock
    i_hisbuf1_0[11]                  No input delay assertion with respect to clock
    i_hisbuf1_0[10]                  No input delay assertion with respect to clock
    i_hisbuf1_0[9]                   No input delay assertion with respect to clock
    i_hisbuf1_0[8]                   No input delay assertion with respect to clock
    i_hisbuf1_0[7]                   No input delay assertion with respect to clock
    i_hisbuf1_0[6]                   No input delay assertion with respect to clock
    i_hisbuf1_0[5]                   No input delay assertion with respect to clock
    i_hisbuf1_0[4]                   No input delay assertion with respect to clock
    i_hisbuf1_0[3]                   No input delay assertion with respect to clock
    i_hisbuf1_0[2]                   No input delay assertion with respect to clock
    i_hisbuf1_0[1]                   No input delay assertion with respect to clock
    i_hisbuf1_0[0]                   No input delay assertion with respect to clock
    i_hisbuf2_0[31]                  No input delay assertion with respect to clock
    i_hisbuf2_0[30]                  No input delay assertion with respect to clock
    i_hisbuf2_0[29]                  No input delay assertion with respect to clock
    i_hisbuf2_0[28]                  No input delay assertion with respect to clock
    i_hisbuf2_0[27]                  No input delay assertion with respect to clock
    i_hisbuf2_0[26]                  No input delay assertion with respect to clock
    i_hisbuf2_0[25]                  No input delay assertion with respect to clock
    i_hisbuf2_0[24]                  No input delay assertion with respect to clock
    i_hisbuf2_0[23]                  No input delay assertion with respect to clock
    i_hisbuf2_0[22]                  No input delay assertion with respect to clock
    i_hisbuf2_0[21]                  No input delay assertion with respect to clock
    i_hisbuf2_0[20]                  No input delay assertion with respect to clock
    i_hisbuf2_0[19]                  No input delay assertion with respect to clock
    i_hisbuf2_0[18]                  No input delay assertion with respect to clock
    i_hisbuf2_0[17]                  No input delay assertion with respect to clock
    i_hisbuf2_0[16]                  No input delay assertion with respect to clock
    i_hisbuf2_0[15]                  No input delay assertion with respect to clock
    i_hisbuf2_0[14]                  No input delay assertion with respect to clock
    i_hisbuf2_0[13]                  No input delay assertion with respect to clock
    i_hisbuf2_0[12]                  No input delay assertion with respect to clock
    i_hisbuf2_0[11]                  No input delay assertion with respect to clock
    i_hisbuf2_0[10]                  No input delay assertion with respect to clock
    i_hisbuf2_0[9]                   No input delay assertion with respect to clock
    i_hisbuf2_0[8]                   No input delay assertion with respect to clock
    i_hisbuf2_0[7]                   No input delay assertion with respect to clock
    i_hisbuf2_0[6]                   No input delay assertion with respect to clock
    i_hisbuf2_0[5]                   No input delay assertion with respect to clock
    i_hisbuf2_0[4]                   No input delay assertion with respect to clock
    i_hisbuf2_0[3]                   No input delay assertion with respect to clock
    i_hisbuf2_0[2]                   No input delay assertion with respect to clock
    i_hisbuf2_0[1]                   No input delay assertion with respect to clock
    i_hisbuf2_0[0]                   No input delay assertion with respect to clock
    i_hisbuf3_0[27]                  No input delay assertion with respect to clock
    i_hisbuf3_0[26]                  No input delay assertion with respect to clock
    i_hisbuf3_0[25]                  No input delay assertion with respect to clock
    i_hisbuf3_0[24]                  No input delay assertion with respect to clock
    i_hisbuf3_0[23]                  No input delay assertion with respect to clock
    i_hisbuf3_0[22]                  No input delay assertion with respect to clock
    i_hisbuf3_0[21]                  No input delay assertion with respect to clock
    i_hisbuf3_0[20]                  No input delay assertion with respect to clock
    i_hisbuf3_0[19]                  No input delay assertion with respect to clock
    i_hisbuf3_0[18]                  No input delay assertion with respect to clock
    i_hisbuf3_0[17]                  No input delay assertion with respect to clock
    i_hisbuf3_0[16]                  No input delay assertion with respect to clock
    i_hisbuf3_0[15]                  No input delay assertion with respect to clock
    i_hisbuf3_0[14]                  No input delay assertion with respect to clock
    i_hisbuf3_0[13]                  No input delay assertion with respect to clock
    i_hisbuf3_0[12]                  No input delay assertion with respect to clock
    i_hisbuf3_0[11]                  No input delay assertion with respect to clock
    i_hisbuf3_0[10]                  No input delay assertion with respect to clock
    i_hisbuf3_0[9]                   No input delay assertion with respect to clock
    i_hisbuf3_0[8]                   No input delay assertion with respect to clock
    i_hisbuf3_0[7]                   No input delay assertion with respect to clock
    i_hisbuf3_0[6]                   No input delay assertion with respect to clock
    i_hisbuf3_0[5]                   No input delay assertion with respect to clock
    i_hisbuf3_0[4]                   No input delay assertion with respect to clock
    i_hisbuf3_0[3]                   No input delay assertion with respect to clock
    i_hisbuf3_0[2]                   No input delay assertion with respect to clock
    i_hisbuf3_0[1]                   No input delay assertion with respect to clock
    i_hisbuf3_0[0]                   No input delay assertion with respect to clock
    i_hisbuf0_1[23]                  No input delay assertion with respect to clock
    i_hisbuf0_1[22]                  No input delay assertion with respect to clock
    i_hisbuf0_1[21]                  No input delay assertion with respect to clock
    i_hisbuf0_1[20]                  No input delay assertion with respect to clock
    i_hisbuf0_1[19]                  No input delay assertion with respect to clock
    i_hisbuf0_1[18]                  No input delay assertion with respect to clock
    i_hisbuf0_1[17]                  No input delay assertion with respect to clock
    i_hisbuf0_1[16]                  No input delay assertion with respect to clock
    i_hisbuf0_1[15]                  No input delay assertion with respect to clock
    i_hisbuf0_1[14]                  No input delay assertion with respect to clock
    i_hisbuf0_1[13]                  No input delay assertion with respect to clock
    i_hisbuf0_1[12]                  No input delay assertion with respect to clock
    i_hisbuf0_1[11]                  No input delay assertion with respect to clock
    i_hisbuf0_1[10]                  No input delay assertion with respect to clock
    i_hisbuf0_1[9]                   No input delay assertion with respect to clock
    i_hisbuf0_1[8]                   No input delay assertion with respect to clock
    i_hisbuf0_1[7]                   No input delay assertion with respect to clock
    i_hisbuf0_1[6]                   No input delay assertion with respect to clock
    i_hisbuf0_1[5]                   No input delay assertion with respect to clock
    i_hisbuf0_1[4]                   No input delay assertion with respect to clock
    i_hisbuf0_1[3]                   No input delay assertion with respect to clock
    i_hisbuf0_1[2]                   No input delay assertion with respect to clock
    i_hisbuf0_1[1]                   No input delay assertion with respect to clock
    i_hisbuf0_1[0]                   No input delay assertion with respect to clock
    i_hisbuf1_1[23]                  No input delay assertion with respect to clock
    i_hisbuf1_1[22]                  No input delay assertion with respect to clock
    i_hisbuf1_1[21]                  No input delay assertion with respect to clock
    i_hisbuf1_1[20]                  No input delay assertion with respect to clock
    i_hisbuf1_1[19]                  No input delay assertion with respect to clock
    i_hisbuf1_1[18]                  No input delay assertion with respect to clock
    i_hisbuf1_1[17]                  No input delay assertion with respect to clock
    i_hisbuf1_1[16]                  No input delay assertion with respect to clock
    i_hisbuf1_1[15]                  No input delay assertion with respect to clock
    i_hisbuf1_1[14]                  No input delay assertion with respect to clock
    i_hisbuf1_1[13]                  No input delay assertion with respect to clock
    i_hisbuf1_1[12]                  No input delay assertion with respect to clock
    i_hisbuf1_1[11]                  No input delay assertion with respect to clock
    i_hisbuf1_1[10]                  No input delay assertion with respect to clock
    i_hisbuf1_1[9]                   No input delay assertion with respect to clock
    i_hisbuf1_1[8]                   No input delay assertion with respect to clock
    i_hisbuf1_1[7]                   No input delay assertion with respect to clock
    i_hisbuf1_1[6]                   No input delay assertion with respect to clock
    i_hisbuf1_1[5]                   No input delay assertion with respect to clock
    i_hisbuf1_1[4]                   No input delay assertion with respect to clock
    i_hisbuf1_1[3]                   No input delay assertion with respect to clock
    i_hisbuf1_1[2]                   No input delay assertion with respect to clock
    i_hisbuf1_1[1]                   No input delay assertion with respect to clock
    i_hisbuf1_1[0]                   No input delay assertion with respect to clock
    i_hisbuf2_1[31]                  No input delay assertion with respect to clock
    i_hisbuf2_1[30]                  No input delay assertion with respect to clock
    i_hisbuf2_1[29]                  No input delay assertion with respect to clock
    i_hisbuf2_1[28]                  No input delay assertion with respect to clock
    i_hisbuf2_1[27]                  No input delay assertion with respect to clock
    i_hisbuf2_1[26]                  No input delay assertion with respect to clock
    i_hisbuf2_1[25]                  No input delay assertion with respect to clock
    i_hisbuf2_1[24]                  No input delay assertion with respect to clock
    i_hisbuf2_1[23]                  No input delay assertion with respect to clock
    i_hisbuf2_1[22]                  No input delay assertion with respect to clock
    i_hisbuf2_1[21]                  No input delay assertion with respect to clock
    i_hisbuf2_1[20]                  No input delay assertion with respect to clock
    i_hisbuf2_1[19]                  No input delay assertion with respect to clock
    i_hisbuf2_1[18]                  No input delay assertion with respect to clock
    i_hisbuf2_1[17]                  No input delay assertion with respect to clock
    i_hisbuf2_1[16]                  No input delay assertion with respect to clock
    i_hisbuf2_1[15]                  No input delay assertion with respect to clock
    i_hisbuf2_1[14]                  No input delay assertion with respect to clock
    i_hisbuf2_1[13]                  No input delay assertion with respect to clock
    i_hisbuf2_1[12]                  No input delay assertion with respect to clock
    i_hisbuf2_1[11]                  No input delay assertion with respect to clock
    i_hisbuf2_1[10]                  No input delay assertion with respect to clock
    i_hisbuf2_1[9]                   No input delay assertion with respect to clock
    i_hisbuf2_1[8]                   No input delay assertion with respect to clock
    i_hisbuf2_1[7]                   No input delay assertion with respect to clock
    i_hisbuf2_1[6]                   No input delay assertion with respect to clock
    i_hisbuf2_1[5]                   No input delay assertion with respect to clock
    i_hisbuf2_1[4]                   No input delay assertion with respect to clock
    i_hisbuf2_1[3]                   No input delay assertion with respect to clock
    i_hisbuf2_1[2]                   No input delay assertion with respect to clock
    i_hisbuf2_1[1]                   No input delay assertion with respect to clock
    i_hisbuf2_1[0]                   No input delay assertion with respect to clock
    i_hisbuf3_1[27]                  No input delay assertion with respect to clock
    i_hisbuf3_1[26]                  No input delay assertion with respect to clock
    i_hisbuf3_1[25]                  No input delay assertion with respect to clock
    i_hisbuf3_1[24]                  No input delay assertion with respect to clock
    i_hisbuf3_1[23]                  No input delay assertion with respect to clock
    i_hisbuf3_1[22]                  No input delay assertion with respect to clock
    i_hisbuf3_1[21]                  No input delay assertion with respect to clock
    i_hisbuf3_1[20]                  No input delay assertion with respect to clock
    i_hisbuf3_1[19]                  No input delay assertion with respect to clock
    i_hisbuf3_1[18]                  No input delay assertion with respect to clock
    i_hisbuf3_1[17]                  No input delay assertion with respect to clock
    i_hisbuf3_1[16]                  No input delay assertion with respect to clock
    i_hisbuf3_1[15]                  No input delay assertion with respect to clock
    i_hisbuf3_1[14]                  No input delay assertion with respect to clock
    i_hisbuf3_1[13]                  No input delay assertion with respect to clock
    i_hisbuf3_1[12]                  No input delay assertion with respect to clock
    i_hisbuf3_1[11]                  No input delay assertion with respect to clock
    i_hisbuf3_1[10]                  No input delay assertion with respect to clock
    i_hisbuf3_1[9]                   No input delay assertion with respect to clock
    i_hisbuf3_1[8]                   No input delay assertion with respect to clock
    i_hisbuf3_1[7]                   No input delay assertion with respect to clock
    i_hisbuf3_1[6]                   No input delay assertion with respect to clock
    i_hisbuf3_1[5]                   No input delay assertion with respect to clock
    i_hisbuf3_1[4]                   No input delay assertion with respect to clock
    i_hisbuf3_1[3]                   No input delay assertion with respect to clock
    i_hisbuf3_1[2]                   No input delay assertion with respect to clock
    i_hisbuf3_1[1]                   No input delay assertion with respect to clock
    i_hisbuf3_1[0]                   No input delay assertion with respect to clock
    i_hisbuf0_2[23]                  No input delay assertion with respect to clock
    i_hisbuf0_2[22]                  No input delay assertion with respect to clock
    i_hisbuf0_2[21]                  No input delay assertion with respect to clock
    i_hisbuf0_2[20]                  No input delay assertion with respect to clock
    i_hisbuf0_2[19]                  No input delay assertion with respect to clock
    i_hisbuf0_2[18]                  No input delay assertion with respect to clock
    i_hisbuf0_2[17]                  No input delay assertion with respect to clock
    i_hisbuf0_2[16]                  No input delay assertion with respect to clock
    i_hisbuf0_2[15]                  No input delay assertion with respect to clock
    i_hisbuf0_2[14]                  No input delay assertion with respect to clock
    i_hisbuf0_2[13]                  No input delay assertion with respect to clock
    i_hisbuf0_2[12]                  No input delay assertion with respect to clock
    i_hisbuf0_2[11]                  No input delay assertion with respect to clock
    i_hisbuf0_2[10]                  No input delay assertion with respect to clock
    i_hisbuf0_2[9]                   No input delay assertion with respect to clock
    i_hisbuf0_2[8]                   No input delay assertion with respect to clock
    i_hisbuf0_2[7]                   No input delay assertion with respect to clock
    i_hisbuf0_2[6]                   No input delay assertion with respect to clock
    i_hisbuf0_2[5]                   No input delay assertion with respect to clock
    i_hisbuf0_2[4]                   No input delay assertion with respect to clock
    i_hisbuf0_2[3]                   No input delay assertion with respect to clock
    i_hisbuf0_2[2]                   No input delay assertion with respect to clock
    i_hisbuf0_2[1]                   No input delay assertion with respect to clock
    i_hisbuf0_2[0]                   No input delay assertion with respect to clock
    i_hisbuf1_2[23]                  No input delay assertion with respect to clock
    i_hisbuf1_2[22]                  No input delay assertion with respect to clock
    i_hisbuf1_2[21]                  No input delay assertion with respect to clock
    i_hisbuf1_2[20]                  No input delay assertion with respect to clock
    i_hisbuf1_2[19]                  No input delay assertion with respect to clock
    i_hisbuf1_2[18]                  No input delay assertion with respect to clock
    i_hisbuf1_2[17]                  No input delay assertion with respect to clock
    i_hisbuf1_2[16]                  No input delay assertion with respect to clock
    i_hisbuf1_2[15]                  No input delay assertion with respect to clock
    i_hisbuf1_2[14]                  No input delay assertion with respect to clock
    i_hisbuf1_2[13]                  No input delay assertion with respect to clock
    i_hisbuf1_2[12]                  No input delay assertion with respect to clock
    i_hisbuf1_2[11]                  No input delay assertion with respect to clock
    i_hisbuf1_2[10]                  No input delay assertion with respect to clock
    i_hisbuf1_2[9]                   No input delay assertion with respect to clock
    i_hisbuf1_2[8]                   No input delay assertion with respect to clock
    i_hisbuf1_2[7]                   No input delay assertion with respect to clock
    i_hisbuf1_2[6]                   No input delay assertion with respect to clock
    i_hisbuf1_2[5]                   No input delay assertion with respect to clock
    i_hisbuf1_2[4]                   No input delay assertion with respect to clock
    i_hisbuf1_2[3]                   No input delay assertion with respect to clock
    i_hisbuf1_2[2]                   No input delay assertion with respect to clock
    i_hisbuf1_2[1]                   No input delay assertion with respect to clock
    i_hisbuf1_2[0]                   No input delay assertion with respect to clock
    i_hisbuf2_2[31]                  No input delay assertion with respect to clock
    i_hisbuf2_2[30]                  No input delay assertion with respect to clock
    i_hisbuf2_2[29]                  No input delay assertion with respect to clock
    i_hisbuf2_2[28]                  No input delay assertion with respect to clock
    i_hisbuf2_2[27]                  No input delay assertion with respect to clock
    i_hisbuf2_2[26]                  No input delay assertion with respect to clock
    i_hisbuf2_2[25]                  No input delay assertion with respect to clock
    i_hisbuf2_2[24]                  No input delay assertion with respect to clock
    i_hisbuf2_2[23]                  No input delay assertion with respect to clock
    i_hisbuf2_2[22]                  No input delay assertion with respect to clock
    i_hisbuf2_2[21]                  No input delay assertion with respect to clock
    i_hisbuf2_2[20]                  No input delay assertion with respect to clock
    i_hisbuf2_2[19]                  No input delay assertion with respect to clock
    i_hisbuf2_2[18]                  No input delay assertion with respect to clock
    i_hisbuf2_2[17]                  No input delay assertion with respect to clock
    i_hisbuf2_2[16]                  No input delay assertion with respect to clock
    i_hisbuf2_2[15]                  No input delay assertion with respect to clock
    i_hisbuf2_2[14]                  No input delay assertion with respect to clock
    i_hisbuf2_2[13]                  No input delay assertion with respect to clock
    i_hisbuf2_2[12]                  No input delay assertion with respect to clock
    i_hisbuf2_2[11]                  No input delay assertion with respect to clock
    i_hisbuf2_2[10]                  No input delay assertion with respect to clock
    i_hisbuf2_2[9]                   No input delay assertion with respect to clock
    i_hisbuf2_2[8]                   No input delay assertion with respect to clock
    i_hisbuf2_2[7]                   No input delay assertion with respect to clock
    i_hisbuf2_2[6]                   No input delay assertion with respect to clock
    i_hisbuf2_2[5]                   No input delay assertion with respect to clock
    i_hisbuf2_2[4]                   No input delay assertion with respect to clock
    i_hisbuf2_2[3]                   No input delay assertion with respect to clock
    i_hisbuf2_2[2]                   No input delay assertion with respect to clock
    i_hisbuf2_2[1]                   No input delay assertion with respect to clock
    i_hisbuf2_2[0]                   No input delay assertion with respect to clock
    i_hisbuf3_2[27]                  No input delay assertion with respect to clock
    i_hisbuf3_2[26]                  No input delay assertion with respect to clock
    i_hisbuf3_2[25]                  No input delay assertion with respect to clock
    i_hisbuf3_2[24]                  No input delay assertion with respect to clock
    i_hisbuf3_2[23]                  No input delay assertion with respect to clock
    i_hisbuf3_2[22]                  No input delay assertion with respect to clock
    i_hisbuf3_2[21]                  No input delay assertion with respect to clock
    i_hisbuf3_2[20]                  No input delay assertion with respect to clock
    i_hisbuf3_2[19]                  No input delay assertion with respect to clock
    i_hisbuf3_2[18]                  No input delay assertion with respect to clock
    i_hisbuf3_2[17]                  No input delay assertion with respect to clock
    i_hisbuf3_2[16]                  No input delay assertion with respect to clock
    i_hisbuf3_2[15]                  No input delay assertion with respect to clock
    i_hisbuf3_2[14]                  No input delay assertion with respect to clock
    i_hisbuf3_2[13]                  No input delay assertion with respect to clock
    i_hisbuf3_2[12]                  No input delay assertion with respect to clock
    i_hisbuf3_2[11]                  No input delay assertion with respect to clock
    i_hisbuf3_2[10]                  No input delay assertion with respect to clock
    i_hisbuf3_2[9]                   No input delay assertion with respect to clock
    i_hisbuf3_2[8]                   No input delay assertion with respect to clock
    i_hisbuf3_2[7]                   No input delay assertion with respect to clock
    i_hisbuf3_2[6]                   No input delay assertion with respect to clock
    i_hisbuf3_2[5]                   No input delay assertion with respect to clock
    i_hisbuf3_2[4]                   No input delay assertion with respect to clock
    i_hisbuf3_2[3]                   No input delay assertion with respect to clock
    i_hisbuf3_2[2]                   No input delay assertion with respect to clock
    i_hisbuf3_2[1]                   No input delay assertion with respect to clock
    i_hisbuf3_2[0]                   No input delay assertion with respect to clock
    i_hisbuf0_3[23]                  No input delay assertion with respect to clock
    i_hisbuf0_3[22]                  No input delay assertion with respect to clock
    i_hisbuf0_3[21]                  No input delay assertion with respect to clock
    i_hisbuf0_3[20]                  No input delay assertion with respect to clock
    i_hisbuf0_3[19]                  No input delay assertion with respect to clock
    i_hisbuf0_3[18]                  No input delay assertion with respect to clock
    i_hisbuf0_3[17]                  No input delay assertion with respect to clock
    i_hisbuf0_3[16]                  No input delay assertion with respect to clock
    i_hisbuf0_3[15]                  No input delay assertion with respect to clock
    i_hisbuf0_3[14]                  No input delay assertion with respect to clock
    i_hisbuf0_3[13]                  No input delay assertion with respect to clock
    i_hisbuf0_3[12]                  No input delay assertion with respect to clock
    i_hisbuf0_3[11]                  No input delay assertion with respect to clock
    i_hisbuf0_3[10]                  No input delay assertion with respect to clock
    i_hisbuf0_3[9]                   No input delay assertion with respect to clock
    i_hisbuf0_3[8]                   No input delay assertion with respect to clock
    i_hisbuf0_3[7]                   No input delay assertion with respect to clock
    i_hisbuf0_3[6]                   No input delay assertion with respect to clock
    i_hisbuf0_3[5]                   No input delay assertion with respect to clock
    i_hisbuf0_3[4]                   No input delay assertion with respect to clock
    i_hisbuf0_3[3]                   No input delay assertion with respect to clock
    i_hisbuf0_3[2]                   No input delay assertion with respect to clock
    i_hisbuf0_3[1]                   No input delay assertion with respect to clock
    i_hisbuf0_3[0]                   No input delay assertion with respect to clock
    i_hisbuf1_3[23]                  No input delay assertion with respect to clock
    i_hisbuf1_3[22]                  No input delay assertion with respect to clock
    i_hisbuf1_3[21]                  No input delay assertion with respect to clock
    i_hisbuf1_3[20]                  No input delay assertion with respect to clock
    i_hisbuf1_3[19]                  No input delay assertion with respect to clock
    i_hisbuf1_3[18]                  No input delay assertion with respect to clock
    i_hisbuf1_3[17]                  No input delay assertion with respect to clock
    i_hisbuf1_3[16]                  No input delay assertion with respect to clock
    i_hisbuf1_3[15]                  No input delay assertion with respect to clock
    i_hisbuf1_3[14]                  No input delay assertion with respect to clock
    i_hisbuf1_3[13]                  No input delay assertion with respect to clock
    i_hisbuf1_3[12]                  No input delay assertion with respect to clock
    i_hisbuf1_3[11]                  No input delay assertion with respect to clock
    i_hisbuf1_3[10]                  No input delay assertion with respect to clock
    i_hisbuf1_3[9]                   No input delay assertion with respect to clock
    i_hisbuf1_3[8]                   No input delay assertion with respect to clock
    i_hisbuf1_3[7]                   No input delay assertion with respect to clock
    i_hisbuf1_3[6]                   No input delay assertion with respect to clock
    i_hisbuf1_3[5]                   No input delay assertion with respect to clock
    i_hisbuf1_3[4]                   No input delay assertion with respect to clock
    i_hisbuf1_3[3]                   No input delay assertion with respect to clock
    i_hisbuf1_3[2]                   No input delay assertion with respect to clock
    i_hisbuf1_3[1]                   No input delay assertion with respect to clock
    i_hisbuf1_3[0]                   No input delay assertion with respect to clock
    i_hisbuf2_3[31]                  No input delay assertion with respect to clock
    i_hisbuf2_3[30]                  No input delay assertion with respect to clock
    i_hisbuf2_3[29]                  No input delay assertion with respect to clock
    i_hisbuf2_3[28]                  No input delay assertion with respect to clock
    i_hisbuf2_3[27]                  No input delay assertion with respect to clock
    i_hisbuf2_3[26]                  No input delay assertion with respect to clock
    i_hisbuf2_3[25]                  No input delay assertion with respect to clock
    i_hisbuf2_3[24]                  No input delay assertion with respect to clock
    i_hisbuf2_3[23]                  No input delay assertion with respect to clock
    i_hisbuf2_3[22]                  No input delay assertion with respect to clock
    i_hisbuf2_3[21]                  No input delay assertion with respect to clock
    i_hisbuf2_3[20]                  No input delay assertion with respect to clock
    i_hisbuf2_3[19]                  No input delay assertion with respect to clock
    i_hisbuf2_3[18]                  No input delay assertion with respect to clock
    i_hisbuf2_3[17]                  No input delay assertion with respect to clock
    i_hisbuf2_3[16]                  No input delay assertion with respect to clock
    i_hisbuf2_3[15]                  No input delay assertion with respect to clock
    i_hisbuf2_3[14]                  No input delay assertion with respect to clock
    i_hisbuf2_3[13]                  No input delay assertion with respect to clock
    i_hisbuf2_3[12]                  No input delay assertion with respect to clock
    i_hisbuf2_3[11]                  No input delay assertion with respect to clock
    i_hisbuf2_3[10]                  No input delay assertion with respect to clock
    i_hisbuf2_3[9]                   No input delay assertion with respect to clock
    i_hisbuf2_3[8]                   No input delay assertion with respect to clock
    i_hisbuf2_3[7]                   No input delay assertion with respect to clock
    i_hisbuf2_3[6]                   No input delay assertion with respect to clock
    i_hisbuf2_3[5]                   No input delay assertion with respect to clock
    i_hisbuf2_3[4]                   No input delay assertion with respect to clock
    i_hisbuf2_3[3]                   No input delay assertion with respect to clock
    i_hisbuf2_3[2]                   No input delay assertion with respect to clock
    i_hisbuf2_3[1]                   No input delay assertion with respect to clock
    i_hisbuf2_3[0]                   No input delay assertion with respect to clock
    i_hisbuf3_3[27]                  No input delay assertion with respect to clock
    i_hisbuf3_3[26]                  No input delay assertion with respect to clock
    i_hisbuf3_3[25]                  No input delay assertion with respect to clock
    i_hisbuf3_3[24]                  No input delay assertion with respect to clock
    i_hisbuf3_3[23]                  No input delay assertion with respect to clock
    i_hisbuf3_3[22]                  No input delay assertion with respect to clock
    i_hisbuf3_3[21]                  No input delay assertion with respect to clock
    i_hisbuf3_3[20]                  No input delay assertion with respect to clock
    i_hisbuf3_3[19]                  No input delay assertion with respect to clock
    i_hisbuf3_3[18]                  No input delay assertion with respect to clock
    i_hisbuf3_3[17]                  No input delay assertion with respect to clock
    i_hisbuf3_3[16]                  No input delay assertion with respect to clock
    i_hisbuf3_3[15]                  No input delay assertion with respect to clock
    i_hisbuf3_3[14]                  No input delay assertion with respect to clock
    i_hisbuf3_3[13]                  No input delay assertion with respect to clock
    i_hisbuf3_3[12]                  No input delay assertion with respect to clock
    i_hisbuf3_3[11]                  No input delay assertion with respect to clock
    i_hisbuf3_3[10]                  No input delay assertion with respect to clock
    i_hisbuf3_3[9]                   No input delay assertion with respect to clock
    i_hisbuf3_3[8]                   No input delay assertion with respect to clock
    i_hisbuf3_3[7]                   No input delay assertion with respect to clock
    i_hisbuf3_3[6]                   No input delay assertion with respect to clock
    i_hisbuf3_3[5]                   No input delay assertion with respect to clock
    i_hisbuf3_3[4]                   No input delay assertion with respect to clock
    i_hisbuf3_3[3]                   No input delay assertion with respect to clock
    i_hisbuf3_3[2]                   No input delay assertion with respect to clock
    i_hisbuf3_3[1]                   No input delay assertion with respect to clock
    i_hisbuf3_3[0]                   No input delay assertion with respect to clock
    i_hisbuf0_4[23]                  No input delay assertion with respect to clock
    i_hisbuf0_4[22]                  No input delay assertion with respect to clock
    i_hisbuf0_4[21]                  No input delay assertion with respect to clock
    i_hisbuf0_4[20]                  No input delay assertion with respect to clock
    i_hisbuf0_4[19]                  No input delay assertion with respect to clock
    i_hisbuf0_4[18]                  No input delay assertion with respect to clock
    i_hisbuf0_4[17]                  No input delay assertion with respect to clock
    i_hisbuf0_4[16]                  No input delay assertion with respect to clock
    i_hisbuf0_4[15]                  No input delay assertion with respect to clock
    i_hisbuf0_4[14]                  No input delay assertion with respect to clock
    i_hisbuf0_4[13]                  No input delay assertion with respect to clock
    i_hisbuf0_4[12]                  No input delay assertion with respect to clock
    i_hisbuf0_4[11]                  No input delay assertion with respect to clock
    i_hisbuf0_4[10]                  No input delay assertion with respect to clock
    i_hisbuf0_4[9]                   No input delay assertion with respect to clock
    i_hisbuf0_4[8]                   No input delay assertion with respect to clock
    i_hisbuf0_4[7]                   No input delay assertion with respect to clock
    i_hisbuf0_4[6]                   No input delay assertion with respect to clock
    i_hisbuf0_4[5]                   No input delay assertion with respect to clock
    i_hisbuf0_4[4]                   No input delay assertion with respect to clock
    i_hisbuf0_4[3]                   No input delay assertion with respect to clock
    i_hisbuf0_4[2]                   No input delay assertion with respect to clock
    i_hisbuf0_4[1]                   No input delay assertion with respect to clock
    i_hisbuf0_4[0]                   No input delay assertion with respect to clock
    i_hisbuf1_4[23]                  No input delay assertion with respect to clock
    i_hisbuf1_4[22]                  No input delay assertion with respect to clock
    i_hisbuf1_4[21]                  No input delay assertion with respect to clock
    i_hisbuf1_4[20]                  No input delay assertion with respect to clock
    i_hisbuf1_4[19]                  No input delay assertion with respect to clock
    i_hisbuf1_4[18]                  No input delay assertion with respect to clock
    i_hisbuf1_4[17]                  No input delay assertion with respect to clock
    i_hisbuf1_4[16]                  No input delay assertion with respect to clock
    i_hisbuf1_4[15]                  No input delay assertion with respect to clock
    i_hisbuf1_4[14]                  No input delay assertion with respect to clock
    i_hisbuf1_4[13]                  No input delay assertion with respect to clock
    i_hisbuf1_4[12]                  No input delay assertion with respect to clock
    i_hisbuf1_4[11]                  No input delay assertion with respect to clock
    i_hisbuf1_4[10]                  No input delay assertion with respect to clock
    i_hisbuf1_4[9]                   No input delay assertion with respect to clock
    i_hisbuf1_4[8]                   No input delay assertion with respect to clock
    i_hisbuf1_4[7]                   No input delay assertion with respect to clock
    i_hisbuf1_4[6]                   No input delay assertion with respect to clock
    i_hisbuf1_4[5]                   No input delay assertion with respect to clock
    i_hisbuf1_4[4]                   No input delay assertion with respect to clock
    i_hisbuf1_4[3]                   No input delay assertion with respect to clock
    i_hisbuf1_4[2]                   No input delay assertion with respect to clock
    i_hisbuf1_4[1]                   No input delay assertion with respect to clock
    i_hisbuf1_4[0]                   No input delay assertion with respect to clock
    i_hisbuf2_4[31]                  No input delay assertion with respect to clock
    i_hisbuf2_4[30]                  No input delay assertion with respect to clock
    i_hisbuf2_4[29]                  No input delay assertion with respect to clock
    i_hisbuf2_4[28]                  No input delay assertion with respect to clock
    i_hisbuf2_4[27]                  No input delay assertion with respect to clock
    i_hisbuf2_4[26]                  No input delay assertion with respect to clock
    i_hisbuf2_4[25]                  No input delay assertion with respect to clock
    i_hisbuf2_4[24]                  No input delay assertion with respect to clock
    i_hisbuf2_4[23]                  No input delay assertion with respect to clock
    i_hisbuf2_4[22]                  No input delay assertion with respect to clock
    i_hisbuf2_4[21]                  No input delay assertion with respect to clock
    i_hisbuf2_4[20]                  No input delay assertion with respect to clock
    i_hisbuf2_4[19]                  No input delay assertion with respect to clock
    i_hisbuf2_4[18]                  No input delay assertion with respect to clock
    i_hisbuf2_4[17]                  No input delay assertion with respect to clock
    i_hisbuf2_4[16]                  No input delay assertion with respect to clock
    i_hisbuf2_4[15]                  No input delay assertion with respect to clock
    i_hisbuf2_4[14]                  No input delay assertion with respect to clock
    i_hisbuf2_4[13]                  No input delay assertion with respect to clock
    i_hisbuf2_4[12]                  No input delay assertion with respect to clock
    i_hisbuf2_4[11]                  No input delay assertion with respect to clock
    i_hisbuf2_4[10]                  No input delay assertion with respect to clock
    i_hisbuf2_4[9]                   No input delay assertion with respect to clock
    i_hisbuf2_4[8]                   No input delay assertion with respect to clock
    i_hisbuf2_4[7]                   No input delay assertion with respect to clock
    i_hisbuf2_4[6]                   No input delay assertion with respect to clock
    i_hisbuf2_4[5]                   No input delay assertion with respect to clock
    i_hisbuf2_4[4]                   No input delay assertion with respect to clock
    i_hisbuf2_4[3]                   No input delay assertion with respect to clock
    i_hisbuf2_4[2]                   No input delay assertion with respect to clock
    i_hisbuf2_4[1]                   No input delay assertion with respect to clock
    i_hisbuf2_4[0]                   No input delay assertion with respect to clock
    i_hisbuf3_4[27]                  No input delay assertion with respect to clock
    i_hisbuf3_4[26]                  No input delay assertion with respect to clock
    i_hisbuf3_4[25]                  No input delay assertion with respect to clock
    i_hisbuf3_4[24]                  No input delay assertion with respect to clock
    i_hisbuf3_4[23]                  No input delay assertion with respect to clock
    i_hisbuf3_4[22]                  No input delay assertion with respect to clock
    i_hisbuf3_4[21]                  No input delay assertion with respect to clock
    i_hisbuf3_4[20]                  No input delay assertion with respect to clock
    i_hisbuf3_4[19]                  No input delay assertion with respect to clock
    i_hisbuf3_4[18]                  No input delay assertion with respect to clock
    i_hisbuf3_4[17]                  No input delay assertion with respect to clock
    i_hisbuf3_4[16]                  No input delay assertion with respect to clock
    i_hisbuf3_4[15]                  No input delay assertion with respect to clock
    i_hisbuf3_4[14]                  No input delay assertion with respect to clock
    i_hisbuf3_4[13]                  No input delay assertion with respect to clock
    i_hisbuf3_4[12]                  No input delay assertion with respect to clock
    i_hisbuf3_4[11]                  No input delay assertion with respect to clock
    i_hisbuf3_4[10]                  No input delay assertion with respect to clock
    i_hisbuf3_4[9]                   No input delay assertion with respect to clock
    i_hisbuf3_4[8]                   No input delay assertion with respect to clock
    i_hisbuf3_4[7]                   No input delay assertion with respect to clock
    i_hisbuf3_4[6]                   No input delay assertion with respect to clock
    i_hisbuf3_4[5]                   No input delay assertion with respect to clock
    i_hisbuf3_4[4]                   No input delay assertion with respect to clock
    i_hisbuf3_4[3]                   No input delay assertion with respect to clock
    i_hisbuf3_4[2]                   No input delay assertion with respect to clock
    i_hisbuf3_4[1]                   No input delay assertion with respect to clock
    i_hisbuf3_4[0]                   No input delay assertion with respect to clock
    i_hisbuf0_5[23]                  No input delay assertion with respect to clock
    i_hisbuf0_5[22]                  No input delay assertion with respect to clock
    i_hisbuf0_5[21]                  No input delay assertion with respect to clock
    i_hisbuf0_5[20]                  No input delay assertion with respect to clock
    i_hisbuf0_5[19]                  No input delay assertion with respect to clock
    i_hisbuf0_5[18]                  No input delay assertion with respect to clock
    i_hisbuf0_5[17]                  No input delay assertion with respect to clock
    i_hisbuf0_5[16]                  No input delay assertion with respect to clock
    i_hisbuf0_5[15]                  No input delay assertion with respect to clock
    i_hisbuf0_5[14]                  No input delay assertion with respect to clock
    i_hisbuf0_5[13]                  No input delay assertion with respect to clock
    i_hisbuf0_5[12]                  No input delay assertion with respect to clock
    i_hisbuf0_5[11]                  No input delay assertion with respect to clock
    i_hisbuf0_5[10]                  No input delay assertion with respect to clock
    i_hisbuf0_5[9]                   No input delay assertion with respect to clock
    i_hisbuf0_5[8]                   No input delay assertion with respect to clock
    i_hisbuf0_5[7]                   No input delay assertion with respect to clock
    i_hisbuf0_5[6]                   No input delay assertion with respect to clock
    i_hisbuf0_5[5]                   No input delay assertion with respect to clock
    i_hisbuf0_5[4]                   No input delay assertion with respect to clock
    i_hisbuf0_5[3]                   No input delay assertion with respect to clock
    i_hisbuf0_5[2]                   No input delay assertion with respect to clock
    i_hisbuf0_5[1]                   No input delay assertion with respect to clock
    i_hisbuf0_5[0]                   No input delay assertion with respect to clock
    i_hisbuf1_5[23]                  No input delay assertion with respect to clock
    i_hisbuf1_5[22]                  No input delay assertion with respect to clock
    i_hisbuf1_5[21]                  No input delay assertion with respect to clock
    i_hisbuf1_5[20]                  No input delay assertion with respect to clock
    i_hisbuf1_5[19]                  No input delay assertion with respect to clock
    i_hisbuf1_5[18]                  No input delay assertion with respect to clock
    i_hisbuf1_5[17]                  No input delay assertion with respect to clock
    i_hisbuf1_5[16]                  No input delay assertion with respect to clock
    i_hisbuf1_5[15]                  No input delay assertion with respect to clock
    i_hisbuf1_5[14]                  No input delay assertion with respect to clock
    i_hisbuf1_5[13]                  No input delay assertion with respect to clock
    i_hisbuf1_5[12]                  No input delay assertion with respect to clock
    i_hisbuf1_5[11]                  No input delay assertion with respect to clock
    i_hisbuf1_5[10]                  No input delay assertion with respect to clock
    i_hisbuf1_5[9]                   No input delay assertion with respect to clock
    i_hisbuf1_5[8]                   No input delay assertion with respect to clock
    i_hisbuf1_5[7]                   No input delay assertion with respect to clock
    i_hisbuf1_5[6]                   No input delay assertion with respect to clock
    i_hisbuf1_5[5]                   No input delay assertion with respect to clock
    i_hisbuf1_5[4]                   No input delay assertion with respect to clock
    i_hisbuf1_5[3]                   No input delay assertion with respect to clock
    i_hisbuf1_5[2]                   No input delay assertion with respect to clock
    i_hisbuf1_5[1]                   No input delay assertion with respect to clock
    i_hisbuf1_5[0]                   No input delay assertion with respect to clock
    i_hisbuf2_5[31]                  No input delay assertion with respect to clock
    i_hisbuf2_5[30]                  No input delay assertion with respect to clock
    i_hisbuf2_5[29]                  No input delay assertion with respect to clock
    i_hisbuf2_5[28]                  No input delay assertion with respect to clock
    i_hisbuf2_5[27]                  No input delay assertion with respect to clock
    i_hisbuf2_5[26]                  No input delay assertion with respect to clock
    i_hisbuf2_5[25]                  No input delay assertion with respect to clock
    i_hisbuf2_5[24]                  No input delay assertion with respect to clock
    i_hisbuf2_5[23]                  No input delay assertion with respect to clock
    i_hisbuf2_5[22]                  No input delay assertion with respect to clock
    i_hisbuf2_5[21]                  No input delay assertion with respect to clock
    i_hisbuf2_5[20]                  No input delay assertion with respect to clock
    i_hisbuf2_5[19]                  No input delay assertion with respect to clock
    i_hisbuf2_5[18]                  No input delay assertion with respect to clock
    i_hisbuf2_5[17]                  No input delay assertion with respect to clock
    i_hisbuf2_5[16]                  No input delay assertion with respect to clock
    i_hisbuf2_5[15]                  No input delay assertion with respect to clock
    i_hisbuf2_5[14]                  No input delay assertion with respect to clock
    i_hisbuf2_5[13]                  No input delay assertion with respect to clock
    i_hisbuf2_5[12]                  No input delay assertion with respect to clock
    i_hisbuf2_5[11]                  No input delay assertion with respect to clock
    i_hisbuf2_5[10]                  No input delay assertion with respect to clock
    i_hisbuf2_5[9]                   No input delay assertion with respect to clock
    i_hisbuf2_5[8]                   No input delay assertion with respect to clock
    i_hisbuf2_5[7]                   No input delay assertion with respect to clock
    i_hisbuf2_5[6]                   No input delay assertion with respect to clock
    i_hisbuf2_5[5]                   No input delay assertion with respect to clock
    i_hisbuf2_5[4]                   No input delay assertion with respect to clock
    i_hisbuf2_5[3]                   No input delay assertion with respect to clock
    i_hisbuf2_5[2]                   No input delay assertion with respect to clock
    i_hisbuf2_5[1]                   No input delay assertion with respect to clock
    i_hisbuf2_5[0]                   No input delay assertion with respect to clock
    i_hisbuf3_5[27]                  No input delay assertion with respect to clock
    i_hisbuf3_5[26]                  No input delay assertion with respect to clock
    i_hisbuf3_5[25]                  No input delay assertion with respect to clock
    i_hisbuf3_5[24]                  No input delay assertion with respect to clock
    i_hisbuf3_5[23]                  No input delay assertion with respect to clock
    i_hisbuf3_5[22]                  No input delay assertion with respect to clock
    i_hisbuf3_5[21]                  No input delay assertion with respect to clock
    i_hisbuf3_5[20]                  No input delay assertion with respect to clock
    i_hisbuf3_5[19]                  No input delay assertion with respect to clock
    i_hisbuf3_5[18]                  No input delay assertion with respect to clock
    i_hisbuf3_5[17]                  No input delay assertion with respect to clock
    i_hisbuf3_5[16]                  No input delay assertion with respect to clock
    i_hisbuf3_5[15]                  No input delay assertion with respect to clock
    i_hisbuf3_5[14]                  No input delay assertion with respect to clock
    i_hisbuf3_5[13]                  No input delay assertion with respect to clock
    i_hisbuf3_5[12]                  No input delay assertion with respect to clock
    i_hisbuf3_5[11]                  No input delay assertion with respect to clock
    i_hisbuf3_5[10]                  No input delay assertion with respect to clock
    i_hisbuf3_5[9]                   No input delay assertion with respect to clock
    i_hisbuf3_5[8]                   No input delay assertion with respect to clock
    i_hisbuf3_5[7]                   No input delay assertion with respect to clock
    i_hisbuf3_5[6]                   No input delay assertion with respect to clock
    i_hisbuf3_5[5]                   No input delay assertion with respect to clock
    i_hisbuf3_5[4]                   No input delay assertion with respect to clock
    i_hisbuf3_5[3]                   No input delay assertion with respect to clock
    i_hisbuf3_5[2]                   No input delay assertion with respect to clock
    i_hisbuf3_5[1]                   No input delay assertion with respect to clock
    i_hisbuf3_5[0]                   No input delay assertion with respect to clock
    i_hisbuf0_6[23]                  No input delay assertion with respect to clock
    i_hisbuf0_6[22]                  No input delay assertion with respect to clock
    i_hisbuf0_6[21]                  No input delay assertion with respect to clock
    i_hisbuf0_6[20]                  No input delay assertion with respect to clock
    i_hisbuf0_6[19]                  No input delay assertion with respect to clock
    i_hisbuf0_6[18]                  No input delay assertion with respect to clock
    i_hisbuf0_6[17]                  No input delay assertion with respect to clock
    i_hisbuf0_6[16]                  No input delay assertion with respect to clock
    i_hisbuf0_6[15]                  No input delay assertion with respect to clock
    i_hisbuf0_6[14]                  No input delay assertion with respect to clock
    i_hisbuf0_6[13]                  No input delay assertion with respect to clock
    i_hisbuf0_6[12]                  No input delay assertion with respect to clock
    i_hisbuf0_6[11]                  No input delay assertion with respect to clock
    i_hisbuf0_6[10]                  No input delay assertion with respect to clock
    i_hisbuf0_6[9]                   No input delay assertion with respect to clock
    i_hisbuf0_6[8]                   No input delay assertion with respect to clock
    i_hisbuf0_6[7]                   No input delay assertion with respect to clock
    i_hisbuf0_6[6]                   No input delay assertion with respect to clock
    i_hisbuf0_6[5]                   No input delay assertion with respect to clock
    i_hisbuf0_6[4]                   No input delay assertion with respect to clock
    i_hisbuf0_6[3]                   No input delay assertion with respect to clock
    i_hisbuf0_6[2]                   No input delay assertion with respect to clock
    i_hisbuf0_6[1]                   No input delay assertion with respect to clock
    i_hisbuf0_6[0]                   No input delay assertion with respect to clock
    i_hisbuf1_6[23]                  No input delay assertion with respect to clock
    i_hisbuf1_6[22]                  No input delay assertion with respect to clock
    i_hisbuf1_6[21]                  No input delay assertion with respect to clock
    i_hisbuf1_6[20]                  No input delay assertion with respect to clock
    i_hisbuf1_6[19]                  No input delay assertion with respect to clock
    i_hisbuf1_6[18]                  No input delay assertion with respect to clock
    i_hisbuf1_6[17]                  No input delay assertion with respect to clock
    i_hisbuf1_6[16]                  No input delay assertion with respect to clock
    i_hisbuf1_6[15]                  No input delay assertion with respect to clock
    i_hisbuf1_6[14]                  No input delay assertion with respect to clock
    i_hisbuf1_6[13]                  No input delay assertion with respect to clock
    i_hisbuf1_6[12]                  No input delay assertion with respect to clock
    i_hisbuf1_6[11]                  No input delay assertion with respect to clock
    i_hisbuf1_6[10]                  No input delay assertion with respect to clock
    i_hisbuf1_6[9]                   No input delay assertion with respect to clock
    i_hisbuf1_6[8]                   No input delay assertion with respect to clock
    i_hisbuf1_6[7]                   No input delay assertion with respect to clock
    i_hisbuf1_6[6]                   No input delay assertion with respect to clock
    i_hisbuf1_6[5]                   No input delay assertion with respect to clock
    i_hisbuf1_6[4]                   No input delay assertion with respect to clock
    i_hisbuf1_6[3]                   No input delay assertion with respect to clock
    i_hisbuf1_6[2]                   No input delay assertion with respect to clock
    i_hisbuf1_6[1]                   No input delay assertion with respect to clock
    i_hisbuf1_6[0]                   No input delay assertion with respect to clock
    i_hisbuf2_6[31]                  No input delay assertion with respect to clock
    i_hisbuf2_6[30]                  No input delay assertion with respect to clock
    i_hisbuf2_6[29]                  No input delay assertion with respect to clock
    i_hisbuf2_6[28]                  No input delay assertion with respect to clock
    i_hisbuf2_6[27]                  No input delay assertion with respect to clock
    i_hisbuf2_6[26]                  No input delay assertion with respect to clock
    i_hisbuf2_6[25]                  No input delay assertion with respect to clock
    i_hisbuf2_6[24]                  No input delay assertion with respect to clock
    i_hisbuf2_6[23]                  No input delay assertion with respect to clock
    i_hisbuf2_6[22]                  No input delay assertion with respect to clock
    i_hisbuf2_6[21]                  No input delay assertion with respect to clock
    i_hisbuf2_6[20]                  No input delay assertion with respect to clock
    i_hisbuf2_6[19]                  No input delay assertion with respect to clock
    i_hisbuf2_6[18]                  No input delay assertion with respect to clock
    i_hisbuf2_6[17]                  No input delay assertion with respect to clock
    i_hisbuf2_6[16]                  No input delay assertion with respect to clock
    i_hisbuf2_6[15]                  No input delay assertion with respect to clock
    i_hisbuf2_6[14]                  No input delay assertion with respect to clock
    i_hisbuf2_6[13]                  No input delay assertion with respect to clock
    i_hisbuf2_6[12]                  No input delay assertion with respect to clock
    i_hisbuf2_6[11]                  No input delay assertion with respect to clock
    i_hisbuf2_6[10]                  No input delay assertion with respect to clock
    i_hisbuf2_6[9]                   No input delay assertion with respect to clock
    i_hisbuf2_6[8]                   No input delay assertion with respect to clock
    i_hisbuf2_6[7]                   No input delay assertion with respect to clock
    i_hisbuf2_6[6]                   No input delay assertion with respect to clock
    i_hisbuf2_6[5]                   No input delay assertion with respect to clock
    i_hisbuf2_6[4]                   No input delay assertion with respect to clock
    i_hisbuf2_6[3]                   No input delay assertion with respect to clock
    i_hisbuf2_6[2]                   No input delay assertion with respect to clock
    i_hisbuf2_6[1]                   No input delay assertion with respect to clock
    i_hisbuf2_6[0]                   No input delay assertion with respect to clock
    i_hisbuf3_6[27]                  No input delay assertion with respect to clock
    i_hisbuf3_6[26]                  No input delay assertion with respect to clock
    i_hisbuf3_6[25]                  No input delay assertion with respect to clock
    i_hisbuf3_6[24]                  No input delay assertion with respect to clock
    i_hisbuf3_6[23]                  No input delay assertion with respect to clock
    i_hisbuf3_6[22]                  No input delay assertion with respect to clock
    i_hisbuf3_6[21]                  No input delay assertion with respect to clock
    i_hisbuf3_6[20]                  No input delay assertion with respect to clock
    i_hisbuf3_6[19]                  No input delay assertion with respect to clock
    i_hisbuf3_6[18]                  No input delay assertion with respect to clock
    i_hisbuf3_6[17]                  No input delay assertion with respect to clock
    i_hisbuf3_6[16]                  No input delay assertion with respect to clock
    i_hisbuf3_6[15]                  No input delay assertion with respect to clock
    i_hisbuf3_6[14]                  No input delay assertion with respect to clock
    i_hisbuf3_6[13]                  No input delay assertion with respect to clock
    i_hisbuf3_6[12]                  No input delay assertion with respect to clock
    i_hisbuf3_6[11]                  No input delay assertion with respect to clock
    i_hisbuf3_6[10]                  No input delay assertion with respect to clock
    i_hisbuf3_6[9]                   No input delay assertion with respect to clock
    i_hisbuf3_6[8]                   No input delay assertion with respect to clock
    i_hisbuf3_6[7]                   No input delay assertion with respect to clock
    i_hisbuf3_6[6]                   No input delay assertion with respect to clock
    i_hisbuf3_6[5]                   No input delay assertion with respect to clock
    i_hisbuf3_6[4]                   No input delay assertion with respect to clock
    i_hisbuf3_6[3]                   No input delay assertion with respect to clock
    i_hisbuf3_6[2]                   No input delay assertion with respect to clock
    i_hisbuf3_6[1]                   No input delay assertion with respect to clock
    i_hisbuf3_6[0]                   No input delay assertion with respect to clock
    i_hisbuf0_7[23]                  No input delay assertion with respect to clock
    i_hisbuf0_7[22]                  No input delay assertion with respect to clock
    i_hisbuf0_7[21]                  No input delay assertion with respect to clock
    i_hisbuf0_7[20]                  No input delay assertion with respect to clock
    i_hisbuf0_7[19]                  No input delay assertion with respect to clock
    i_hisbuf0_7[18]                  No input delay assertion with respect to clock
    i_hisbuf0_7[17]                  No input delay assertion with respect to clock
    i_hisbuf0_7[16]                  No input delay assertion with respect to clock
    i_hisbuf0_7[15]                  No input delay assertion with respect to clock
    i_hisbuf0_7[14]                  No input delay assertion with respect to clock
    i_hisbuf0_7[13]                  No input delay assertion with respect to clock
    i_hisbuf0_7[12]                  No input delay assertion with respect to clock
    i_hisbuf0_7[11]                  No input delay assertion with respect to clock
    i_hisbuf0_7[10]                  No input delay assertion with respect to clock
    i_hisbuf0_7[9]                   No input delay assertion with respect to clock
    i_hisbuf0_7[8]                   No input delay assertion with respect to clock
    i_hisbuf0_7[7]                   No input delay assertion with respect to clock
    i_hisbuf0_7[6]                   No input delay assertion with respect to clock
    i_hisbuf0_7[5]                   No input delay assertion with respect to clock
    i_hisbuf0_7[4]                   No input delay assertion with respect to clock
    i_hisbuf0_7[3]                   No input delay assertion with respect to clock
    i_hisbuf0_7[2]                   No input delay assertion with respect to clock
    i_hisbuf0_7[1]                   No input delay assertion with respect to clock
    i_hisbuf0_7[0]                   No input delay assertion with respect to clock
    i_hisbuf1_7[23]                  No input delay assertion with respect to clock
    i_hisbuf1_7[22]                  No input delay assertion with respect to clock
    i_hisbuf1_7[21]                  No input delay assertion with respect to clock
    i_hisbuf1_7[20]                  No input delay assertion with respect to clock
    i_hisbuf1_7[19]                  No input delay assertion with respect to clock
    i_hisbuf1_7[18]                  No input delay assertion with respect to clock
    i_hisbuf1_7[17]                  No input delay assertion with respect to clock
    i_hisbuf1_7[16]                  No input delay assertion with respect to clock
    i_hisbuf1_7[15]                  No input delay assertion with respect to clock
    i_hisbuf1_7[14]                  No input delay assertion with respect to clock
    i_hisbuf1_7[13]                  No input delay assertion with respect to clock
    i_hisbuf1_7[12]                  No input delay assertion with respect to clock
    i_hisbuf1_7[11]                  No input delay assertion with respect to clock
    i_hisbuf1_7[10]                  No input delay assertion with respect to clock
    i_hisbuf1_7[9]                   No input delay assertion with respect to clock
    i_hisbuf1_7[8]                   No input delay assertion with respect to clock
    i_hisbuf1_7[7]                   No input delay assertion with respect to clock
    i_hisbuf1_7[6]                   No input delay assertion with respect to clock
    i_hisbuf1_7[5]                   No input delay assertion with respect to clock
    i_hisbuf1_7[4]                   No input delay assertion with respect to clock
    i_hisbuf1_7[3]                   No input delay assertion with respect to clock
    i_hisbuf1_7[2]                   No input delay assertion with respect to clock
    i_hisbuf1_7[1]                   No input delay assertion with respect to clock
    i_hisbuf1_7[0]                   No input delay assertion with respect to clock
    i_hisbuf2_7[31]                  No input delay assertion with respect to clock
    i_hisbuf2_7[30]                  No input delay assertion with respect to clock
    i_hisbuf2_7[29]                  No input delay assertion with respect to clock
    i_hisbuf2_7[28]                  No input delay assertion with respect to clock
    i_hisbuf2_7[27]                  No input delay assertion with respect to clock
    i_hisbuf2_7[26]                  No input delay assertion with respect to clock
    i_hisbuf2_7[25]                  No input delay assertion with respect to clock
    i_hisbuf2_7[24]                  No input delay assertion with respect to clock
    i_hisbuf2_7[23]                  No input delay assertion with respect to clock
    i_hisbuf2_7[22]                  No input delay assertion with respect to clock
    i_hisbuf2_7[21]                  No input delay assertion with respect to clock
    i_hisbuf2_7[20]                  No input delay assertion with respect to clock
    i_hisbuf2_7[19]                  No input delay assertion with respect to clock
    i_hisbuf2_7[18]                  No input delay assertion with respect to clock
    i_hisbuf2_7[17]                  No input delay assertion with respect to clock
    i_hisbuf2_7[16]                  No input delay assertion with respect to clock
    i_hisbuf2_7[15]                  No input delay assertion with respect to clock
    i_hisbuf2_7[14]                  No input delay assertion with respect to clock
    i_hisbuf2_7[13]                  No input delay assertion with respect to clock
    i_hisbuf2_7[12]                  No input delay assertion with respect to clock
    i_hisbuf2_7[11]                  No input delay assertion with respect to clock
    i_hisbuf2_7[10]                  No input delay assertion with respect to clock
    i_hisbuf2_7[9]                   No input delay assertion with respect to clock
    i_hisbuf2_7[8]                   No input delay assertion with respect to clock
    i_hisbuf2_7[7]                   No input delay assertion with respect to clock
    i_hisbuf2_7[6]                   No input delay assertion with respect to clock
    i_hisbuf2_7[5]                   No input delay assertion with respect to clock
    i_hisbuf2_7[4]                   No input delay assertion with respect to clock
    i_hisbuf2_7[3]                   No input delay assertion with respect to clock
    i_hisbuf2_7[2]                   No input delay assertion with respect to clock
    i_hisbuf2_7[1]                   No input delay assertion with respect to clock
    i_hisbuf2_7[0]                   No input delay assertion with respect to clock
    i_hisbuf3_7[27]                  No input delay assertion with respect to clock
    i_hisbuf3_7[26]                  No input delay assertion with respect to clock
    i_hisbuf3_7[25]                  No input delay assertion with respect to clock
    i_hisbuf3_7[24]                  No input delay assertion with respect to clock
    i_hisbuf3_7[23]                  No input delay assertion with respect to clock
    i_hisbuf3_7[22]                  No input delay assertion with respect to clock
    i_hisbuf3_7[21]                  No input delay assertion with respect to clock
    i_hisbuf3_7[20]                  No input delay assertion with respect to clock
    i_hisbuf3_7[19]                  No input delay assertion with respect to clock
    i_hisbuf3_7[18]                  No input delay assertion with respect to clock
    i_hisbuf3_7[17]                  No input delay assertion with respect to clock
    i_hisbuf3_7[16]                  No input delay assertion with respect to clock
    i_hisbuf3_7[15]                  No input delay assertion with respect to clock
    i_hisbuf3_7[14]                  No input delay assertion with respect to clock
    i_hisbuf3_7[13]                  No input delay assertion with respect to clock
    i_hisbuf3_7[12]                  No input delay assertion with respect to clock
    i_hisbuf3_7[11]                  No input delay assertion with respect to clock
    i_hisbuf3_7[10]                  No input delay assertion with respect to clock
    i_hisbuf3_7[9]                   No input delay assertion with respect to clock
    i_hisbuf3_7[8]                   No input delay assertion with respect to clock
    i_hisbuf3_7[7]                   No input delay assertion with respect to clock
    i_hisbuf3_7[6]                   No input delay assertion with respect to clock
    i_hisbuf3_7[5]                   No input delay assertion with respect to clock
    i_hisbuf3_7[4]                   No input delay assertion with respect to clock
    i_hisbuf3_7[3]                   No input delay assertion with respect to clock
    i_hisbuf3_7[2]                   No input delay assertion with respect to clock
    i_hisbuf3_7[1]                   No input delay assertion with respect to clock
    i_hisbuf3_7[0]                   No input delay assertion with respect to clock
    i_agg_su_count_a[31]             No input delay assertion with respect to clock
    i_agg_su_count_a[30]             No input delay assertion with respect to clock
    i_agg_su_count_a[29]             No input delay assertion with respect to clock
    i_agg_su_count_a[28]             No input delay assertion with respect to clock
    i_agg_su_count_a[27]             No input delay assertion with respect to clock
    i_agg_su_count_a[26]             No input delay assertion with respect to clock
    i_agg_su_count_a[25]             No input delay assertion with respect to clock
    i_agg_su_count_a[24]             No input delay assertion with respect to clock
    i_agg_su_count_a[23]             No input delay assertion with respect to clock
    i_agg_su_count_a[22]             No input delay assertion with respect to clock
    i_agg_su_count_a[21]             No input delay assertion with respect to clock
    i_agg_su_count_a[20]             No input delay assertion with respect to clock
    i_agg_su_count_a[19]             No input delay assertion with respect to clock
    i_agg_su_count_a[18]             No input delay assertion with respect to clock
    i_agg_su_count_a[17]             No input delay assertion with respect to clock
    i_agg_su_count_a[16]             No input delay assertion with respect to clock
    i_agg_su_count_a[15]             No input delay assertion with respect to clock
    i_agg_su_count_a[14]             No input delay assertion with respect to clock
    i_agg_su_count_a[13]             No input delay assertion with respect to clock
    i_agg_su_count_a[12]             No input delay assertion with respect to clock
    i_agg_su_count_a[11]             No input delay assertion with respect to clock
    i_agg_su_count_a[10]             No input delay assertion with respect to clock
    i_agg_su_count_a[9]              No input delay assertion with respect to clock
    i_agg_su_count_a[8]              No input delay assertion with respect to clock
    i_agg_su_count_a[7]              No input delay assertion with respect to clock
    i_agg_su_count_a[6]              No input delay assertion with respect to clock
    i_agg_su_count_a[5]              No input delay assertion with respect to clock
    i_agg_su_count_a[4]              No input delay assertion with respect to clock
    i_agg_su_count_a[3]              No input delay assertion with respect to clock
    i_agg_su_count_a[2]              No input delay assertion with respect to clock
    i_agg_su_count_a[1]              No input delay assertion with respect to clock
    i_agg_su_count_a[0]              No input delay assertion with respect to clock
    test_se                          No input delay assertion with respect to clock
    test_si1                         No input delay assertion with respect to clock
    scan_enable                      No input delay assertion with respect to clock
    raw_scan_en                      No input delay assertion with respect to clock
    f_ack_reg/SI                     Unconstrained signal arriving at end point
    o_reg_addr_reg_7_/D              Unconstrained signal arriving at end point
    o_reg_addr_reg_7_/RN             Unconstrained signal arriving at end point
    o_reg_addr_reg_7_/SE             Unconstrained signal arriving at end point
    o_reg_addr_reg_7_/SI             Unconstrained signal arriving at end point
    o_reg_addr_reg_6_/D              Unconstrained signal arriving at end point
    o_rd_data[31]                    Unconstrained signal arriving at end point
    o_reg_addr_reg_6_/RN             Unconstrained signal arriving at end point
    o_rd_data[30]                    Unconstrained signal arriving at end point
    o_reg_addr_reg_6_/SE             Unconstrained signal arriving at end point
    o_rd_data[29]                    Unconstrained signal arriving at end point
    o_reg_addr_reg_6_/SI             Unconstrained signal arriving at end point
    o_rd_data[28]                    Unconstrained signal arriving at end point
    o_rd_data[27]                    Unconstrained signal arriving at end point
    o_rd_data[26]                    Unconstrained signal arriving at end point
    o_reg_addr_reg_5_/D              Unconstrained signal arriving at end point
    o_rd_data[25]                    Unconstrained signal arriving at end point
    o_reg_addr_reg_5_/RN             Unconstrained signal arriving at end point
    o_rd_data[24]                    Unconstrained signal arriving at end point
    o_rd_data[23]                    Unconstrained signal arriving at end point
    o_reg_addr_reg_5_/SE             Unconstrained signal arriving at end point
    o_rd_data[22]                    Unconstrained signal arriving at end point
    o_reg_addr_reg_5_/SI             Unconstrained signal arriving at end point
    o_rd_data[21]                    Unconstrained signal arriving at end point
    o_rd_data[20]                    Unconstrained signal arriving at end point
    o_rd_data[19]                    Unconstrained signal arriving at end point
    o_reg_addr_reg_4_/D              Unconstrained signal arriving at end point
    o_rd_data[18]                    Unconstrained signal arriving at end point
    o_rd_data[17]                    Unconstrained signal arriving at end point
    o_reg_addr_reg_4_/RN             Unconstrained signal arriving at end point
    o_rd_data[16]                    Unconstrained signal arriving at end point
    o_reg_addr_reg_4_/SE             Unconstrained signal arriving at end point
    o_rd_data[15]                    Unconstrained signal arriving at end point
    o_reg_addr_reg_4_/SI             Unconstrained signal arriving at end point
    o_rd_data[14]                    Unconstrained signal arriving at end point
    o_rd_data[13]                    Unconstrained signal arriving at end point
    o_rd_data[12]                    Unconstrained signal arriving at end point
    o_reg_addr_reg_3_/D              Unconstrained signal arriving at end point
    o_rd_data[11]                    Unconstrained signal arriving at end point
    o_reg_addr_reg_3_/RN             Unconstrained signal arriving at end point
    o_rd_data[10]                    Unconstrained signal arriving at end point
    o_rd_data[9]                     Unconstrained signal arriving at end point
    o_reg_addr_reg_3_/SE             Unconstrained signal arriving at end point
    o_rd_data[8]                     Unconstrained signal arriving at end point
    o_reg_addr_reg_3_/SI             Unconstrained signal arriving at end point
    o_rd_data[7]                     Unconstrained signal arriving at end point
    o_rd_data[6]                     Unconstrained signal arriving at end point
    o_rd_data[5]                     Unconstrained signal arriving at end point
    o_reg_addr_reg_2_/D              Unconstrained signal arriving at end point
    o_rd_data[4]                     Unconstrained signal arriving at end point
    o_rd_data[3]                     Unconstrained signal arriving at end point
    o_reg_addr_reg_2_/RN             Unconstrained signal arriving at end point
    o_rd_data[2]                     Unconstrained signal arriving at end point
    o_reg_addr_reg_2_/SE             Unconstrained signal arriving at end point
    o_rd_data[1]                     Unconstrained signal arriving at end point
    o_reg_addr_reg_2_/SI             Unconstrained signal arriving at end point
    o_rd_data[0]                     Unconstrained signal arriving at end point
    o_ack                            Unconstrained signal arriving at end point
    o_err_ack                        Unconstrained signal arriving at end point
    o_reg_addr_reg_1_/D              Unconstrained signal arriving at end point
    o_spare_config[31]               Unconstrained signal arriving at end point
    o_reg_addr_reg_1_/RN             Unconstrained signal arriving at end point
    o_spare_config[30]               Unconstrained signal arriving at end point
    o_spare_config[29]               Unconstrained signal arriving at end point
    o_reg_addr_reg_1_/SE             Unconstrained signal arriving at end point
    o_spare_config[28]               Unconstrained signal arriving at end point
    o_reg_addr_reg_1_/SI             Unconstrained signal arriving at end point
    o_spare_config[27]               Unconstrained signal arriving at end point
    o_spare_config[26]               Unconstrained signal arriving at end point
    o_spare_config[25]               Unconstrained signal arriving at end point
    o_reg_addr_reg_0_/D              Unconstrained signal arriving at end point
    o_spare_config[24]               Unconstrained signal arriving at end point
    o_spare_config[23]               Unconstrained signal arriving at end point
    o_reg_addr_reg_0_/RN             Unconstrained signal arriving at end point
    o_spare_config[22]               Unconstrained signal arriving at end point
    o_reg_addr_reg_0_/SE             Unconstrained signal arriving at end point
    o_spare_config[21]               Unconstrained signal arriving at end point
    o_reg_addr_reg_0_/SI             Unconstrained signal arriving at end point
    o_spare_config[20]               Unconstrained signal arriving at end point
    o_spare_config[19]               Unconstrained signal arriving at end point
    o_spare_config[18]               Unconstrained signal arriving at end point
    o_spare_config[17]               Unconstrained signal arriving at end point
    o_spare_config[16]               Unconstrained signal arriving at end point
    o_spare_config[15]               Unconstrained signal arriving at end point
    o_spare_config[14]               Unconstrained signal arriving at end point
    o_spare_config[13]               Unconstrained signal arriving at end point
    o_spare_config[12]               Unconstrained signal arriving at end point
    o_spare_config[11]               Unconstrained signal arriving at end point
    f32_mux_1_data_reg_0_/D          Unconstrained signal arriving at end point
    o_spare_config[10]               Unconstrained signal arriving at end point
    f32_mux_1_data_reg_0_/RN         Unconstrained signal arriving at end point
    o_spare_config[9]                Unconstrained signal arriving at end point
    o_spare_config[8]                Unconstrained signal arriving at end point
    f32_mux_1_data_reg_0_/SE         Unconstrained signal arriving at end point
    o_spare_config[7]                Unconstrained signal arriving at end point
    f32_mux_1_data_reg_0_/SI         Unconstrained signal arriving at end point
    o_spare_config[6]                Unconstrained signal arriving at end point
    o_spare_config[5]                Unconstrained signal arriving at end point
    o_spare_config[4]                Unconstrained signal arriving at end point
    f32_mux_1_data_reg_1_/D          Unconstrained signal arriving at end point
    o_spare_config[3]                Unconstrained signal arriving at end point
    o_spare_config[2]                Unconstrained signal arriving at end point
    f32_mux_1_data_reg_1_/RN         Unconstrained signal arriving at end point
    o_spare_config[1]                Unconstrained signal arriving at end point
    f32_mux_1_data_reg_1_/SE         Unconstrained signal arriving at end point
    o_spare_config[0]                Unconstrained signal arriving at end point
    f32_mux_1_data_reg_1_/SI         Unconstrained signal arriving at end point
    o_adj_config[15]                 Unconstrained signal arriving at end point
    o_adj_config[14]                 Unconstrained signal arriving at end point
    o_adj_config[13]                 Unconstrained signal arriving at end point
    f32_mux_1_data_reg_2_/D          Unconstrained signal arriving at end point
    o_adj_config[12]                 Unconstrained signal arriving at end point
    f32_mux_1_data_reg_2_/RN         Unconstrained signal arriving at end point
    o_adj_config[11]                 Unconstrained signal arriving at end point
    o_adj_config[10]                 Unconstrained signal arriving at end point
    f32_mux_1_data_reg_2_/SE         Unconstrained signal arriving at end point
    o_adj_config[9]                  Unconstrained signal arriving at end point
    f32_mux_1_data_reg_2_/SI         Unconstrained signal arriving at end point
    o_adj_config[8]                  Unconstrained signal arriving at end point
    o_adj_config[7]                  Unconstrained signal arriving at end point
    o_adj_config[6]                  Unconstrained signal arriving at end point
    f32_mux_1_data_reg_3_/D          Unconstrained signal arriving at end point
    o_adj_config[5]                  Unconstrained signal arriving at end point
    o_adj_config[4]                  Unconstrained signal arriving at end point
    f32_mux_1_data_reg_3_/RN         Unconstrained signal arriving at end point
    o_adj_config[3]                  Unconstrained signal arriving at end point
    f32_mux_1_data_reg_3_/SE         Unconstrained signal arriving at end point
    o_adj_config[2]                  Unconstrained signal arriving at end point
    f32_mux_1_data_reg_3_/SI         Unconstrained signal arriving at end point
    o_adj_config[1]                  Unconstrained signal arriving at end point
    o_adj_config[0]                  Unconstrained signal arriving at end point
    f32_mux_1_data_reg_4_/D          Unconstrained signal arriving at end point
    o_dbg_config[0]                  Unconstrained signal arriving at end point
    f32_mux_1_data_reg_4_/RN         Unconstrained signal arriving at end point
    f32_mux_1_data_reg_4_/SE         Unconstrained signal arriving at end point
    f32_mux_1_data_reg_4_/SI         Unconstrained signal arriving at end point
    f32_mux_1_data_reg_5_/D          Unconstrained signal arriving at end point
    f32_mux_1_data_reg_5_/RN         Unconstrained signal arriving at end point
    f32_mux_1_data_reg_5_/SE         Unconstrained signal arriving at end point
    f32_mux_1_data_reg_5_/SI         Unconstrained signal arriving at end point
    f32_mux_1_data_reg_6_/D          Unconstrained signal arriving at end point
    f32_mux_1_data_reg_6_/RN         Unconstrained signal arriving at end point
    f32_mux_1_data_reg_6_/SE         Unconstrained signal arriving at end point
    f32_mux_1_data_reg_6_/SI         Unconstrained signal arriving at end point
    f32_mux_1_data_reg_7_/D          Unconstrained signal arriving at end point
    f32_mux_1_data_reg_7_/RN         Unconstrained signal arriving at end point
    f32_mux_1_data_reg_7_/SE         Unconstrained signal arriving at end point
    f32_mux_1_data_reg_7_/SI         Unconstrained signal arriving at end point
    f32_mux_1_data_reg_8_/D          Unconstrained signal arriving at end point
    f32_mux_1_data_reg_8_/RN         Unconstrained signal arriving at end point
    f32_mux_1_data_reg_8_/SE         Unconstrained signal arriving at end point
    f32_mux_1_data_reg_8_/SI         Unconstrained signal arriving at end point
    f32_mux_1_data_reg_9_/D          Unconstrained signal arriving at end point
    f32_mux_1_data_reg_9_/RN         Unconstrained signal arriving at end point
    f32_mux_1_data_reg_9_/SE         Unconstrained signal arriving at end point
    f32_mux_1_data_reg_9_/SI         Unconstrained signal arriving at end point
    f32_mux_1_data_reg_10_/D         Unconstrained signal arriving at end point
    f32_mux_1_data_reg_10_/RN        Unconstrained signal arriving at end point
    f32_mux_1_data_reg_10_/SE        Unconstrained signal arriving at end point
    f32_mux_1_data_reg_10_/SI        Unconstrained signal arriving at end point
    f32_mux_1_data_reg_11_/D         Unconstrained signal arriving at end point
    f32_mux_1_data_reg_11_/RN        Unconstrained signal arriving at end point
    f32_mux_1_data_reg_11_/SE        Unconstrained signal arriving at end point
    f32_mux_1_data_reg_11_/SI        Unconstrained signal arriving at end point
    f32_mux_1_data_reg_12_/D         Unconstrained signal arriving at end point
    f32_mux_1_data_reg_12_/RN        Unconstrained signal arriving at end point
    f32_mux_1_data_reg_12_/SE        Unconstrained signal arriving at end point
    f32_mux_1_data_reg_12_/SI        Unconstrained signal arriving at end point
    f32_mux_1_data_reg_13_/D         Unconstrained signal arriving at end point
    f32_mux_1_data_reg_13_/RN        Unconstrained signal arriving at end point
    f32_mux_1_data_reg_13_/SE        Unconstrained signal arriving at end point
    f32_mux_1_data_reg_13_/SI        Unconstrained signal arriving at end point
    f32_mux_1_data_reg_14_/D         Unconstrained signal arriving at end point
    f32_mux_1_data_reg_14_/RN        Unconstrained signal arriving at end point
    f32_mux_1_data_reg_14_/SE        Unconstrained signal arriving at end point
    f32_mux_1_data_reg_14_/SI        Unconstrained signal arriving at end point
    f32_mux_1_data_reg_15_/D         Unconstrained signal arriving at end point
    f32_mux_1_data_reg_15_/RN        Unconstrained signal arriving at end point
    f32_mux_1_data_reg_15_/SE        Unconstrained signal arriving at end point
    f32_mux_1_data_reg_15_/SI        Unconstrained signal arriving at end point
    f32_mux_1_data_reg_16_/D         Unconstrained signal arriving at end point
    f32_mux_1_data_reg_16_/RN        Unconstrained signal arriving at end point
    f32_mux_1_data_reg_16_/SE        Unconstrained signal arriving at end point
    f32_mux_1_data_reg_16_/SI        Unconstrained signal arriving at end point
    f32_mux_1_data_reg_17_/D         Unconstrained signal arriving at end point
    f32_mux_1_data_reg_17_/RN        Unconstrained signal arriving at end point
    f32_mux_1_data_reg_17_/SE        Unconstrained signal arriving at end point
    f32_mux_1_data_reg_17_/SI        Unconstrained signal arriving at end point
    f32_mux_1_data_reg_18_/D         Unconstrained signal arriving at end point
    f32_mux_1_data_reg_18_/RN        Unconstrained signal arriving at end point
    f32_mux_1_data_reg_18_/SE        Unconstrained signal arriving at end point
    f32_mux_1_data_reg_18_/SI        Unconstrained signal arriving at end point
    f32_mux_1_data_reg_19_/D         Unconstrained signal arriving at end point
    f32_mux_1_data_reg_19_/RN        Unconstrained signal arriving at end point
    f32_mux_1_data_reg_19_/SE        Unconstrained signal arriving at end point
    f32_mux_1_data_reg_19_/SI        Unconstrained signal arriving at end point
    f32_mux_1_data_reg_20_/D         Unconstrained signal arriving at end point
    f32_mux_1_data_reg_20_/RN        Unconstrained signal arriving at end point
    f32_mux_1_data_reg_20_/SE        Unconstrained signal arriving at end point
    f32_mux_1_data_reg_20_/SI        Unconstrained signal arriving at end point
    f32_mux_1_data_reg_21_/D         Unconstrained signal arriving at end point
    f32_mux_1_data_reg_21_/RN        Unconstrained signal arriving at end point
    f32_mux_1_data_reg_21_/SE        Unconstrained signal arriving at end point
    f32_mux_1_data_reg_21_/SI        Unconstrained signal arriving at end point
    f32_mux_1_data_reg_22_/D         Unconstrained signal arriving at end point
    f32_mux_1_data_reg_22_/RN        Unconstrained signal arriving at end point
    f32_mux_1_data_reg_22_/SE        Unconstrained signal arriving at end point
    f32_mux_1_data_reg_22_/SI        Unconstrained signal arriving at end point
    f32_mux_1_data_reg_23_/D         Unconstrained signal arriving at end point
    f32_mux_1_data_reg_23_/RN        Unconstrained signal arriving at end point
    f32_mux_1_data_reg_23_/SE        Unconstrained signal arriving at end point
    f32_mux_1_data_reg_23_/SI        Unconstrained signal arriving at end point
    f32_mux_1_data_reg_24_/D         Unconstrained signal arriving at end point
    f32_mux_1_data_reg_24_/RN        Unconstrained signal arriving at end point
    f32_mux_1_data_reg_24_/SE        Unconstrained signal arriving at end point
    f32_mux_1_data_reg_24_/SI        Unconstrained signal arriving at end point
    f32_mux_1_data_reg_25_/D         Unconstrained signal arriving at end point
    f32_mux_1_data_reg_25_/RN        Unconstrained signal arriving at end point
    f32_mux_1_data_reg_25_/SE        Unconstrained signal arriving at end point
    f32_mux_1_data_reg_25_/SI        Unconstrained signal arriving at end point
    f32_mux_1_data_reg_26_/D         Unconstrained signal arriving at end point
    f32_mux_1_data_reg_26_/RN        Unconstrained signal arriving at end point
    f32_mux_1_data_reg_26_/SE        Unconstrained signal arriving at end point
    f32_mux_1_data_reg_26_/SI        Unconstrained signal arriving at end point
    f32_mux_1_data_reg_27_/D         Unconstrained signal arriving at end point
    f32_mux_1_data_reg_27_/RN        Unconstrained signal arriving at end point
    f32_mux_1_data_reg_27_/SE        Unconstrained signal arriving at end point
    f32_mux_1_data_reg_27_/SI        Unconstrained signal arriving at end point
    f32_mux_1_data_reg_28_/D         Unconstrained signal arriving at end point
    f32_mux_1_data_reg_28_/RN        Unconstrained signal arriving at end point
    f32_mux_1_data_reg_28_/SE        Unconstrained signal arriving at end point
    f32_mux_1_data_reg_28_/SI        Unconstrained signal arriving at end point
    f32_mux_1_data_reg_29_/D         Unconstrained signal arriving at end point
    f32_mux_1_data_reg_29_/RN        Unconstrained signal arriving at end point
    f32_mux_1_data_reg_29_/SE        Unconstrained signal arriving at end point
    f32_mux_1_data_reg_29_/SI        Unconstrained signal arriving at end point
    f32_mux_1_data_reg_30_/D         Unconstrained signal arriving at end point
    f32_mux_1_data_reg_30_/RN        Unconstrained signal arriving at end point
    f32_mux_1_data_reg_30_/SE        Unconstrained signal arriving at end point
    f32_mux_1_data_reg_30_/SI        Unconstrained signal arriving at end point
    f32_mux_1_data_reg_31_/D         Unconstrained signal arriving at end point
    f32_mux_1_data_reg_31_/RN        Unconstrained signal arriving at end point
    f32_mux_1_data_reg_31_/SE        Unconstrained signal arriving at end point
    f32_mux_1_data_reg_31_/SI        Unconstrained signal arriving at end point
    o_reg_read_reg/SI                Unconstrained signal arriving at end point
    f32_mux_0_data_reg_31_/D         Unconstrained signal arriving at end point
    f32_mux_0_data_reg_31_/RN        Unconstrained signal arriving at end point
    f32_mux_0_data_reg_31_/SE        Unconstrained signal arriving at end point
    f32_mux_0_data_reg_31_/SI        Unconstrained signal arriving at end point
    f32_mux_0_data_reg_30_/D         Unconstrained signal arriving at end point
    f32_mux_0_data_reg_30_/RN        Unconstrained signal arriving at end point
    f32_mux_0_data_reg_30_/SE        Unconstrained signal arriving at end point
    f32_mux_0_data_reg_30_/SI        Unconstrained signal arriving at end point
    f32_mux_0_data_reg_29_/D         Unconstrained signal arriving at end point
    f32_mux_0_data_reg_29_/RN        Unconstrained signal arriving at end point
    f32_mux_0_data_reg_29_/SE        Unconstrained signal arriving at end point
    f32_mux_0_data_reg_29_/SI        Unconstrained signal arriving at end point
    f32_mux_0_data_reg_28_/D         Unconstrained signal arriving at end point
    f32_mux_0_data_reg_28_/RN        Unconstrained signal arriving at end point
    f32_mux_0_data_reg_28_/SE        Unconstrained signal arriving at end point
    f32_mux_0_data_reg_28_/SI        Unconstrained signal arriving at end point
    f32_mux_0_data_reg_27_/D         Unconstrained signal arriving at end point
    f32_mux_0_data_reg_27_/RN        Unconstrained signal arriving at end point
    f32_mux_0_data_reg_27_/SE        Unconstrained signal arriving at end point
    f32_mux_0_data_reg_27_/SI        Unconstrained signal arriving at end point
    f32_mux_0_data_reg_26_/D         Unconstrained signal arriving at end point
    f32_mux_0_data_reg_26_/RN        Unconstrained signal arriving at end point
    f32_mux_0_data_reg_26_/SE        Unconstrained signal arriving at end point
    f32_mux_0_data_reg_26_/SI        Unconstrained signal arriving at end point
    f32_mux_0_data_reg_25_/D         Unconstrained signal arriving at end point
    f32_mux_0_data_reg_25_/RN        Unconstrained signal arriving at end point
    f32_mux_0_data_reg_25_/SE        Unconstrained signal arriving at end point
    f32_mux_0_data_reg_25_/SI        Unconstrained signal arriving at end point
    f32_mux_0_data_reg_24_/D         Unconstrained signal arriving at end point
    f32_mux_0_data_reg_24_/RN        Unconstrained signal arriving at end point
    f32_mux_0_data_reg_24_/SE        Unconstrained signal arriving at end point
    f32_mux_0_data_reg_24_/SI        Unconstrained signal arriving at end point
    f32_mux_0_data_reg_23_/D         Unconstrained signal arriving at end point
    f32_mux_0_data_reg_23_/RN        Unconstrained signal arriving at end point
    f32_mux_0_data_reg_23_/SE        Unconstrained signal arriving at end point
    f32_mux_0_data_reg_23_/SI        Unconstrained signal arriving at end point
    f32_mux_0_data_reg_22_/D         Unconstrained signal arriving at end point
    f32_mux_0_data_reg_22_/RN        Unconstrained signal arriving at end point
    f32_mux_0_data_reg_22_/SE        Unconstrained signal arriving at end point
    f32_mux_0_data_reg_22_/SI        Unconstrained signal arriving at end point
    f32_mux_0_data_reg_21_/D         Unconstrained signal arriving at end point
    f32_mux_0_data_reg_21_/RN        Unconstrained signal arriving at end point
    f32_mux_0_data_reg_21_/SE        Unconstrained signal arriving at end point
    f32_mux_0_data_reg_21_/SI        Unconstrained signal arriving at end point
    f32_mux_0_data_reg_20_/D         Unconstrained signal arriving at end point
    f32_mux_0_data_reg_20_/RN        Unconstrained signal arriving at end point
    f32_mux_0_data_reg_20_/SE        Unconstrained signal arriving at end point
    f32_mux_0_data_reg_20_/SI        Unconstrained signal arriving at end point
    f32_mux_0_data_reg_19_/D         Unconstrained signal arriving at end point
    f32_mux_0_data_reg_19_/RN        Unconstrained signal arriving at end point
    f32_mux_0_data_reg_19_/SE        Unconstrained signal arriving at end point
    f32_mux_0_data_reg_19_/SI        Unconstrained signal arriving at end point
    f32_mux_0_data_reg_18_/D         Unconstrained signal arriving at end point
    f32_mux_0_data_reg_18_/RN        Unconstrained signal arriving at end point
    f32_mux_0_data_reg_18_/SE        Unconstrained signal arriving at end point
    f32_mux_0_data_reg_18_/SI        Unconstrained signal arriving at end point
    f32_mux_0_data_reg_17_/D         Unconstrained signal arriving at end point
    f32_mux_0_data_reg_17_/RN        Unconstrained signal arriving at end point
    f32_mux_0_data_reg_17_/SE        Unconstrained signal arriving at end point
    f32_mux_0_data_reg_17_/SI        Unconstrained signal arriving at end point
    f32_mux_0_data_reg_16_/D         Unconstrained signal arriving at end point
    f32_mux_0_data_reg_16_/RN        Unconstrained signal arriving at end point
    f32_mux_0_data_reg_16_/SE        Unconstrained signal arriving at end point
    f32_mux_0_data_reg_16_/SI        Unconstrained signal arriving at end point
    f32_mux_0_data_reg_0_/D          Unconstrained signal arriving at end point
    f32_mux_0_data_reg_0_/RN         Unconstrained signal arriving at end point
    f32_mux_0_data_reg_0_/SE         Unconstrained signal arriving at end point
    f32_mux_0_data_reg_0_/SI         Unconstrained signal arriving at end point
    f32_mux_0_data_reg_1_/D          Unconstrained signal arriving at end point
    f32_mux_0_data_reg_1_/RN         Unconstrained signal arriving at end point
    f32_mux_0_data_reg_1_/SE         Unconstrained signal arriving at end point
    f32_mux_0_data_reg_1_/SI         Unconstrained signal arriving at end point
    f32_mux_0_data_reg_2_/D          Unconstrained signal arriving at end point
    f32_mux_0_data_reg_2_/RN         Unconstrained signal arriving at end point
    f32_mux_0_data_reg_2_/SE         Unconstrained signal arriving at end point
    f32_mux_0_data_reg_2_/SI         Unconstrained signal arriving at end point
    f32_mux_0_data_reg_3_/D          Unconstrained signal arriving at end point
    f32_mux_0_data_reg_3_/RN         Unconstrained signal arriving at end point
    f32_mux_0_data_reg_3_/SE         Unconstrained signal arriving at end point
    f32_mux_0_data_reg_3_/SI         Unconstrained signal arriving at end point
    f32_mux_0_data_reg_4_/D          Unconstrained signal arriving at end point
    f32_mux_0_data_reg_4_/RN         Unconstrained signal arriving at end point
    f32_mux_0_data_reg_4_/SE         Unconstrained signal arriving at end point
    f32_mux_0_data_reg_4_/SI         Unconstrained signal arriving at end point
    f32_mux_0_data_reg_5_/D          Unconstrained signal arriving at end point
    f32_mux_0_data_reg_5_/RN         Unconstrained signal arriving at end point
    f32_mux_0_data_reg_5_/SE         Unconstrained signal arriving at end point
    f32_mux_0_data_reg_5_/SI         Unconstrained signal arriving at end point
    f32_mux_0_data_reg_6_/D          Unconstrained signal arriving at end point
    f32_mux_0_data_reg_6_/RN         Unconstrained signal arriving at end point
    f32_mux_0_data_reg_6_/SE         Unconstrained signal arriving at end point
    f32_mux_0_data_reg_6_/SI         Unconstrained signal arriving at end point
    f32_mux_0_data_reg_7_/D          Unconstrained signal arriving at end point
    f32_mux_0_data_reg_7_/RN         Unconstrained signal arriving at end point
    f32_mux_0_data_reg_7_/SE         Unconstrained signal arriving at end point
    f32_mux_0_data_reg_7_/SI         Unconstrained signal arriving at end point
    f32_mux_0_data_reg_8_/D          Unconstrained signal arriving at end point
    f32_mux_0_data_reg_8_/RN         Unconstrained signal arriving at end point
    f32_mux_0_data_reg_8_/SE         Unconstrained signal arriving at end point
    f32_mux_0_data_reg_8_/SI         Unconstrained signal arriving at end point
    f32_mux_0_data_reg_9_/D          Unconstrained signal arriving at end point
    f32_mux_0_data_reg_9_/RN         Unconstrained signal arriving at end point
    f32_mux_0_data_reg_9_/SE         Unconstrained signal arriving at end point
    f32_mux_0_data_reg_9_/SI         Unconstrained signal arriving at end point
    f32_mux_0_data_reg_10_/D         Unconstrained signal arriving at end point
    f32_mux_0_data_reg_10_/RN        Unconstrained signal arriving at end point
    f32_mux_0_data_reg_10_/SE        Unconstrained signal arriving at end point
    f32_mux_0_data_reg_10_/SI        Unconstrained signal arriving at end point
    f32_mux_0_data_reg_11_/D         Unconstrained signal arriving at end point
    f32_mux_0_data_reg_11_/RN        Unconstrained signal arriving at end point
    f32_mux_0_data_reg_11_/SE        Unconstrained signal arriving at end point
    f32_mux_0_data_reg_11_/SI        Unconstrained signal arriving at end point
    f32_mux_0_data_reg_12_/D         Unconstrained signal arriving at end point
    f32_mux_0_data_reg_12_/RN        Unconstrained signal arriving at end point
    f32_mux_0_data_reg_12_/SE        Unconstrained signal arriving at end point
    f32_mux_0_data_reg_12_/SI        Unconstrained signal arriving at end point
    f32_mux_0_data_reg_13_/D         Unconstrained signal arriving at end point
    f32_mux_0_data_reg_13_/RN        Unconstrained signal arriving at end point
    f32_mux_0_data_reg_13_/SE        Unconstrained signal arriving at end point
    f32_mux_0_data_reg_13_/SI        Unconstrained signal arriving at end point
    f32_mux_0_data_reg_14_/D         Unconstrained signal arriving at end point
    f32_mux_0_data_reg_14_/RN        Unconstrained signal arriving at end point
    f32_mux_0_data_reg_14_/SE        Unconstrained signal arriving at end point
    f32_mux_0_data_reg_14_/SI        Unconstrained signal arriving at end point
    f32_mux_0_data_reg_15_/D         Unconstrained signal arriving at end point
    f32_mux_0_data_reg_15_/RN        Unconstrained signal arriving at end point
    f32_mux_0_data_reg_15_/SE        Unconstrained signal arriving at end point
    f32_mux_0_data_reg_15_/SI        Unconstrained signal arriving at end point
    f32_data_reg_31_/D               Unconstrained signal arriving at end point
    f32_data_reg_31_/SE              Unconstrained signal arriving at end point
    f32_data_reg_31_/SI              Unconstrained signal arriving at end point
    f32_data_reg_30_/D               Unconstrained signal arriving at end point
    f32_data_reg_30_/SE              Unconstrained signal arriving at end point
    f32_data_reg_30_/SI              Unconstrained signal arriving at end point
    f32_data_reg_29_/D               Unconstrained signal arriving at end point
    f32_data_reg_29_/SE              Unconstrained signal arriving at end point
    f32_data_reg_29_/SI              Unconstrained signal arriving at end point
    f32_data_reg_28_/D               Unconstrained signal arriving at end point
    f32_data_reg_28_/SE              Unconstrained signal arriving at end point
    f32_data_reg_28_/SI              Unconstrained signal arriving at end point
    f32_data_reg_27_/D               Unconstrained signal arriving at end point
    f32_data_reg_27_/SE              Unconstrained signal arriving at end point
    f32_data_reg_27_/SI              Unconstrained signal arriving at end point
    f32_data_reg_26_/D               Unconstrained signal arriving at end point
    f32_data_reg_26_/SE              Unconstrained signal arriving at end point
    f32_data_reg_26_/SI              Unconstrained signal arriving at end point
    f32_data_reg_25_/D               Unconstrained signal arriving at end point
    f32_data_reg_25_/SE              Unconstrained signal arriving at end point
    f32_data_reg_25_/SI              Unconstrained signal arriving at end point
    f32_data_reg_24_/D               Unconstrained signal arriving at end point
    f32_data_reg_24_/SE              Unconstrained signal arriving at end point
    f32_data_reg_24_/SI              Unconstrained signal arriving at end point
    f32_data_reg_23_/D               Unconstrained signal arriving at end point
    f32_data_reg_23_/SE              Unconstrained signal arriving at end point
    f32_data_reg_23_/SI              Unconstrained signal arriving at end point
    f32_data_reg_22_/D               Unconstrained signal arriving at end point
    f32_data_reg_22_/SE              Unconstrained signal arriving at end point
    f32_data_reg_22_/SI              Unconstrained signal arriving at end point
    f32_data_reg_21_/D               Unconstrained signal arriving at end point
    f32_data_reg_21_/SE              Unconstrained signal arriving at end point
    f32_data_reg_21_/SI              Unconstrained signal arriving at end point
    f32_data_reg_20_/D               Unconstrained signal arriving at end point
    f32_data_reg_20_/SE              Unconstrained signal arriving at end point
    f32_data_reg_20_/SI              Unconstrained signal arriving at end point
    f32_data_reg_19_/D               Unconstrained signal arriving at end point
    f32_data_reg_19_/SE              Unconstrained signal arriving at end point
    f32_data_reg_19_/SI              Unconstrained signal arriving at end point
    f32_data_reg_18_/D               Unconstrained signal arriving at end point
    f32_data_reg_18_/SE              Unconstrained signal arriving at end point
    f32_data_reg_18_/SI              Unconstrained signal arriving at end point
    f32_data_reg_17_/D               Unconstrained signal arriving at end point
    f32_data_reg_17_/SE              Unconstrained signal arriving at end point
    f32_data_reg_17_/SI              Unconstrained signal arriving at end point
    f32_data_reg_16_/D               Unconstrained signal arriving at end point
    f32_data_reg_16_/SE              Unconstrained signal arriving at end point
    f32_data_reg_16_/SI              Unconstrained signal arriving at end point
    f32_data_reg_15_/D               Unconstrained signal arriving at end point
    f32_data_reg_15_/SE              Unconstrained signal arriving at end point
    f32_data_reg_15_/SI              Unconstrained signal arriving at end point
    f32_data_reg_14_/D               Unconstrained signal arriving at end point
    f32_data_reg_14_/SE              Unconstrained signal arriving at end point
    f32_data_reg_14_/SI              Unconstrained signal arriving at end point
    f32_data_reg_13_/D               Unconstrained signal arriving at end point
    f32_data_reg_13_/SE              Unconstrained signal arriving at end point
    f32_data_reg_13_/SI              Unconstrained signal arriving at end point
    f32_data_reg_12_/D               Unconstrained signal arriving at end point
    f32_data_reg_12_/SE              Unconstrained signal arriving at end point
    f32_data_reg_12_/SI              Unconstrained signal arriving at end point
    f32_data_reg_11_/D               Unconstrained signal arriving at end point
    f32_data_reg_11_/SE              Unconstrained signal arriving at end point
    f32_data_reg_11_/SI              Unconstrained signal arriving at end point
    f32_data_reg_10_/D               Unconstrained signal arriving at end point
    f32_data_reg_10_/SE              Unconstrained signal arriving at end point
    f32_data_reg_10_/SI              Unconstrained signal arriving at end point
    f32_data_reg_9_/D                Unconstrained signal arriving at end point
    f32_data_reg_9_/SE               Unconstrained signal arriving at end point
    f32_data_reg_9_/SI               Unconstrained signal arriving at end point
    f32_data_reg_8_/D                Unconstrained signal arriving at end point
    f32_data_reg_8_/SE               Unconstrained signal arriving at end point
    f32_data_reg_8_/SI               Unconstrained signal arriving at end point
    f32_data_reg_7_/D                Unconstrained signal arriving at end point
    f32_data_reg_7_/SE               Unconstrained signal arriving at end point
    f32_data_reg_7_/SI               Unconstrained signal arriving at end point
    f32_data_reg_6_/D                Unconstrained signal arriving at end point
    f32_data_reg_6_/SE               Unconstrained signal arriving at end point
    f32_data_reg_6_/SI               Unconstrained signal arriving at end point
    f32_data_reg_5_/D                Unconstrained signal arriving at end point
    f32_data_reg_5_/SE               Unconstrained signal arriving at end point
    f32_data_reg_5_/SI               Unconstrained signal arriving at end point
    f32_data_reg_4_/D                Unconstrained signal arriving at end point
    f32_data_reg_4_/SE               Unconstrained signal arriving at end point
    f32_data_reg_4_/SI               Unconstrained signal arriving at end point
    f32_data_reg_3_/D                Unconstrained signal arriving at end point
    f32_data_reg_3_/SE               Unconstrained signal arriving at end point
    f32_data_reg_3_/SI               Unconstrained signal arriving at end point
    f32_data_reg_2_/D                Unconstrained signal arriving at end point
    f32_data_reg_2_/SE               Unconstrained signal arriving at end point
    f32_data_reg_2_/SI               Unconstrained signal arriving at end point
    f32_data_reg_1_/D                Unconstrained signal arriving at end point
    f32_data_reg_1_/SE               Unconstrained signal arriving at end point
    f32_data_reg_1_/SI               Unconstrained signal arriving at end point
    f32_data_reg_0_/D                Unconstrained signal arriving at end point
    f32_data_reg_0_/SE               Unconstrained signal arriving at end point
    f32_data_reg_0_/SI               Unconstrained signal arriving at end point
    o_reg_read                       Unconstrained signal arriving at end point
    o_reg_addr[7]                    Unconstrained signal arriving at end point
    o_reg_addr[6]                    Unconstrained signal arriving at end point
    o_reg_addr[5]                    Unconstrained signal arriving at end point
    o_reg_addr[4]                    Unconstrained signal arriving at end point
    o_reg_addr[3]                    Unconstrained signal arriving at end point
    o_reg_addr[2]                    Unconstrained signal arriving at end point
    scan_iso_or                      Unconstrained signal arriving at end point
    scan_iso_or1                     Unconstrained signal arriving at end point
    scan_iso_or2                     Unconstrained signal arriving at end point
    scan_iso_or3                     Unconstrained signal arriving at end point
    scan_iso_or4                     Unconstrained signal arriving at end point
    scan_iso_or5                     Unconstrained signal arriving at end point
    scan_iso_or6                     Unconstrained signal arriving at end point
    scan_iso_or7                     Unconstrained signal arriving at end point
    scan_iso_or8                     Unconstrained signal arriving at end point
    scan_iso_or9                     Unconstrained signal arriving at end point
    test_so1                         Unconstrained signal arriving at end point
    u_survik/o_dbg_config_reg_0_/SI  Unconstrained signal arriving at end point
    u_survik/o_spare_config_reg_31_/D
                                     Unconstrained signal arriving at end point
    u_survik/o_spare_config_reg_31_/RN
                                     Unconstrained signal arriving at end point
    u_survik/o_spare_config_reg_31_/SE
                                     Unconstrained signal arriving at end point
    u_survik/o_spare_config_reg_31_/SI
                                     Unconstrained signal arriving at end point
    u_survik/o_spare_config_reg_30_/D
                                     Unconstrained signal arriving at end point
    u_survik/o_spare_config_reg_30_/RN
                                     Unconstrained signal arriving at end point
    u_survik/o_spare_config_reg_30_/SE
                                     Unconstrained signal arriving at end point
    u_survik/o_spare_config_reg_30_/SI
                                     Unconstrained signal arriving at end point
    u_survik/o_spare_config_reg_29_/D
                                     Unconstrained signal arriving at end point
    u_survik/o_spare_config_reg_29_/RN
                                     Unconstrained signal arriving at end point
    u_survik/o_spare_config_reg_29_/SE
                                     Unconstrained signal arriving at end point
    u_survik/o_spare_config_reg_29_/SI
                                     Unconstrained signal arriving at end point
    u_survik/o_spare_config_reg_28_/D
                                     Unconstrained signal arriving at end point
    u_survik/o_spare_config_reg_28_/RN
                                     Unconstrained signal arriving at end point
    u_survik/o_spare_config_reg_28_/SE
                                     Unconstrained signal arriving at end point
    u_survik/o_spare_config_reg_28_/SI
                                     Unconstrained signal arriving at end point
    u_survik/o_spare_config_reg_27_/D
                                     Unconstrained signal arriving at end point
    u_survik/o_spare_config_reg_27_/RN
                                     Unconstrained signal arriving at end point
    u_survik/o_spare_config_reg_27_/SE
                                     Unconstrained signal arriving at end point
    u_survik/o_spare_config_reg_27_/SI
                                     Unconstrained signal arriving at end point
    u_survik/o_spare_config_reg_26_/D
                                     Unconstrained signal arriving at end point
    u_survik/o_spare_config_reg_26_/RN
                                     Unconstrained signal arriving at end point
    u_survik/o_spare_config_reg_26_/SE
                                     Unconstrained signal arriving at end point
    u_survik/o_spare_config_reg_26_/SI
                                     Unconstrained signal arriving at end point
    u_survik/o_spare_config_reg_25_/D
                                     Unconstrained signal arriving at end point
    u_survik/o_spare_config_reg_25_/RN
                                     Unconstrained signal arriving at end point
    u_survik/o_spare_config_reg_25_/SE
                                     Unconstrained signal arriving at end point
    u_survik/o_spare_config_reg_25_/SI
                                     Unconstrained signal arriving at end point
    u_survik/o_spare_config_reg_24_/D
                                     Unconstrained signal arriving at end point
    u_survik/o_spare_config_reg_24_/RN
                                     Unconstrained signal arriving at end point
    u_survik/o_spare_config_reg_24_/SE
                                     Unconstrained signal arriving at end point
    u_survik/o_spare_config_reg_24_/SI
                                     Unconstrained signal arriving at end point
    u_survik/o_spare_config_reg_23_/D
                                     Unconstrained signal arriving at end point
    u_survik/o_spare_config_reg_23_/RN
                                     Unconstrained signal arriving at end point
    u_survik/o_spare_config_reg_23_/SE
                                     Unconstrained signal arriving at end point
    u_survik/o_spare_config_reg_23_/SI
                                     Unconstrained signal arriving at end point
    u_survik/o_spare_config_reg_22_/D
                                     Unconstrained signal arriving at end point
    u_survik/o_spare_config_reg_22_/RN
                                     Unconstrained signal arriving at end point
    u_survik/o_spare_config_reg_22_/SE
                                     Unconstrained signal arriving at end point
    u_survik/o_spare_config_reg_22_/SI
                                     Unconstrained signal arriving at end point
    u_survik/o_spare_config_reg_21_/D
                                     Unconstrained signal arriving at end point
    u_survik/o_spare_config_reg_21_/RN
                                     Unconstrained signal arriving at end point
    u_survik/o_spare_config_reg_21_/SE
                                     Unconstrained signal arriving at end point
    u_survik/o_spare_config_reg_21_/SI
                                     Unconstrained signal arriving at end point
    u_survik/o_spare_config_reg_20_/D
                                     Unconstrained signal arriving at end point
    u_survik/o_spare_config_reg_20_/RN
                                     Unconstrained signal arriving at end point
    u_survik/o_spare_config_reg_20_/SE
                                     Unconstrained signal arriving at end point
    u_survik/o_spare_config_reg_20_/SI
                                     Unconstrained signal arriving at end point
    u_survik/o_spare_config_reg_19_/D
                                     Unconstrained signal arriving at end point
    u_survik/o_spare_config_reg_19_/RN
                                     Unconstrained signal arriving at end point
    u_survik/o_spare_config_reg_19_/SE
                                     Unconstrained signal arriving at end point
    u_survik/o_spare_config_reg_19_/SI
                                     Unconstrained signal arriving at end point
    u_survik/o_spare_config_reg_18_/D
                                     Unconstrained signal arriving at end point
    u_survik/o_spare_config_reg_18_/RN
                                     Unconstrained signal arriving at end point
    u_survik/o_spare_config_reg_18_/SE
                                     Unconstrained signal arriving at end point
    u_survik/o_spare_config_reg_18_/SI
                                     Unconstrained signal arriving at end point
    u_survik/o_spare_config_reg_17_/D
                                     Unconstrained signal arriving at end point
    u_survik/o_spare_config_reg_17_/RN
                                     Unconstrained signal arriving at end point
    u_survik/o_spare_config_reg_17_/SE
                                     Unconstrained signal arriving at end point
    u_survik/o_spare_config_reg_17_/SI
                                     Unconstrained signal arriving at end point
    u_survik/o_spare_config_reg_16_/D
                                     Unconstrained signal arriving at end point
    u_survik/o_spare_config_reg_16_/RN
                                     Unconstrained signal arriving at end point
    u_survik/o_spare_config_reg_16_/SE
                                     Unconstrained signal arriving at end point
    u_survik/o_spare_config_reg_16_/SI
                                     Unconstrained signal arriving at end point
    u_survik/o_spare_config_reg_15_/D
                                     Unconstrained signal arriving at end point
    u_survik/o_spare_config_reg_15_/RN
                                     Unconstrained signal arriving at end point
    u_survik/o_spare_config_reg_15_/SE
                                     Unconstrained signal arriving at end point
    u_survik/o_spare_config_reg_15_/SI
                                     Unconstrained signal arriving at end point
    u_survik/o_spare_config_reg_14_/D
                                     Unconstrained signal arriving at end point
    u_survik/o_spare_config_reg_14_/RN
                                     Unconstrained signal arriving at end point
    u_survik/o_spare_config_reg_14_/SE
                                     Unconstrained signal arriving at end point
    u_survik/o_spare_config_reg_14_/SI
                                     Unconstrained signal arriving at end point
    u_survik/o_spare_config_reg_13_/D
                                     Unconstrained signal arriving at end point
    u_survik/o_spare_config_reg_13_/RN
                                     Unconstrained signal arriving at end point
    u_survik/o_spare_config_reg_13_/SE
                                     Unconstrained signal arriving at end point
    u_survik/o_spare_config_reg_13_/SI
                                     Unconstrained signal arriving at end point
    u_survik/o_spare_config_reg_12_/D
                                     Unconstrained signal arriving at end point
    u_survik/o_spare_config_reg_12_/RN
                                     Unconstrained signal arriving at end point
    u_survik/o_spare_config_reg_12_/SE
                                     Unconstrained signal arriving at end point
    u_survik/o_spare_config_reg_12_/SI
                                     Unconstrained signal arriving at end point
    u_survik/o_spare_config_reg_11_/D
                                     Unconstrained signal arriving at end point
    u_survik/o_spare_config_reg_11_/RN
                                     Unconstrained signal arriving at end point
    u_survik/o_spare_config_reg_11_/SE
                                     Unconstrained signal arriving at end point
    u_survik/o_spare_config_reg_11_/SI
                                     Unconstrained signal arriving at end point
    u_survik/o_spare_config_reg_10_/D
                                     Unconstrained signal arriving at end point
    u_survik/o_spare_config_reg_10_/RN
                                     Unconstrained signal arriving at end point
    u_survik/o_spare_config_reg_10_/SE
                                     Unconstrained signal arriving at end point
    u_survik/o_spare_config_reg_10_/SI
                                     Unconstrained signal arriving at end point
    u_survik/o_spare_config_reg_9_/D Unconstrained signal arriving at end point
    u_survik/o_spare_config_reg_9_/RN
                                     Unconstrained signal arriving at end point
    u_survik/o_spare_config_reg_9_/SE
                                     Unconstrained signal arriving at end point
    u_survik/o_spare_config_reg_9_/SI
                                     Unconstrained signal arriving at end point
    u_survik/o_spare_config_reg_8_/D Unconstrained signal arriving at end point
    u_survik/o_spare_config_reg_8_/RN
                                     Unconstrained signal arriving at end point
    u_survik/o_spare_config_reg_8_/SE
                                     Unconstrained signal arriving at end point
    u_survik/o_spare_config_reg_8_/SI
                                     Unconstrained signal arriving at end point
    u_survik/o_spare_config_reg_7_/D Unconstrained signal arriving at end point
    u_survik/o_spare_config_reg_7_/RN
                                     Unconstrained signal arriving at end point
    u_survik/o_spare_config_reg_7_/SE
                                     Unconstrained signal arriving at end point
    u_survik/o_spare_config_reg_7_/SI
                                     Unconstrained signal arriving at end point
    u_survik/o_spare_config_reg_6_/D Unconstrained signal arriving at end point
    u_survik/o_spare_config_reg_6_/RN
                                     Unconstrained signal arriving at end point
    u_survik/o_spare_config_reg_6_/SE
                                     Unconstrained signal arriving at end point
    u_survik/o_spare_config_reg_6_/SI
                                     Unconstrained signal arriving at end point
    u_survik/o_spare_config_reg_5_/D Unconstrained signal arriving at end point
    u_survik/o_spare_config_reg_5_/RN
                                     Unconstrained signal arriving at end point
    u_survik/o_spare_config_reg_5_/SE
                                     Unconstrained signal arriving at end point
    u_survik/o_spare_config_reg_5_/SI
                                     Unconstrained signal arriving at end point
    u_survik/o_spare_config_reg_4_/D Unconstrained signal arriving at end point
    u_survik/o_spare_config_reg_4_/RN
                                     Unconstrained signal arriving at end point
    u_survik/o_spare_config_reg_4_/SE
                                     Unconstrained signal arriving at end point
    u_survik/o_spare_config_reg_4_/SI
                                     Unconstrained signal arriving at end point
    u_survik/o_spare_config_reg_3_/D Unconstrained signal arriving at end point
    u_survik/o_spare_config_reg_3_/RN
                                     Unconstrained signal arriving at end point
    u_survik/o_spare_config_reg_3_/SE
                                     Unconstrained signal arriving at end point
    u_survik/o_spare_config_reg_3_/SI
                                     Unconstrained signal arriving at end point
    u_survik/o_spare_config_reg_2_/D Unconstrained signal arriving at end point
    u_survik/o_spare_config_reg_2_/RN
                                     Unconstrained signal arriving at end point
    u_survik/o_spare_config_reg_2_/SE
                                     Unconstrained signal arriving at end point
    u_survik/o_spare_config_reg_2_/SI
                                     Unconstrained signal arriving at end point
    u_survik/o_spare_config_reg_1_/D Unconstrained signal arriving at end point
    u_survik/o_spare_config_reg_1_/RN
                                     Unconstrained signal arriving at end point
    u_survik/o_spare_config_reg_1_/SE
                                     Unconstrained signal arriving at end point
    u_survik/o_spare_config_reg_1_/SI
                                     Unconstrained signal arriving at end point
    u_survik/o_spare_config_reg_0_/D Unconstrained signal arriving at end point
    u_survik/o_spare_config_reg_0_/RN
                                     Unconstrained signal arriving at end point
    u_survik/o_spare_config_reg_0_/SE
                                     Unconstrained signal arriving at end point
    u_survik/o_spare_config_reg_0_/SI
                                     Unconstrained signal arriving at end point
    u_survik/o_adj_config_reg_15_/D  Unconstrained signal arriving at end point
    u_survik/o_adj_config_reg_15_/RN Unconstrained signal arriving at end point
    u_survik/o_adj_config_reg_15_/SE Unconstrained signal arriving at end point
    u_survik/o_adj_config_reg_15_/SI Unconstrained signal arriving at end point
    u_survik/o_adj_config_reg_14_/D  Unconstrained signal arriving at end point
    u_survik/o_adj_config_reg_14_/RN Unconstrained signal arriving at end point
    u_survik/o_adj_config_reg_14_/SE Unconstrained signal arriving at end point
    u_survik/o_adj_config_reg_14_/SI Unconstrained signal arriving at end point
    u_survik/o_adj_config_reg_13_/D  Unconstrained signal arriving at end point
    u_survik/o_adj_config_reg_13_/RN Unconstrained signal arriving at end point
    u_survik/o_adj_config_reg_13_/SE Unconstrained signal arriving at end point
    u_survik/o_adj_config_reg_13_/SI Unconstrained signal arriving at end point
    u_survik/o_adj_config_reg_12_/D  Unconstrained signal arriving at end point
    u_survik/o_adj_config_reg_12_/RN Unconstrained signal arriving at end point
    u_survik/o_adj_config_reg_12_/SE Unconstrained signal arriving at end point
    u_survik/o_adj_config_reg_12_/SI Unconstrained signal arriving at end point
    u_survik/o_adj_config_reg_11_/D  Unconstrained signal arriving at end point
    u_survik/o_adj_config_reg_11_/RN Unconstrained signal arriving at end point
    u_survik/o_adj_config_reg_11_/SE Unconstrained signal arriving at end point
    u_survik/o_adj_config_reg_11_/SI Unconstrained signal arriving at end point
    u_survik/o_adj_config_reg_10_/D  Unconstrained signal arriving at end point
    u_survik/o_adj_config_reg_10_/RN Unconstrained signal arriving at end point
    u_survik/o_adj_config_reg_10_/SE Unconstrained signal arriving at end point
    u_survik/o_adj_config_reg_10_/SI Unconstrained signal arriving at end point
    u_survik/o_adj_config_reg_9_/D   Unconstrained signal arriving at end point
    u_survik/o_adj_config_reg_9_/RN  Unconstrained signal arriving at end point
    u_survik/o_adj_config_reg_9_/SE  Unconstrained signal arriving at end point
    u_survik/o_adj_config_reg_9_/SI  Unconstrained signal arriving at end point
    u_survik/o_adj_config_reg_8_/D   Unconstrained signal arriving at end point
    u_survik/o_adj_config_reg_8_/RN  Unconstrained signal arriving at end point
    u_survik/o_adj_config_reg_8_/SE  Unconstrained signal arriving at end point
    u_survik/o_adj_config_reg_8_/SI  Unconstrained signal arriving at end point
    u_survik/o_adj_config_reg_7_/D   Unconstrained signal arriving at end point
    u_survik/o_adj_config_reg_7_/RN  Unconstrained signal arriving at end point
    u_survik/o_adj_config_reg_7_/SE  Unconstrained signal arriving at end point
    u_survik/o_adj_config_reg_7_/SI  Unconstrained signal arriving at end point
    u_survik/o_adj_config_reg_6_/D   Unconstrained signal arriving at end point
    u_survik/o_adj_config_reg_6_/RN  Unconstrained signal arriving at end point
    u_survik/o_adj_config_reg_6_/SE  Unconstrained signal arriving at end point
    u_survik/o_adj_config_reg_6_/SI  Unconstrained signal arriving at end point
    u_survik/o_adj_config_reg_5_/D   Unconstrained signal arriving at end point
    u_survik/o_adj_config_reg_5_/RN  Unconstrained signal arriving at end point
    u_survik/o_adj_config_reg_5_/SE  Unconstrained signal arriving at end point
    u_survik/o_adj_config_reg_5_/SI  Unconstrained signal arriving at end point
    u_survik/o_adj_config_reg_4_/D   Unconstrained signal arriving at end point
    u_survik/o_adj_config_reg_4_/RN  Unconstrained signal arriving at end point
    u_survik/o_adj_config_reg_4_/SE  Unconstrained signal arriving at end point
    u_survik/o_adj_config_reg_4_/SI  Unconstrained signal arriving at end point
    u_survik/o_adj_config_reg_3_/D   Unconstrained signal arriving at end point
    u_survik/o_adj_config_reg_3_/RN  Unconstrained signal arriving at end point
    u_survik/o_adj_config_reg_3_/SE  Unconstrained signal arriving at end point
    u_survik/o_adj_config_reg_3_/SI  Unconstrained signal arriving at end point
    u_survik/o_adj_config_reg_2_/D   Unconstrained signal arriving at end point
    u_survik/o_adj_config_reg_2_/RN  Unconstrained signal arriving at end point
    u_survik/o_adj_config_reg_2_/SE  Unconstrained signal arriving at end point
    u_survik/o_adj_config_reg_2_/SI  Unconstrained signal arriving at end point
    u_survik/o_adj_config_reg_1_/D   Unconstrained signal arriving at end point
    u_survik/o_adj_config_reg_1_/RN  Unconstrained signal arriving at end point
    u_survik/o_adj_config_reg_1_/SE  Unconstrained signal arriving at end point
    u_survik/o_adj_config_reg_1_/SI  Unconstrained signal arriving at end point
    u_survik/o_adj_config_reg_0_/D   Unconstrained signal arriving at end point
    u_survik/o_adj_config_reg_0_/RN  Unconstrained signal arriving at end point
    u_survik/o_adj_config_reg_0_/SE  Unconstrained signal arriving at end point
    u_survik/o_adj_config_reg_0_/SI  Unconstrained signal arriving at end point
    -----------------------------------------------------------------
    --------------------------------  
       TIMING CHECK IDEAL CLOCKS      
    --------------------------------  
     Clock Waveform                   
    --------------------------------  
    clk
    --------------------------------
