###############################################################
#  Generated by:      Cadence Tempus 20.20-p001_1
#  OS:                Linux x86_64(Host ID APL10.kletech.ac.in)
#  Generated on:      Fri Apr 11 18:04:06 2025
#  Design:            vorca
#  Command:           report_timing -late   -max_paths 50 -nworst 1 -path_type full_clock -net  > ${reportDir}/worst_max_path.rpt
###############################################################
Path 1: VIOLATED Setup Check with Pin f32_mux_1_data_reg_15_/CK 
Endpoint:   f32_mux_1_data_reg_15_/D (^) checked with  leading edge of 'clk'
Beginpoint: o_reg_addr_reg_2_/Q      (^) triggered by  leading edge of 'clk'
Path Groups: {clk}
Other End Arrival Time          0.000
- Setup                         0.236
+ Phase Shift                   1.000
= Required Time                 0.764
- Arrival Time                  1.515
= Slack Time                   -0.751
     Clock Rise Edge                      0.000
     = Beginpoint Arrival Time            0.000
     Timing Path:
      -------------------------------------------------------------------------------------------
      Pin                              Edge  Net            Cell         Delay  Arrival  Required  
                                                                                Time     Time  
      -------------------------------------------------------------------------------------------
      clk                              ^     clk            -            -      0.000    -0.751  
      clk_gate_addr/CK                 ^     clk            TLATNTSCAX4  0.000  0.000    -0.751  
      clk_gate_addr/ECK                ^     net121972      TLATNTSCAX4  0.000  0.000    -0.751  
      o_reg_addr_reg_2_/CK             ^     net121972      SDFFRX1      0.000  0.000    -0.751  
      o_reg_addr_reg_2_/Q              ^     o_reg_addr[2]  SDFFRX1      0.309  0.309    -0.442  
      o_reg_addr_reg_2__scan_iso_or/A  ^     o_reg_addr[2]  AND2X1       0.000  0.309    -0.442  
      o_reg_addr_reg_2__scan_iso_or/Y  ^     scan_iso_or4   AND2X1       0.149  0.458    -0.293  
      U43/B                            ^     scan_iso_or4   NAND2BX1     0.000  0.458    -0.293  
      U43/Y                            v     n386           NAND2BX1     0.256  0.714    -0.037  
      U31/A                            v     n386           NOR2X2       0.000  0.714    -0.037  
      U31/Y                            ^     n374           NOR2X2       0.206  0.919    0.169  
      U466/B                           ^     n374           AND2X2       0.000  0.919    0.169  
      U466/Y                           ^     n705           AND2X2       0.232  1.151    0.401  
      U593/A                           ^     n705           BUFX4        0.000  1.151    0.401  
      U593/Y                           ^     n754           BUFX4        0.128  1.280    0.529  
      U652/B0                          ^     n754           AOI22X1      0.000  1.280    0.529  
      U652/Y                           v     n587           AOI22X1      0.062  1.342    0.591  
      U653/D                           v     n587           NAND4X1      0.000  1.342    0.591  
      U653/Y                           ^     n596           NAND4X1      0.059  1.401    0.650  
      U658/A1                          ^     n596           AOI21X1      0.000  1.401    0.650  
      U658/Y                           v     n599           AOI21X1      0.067  1.468    0.718  
      U131/B                           v     n599           NAND3X1      0.000  1.468    0.718  
      U131/Y                           ^     N469           NAND3X1      0.046  1.515    0.764  
      f32_mux_1_data_reg_15_/D         ^     N469           SDFFRX1      0.000  1.515    0.764  
      -------------------------------------------------------------------------------------------
     Clock Rise Edge                      0.000
     = Beginpoint Arrival Time            0.000
     Other End Path:
      ---------------------------------------------------------------------------------
      Pin                        Edge  Net        Cell         Delay  Arrival  Required  
                                                                      Time     Time  
      ---------------------------------------------------------------------------------
      clk                        ^     clk        -            -      0.000    0.751  
      clk_gate_mux/CK            ^     clk        TLATNTSCAX4  0.000  0.000    0.751  
      clk_gate_mux/ECK           ^     net121966  TLATNTSCAX4  0.000  0.000    0.751  
      f32_mux_1_data_reg_15_/CK  ^     net121966  SDFFRX1      0.000  0.000    0.751  
      ---------------------------------------------------------------------------------
Path 2: VIOLATED Setup Check with Pin f32_mux_1_data_reg_14_/CK 
Endpoint:   f32_mux_1_data_reg_14_/D (^) checked with  leading edge of 'clk'
Beginpoint: o_reg_addr_reg_2_/Q      (^) triggered by  leading edge of 'clk'
Path Groups: {clk}
Other End Arrival Time          0.000
- Setup                         0.236
+ Phase Shift                   1.000
= Required Time                 0.764
- Arrival Time                  1.515
= Slack Time                   -0.751
     Clock Rise Edge                      0.000
     = Beginpoint Arrival Time            0.000
     Timing Path:
      -------------------------------------------------------------------------------------------
      Pin                              Edge  Net            Cell         Delay  Arrival  Required  
                                                                                Time     Time  
      -------------------------------------------------------------------------------------------
      clk                              ^     clk            -            -      0.000    -0.751  
      clk_gate_addr/CK                 ^     clk            TLATNTSCAX4  0.000  0.000    -0.751  
      clk_gate_addr/ECK                ^     net121972      TLATNTSCAX4  0.000  0.000    -0.751  
      o_reg_addr_reg_2_/CK             ^     net121972      SDFFRX1      0.000  0.000    -0.751  
      o_reg_addr_reg_2_/Q              ^     o_reg_addr[2]  SDFFRX1      0.309  0.309    -0.442  
      o_reg_addr_reg_2__scan_iso_or/A  ^     o_reg_addr[2]  AND2X1       0.000  0.309    -0.442  
      o_reg_addr_reg_2__scan_iso_or/Y  ^     scan_iso_or4   AND2X1       0.149  0.458    -0.293  
      U43/B                            ^     scan_iso_or4   NAND2BX1     0.000  0.458    -0.293  
      U43/Y                            v     n386           NAND2BX1     0.256  0.714    -0.037  
      U31/A                            v     n386           NOR2X2       0.000  0.714    -0.037  
      U31/Y                            ^     n374           NOR2X2       0.206  0.919    0.169  
      U466/B                           ^     n374           AND2X2       0.000  0.919    0.169  
      U466/Y                           ^     n705           AND2X2       0.232  1.151    0.401  
      U593/A                           ^     n705           BUFX4        0.000  1.151    0.401  
      U593/Y                           ^     n754           BUFX4        0.128  1.280    0.529  
      U723/B0                          ^     n754           AOI22X1      0.000  1.280    0.529  
      U723/Y                           v     n678           AOI22X1      0.062  1.342    0.591  
      U724/D                           v     n678           NAND4X1      0.000  1.342    0.591  
      U724/Y                           ^     n687           NAND4X1      0.059  1.401    0.650  
      U730/A1                          ^     n687           AOI21X1      0.000  1.401    0.650  
      U730/Y                           v     n689           AOI21X1      0.067  1.468    0.718  
      U133/B                           v     n689           NAND3X1      0.000  1.468    0.718  
      U133/Y                           ^     N468           NAND3X1      0.046  1.515    0.764  
      f32_mux_1_data_reg_14_/D         ^     N468           SDFFRX1      0.000  1.515    0.764  
      -------------------------------------------------------------------------------------------
     Clock Rise Edge                      0.000
     = Beginpoint Arrival Time            0.000
     Other End Path:
      ---------------------------------------------------------------------------------
      Pin                        Edge  Net        Cell         Delay  Arrival  Required  
                                                                      Time     Time  
      ---------------------------------------------------------------------------------
      clk                        ^     clk        -            -      0.000    0.751  
      clk_gate_mux/CK            ^     clk        TLATNTSCAX4  0.000  0.000    0.751  
      clk_gate_mux/ECK           ^     net121966  TLATNTSCAX4  0.000  0.000    0.751  
      f32_mux_1_data_reg_14_/CK  ^     net121966  SDFFRX1      0.000  0.000    0.751  
      ---------------------------------------------------------------------------------
Path 3: VIOLATED Setup Check with Pin f32_mux_1_data_reg_13_/CK 
Endpoint:   f32_mux_1_data_reg_13_/D (^) checked with  leading edge of 'clk'
Beginpoint: o_reg_addr_reg_2_/Q      (^) triggered by  leading edge of 'clk'
Path Groups: {clk}
Other End Arrival Time          0.000
- Setup                         0.236
+ Phase Shift                   1.000
= Required Time                 0.764
- Arrival Time                  1.515
= Slack Time                   -0.751
     Clock Rise Edge                      0.000
     = Beginpoint Arrival Time            0.000
     Timing Path:
      -------------------------------------------------------------------------------------------
      Pin                              Edge  Net            Cell         Delay  Arrival  Required  
                                                                                Time     Time  
      -------------------------------------------------------------------------------------------
      clk                              ^     clk            -            -      0.000    -0.751  
      clk_gate_addr/CK                 ^     clk            TLATNTSCAX4  0.000  0.000    -0.751  
      clk_gate_addr/ECK                ^     net121972      TLATNTSCAX4  0.000  0.000    -0.751  
      o_reg_addr_reg_2_/CK             ^     net121972      SDFFRX1      0.000  0.000    -0.751  
      o_reg_addr_reg_2_/Q              ^     o_reg_addr[2]  SDFFRX1      0.309  0.309    -0.442  
      o_reg_addr_reg_2__scan_iso_or/A  ^     o_reg_addr[2]  AND2X1       0.000  0.309    -0.442  
      o_reg_addr_reg_2__scan_iso_or/Y  ^     scan_iso_or4   AND2X1       0.149  0.458    -0.293  
      U43/B                            ^     scan_iso_or4   NAND2BX1     0.000  0.458    -0.293  
      U43/Y                            v     n386           NAND2BX1     0.256  0.714    -0.037  
      U31/A                            v     n386           NOR2X2       0.000  0.714    -0.037  
      U31/Y                            ^     n374           NOR2X2       0.206  0.919    0.169  
      U466/B                           ^     n374           AND2X2       0.000  0.919    0.169  
      U466/Y                           ^     n705           AND2X2       0.232  1.151    0.401  
      U593/A                           ^     n705           BUFX4        0.000  1.151    0.401  
      U593/Y                           ^     n754           BUFX4        0.128  1.280    0.529  
      U768/B0                          ^     n754           AOI22X1      0.000  1.280    0.529  
      U768/Y                           v     n737           AOI22X1      0.062  1.342    0.591  
      U769/D                           v     n737           NAND4X1      0.000  1.342    0.591  
      U769/Y                           ^     n746           NAND4X1      0.059  1.401    0.650  
      U774/A1                          ^     n746           AOI21X1      0.000  1.401    0.650  
      U774/Y                           v     n748           AOI21X1      0.067  1.468    0.718  
      U135/B                           v     n748           NAND3X1      0.000  1.468    0.718  
      U135/Y                           ^     N467           NAND3X1      0.046  1.515    0.764  
      f32_mux_1_data_reg_13_/D         ^     N467           SDFFRX1      0.000  1.515    0.764  
      -------------------------------------------------------------------------------------------
     Clock Rise Edge                      0.000
     = Beginpoint Arrival Time            0.000
     Other End Path:
      ---------------------------------------------------------------------------------
      Pin                        Edge  Net        Cell         Delay  Arrival  Required  
                                                                      Time     Time  
      ---------------------------------------------------------------------------------
      clk                        ^     clk        -            -      0.000    0.751  
      clk_gate_mux/CK            ^     clk        TLATNTSCAX4  0.000  0.000    0.751  
      clk_gate_mux/ECK           ^     net121966  TLATNTSCAX4  0.000  0.000    0.751  
      f32_mux_1_data_reg_13_/CK  ^     net121966  SDFFRX1      0.000  0.000    0.751  
      ---------------------------------------------------------------------------------
Path 4: VIOLATED Setup Check with Pin f32_mux_1_data_reg_12_/CK 
Endpoint:   f32_mux_1_data_reg_12_/D (^) checked with  leading edge of 'clk'
Beginpoint: o_reg_addr_reg_2_/Q      (^) triggered by  leading edge of 'clk'
Path Groups: {clk}
Other End Arrival Time          0.000
- Setup                         0.236
+ Phase Shift                   1.000
= Required Time                 0.764
- Arrival Time                  1.515
= Slack Time                   -0.751
     Clock Rise Edge                      0.000
     = Beginpoint Arrival Time            0.000
     Timing Path:
      -------------------------------------------------------------------------------------------
      Pin                              Edge  Net            Cell         Delay  Arrival  Required  
                                                                                Time     Time  
      -------------------------------------------------------------------------------------------
      clk                              ^     clk            -            -      0.000    -0.751  
      clk_gate_addr/CK                 ^     clk            TLATNTSCAX4  0.000  0.000    -0.751  
      clk_gate_addr/ECK                ^     net121972      TLATNTSCAX4  0.000  0.000    -0.751  
      o_reg_addr_reg_2_/CK             ^     net121972      SDFFRX1      0.000  0.000    -0.751  
      o_reg_addr_reg_2_/Q              ^     o_reg_addr[2]  SDFFRX1      0.309  0.309    -0.442  
      o_reg_addr_reg_2__scan_iso_or/A  ^     o_reg_addr[2]  AND2X1       0.000  0.309    -0.442  
      o_reg_addr_reg_2__scan_iso_or/Y  ^     scan_iso_or4   AND2X1       0.149  0.458    -0.293  
      U43/B                            ^     scan_iso_or4   NAND2BX1     0.000  0.458    -0.293  
      U43/Y                            v     n386           NAND2BX1     0.256  0.714    -0.037  
      U31/A                            v     n386           NOR2X2       0.000  0.714    -0.037  
      U31/Y                            ^     n374           NOR2X2       0.206  0.919    0.169  
      U466/B                           ^     n374           AND2X2       0.000  0.919    0.169  
      U466/Y                           ^     n705           AND2X2       0.232  1.151    0.401  
      U593/A                           ^     n705           BUFX4        0.000  1.151    0.401  
      U593/Y                           ^     n754           BUFX4        0.128  1.280    0.529  
      U734/B0                          ^     n754           AOI22X1      0.000  1.280    0.529  
      U734/Y                           v     n691           AOI22X1      0.062  1.342    0.591  
      U735/D                           v     n691           NAND4X1      0.000  1.342    0.591  
      U735/Y                           ^     n700           NAND4X1      0.059  1.401    0.650  
      U741/A1                          ^     n700           AOI21X1      0.000  1.401    0.650  
      U741/Y                           v     n702           AOI21X1      0.067  1.468    0.718  
      U137/B                           v     n702           NAND3X1      0.000  1.468    0.718  
      U137/Y                           ^     N466           NAND3X1      0.046  1.515    0.764  
      f32_mux_1_data_reg_12_/D         ^     N466           SDFFRX1      0.000  1.515    0.764  
      -------------------------------------------------------------------------------------------
     Clock Rise Edge                      0.000
     = Beginpoint Arrival Time            0.000
     Other End Path:
      ---------------------------------------------------------------------------------
      Pin                        Edge  Net        Cell         Delay  Arrival  Required  
                                                                      Time     Time  
      ---------------------------------------------------------------------------------
      clk                        ^     clk        -            -      0.000    0.751  
      clk_gate_mux/CK            ^     clk        TLATNTSCAX4  0.000  0.000    0.751  
      clk_gate_mux/ECK           ^     net121966  TLATNTSCAX4  0.000  0.000    0.751  
      f32_mux_1_data_reg_12_/CK  ^     net121966  SDFFRX1      0.000  0.000    0.751  
      ---------------------------------------------------------------------------------
Path 5: VIOLATED Setup Check with Pin f32_mux_1_data_reg_11_/CK 
Endpoint:   f32_mux_1_data_reg_11_/D (^) checked with  leading edge of 'clk'
Beginpoint: o_reg_addr_reg_2_/Q      (^) triggered by  leading edge of 'clk'
Path Groups: {clk}
Other End Arrival Time          0.000
- Setup                         0.236
+ Phase Shift                   1.000
= Required Time                 0.764
- Arrival Time                  1.515
= Slack Time                   -0.751
     Clock Rise Edge                      0.000
     = Beginpoint Arrival Time            0.000
     Timing Path:
      -------------------------------------------------------------------------------------------
      Pin                              Edge  Net            Cell         Delay  Arrival  Required  
                                                                                Time     Time  
      -------------------------------------------------------------------------------------------
      clk                              ^     clk            -            -      0.000    -0.751  
      clk_gate_addr/CK                 ^     clk            TLATNTSCAX4  0.000  0.000    -0.751  
      clk_gate_addr/ECK                ^     net121972      TLATNTSCAX4  0.000  0.000    -0.751  
      o_reg_addr_reg_2_/CK             ^     net121972      SDFFRX1      0.000  0.000    -0.751  
      o_reg_addr_reg_2_/Q              ^     o_reg_addr[2]  SDFFRX1      0.309  0.309    -0.442  
      o_reg_addr_reg_2__scan_iso_or/A  ^     o_reg_addr[2]  AND2X1       0.000  0.309    -0.442  
      o_reg_addr_reg_2__scan_iso_or/Y  ^     scan_iso_or4   AND2X1       0.149  0.458    -0.293  
      U43/B                            ^     scan_iso_or4   NAND2BX1     0.000  0.458    -0.293  
      U43/Y                            v     n386           NAND2BX1     0.256  0.714    -0.037  
      U31/A                            v     n386           NOR2X2       0.000  0.714    -0.037  
      U31/Y                            ^     n374           NOR2X2       0.206  0.919    0.169  
      U466/B                           ^     n374           AND2X2       0.000  0.919    0.169  
      U466/Y                           ^     n705           AND2X2       0.232  1.151    0.401  
      U593/A                           ^     n705           BUFX4        0.000  1.151    0.401  
      U593/Y                           ^     n754           BUFX4        0.128  1.280    0.529  
      U757/B0                          ^     n754           AOI22X1      0.000  1.280    0.529  
      U757/Y                           v     n721           AOI22X1      0.062  1.342    0.591  
      U758/D                           v     n721           NAND4X1      0.000  1.342    0.591  
      U758/Y                           ^     n730           NAND4X1      0.059  1.401    0.650  
      U763/A1                          ^     n730           AOI21X1      0.000  1.401    0.650  
      U763/Y                           v     n734           AOI21X1      0.067  1.468    0.718  
      U139/B                           v     n734           NAND3X1      0.000  1.468    0.718  
      U139/Y                           ^     N465           NAND3X1      0.046  1.515    0.764  
      f32_mux_1_data_reg_11_/D         ^     N465           SDFFRX1      0.000  1.515    0.764  
      -------------------------------------------------------------------------------------------
     Clock Rise Edge                      0.000
     = Beginpoint Arrival Time            0.000
     Other End Path:
      ---------------------------------------------------------------------------------
      Pin                        Edge  Net        Cell         Delay  Arrival  Required  
                                                                      Time     Time  
      ---------------------------------------------------------------------------------
      clk                        ^     clk        -            -      0.000    0.751  
      clk_gate_mux/CK            ^     clk        TLATNTSCAX4  0.000  0.000    0.751  
      clk_gate_mux/ECK           ^     net121966  TLATNTSCAX4  0.000  0.000    0.751  
      f32_mux_1_data_reg_11_/CK  ^     net121966  SDFFRX1      0.000  0.000    0.751  
      ---------------------------------------------------------------------------------
Path 6: VIOLATED Setup Check with Pin f32_mux_1_data_reg_10_/CK 
Endpoint:   f32_mux_1_data_reg_10_/D (^) checked with  leading edge of 'clk'
Beginpoint: o_reg_addr_reg_2_/Q      (^) triggered by  leading edge of 'clk'
Path Groups: {clk}
Other End Arrival Time          0.000
- Setup                         0.236
+ Phase Shift                   1.000
= Required Time                 0.764
- Arrival Time                  1.515
= Slack Time                   -0.751
     Clock Rise Edge                      0.000
     = Beginpoint Arrival Time            0.000
     Timing Path:
      -------------------------------------------------------------------------------------------
      Pin                              Edge  Net            Cell         Delay  Arrival  Required  
                                                                                Time     Time  
      -------------------------------------------------------------------------------------------
      clk                              ^     clk            -            -      0.000    -0.751  
      clk_gate_addr/CK                 ^     clk            TLATNTSCAX4  0.000  0.000    -0.751  
      clk_gate_addr/ECK                ^     net121972      TLATNTSCAX4  0.000  0.000    -0.751  
      o_reg_addr_reg_2_/CK             ^     net121972      SDFFRX1      0.000  0.000    -0.751  
      o_reg_addr_reg_2_/Q              ^     o_reg_addr[2]  SDFFRX1      0.309  0.309    -0.442  
      o_reg_addr_reg_2__scan_iso_or/A  ^     o_reg_addr[2]  AND2X1       0.000  0.309    -0.442  
      o_reg_addr_reg_2__scan_iso_or/Y  ^     scan_iso_or4   AND2X1       0.149  0.458    -0.293  
      U43/B                            ^     scan_iso_or4   NAND2BX1     0.000  0.458    -0.293  
      U43/Y                            v     n386           NAND2BX1     0.256  0.714    -0.037  
      U31/A                            v     n386           NOR2X2       0.000  0.714    -0.037  
      U31/Y                            ^     n374           NOR2X2       0.206  0.919    0.169  
      U466/B                           ^     n374           AND2X2       0.000  0.919    0.169  
      U466/Y                           ^     n705           AND2X2       0.232  1.151    0.401  
      U593/A                           ^     n705           BUFX4        0.000  1.151    0.401  
      U593/Y                           ^     n754           BUFX4        0.128  1.280    0.529  
      U778/B0                          ^     n754           AOI22X1      0.000  1.280    0.529  
      U778/Y                           v     n755           AOI22X1      0.062  1.342    0.591  
      U779/D                           v     n755           NAND4X1      0.000  1.342    0.591  
      U779/Y                           ^     n767           NAND4X1      0.059  1.401    0.650  
      U785/A1                          ^     n767           AOI21X1      0.000  1.401    0.650  
      U785/Y                           v     n771           AOI21X1      0.067  1.468    0.718  
      U141/B                           v     n771           NAND3X1      0.000  1.468    0.718  
      U141/Y                           ^     N464           NAND3X1      0.046  1.515    0.764  
      f32_mux_1_data_reg_10_/D         ^     N464           SDFFRX1      0.000  1.515    0.764  
      -------------------------------------------------------------------------------------------
     Clock Rise Edge                      0.000
     = Beginpoint Arrival Time            0.000
     Other End Path:
      ---------------------------------------------------------------------------------
      Pin                        Edge  Net        Cell         Delay  Arrival  Required  
                                                                      Time     Time  
      ---------------------------------------------------------------------------------
      clk                        ^     clk        -            -      0.000    0.751  
      clk_gate_mux/CK            ^     clk        TLATNTSCAX4  0.000  0.000    0.751  
      clk_gate_mux/ECK           ^     net121966  TLATNTSCAX4  0.000  0.000    0.751  
      f32_mux_1_data_reg_10_/CK  ^     net121966  SDFFRX1      0.000  0.000    0.751  
      ---------------------------------------------------------------------------------
Path 7: VIOLATED Setup Check with Pin f32_mux_1_data_reg_20_/CK 
Endpoint:   f32_mux_1_data_reg_20_/D (^) checked with  leading edge of 'clk'
Beginpoint: o_reg_addr_reg_2_/Q      (^) triggered by  leading edge of 'clk'
Path Groups: {clk}
Other End Arrival Time          0.000
- Setup                         0.236
+ Phase Shift                   1.000
= Required Time                 0.764
- Arrival Time                  1.515
= Slack Time                   -0.750
     Clock Rise Edge                      0.000
     = Beginpoint Arrival Time            0.000
     Timing Path:
      -------------------------------------------------------------------------------------------
      Pin                              Edge  Net            Cell         Delay  Arrival  Required  
                                                                                Time     Time  
      -------------------------------------------------------------------------------------------
      clk                              ^     clk            -            -      0.000    -0.750  
      clk_gate_addr/CK                 ^     clk            TLATNTSCAX4  0.000  0.000    -0.750  
      clk_gate_addr/ECK                ^     net121972      TLATNTSCAX4  0.000  0.000    -0.750  
      o_reg_addr_reg_2_/CK             ^     net121972      SDFFRX1      0.000  0.000    -0.750  
      o_reg_addr_reg_2_/Q              ^     o_reg_addr[2]  SDFFRX1      0.309  0.309    -0.442  
      o_reg_addr_reg_2__scan_iso_or/A  ^     o_reg_addr[2]  AND2X1       0.000  0.309    -0.442  
      o_reg_addr_reg_2__scan_iso_or/Y  ^     scan_iso_or4   AND2X1       0.149  0.458    -0.292  
      U43/B                            ^     scan_iso_or4   NAND2BX1     0.000  0.458    -0.292  
      U43/Y                            v     n386           NAND2BX1     0.256  0.714    -0.037  
      U31/A                            v     n386           NOR2X2       0.000  0.714    -0.037  
      U31/Y                            ^     n374           NOR2X2       0.206  0.919    0.169  
      U466/B                           ^     n374           AND2X2       0.000  0.919    0.169  
      U466/Y                           ^     n705           AND2X2       0.232  1.151    0.401  
      U593/A                           ^     n705           BUFX4        0.000  1.151    0.401  
      U593/Y                           ^     n754           BUFX4        0.128  1.280    0.529  
      U606/B0                          ^     n754           AOI22X1      0.000  1.280    0.529  
      U606/Y                           v     n534           AOI22X1      0.062  1.342    0.591  
      U607/D                           v     n534           NAND4X1      0.000  1.342    0.591  
      U607/Y                           ^     n543           NAND4X1      0.059  1.401    0.651  
      U613/A1                          ^     n543           AOI21X1      0.000  1.401    0.651  
      U613/Y                           v     n545           AOI21X1      0.067  1.468    0.718  
      U121/B                           v     n545           NAND3X1      0.000  1.468    0.718  
      U121/Y                           ^     N474           NAND3X1      0.046  1.515    0.764  
      f32_mux_1_data_reg_20_/D         ^     N474           SDFFRX1      0.000  1.515    0.764  
      -------------------------------------------------------------------------------------------
     Clock Rise Edge                      0.000
     = Beginpoint Arrival Time            0.000
     Other End Path:
      ---------------------------------------------------------------------------------
      Pin                        Edge  Net        Cell         Delay  Arrival  Required  
                                                                      Time     Time  
      ---------------------------------------------------------------------------------
      clk                        ^     clk        -            -      0.000    0.750  
      clk_gate_mux/CK            ^     clk        TLATNTSCAX4  0.000  0.000    0.750  
      clk_gate_mux/ECK           ^     net121966  TLATNTSCAX4  0.000  0.000    0.750  
      f32_mux_1_data_reg_20_/CK  ^     net121966  SDFFRX1      0.000  0.000    0.750  
      ---------------------------------------------------------------------------------
Path 8: VIOLATED Setup Check with Pin f32_mux_1_data_reg_18_/CK 
Endpoint:   f32_mux_1_data_reg_18_/D (^) checked with  leading edge of 'clk'
Beginpoint: o_reg_addr_reg_2_/Q      (^) triggered by  leading edge of 'clk'
Path Groups: {clk}
Other End Arrival Time          0.000
- Setup                         0.236
+ Phase Shift                   1.000
= Required Time                 0.764
- Arrival Time                  1.515
= Slack Time                   -0.750
     Clock Rise Edge                      0.000
     = Beginpoint Arrival Time            0.000
     Timing Path:
      -------------------------------------------------------------------------------------------
      Pin                              Edge  Net            Cell         Delay  Arrival  Required  
                                                                                Time     Time  
      -------------------------------------------------------------------------------------------
      clk                              ^     clk            -            -      0.000    -0.750  
      clk_gate_addr/CK                 ^     clk            TLATNTSCAX4  0.000  0.000    -0.750  
      clk_gate_addr/ECK                ^     net121972      TLATNTSCAX4  0.000  0.000    -0.750  
      o_reg_addr_reg_2_/CK             ^     net121972      SDFFRX1      0.000  0.000    -0.750  
      o_reg_addr_reg_2_/Q              ^     o_reg_addr[2]  SDFFRX1      0.309  0.309    -0.442  
      o_reg_addr_reg_2__scan_iso_or/A  ^     o_reg_addr[2]  AND2X1       0.000  0.309    -0.442  
      o_reg_addr_reg_2__scan_iso_or/Y  ^     scan_iso_or4   AND2X1       0.149  0.458    -0.292  
      U43/B                            ^     scan_iso_or4   NAND2BX1     0.000  0.458    -0.292  
      U43/Y                            v     n386           NAND2BX1     0.256  0.714    -0.037  
      U31/A                            v     n386           NOR2X2       0.000  0.714    -0.037  
      U31/Y                            ^     n374           NOR2X2       0.206  0.919    0.169  
      U466/B                           ^     n374           AND2X2       0.000  0.919    0.169  
      U466/Y                           ^     n705           AND2X2       0.232  1.151    0.401  
      U593/A                           ^     n705           BUFX4        0.000  1.151    0.401  
      U593/Y                           ^     n754           BUFX4        0.128  1.280    0.529  
      U594/B0                          ^     n754           AOI22X1      0.000  1.280    0.529  
      U594/Y                           v     n521           AOI22X1      0.062  1.342    0.591  
      U595/D                           v     n521           NAND4X1      0.000  1.342    0.591  
      U595/Y                           ^     n530           NAND4X1      0.059  1.401    0.651  
      U601/A1                          ^     n530           AOI21X1      0.000  1.401    0.651  
      U601/Y                           v     n532           AOI21X1      0.067  1.468    0.718  
      U125/B                           v     n532           NAND3X1      0.000  1.468    0.718  
      U125/Y                           ^     N472           NAND3X1      0.046  1.515    0.764  
      f32_mux_1_data_reg_18_/D         ^     N472           SDFFRX1      0.000  1.515    0.764  
      -------------------------------------------------------------------------------------------
     Clock Rise Edge                      0.000
     = Beginpoint Arrival Time            0.000
     Other End Path:
      ---------------------------------------------------------------------------------
      Pin                        Edge  Net        Cell         Delay  Arrival  Required  
                                                                      Time     Time  
      ---------------------------------------------------------------------------------
      clk                        ^     clk        -            -      0.000    0.750  
      clk_gate_mux/CK            ^     clk        TLATNTSCAX4  0.000  0.000    0.750  
      clk_gate_mux/ECK           ^     net121966  TLATNTSCAX4  0.000  0.000    0.750  
      f32_mux_1_data_reg_18_/CK  ^     net121966  SDFFRX1      0.000  0.000    0.750  
      ---------------------------------------------------------------------------------
Path 9: VIOLATED Setup Check with Pin f32_mux_1_data_reg_17_/CK 
Endpoint:   f32_mux_1_data_reg_17_/D (^) checked with  leading edge of 'clk'
Beginpoint: o_reg_addr_reg_2_/Q      (^) triggered by  leading edge of 'clk'
Path Groups: {clk}
Other End Arrival Time          0.000
- Setup                         0.236
+ Phase Shift                   1.000
= Required Time                 0.764
- Arrival Time                  1.515
= Slack Time                   -0.750
     Clock Rise Edge                      0.000
     = Beginpoint Arrival Time            0.000
     Timing Path:
      -------------------------------------------------------------------------------------------
      Pin                              Edge  Net            Cell         Delay  Arrival  Required  
                                                                                Time     Time  
      -------------------------------------------------------------------------------------------
      clk                              ^     clk            -            -      0.000    -0.750  
      clk_gate_addr/CK                 ^     clk            TLATNTSCAX4  0.000  0.000    -0.750  
      clk_gate_addr/ECK                ^     net121972      TLATNTSCAX4  0.000  0.000    -0.750  
      o_reg_addr_reg_2_/CK             ^     net121972      SDFFRX1      0.000  0.000    -0.750  
      o_reg_addr_reg_2_/Q              ^     o_reg_addr[2]  SDFFRX1      0.309  0.309    -0.442  
      o_reg_addr_reg_2__scan_iso_or/A  ^     o_reg_addr[2]  AND2X1       0.000  0.309    -0.442  
      o_reg_addr_reg_2__scan_iso_or/Y  ^     scan_iso_or4   AND2X1       0.149  0.458    -0.292  
      U43/B                            ^     scan_iso_or4   NAND2BX1     0.000  0.458    -0.292  
      U43/Y                            v     n386           NAND2BX1     0.256  0.714    -0.037  
      U31/A                            v     n386           NOR2X2       0.000  0.714    -0.037  
      U31/Y                            ^     n374           NOR2X2       0.206  0.919    0.169  
      U466/B                           ^     n374           AND2X2       0.000  0.919    0.169  
      U466/Y                           ^     n705           AND2X2       0.232  1.151    0.401  
      U593/A                           ^     n705           BUFX4        0.000  1.151    0.401  
      U593/Y                           ^     n754           BUFX4        0.128  1.280    0.529  
      U629/B0                          ^     n754           AOI22X1      0.000  1.280    0.529  
      U629/Y                           v     n560           AOI22X1      0.062  1.342    0.591  
      U630/D                           v     n560           NAND4X1      0.000  1.342    0.591  
      U630/Y                           ^     n570           NAND4X1      0.059  1.401    0.651  
      U635/A1                          ^     n570           AOI21X1      0.000  1.401    0.651  
      U635/Y                           v     n572           AOI21X1      0.067  1.468    0.718  
      U127/B                           v     n572           NAND3X1      0.000  1.468    0.718  
      U127/Y                           ^     N471           NAND3X1      0.046  1.515    0.764  
      f32_mux_1_data_reg_17_/D         ^     N471           SDFFRX1      0.000  1.515    0.764  
      -------------------------------------------------------------------------------------------
     Clock Rise Edge                      0.000
     = Beginpoint Arrival Time            0.000
     Other End Path:
      ---------------------------------------------------------------------------------
      Pin                        Edge  Net        Cell         Delay  Arrival  Required  
                                                                      Time     Time  
      ---------------------------------------------------------------------------------
      clk                        ^     clk        -            -      0.000    0.750  
      clk_gate_mux/CK            ^     clk        TLATNTSCAX4  0.000  0.000    0.750  
      clk_gate_mux/ECK           ^     net121966  TLATNTSCAX4  0.000  0.000    0.750  
      f32_mux_1_data_reg_17_/CK  ^     net121966  SDFFRX1      0.000  0.000    0.750  
      ---------------------------------------------------------------------------------
Path 10: VIOLATED Setup Check with Pin f32_mux_1_data_reg_16_/CK 
Endpoint:   f32_mux_1_data_reg_16_/D (^) checked with  leading edge of 'clk'
Beginpoint: o_reg_addr_reg_2_/Q      (^) triggered by  leading edge of 'clk'
Path Groups: {clk}
Other End Arrival Time          0.000
- Setup                         0.236
+ Phase Shift                   1.000
= Required Time                 0.764
- Arrival Time                  1.515
= Slack Time                   -0.750
     Clock Rise Edge                      0.000
     = Beginpoint Arrival Time            0.000
     Timing Path:
      -------------------------------------------------------------------------------------------
      Pin                              Edge  Net            Cell         Delay  Arrival  Required  
                                                                                Time     Time  
      -------------------------------------------------------------------------------------------
      clk                              ^     clk            -            -      0.000    -0.750  
      clk_gate_addr/CK                 ^     clk            TLATNTSCAX4  0.000  0.000    -0.750  
      clk_gate_addr/ECK                ^     net121972      TLATNTSCAX4  0.000  0.000    -0.750  
      o_reg_addr_reg_2_/CK             ^     net121972      SDFFRX1      0.000  0.000    -0.750  
      o_reg_addr_reg_2_/Q              ^     o_reg_addr[2]  SDFFRX1      0.309  0.309    -0.442  
      o_reg_addr_reg_2__scan_iso_or/A  ^     o_reg_addr[2]  AND2X1       0.000  0.309    -0.442  
      o_reg_addr_reg_2__scan_iso_or/Y  ^     scan_iso_or4   AND2X1       0.149  0.458    -0.292  
      U43/B                            ^     scan_iso_or4   NAND2BX1     0.000  0.458    -0.292  
      U43/Y                            v     n386           NAND2BX1     0.256  0.714    -0.037  
      U31/A                            v     n386           NOR2X2       0.000  0.714    -0.037  
      U31/Y                            ^     n374           NOR2X2       0.206  0.919    0.169  
      U466/B                           ^     n374           AND2X2       0.000  0.919    0.169  
      U466/Y                           ^     n705           AND2X2       0.232  1.151    0.401  
      U593/A                           ^     n705           BUFX4        0.000  1.151    0.401  
      U593/Y                           ^     n754           BUFX4        0.128  1.280    0.529  
      U640/B0                          ^     n754           AOI22X1      0.000  1.280    0.529  
      U640/Y                           v     n574           AOI22X1      0.062  1.342    0.591  
      U641/D                           v     n574           NAND4X1      0.000  1.342    0.591  
      U641/Y                           ^     n583           NAND4X1      0.059  1.401    0.651  
      U647/A1                          ^     n583           AOI21X1      0.000  1.401    0.651  
      U647/Y                           v     n585           AOI21X1      0.067  1.468    0.718  
      U129/B                           v     n585           NAND3X1      0.000  1.468    0.718  
      U129/Y                           ^     N470           NAND3X1      0.046  1.515    0.764  
      f32_mux_1_data_reg_16_/D         ^     N470           SDFFRX1      0.000  1.515    0.764  
      -------------------------------------------------------------------------------------------
     Clock Rise Edge                      0.000
     = Beginpoint Arrival Time            0.000
     Other End Path:
      ---------------------------------------------------------------------------------
      Pin                        Edge  Net        Cell         Delay  Arrival  Required  
                                                                      Time     Time  
      ---------------------------------------------------------------------------------
      clk                        ^     clk        -            -      0.000    0.750  
      clk_gate_mux/CK            ^     clk        TLATNTSCAX4  0.000  0.000    0.750  
      clk_gate_mux/ECK           ^     net121966  TLATNTSCAX4  0.000  0.000    0.750  
      f32_mux_1_data_reg_16_/CK  ^     net121966  SDFFRX1      0.000  0.000    0.750  
      ---------------------------------------------------------------------------------
Path 11: VIOLATED Setup Check with Pin f32_mux_1_data_reg_5_/CK 
Endpoint:   f32_mux_1_data_reg_5_/D (^) checked with  leading edge of 'clk'
Beginpoint: o_reg_addr_reg_6_/Q     (^) triggered by  leading edge of 'clk'
Path Groups: {clk}
Other End Arrival Time          0.000
- Setup                         0.236
+ Phase Shift                   1.000
= Required Time                 0.764
- Arrival Time                  1.500
= Slack Time                   -0.735
     Clock Rise Edge                      0.000
     = Beginpoint Arrival Time            0.000
     Timing Path:
      -------------------------------------------------------------------------------------------
      Pin                              Edge  Net            Cell         Delay  Arrival  Required  
                                                                                Time     Time  
      -------------------------------------------------------------------------------------------
      clk                              ^     clk            -            -      0.000    -0.735  
      clk_gate_addr/CK                 ^     clk            TLATNTSCAX4  0.000  0.000    -0.735  
      clk_gate_addr/ECK                ^     net121972      TLATNTSCAX4  0.000  0.000    -0.735  
      o_reg_addr_reg_6_/CK             ^     net121972      SDFFRX1      0.000  0.000    -0.735  
      o_reg_addr_reg_6_/Q              ^     o_reg_addr[6]  SDFFRX1      0.309  0.309    -0.427  
      o_reg_addr_reg_6__scan_iso_or/A  ^     o_reg_addr[6]  AND2X1       0.000  0.309    -0.427  
      o_reg_addr_reg_6__scan_iso_or/Y  ^     scan_iso_or    AND2X1       0.156  0.465    -0.271  
      U195/A                           ^     scan_iso_or    INVX2        0.000  0.465    -0.271  
      U195/Y                           v     n369           INVX2        0.070  0.534    -0.201  
      U62/B                            v     n369           NOR2X2       0.000  0.534    -0.201  
      U62/Y                            ^     n372           NOR2X2       0.068  0.602    -0.134  
      U32/B                            ^     n372           NAND3X1      0.000  0.602    -0.134  
      U32/Y                            v     n379           NAND3X1      0.138  0.739    0.004  
      U27/A                            v     n379           OR2X1        0.000  0.739    0.004  
      U27/Y                            v     n381           OR2X1        0.204  0.944    0.208  
      U59/B                            v     n381           NOR2X1       0.000  0.944    0.208  
      U59/Y                            ^     n710           NOR2X1       0.158  1.101    0.366  
      U489/A                           ^     n710           BUFX4        0.000  1.101    0.366  
      U489/Y                           ^     n759           BUFX4        0.179  1.280    0.544  
      U678/B0                          ^     n759           AOI22X1      0.000  1.280    0.544  
      U678/Y                           v     n621           AOI22X1      0.074  1.353    0.618  
      U682/A                           v     n621           NAND4X1      0.000  1.353    0.618  
      U682/Y                           ^     n622           NAND4X1      0.064  1.418    0.682  
      U683/B0                          ^     n622           AOI21X1      0.000  1.418    0.682  
      U683/Y                           v     n625           AOI21X1      0.035  1.453    0.718  
      U151/B                           v     n625           NAND3X1      0.000  1.453    0.718  
      U151/Y                           ^     N459           NAND3X1      0.047  1.500    0.764  
      f32_mux_1_data_reg_5_/D          ^     N459           SDFFRX1      0.000  1.500    0.764  
      -------------------------------------------------------------------------------------------
     Clock Rise Edge                      0.000
     = Beginpoint Arrival Time            0.000
     Other End Path:
      --------------------------------------------------------------------------------
      Pin                       Edge  Net        Cell         Delay  Arrival  Required  
                                                                     Time     Time  
      --------------------------------------------------------------------------------
      clk                       ^     clk        -            -      0.000    0.735  
      clk_gate_mux/CK           ^     clk        TLATNTSCAX4  0.000  0.000    0.735  
      clk_gate_mux/ECK          ^     net121966  TLATNTSCAX4  0.000  0.000    0.735  
      f32_mux_1_data_reg_5_/CK  ^     net121966  SDFFRX1      0.000  0.000    0.735  
      --------------------------------------------------------------------------------
Path 12: VIOLATED Setup Check with Pin f32_mux_1_data_reg_3_/CK 
Endpoint:   f32_mux_1_data_reg_3_/D (^) checked with  leading edge of 'clk'
Beginpoint: o_reg_addr_reg_6_/Q     (^) triggered by  leading edge of 'clk'
Path Groups: {clk}
Other End Arrival Time          0.000
- Setup                         0.236
+ Phase Shift                   1.000
= Required Time                 0.764
- Arrival Time                  1.500
= Slack Time                   -0.735
     Clock Rise Edge                      0.000
     = Beginpoint Arrival Time            0.000
     Timing Path:
      -------------------------------------------------------------------------------------------
      Pin                              Edge  Net            Cell         Delay  Arrival  Required  
                                                                                Time     Time  
      -------------------------------------------------------------------------------------------
      clk                              ^     clk            -            -      0.000    -0.735  
      clk_gate_addr/CK                 ^     clk            TLATNTSCAX4  0.000  0.000    -0.735  
      clk_gate_addr/ECK                ^     net121972      TLATNTSCAX4  0.000  0.000    -0.735  
      o_reg_addr_reg_6_/CK             ^     net121972      SDFFRX1      0.000  0.000    -0.735  
      o_reg_addr_reg_6_/Q              ^     o_reg_addr[6]  SDFFRX1      0.309  0.309    -0.427  
      o_reg_addr_reg_6__scan_iso_or/A  ^     o_reg_addr[6]  AND2X1       0.000  0.309    -0.427  
      o_reg_addr_reg_6__scan_iso_or/Y  ^     scan_iso_or    AND2X1       0.156  0.465    -0.271  
      U195/A                           ^     scan_iso_or    INVX2        0.000  0.465    -0.271  
      U195/Y                           v     n369           INVX2        0.070  0.534    -0.201  
      U62/B                            v     n369           NOR2X2       0.000  0.534    -0.201  
      U62/Y                            ^     n372           NOR2X2       0.068  0.602    -0.134  
      U32/B                            ^     n372           NAND3X1      0.000  0.602    -0.134  
      U32/Y                            v     n379           NAND3X1      0.138  0.739    0.004  
      U27/A                            v     n379           OR2X1        0.000  0.739    0.004  
      U27/Y                            v     n381           OR2X1        0.204  0.944    0.208  
      U59/B                            v     n381           NOR2X1       0.000  0.944    0.208  
      U59/Y                            ^     n710           NOR2X1       0.158  1.101    0.366  
      U489/A                           ^     n710           BUFX4        0.000  1.101    0.366  
      U489/Y                           ^     n759           BUFX4        0.179  1.280    0.544  
      U690/B0                          ^     n759           AOI22X1      0.000  1.280    0.544  
      U690/Y                           v     n634           AOI22X1      0.074  1.353    0.618  
      U694/A                           v     n634           NAND4X1      0.000  1.353    0.618  
      U694/Y                           ^     n635           NAND4X1      0.064  1.418    0.682  
      U695/B0                          ^     n635           AOI21X1      0.000  1.418    0.682  
      U695/Y                           v     n638           AOI21X1      0.035  1.453    0.718  
      U154/B                           v     n638           NAND3X1      0.000  1.453    0.718  
      U154/Y                           ^     N457           NAND3X1      0.047  1.500    0.764  
      f32_mux_1_data_reg_3_/D          ^     N457           SDFFRX1      0.000  1.500    0.764  
      -------------------------------------------------------------------------------------------
     Clock Rise Edge                      0.000
     = Beginpoint Arrival Time            0.000
     Other End Path:
      --------------------------------------------------------------------------------
      Pin                       Edge  Net        Cell         Delay  Arrival  Required  
                                                                     Time     Time  
      --------------------------------------------------------------------------------
      clk                       ^     clk        -            -      0.000    0.735  
      clk_gate_mux/CK           ^     clk        TLATNTSCAX4  0.000  0.000    0.735  
      clk_gate_mux/ECK          ^     net121966  TLATNTSCAX4  0.000  0.000    0.735  
      f32_mux_1_data_reg_3_/CK  ^     net121966  SDFFRX1      0.000  0.000    0.735  
      --------------------------------------------------------------------------------
Path 13: VIOLATED Setup Check with Pin f32_mux_1_data_reg_2_/CK 
Endpoint:   f32_mux_1_data_reg_2_/D (^) checked with  leading edge of 'clk'
Beginpoint: o_reg_addr_reg_6_/Q     (^) triggered by  leading edge of 'clk'
Path Groups: {clk}
Other End Arrival Time          0.000
- Setup                         0.236
+ Phase Shift                   1.000
= Required Time                 0.764
- Arrival Time                  1.500
= Slack Time                   -0.735
     Clock Rise Edge                      0.000
     = Beginpoint Arrival Time            0.000
     Timing Path:
      -------------------------------------------------------------------------------------------
      Pin                              Edge  Net            Cell         Delay  Arrival  Required  
                                                                                Time     Time  
      -------------------------------------------------------------------------------------------
      clk                              ^     clk            -            -      0.000    -0.735  
      clk_gate_addr/CK                 ^     clk            TLATNTSCAX4  0.000  0.000    -0.735  
      clk_gate_addr/ECK                ^     net121972      TLATNTSCAX4  0.000  0.000    -0.735  
      o_reg_addr_reg_6_/CK             ^     net121972      SDFFRX1      0.000  0.000    -0.735  
      o_reg_addr_reg_6_/Q              ^     o_reg_addr[6]  SDFFRX1      0.309  0.309    -0.427  
      o_reg_addr_reg_6__scan_iso_or/A  ^     o_reg_addr[6]  AND2X1       0.000  0.309    -0.427  
      o_reg_addr_reg_6__scan_iso_or/Y  ^     scan_iso_or    AND2X1       0.156  0.465    -0.271  
      U195/A                           ^     scan_iso_or    INVX2        0.000  0.465    -0.271  
      U195/Y                           v     n369           INVX2        0.070  0.534    -0.201  
      U62/B                            v     n369           NOR2X2       0.000  0.534    -0.201  
      U62/Y                            ^     n372           NOR2X2       0.068  0.602    -0.134  
      U32/B                            ^     n372           NAND3X1      0.000  0.602    -0.134  
      U32/Y                            v     n379           NAND3X1      0.138  0.739    0.004  
      U27/A                            v     n379           OR2X1        0.000  0.739    0.004  
      U27/Y                            v     n381           OR2X1        0.204  0.944    0.208  
      U59/B                            v     n381           NOR2X1       0.000  0.944    0.208  
      U59/Y                            ^     n710           NOR2X1       0.158  1.101    0.366  
      U489/A                           ^     n710           BUFX4        0.000  1.101    0.366  
      U489/Y                           ^     n759           BUFX4        0.179  1.280    0.544  
      U702/B0                          ^     n759           AOI22X1      0.000  1.280    0.544  
      U702/Y                           v     n650           AOI22X1      0.074  1.353    0.618  
      U706/A                           v     n650           NAND4X1      0.000  1.353    0.618  
      U706/Y                           ^     n651           NAND4X1      0.064  1.418    0.682  
      U707/B0                          ^     n651           AOI21X1      0.000  1.418    0.682  
      U707/Y                           v     n654           AOI21X1      0.035  1.453    0.718  
      U156/B                           v     n654           NAND3X1      0.000  1.453    0.718  
      U156/Y                           ^     N456           NAND3X1      0.047  1.500    0.764  
      f32_mux_1_data_reg_2_/D          ^     N456           SDFFRX1      0.000  1.500    0.764  
      -------------------------------------------------------------------------------------------
     Clock Rise Edge                      0.000
     = Beginpoint Arrival Time            0.000
     Other End Path:
      --------------------------------------------------------------------------------
      Pin                       Edge  Net        Cell         Delay  Arrival  Required  
                                                                     Time     Time  
      --------------------------------------------------------------------------------
      clk                       ^     clk        -            -      0.000    0.735  
      clk_gate_mux/CK           ^     clk        TLATNTSCAX4  0.000  0.000    0.735  
      clk_gate_mux/ECK          ^     net121966  TLATNTSCAX4  0.000  0.000    0.735  
      f32_mux_1_data_reg_2_/CK  ^     net121966  SDFFRX1      0.000  0.000    0.735  
      --------------------------------------------------------------------------------
Path 14: VIOLATED Setup Check with Pin f32_mux_1_data_reg_21_/CK 
Endpoint:   f32_mux_1_data_reg_21_/D (^) checked with  leading edge of 'clk'
Beginpoint: o_reg_addr_reg_6_/Q      (^) triggered by  leading edge of 'clk'
Path Groups: {clk}
Other End Arrival Time          0.000
- Setup                         0.236
+ Phase Shift                   1.000
= Required Time                 0.764
- Arrival Time                  1.500
= Slack Time                   -0.735
     Clock Rise Edge                      0.000
     = Beginpoint Arrival Time            0.000
     Timing Path:
      -------------------------------------------------------------------------------------------
      Pin                              Edge  Net            Cell         Delay  Arrival  Required  
                                                                                Time     Time  
      -------------------------------------------------------------------------------------------
      clk                              ^     clk            -            -      0.000    -0.735  
      clk_gate_addr/CK                 ^     clk            TLATNTSCAX4  0.000  0.000    -0.735  
      clk_gate_addr/ECK                ^     net121972      TLATNTSCAX4  0.000  0.000    -0.735  
      o_reg_addr_reg_6_/CK             ^     net121972      SDFFRX1      0.000  0.000    -0.735  
      o_reg_addr_reg_6_/Q              ^     o_reg_addr[6]  SDFFRX1      0.309  0.309    -0.426  
      o_reg_addr_reg_6__scan_iso_or/A  ^     o_reg_addr[6]  AND2X1       0.000  0.309    -0.426  
      o_reg_addr_reg_6__scan_iso_or/Y  ^     scan_iso_or    AND2X1       0.156  0.465    -0.271  
      U195/A                           ^     scan_iso_or    INVX2        0.000  0.465    -0.271  
      U195/Y                           v     n369           INVX2        0.070  0.534    -0.201  
      U62/B                            v     n369           NOR2X2       0.000  0.534    -0.201  
      U62/Y                            ^     n372           NOR2X2       0.068  0.602    -0.133  
      U32/B                            ^     n372           NAND3X1      0.000  0.602    -0.133  
      U32/Y                            v     n379           NAND3X1      0.138  0.739    0.004  
      U27/A                            v     n379           OR2X1        0.000  0.739    0.004  
      U27/Y                            v     n381           OR2X1        0.204  0.944    0.208  
      U59/B                            v     n381           NOR2X1       0.000  0.944    0.208  
      U59/Y                            ^     n710           NOR2X1       0.158  1.101    0.366  
      U489/A                           ^     n710           BUFX4        0.000  1.101    0.366  
      U489/Y                           ^     n759           BUFX4        0.179  1.280    0.545  
      U619/B0                          ^     n759           AOI22X1      0.000  1.280    0.545  
      U619/Y                           v     n554           AOI22X1      0.074  1.353    0.618  
      U623/A                           v     n554           NAND4X1      0.000  1.353    0.618  
      U623/Y                           ^     n555           NAND4X1      0.064  1.418    0.682  
      U624/B0                          ^     n555           AOI21X1      0.000  1.418    0.682  
      U624/Y                           v     n558           AOI21X1      0.035  1.453    0.718  
      U119/B                           v     n558           NAND3X1      0.000  1.453    0.718  
      U119/Y                           ^     N475           NAND3X1      0.046  1.500    0.764  
      f32_mux_1_data_reg_21_/D         ^     N475           SDFFRX1      0.000  1.500    0.764  
      -------------------------------------------------------------------------------------------
     Clock Rise Edge                      0.000
     = Beginpoint Arrival Time            0.000
     Other End Path:
      ---------------------------------------------------------------------------------
      Pin                        Edge  Net        Cell         Delay  Arrival  Required  
                                                                      Time     Time  
      ---------------------------------------------------------------------------------
      clk                        ^     clk        -            -      0.000    0.735  
      clk_gate_mux/CK            ^     clk        TLATNTSCAX4  0.000  0.000    0.735  
      clk_gate_mux/ECK           ^     net121966  TLATNTSCAX4  0.000  0.000    0.735  
      f32_mux_1_data_reg_21_/CK  ^     net121966  SDFFRX1      0.000  0.000    0.735  
      ---------------------------------------------------------------------------------
Path 15: VIOLATED Setup Check with Pin f32_mux_1_data_reg_8_/CK 
Endpoint:   f32_mux_1_data_reg_8_/D (^) checked with  leading edge of 'clk'
Beginpoint: o_reg_addr_reg_6_/Q     (^) triggered by  leading edge of 'clk'
Path Groups: {clk}
Other End Arrival Time          0.000
- Setup                         0.236
+ Phase Shift                   1.000
= Required Time                 0.764
- Arrival Time                  1.500
= Slack Time                   -0.735
     Clock Rise Edge                      0.000
     = Beginpoint Arrival Time            0.000
     Timing Path:
      -------------------------------------------------------------------------------------------
      Pin                              Edge  Net            Cell         Delay  Arrival  Required  
                                                                                Time     Time  
      -------------------------------------------------------------------------------------------
      clk                              ^     clk            -            -      0.000    -0.735  
      clk_gate_addr/CK                 ^     clk            TLATNTSCAX4  0.000  0.000    -0.735  
      clk_gate_addr/ECK                ^     net121972      TLATNTSCAX4  0.000  0.000    -0.735  
      o_reg_addr_reg_6_/CK             ^     net121972      SDFFRX1      0.000  0.000    -0.735  
      o_reg_addr_reg_6_/Q              ^     o_reg_addr[6]  SDFFRX1      0.309  0.309    -0.426  
      o_reg_addr_reg_6__scan_iso_or/A  ^     o_reg_addr[6]  AND2X1       0.000  0.309    -0.426  
      o_reg_addr_reg_6__scan_iso_or/Y  ^     scan_iso_or    AND2X1       0.156  0.465    -0.271  
      U195/A                           ^     scan_iso_or    INVX2        0.000  0.465    -0.271  
      U195/Y                           v     n369           INVX2        0.070  0.534    -0.201  
      U62/B                            v     n369           NOR2X2       0.000  0.534    -0.201  
      U62/Y                            ^     n372           NOR2X2       0.068  0.602    -0.133  
      U32/B                            ^     n372           NAND3X1      0.000  0.602    -0.133  
      U32/Y                            v     n379           NAND3X1      0.138  0.739    0.004  
      U27/A                            v     n379           OR2X1        0.000  0.739    0.004  
      U27/Y                            v     n381           OR2X1        0.204  0.944    0.208  
      U59/B                            v     n381           NOR2X1       0.000  0.944    0.208  
      U59/Y                            ^     n710           NOR2X1       0.158  1.101    0.366  
      U489/A                           ^     n710           BUFX4        0.000  1.101    0.366  
      U489/Y                           ^     n759           BUFX4        0.179  1.280    0.545  
      U541/B0                          ^     n759           AOI22X1      0.000  1.280    0.545  
      U541/Y                           v     n462           AOI22X1      0.074  1.353    0.618  
      U545/A                           v     n462           NAND4X1      0.000  1.353    0.618  
      U545/Y                           ^     n463           NAND4X1      0.064  1.418    0.682  
      U546/B0                          ^     n463           AOI21X1      0.000  1.418    0.682  
      U546/Y                           v     n466           AOI21X1      0.035  1.453    0.718  
      U145/B                           v     n466           NAND3X1      0.000  1.453    0.718  
      U145/Y                           ^     N462           NAND3X1      0.046  1.500    0.764  
      f32_mux_1_data_reg_8_/D          ^     N462           SDFFRX1      0.000  1.500    0.764  
      -------------------------------------------------------------------------------------------
     Clock Rise Edge                      0.000
     = Beginpoint Arrival Time            0.000
     Other End Path:
      --------------------------------------------------------------------------------
      Pin                       Edge  Net        Cell         Delay  Arrival  Required  
                                                                     Time     Time  
      --------------------------------------------------------------------------------
      clk                       ^     clk        -            -      0.000    0.735  
      clk_gate_mux/CK           ^     clk        TLATNTSCAX4  0.000  0.000    0.735  
      clk_gate_mux/ECK          ^     net121966  TLATNTSCAX4  0.000  0.000    0.735  
      f32_mux_1_data_reg_8_/CK  ^     net121966  SDFFRX1      0.000  0.000    0.735  
      --------------------------------------------------------------------------------
Path 16: VIOLATED Setup Check with Pin f32_mux_1_data_reg_7_/CK 
Endpoint:   f32_mux_1_data_reg_7_/D (^) checked with  leading edge of 'clk'
Beginpoint: o_reg_addr_reg_6_/Q     (^) triggered by  leading edge of 'clk'
Path Groups: {clk}
Other End Arrival Time          0.000
- Setup                         0.236
+ Phase Shift                   1.000
= Required Time                 0.764
- Arrival Time                  1.500
= Slack Time                   -0.735
     Clock Rise Edge                      0.000
     = Beginpoint Arrival Time            0.000
     Timing Path:
      -------------------------------------------------------------------------------------------
      Pin                              Edge  Net            Cell         Delay  Arrival  Required  
                                                                                Time     Time  
      -------------------------------------------------------------------------------------------
      clk                              ^     clk            -            -      0.000    -0.735  
      clk_gate_addr/CK                 ^     clk            TLATNTSCAX4  0.000  0.000    -0.735  
      clk_gate_addr/ECK                ^     net121972      TLATNTSCAX4  0.000  0.000    -0.735  
      o_reg_addr_reg_6_/CK             ^     net121972      SDFFRX1      0.000  0.000    -0.735  
      o_reg_addr_reg_6_/Q              ^     o_reg_addr[6]  SDFFRX1      0.309  0.309    -0.426  
      o_reg_addr_reg_6__scan_iso_or/A  ^     o_reg_addr[6]  AND2X1       0.000  0.309    -0.426  
      o_reg_addr_reg_6__scan_iso_or/Y  ^     scan_iso_or    AND2X1       0.156  0.465    -0.271  
      U195/A                           ^     scan_iso_or    INVX2        0.000  0.465    -0.271  
      U195/Y                           v     n369           INVX2        0.070  0.534    -0.201  
      U62/B                            v     n369           NOR2X2       0.000  0.534    -0.201  
      U62/Y                            ^     n372           NOR2X2       0.068  0.602    -0.133  
      U32/B                            ^     n372           NAND3X1      0.000  0.602    -0.133  
      U32/Y                            v     n379           NAND3X1      0.138  0.739    0.004  
      U27/A                            v     n379           OR2X1        0.000  0.739    0.004  
      U27/Y                            v     n381           OR2X1        0.204  0.944    0.208  
      U59/B                            v     n381           NOR2X1       0.000  0.944    0.208  
      U59/Y                            ^     n710           NOR2X1       0.158  1.101    0.366  
      U489/A                           ^     n710           BUFX4        0.000  1.101    0.366  
      U489/Y                           ^     n759           BUFX4        0.179  1.280    0.545  
      U513/B0                          ^     n759           AOI22X1      0.000  1.280    0.545  
      U513/Y                           v     n433           AOI22X1      0.074  1.353    0.618  
      U517/A                           v     n433           NAND4X1      0.000  1.353    0.618  
      U517/Y                           ^     n434           NAND4X1      0.064  1.418    0.682  
      U518/B0                          ^     n434           AOI21X1      0.000  1.418    0.682  
      U518/Y                           v     n437           AOI21X1      0.035  1.453    0.718  
      U147/B                           v     n437           NAND3X1      0.000  1.453    0.718  
      U147/Y                           ^     N461           NAND3X1      0.046  1.500    0.764  
      f32_mux_1_data_reg_7_/D          ^     N461           SDFFRX1      0.000  1.500    0.764  
      -------------------------------------------------------------------------------------------
     Clock Rise Edge                      0.000
     = Beginpoint Arrival Time            0.000
     Other End Path:
      --------------------------------------------------------------------------------
      Pin                       Edge  Net        Cell         Delay  Arrival  Required  
                                                                     Time     Time  
      --------------------------------------------------------------------------------
      clk                       ^     clk        -            -      0.000    0.735  
      clk_gate_mux/CK           ^     clk        TLATNTSCAX4  0.000  0.000    0.735  
      clk_gate_mux/ECK          ^     net121966  TLATNTSCAX4  0.000  0.000    0.735  
      f32_mux_1_data_reg_7_/CK  ^     net121966  SDFFRX1      0.000  0.000    0.735  
      --------------------------------------------------------------------------------
Path 17: VIOLATED Setup Check with Pin f32_mux_1_data_reg_22_/CK 
Endpoint:   f32_mux_1_data_reg_22_/D (^) checked with  leading edge of 'clk'
Beginpoint: o_reg_addr_reg_6_/Q      (^) triggered by  leading edge of 'clk'
Path Groups: {clk}
Other End Arrival Time          0.000
- Setup                         0.236
+ Phase Shift                   1.000
= Required Time                 0.764
- Arrival Time                  1.500
= Slack Time                   -0.735
     Clock Rise Edge                      0.000
     = Beginpoint Arrival Time            0.000
     Timing Path:
      -------------------------------------------------------------------------------------------
      Pin                              Edge  Net            Cell         Delay  Arrival  Required  
                                                                                Time     Time  
      -------------------------------------------------------------------------------------------
      clk                              ^     clk            -            -      0.000    -0.735  
      clk_gate_addr/CK                 ^     clk            TLATNTSCAX4  0.000  0.000    -0.735  
      clk_gate_addr/ECK                ^     net121972      TLATNTSCAX4  0.000  0.000    -0.735  
      o_reg_addr_reg_6_/CK             ^     net121972      SDFFRX1      0.000  0.000    -0.735  
      o_reg_addr_reg_6_/Q              ^     o_reg_addr[6]  SDFFRX1      0.309  0.309    -0.426  
      o_reg_addr_reg_6__scan_iso_or/A  ^     o_reg_addr[6]  AND2X1       0.000  0.309    -0.426  
      o_reg_addr_reg_6__scan_iso_or/Y  ^     scan_iso_or    AND2X1       0.156  0.465    -0.271  
      U195/A                           ^     scan_iso_or    INVX2        0.000  0.465    -0.271  
      U195/Y                           v     n369           INVX2        0.070  0.534    -0.201  
      U62/B                            v     n369           NOR2X2       0.000  0.534    -0.201  
      U62/Y                            ^     n372           NOR2X2       0.068  0.602    -0.133  
      U32/B                            ^     n372           NAND3X1      0.000  0.602    -0.133  
      U32/Y                            v     n379           NAND3X1      0.138  0.739    0.004  
      U27/A                            v     n379           OR2X1        0.000  0.739    0.004  
      U27/Y                            v     n381           OR2X1        0.204  0.944    0.209  
      U59/B                            v     n381           NOR2X1       0.000  0.944    0.209  
      U59/Y                            ^     n710           NOR2X1       0.158  1.101    0.366  
      U489/A                           ^     n710           BUFX4        0.000  1.101    0.366  
      U489/Y                           ^     n759           BUFX4        0.179  1.280    0.545  
      U490/B0                          ^     n759           AOI22X1      0.000  1.280    0.545  
      U490/Y                           v     n407           AOI22X1      0.074  1.353    0.618  
      U494/A                           v     n407           NAND4X1      0.000  1.353    0.618  
      U494/Y                           ^     n408           NAND4X1      0.064  1.418    0.683  
      U495/B0                          ^     n408           AOI21X1      0.000  1.418    0.683  
      U495/Y                           v     n411           AOI21X1      0.035  1.453    0.718  
      U117/B                           v     n411           NAND3X1      0.000  1.453    0.718  
      U117/Y                           ^     N476           NAND3X1      0.046  1.500    0.764  
      f32_mux_1_data_reg_22_/D         ^     N476           SDFFRX1      0.000  1.500    0.764  
      -------------------------------------------------------------------------------------------
     Clock Rise Edge                      0.000
     = Beginpoint Arrival Time            0.000
     Other End Path:
      ---------------------------------------------------------------------------------
      Pin                        Edge  Net        Cell         Delay  Arrival  Required  
                                                                      Time     Time  
      ---------------------------------------------------------------------------------
      clk                        ^     clk        -            -      0.000    0.735  
      clk_gate_mux/CK            ^     clk        TLATNTSCAX4  0.000  0.000    0.735  
      clk_gate_mux/ECK           ^     net121966  TLATNTSCAX4  0.000  0.000    0.735  
      f32_mux_1_data_reg_22_/CK  ^     net121966  SDFFRX1      0.000  0.000    0.735  
      ---------------------------------------------------------------------------------
Path 18: VIOLATED Setup Check with Pin f32_mux_1_data_reg_19_/CK 
Endpoint:   f32_mux_1_data_reg_19_/D (^) checked with  leading edge of 'clk'
Beginpoint: o_reg_addr_reg_6_/Q      (^) triggered by  leading edge of 'clk'
Path Groups: {clk}
Other End Arrival Time          0.000
- Setup                         0.236
+ Phase Shift                   1.000
= Required Time                 0.764
- Arrival Time                  1.500
= Slack Time                   -0.735
     Clock Rise Edge                      0.000
     = Beginpoint Arrival Time            0.000
     Timing Path:
      -------------------------------------------------------------------------------------------
      Pin                              Edge  Net            Cell         Delay  Arrival  Required  
                                                                                Time     Time  
      -------------------------------------------------------------------------------------------
      clk                              ^     clk            -            -      0.000    -0.735  
      clk_gate_addr/CK                 ^     clk            TLATNTSCAX4  0.000  0.000    -0.735  
      clk_gate_addr/ECK                ^     net121972      TLATNTSCAX4  0.000  0.000    -0.735  
      o_reg_addr_reg_6_/CK             ^     net121972      SDFFRX1      0.000  0.000    -0.735  
      o_reg_addr_reg_6_/Q              ^     o_reg_addr[6]  SDFFRX1      0.309  0.309    -0.426  
      o_reg_addr_reg_6__scan_iso_or/A  ^     o_reg_addr[6]  AND2X1       0.000  0.309    -0.426  
      o_reg_addr_reg_6__scan_iso_or/Y  ^     scan_iso_or    AND2X1       0.156  0.465    -0.271  
      U195/A                           ^     scan_iso_or    INVX2        0.000  0.465    -0.271  
      U195/Y                           v     n369           INVX2        0.070  0.534    -0.201  
      U62/B                            v     n369           NOR2X2       0.000  0.534    -0.201  
      U62/Y                            ^     n372           NOR2X2       0.068  0.602    -0.133  
      U32/B                            ^     n372           NAND3X1      0.000  0.602    -0.133  
      U32/Y                            v     n379           NAND3X1      0.138  0.739    0.004  
      U27/A                            v     n379           OR2X1        0.000  0.739    0.004  
      U27/Y                            v     n381           OR2X1        0.204  0.944    0.209  
      U59/B                            v     n381           NOR2X1       0.000  0.944    0.209  
      U59/Y                            ^     n710           NOR2X1       0.158  1.101    0.366  
      U489/A                           ^     n710           BUFX4        0.000  1.101    0.366  
      U489/Y                           ^     n759           BUFX4        0.179  1.280    0.545  
      U584/B0                          ^     n759           AOI22X1      0.000  1.280    0.545  
      U584/Y                           v     n515           AOI22X1      0.074  1.353    0.618  
      U588/A                           v     n515           NAND4X1      0.000  1.353    0.618  
      U588/Y                           ^     n516           NAND4X1      0.064  1.418    0.683  
      U589/B0                          ^     n516           AOI21X1      0.000  1.418    0.683  
      U589/Y                           v     n519           AOI21X1      0.035  1.453    0.718  
      U123/B                           v     n519           NAND3X1      0.000  1.453    0.718  
      U123/Y                           ^     N473           NAND3X1      0.046  1.500    0.764  
      f32_mux_1_data_reg_19_/D         ^     N473           SDFFRX1      0.000  1.500    0.764  
      -------------------------------------------------------------------------------------------
     Clock Rise Edge                      0.000
     = Beginpoint Arrival Time            0.000
     Other End Path:
      ---------------------------------------------------------------------------------
      Pin                        Edge  Net        Cell         Delay  Arrival  Required  
                                                                      Time     Time  
      ---------------------------------------------------------------------------------
      clk                        ^     clk        -            -      0.000    0.735  
      clk_gate_mux/CK            ^     clk        TLATNTSCAX4  0.000  0.000    0.735  
      clk_gate_mux/ECK           ^     net121966  TLATNTSCAX4  0.000  0.000    0.735  
      f32_mux_1_data_reg_19_/CK  ^     net121966  SDFFRX1      0.000  0.000    0.735  
      ---------------------------------------------------------------------------------
Path 19: VIOLATED Setup Check with Pin f32_mux_1_data_reg_6_/CK 
Endpoint:   f32_mux_1_data_reg_6_/D (^) checked with  leading edge of 'clk'
Beginpoint: o_reg_addr_reg_6_/Q     (^) triggered by  leading edge of 'clk'
Path Groups: {clk}
Other End Arrival Time          0.000
- Setup                         0.236
+ Phase Shift                   1.000
= Required Time                 0.764
- Arrival Time                  1.500
= Slack Time                   -0.735
     Clock Rise Edge                      0.000
     = Beginpoint Arrival Time            0.000
     Timing Path:
      -------------------------------------------------------------------------------------------
      Pin                              Edge  Net            Cell         Delay  Arrival  Required  
                                                                                Time     Time  
      -------------------------------------------------------------------------------------------
      clk                              ^     clk            -            -      0.000    -0.735  
      clk_gate_addr/CK                 ^     clk            TLATNTSCAX4  0.000  0.000    -0.735  
      clk_gate_addr/ECK                ^     net121972      TLATNTSCAX4  0.000  0.000    -0.735  
      o_reg_addr_reg_6_/CK             ^     net121972      SDFFRX1      0.000  0.000    -0.735  
      o_reg_addr_reg_6_/Q              ^     o_reg_addr[6]  SDFFRX1      0.309  0.309    -0.426  
      o_reg_addr_reg_6__scan_iso_or/A  ^     o_reg_addr[6]  AND2X1       0.000  0.309    -0.426  
      o_reg_addr_reg_6__scan_iso_or/Y  ^     scan_iso_or    AND2X1       0.156  0.465    -0.271  
      U195/A                           ^     scan_iso_or    INVX2        0.000  0.465    -0.271  
      U195/Y                           v     n369           INVX2        0.070  0.534    -0.201  
      U62/B                            v     n369           NOR2X2       0.000  0.534    -0.201  
      U62/Y                            ^     n372           NOR2X2       0.068  0.602    -0.133  
      U32/B                            ^     n372           NAND3X1      0.000  0.602    -0.133  
      U32/Y                            v     n379           NAND3X1      0.138  0.739    0.004  
      U27/A                            v     n379           OR2X1        0.000  0.739    0.004  
      U27/Y                            v     n381           OR2X1        0.204  0.944    0.209  
      U59/B                            v     n381           NOR2X1       0.000  0.944    0.209  
      U59/Y                            ^     n710           NOR2X1       0.158  1.101    0.366  
      U489/A                           ^     n710           BUFX4        0.000  1.101    0.366  
      U489/Y                           ^     n759           BUFX4        0.179  1.280    0.545  
      U501/B0                          ^     n759           AOI22X1      0.000  1.280    0.545  
      U501/Y                           v     n420           AOI22X1      0.074  1.353    0.618  
      U505/A                           v     n420           NAND4X1      0.000  1.353    0.618  
      U505/Y                           ^     n421           NAND4X1      0.064  1.418    0.683  
      U506/B0                          ^     n421           AOI21X1      0.000  1.418    0.683  
      U506/Y                           v     n424           AOI21X1      0.035  1.453    0.718  
      U149/B                           v     n424           NAND3X1      0.000  1.453    0.718  
      U149/Y                           ^     N460           NAND3X1      0.046  1.500    0.764  
      f32_mux_1_data_reg_6_/D          ^     N460           SDFFRX1      0.000  1.500    0.764  
      -------------------------------------------------------------------------------------------
     Clock Rise Edge                      0.000
     = Beginpoint Arrival Time            0.000
     Other End Path:
      --------------------------------------------------------------------------------
      Pin                       Edge  Net        Cell         Delay  Arrival  Required  
                                                                     Time     Time  
      --------------------------------------------------------------------------------
      clk                       ^     clk        -            -      0.000    0.735  
      clk_gate_mux/CK           ^     clk        TLATNTSCAX4  0.000  0.000    0.735  
      clk_gate_mux/ECK          ^     net121966  TLATNTSCAX4  0.000  0.000    0.735  
      f32_mux_1_data_reg_6_/CK  ^     net121966  SDFFRX1      0.000  0.000    0.735  
      --------------------------------------------------------------------------------
Path 20: VIOLATED Setup Check with Pin f32_mux_1_data_reg_4_/CK 
Endpoint:   f32_mux_1_data_reg_4_/D (^) checked with  leading edge of 'clk'
Beginpoint: o_reg_addr_reg_6_/Q     (^) triggered by  leading edge of 'clk'
Path Groups: {clk}
Other End Arrival Time          0.000
- Setup                         0.236
+ Phase Shift                   1.000
= Required Time                 0.764
- Arrival Time                  1.500
= Slack Time                   -0.735
     Clock Rise Edge                      0.000
     = Beginpoint Arrival Time            0.000
     Timing Path:
      -------------------------------------------------------------------------------------------
      Pin                              Edge  Net            Cell         Delay  Arrival  Required  
                                                                                Time     Time  
      -------------------------------------------------------------------------------------------
      clk                              ^     clk            -            -      0.000    -0.735  
      clk_gate_addr/CK                 ^     clk            TLATNTSCAX4  0.000  0.000    -0.735  
      clk_gate_addr/ECK                ^     net121972      TLATNTSCAX4  0.000  0.000    -0.735  
      o_reg_addr_reg_6_/CK             ^     net121972      SDFFRX1      0.000  0.000    -0.735  
      o_reg_addr_reg_6_/Q              ^     o_reg_addr[6]  SDFFRX1      0.309  0.309    -0.426  
      o_reg_addr_reg_6__scan_iso_or/A  ^     o_reg_addr[6]  AND2X1       0.000  0.309    -0.426  
      o_reg_addr_reg_6__scan_iso_or/Y  ^     scan_iso_or    AND2X1       0.156  0.465    -0.271  
      U195/A                           ^     scan_iso_or    INVX2        0.000  0.465    -0.271  
      U195/Y                           v     n369           INVX2        0.070  0.534    -0.201  
      U62/B                            v     n369           NOR2X2       0.000  0.534    -0.201  
      U62/Y                            ^     n372           NOR2X2       0.068  0.602    -0.133  
      U32/B                            ^     n372           NAND3X1      0.000  0.602    -0.133  
      U32/Y                            v     n379           NAND3X1      0.138  0.739    0.004  
      U27/A                            v     n379           OR2X1        0.000  0.739    0.004  
      U27/Y                            v     n381           OR2X1        0.204  0.944    0.209  
      U59/B                            v     n381           NOR2X1       0.000  0.944    0.209  
      U59/Y                            ^     n710           NOR2X1       0.158  1.101    0.366  
      U489/A                           ^     n710           BUFX4        0.000  1.101    0.366  
      U489/Y                           ^     n759           BUFX4        0.179  1.280    0.545  
      U714/B0                          ^     n759           AOI22X1      0.000  1.280    0.545  
      U714/Y                           v     n671           AOI22X1      0.074  1.353    0.618  
      U717/A                           v     n671           NAND4X1      0.000  1.353    0.618  
      U717/Y                           ^     n672           NAND4X1      0.064  1.418    0.683  
      U718/B0                          ^     n672           AOI21X1      0.000  1.418    0.683  
      U718/Y                           v     n676           AOI21X1      0.035  1.453    0.718  
      U152/B                           v     n676           NAND3X1      0.000  1.453    0.718  
      U152/Y                           ^     N458           NAND3X1      0.046  1.500    0.764  
      f32_mux_1_data_reg_4_/D          ^     N458           SDFFRX1      0.000  1.500    0.764  
      -------------------------------------------------------------------------------------------
     Clock Rise Edge                      0.000
     = Beginpoint Arrival Time            0.000
     Other End Path:
      --------------------------------------------------------------------------------
      Pin                       Edge  Net        Cell         Delay  Arrival  Required  
                                                                     Time     Time  
      --------------------------------------------------------------------------------
      clk                       ^     clk        -            -      0.000    0.735  
      clk_gate_mux/CK           ^     clk        TLATNTSCAX4  0.000  0.000    0.735  
      clk_gate_mux/ECK          ^     net121966  TLATNTSCAX4  0.000  0.000    0.735  
      f32_mux_1_data_reg_4_/CK  ^     net121966  SDFFRX1      0.000  0.000    0.735  
      --------------------------------------------------------------------------------
Path 21: VIOLATED Setup Check with Pin f32_mux_1_data_reg_1_/CK 
Endpoint:   f32_mux_1_data_reg_1_/D (^) checked with  leading edge of 'clk'
Beginpoint: o_reg_addr_reg_6_/Q     (^) triggered by  leading edge of 'clk'
Path Groups: {clk}
Other End Arrival Time          0.000
- Setup                         0.236
+ Phase Shift                   1.000
= Required Time                 0.764
- Arrival Time                  1.500
= Slack Time                   -0.735
     Clock Rise Edge                      0.000
     = Beginpoint Arrival Time            0.000
     Timing Path:
      -------------------------------------------------------------------------------------------
      Pin                              Edge  Net            Cell         Delay  Arrival  Required  
                                                                                Time     Time  
      -------------------------------------------------------------------------------------------
      clk                              ^     clk            -            -      0.000    -0.735  
      clk_gate_addr/CK                 ^     clk            TLATNTSCAX4  0.000  0.000    -0.735  
      clk_gate_addr/ECK                ^     net121972      TLATNTSCAX4  0.000  0.000    -0.735  
      o_reg_addr_reg_6_/CK             ^     net121972      SDFFRX1      0.000  0.000    -0.735  
      o_reg_addr_reg_6_/Q              ^     o_reg_addr[6]  SDFFRX1      0.309  0.309    -0.426  
      o_reg_addr_reg_6__scan_iso_or/A  ^     o_reg_addr[6]  AND2X1       0.000  0.309    -0.426  
      o_reg_addr_reg_6__scan_iso_or/Y  ^     scan_iso_or    AND2X1       0.156  0.465    -0.271  
      U195/A                           ^     scan_iso_or    INVX2        0.000  0.465    -0.271  
      U195/Y                           v     n369           INVX2        0.070  0.534    -0.201  
      U62/B                            v     n369           NOR2X2       0.000  0.534    -0.201  
      U62/Y                            ^     n372           NOR2X2       0.068  0.602    -0.133  
      U32/B                            ^     n372           NAND3X1      0.000  0.602    -0.133  
      U32/Y                            v     n379           NAND3X1      0.138  0.739    0.004  
      U27/A                            v     n379           OR2X1        0.000  0.739    0.004  
      U27/Y                            v     n381           OR2X1        0.204  0.944    0.209  
      U59/B                            v     n381           NOR2X1       0.000  0.944    0.209  
      U59/Y                            ^     n710           NOR2X1       0.158  1.101    0.366  
      U489/A                           ^     n710           BUFX4        0.000  1.101    0.366  
      U489/Y                           ^     n759           BUFX4        0.179  1.280    0.545  
      U525/B0                          ^     n759           AOI22X1      0.000  1.280    0.545  
      U525/Y                           v     n446           AOI22X1      0.074  1.353    0.618  
      U529/A                           v     n446           NAND4X1      0.000  1.353    0.618  
      U529/Y                           ^     n447           NAND4X1      0.064  1.418    0.683  
      U530/B0                          ^     n447           AOI21X1      0.000  1.418    0.683  
      U530/Y                           v     n450           AOI21X1      0.035  1.453    0.718  
      U158/B                           v     n450           NAND3X1      0.000  1.453    0.718  
      U158/Y                           ^     N455           NAND3X1      0.046  1.500    0.764  
      f32_mux_1_data_reg_1_/D          ^     N455           SDFFRX1      0.000  1.500    0.764  
      -------------------------------------------------------------------------------------------
     Clock Rise Edge                      0.000
     = Beginpoint Arrival Time            0.000
     Other End Path:
      --------------------------------------------------------------------------------
      Pin                       Edge  Net        Cell         Delay  Arrival  Required  
                                                                     Time     Time  
      --------------------------------------------------------------------------------
      clk                       ^     clk        -            -      0.000    0.735  
      clk_gate_mux/CK           ^     clk        TLATNTSCAX4  0.000  0.000    0.735  
      clk_gate_mux/ECK          ^     net121966  TLATNTSCAX4  0.000  0.000    0.735  
      f32_mux_1_data_reg_1_/CK  ^     net121966  SDFFRX1      0.000  0.000    0.735  
      --------------------------------------------------------------------------------
Path 22: VIOLATED Setup Check with Pin f32_mux_1_data_reg_31_/CK 
Endpoint:   f32_mux_1_data_reg_31_/D (^) checked with  leading edge of 'clk'
Beginpoint: o_reg_addr_reg_6_/Q      (^) triggered by  leading edge of 'clk'
Path Groups: {clk}
Other End Arrival Time          0.000
- Setup                         0.237
+ Phase Shift                   1.000
= Required Time                 0.763
- Arrival Time                  1.492
= Slack Time                   -0.729
     Clock Rise Edge                      0.000
     = Beginpoint Arrival Time            0.000
     Timing Path:
      -------------------------------------------------------------------------------------------
      Pin                              Edge  Net            Cell         Delay  Arrival  Required  
                                                                                Time     Time  
      -------------------------------------------------------------------------------------------
      clk                              ^     clk            -            -      0.000    -0.729  
      clk_gate_addr/CK                 ^     clk            TLATNTSCAX4  0.000  0.000    -0.729  
      clk_gate_addr/ECK                ^     net121972      TLATNTSCAX4  0.000  0.000    -0.729  
      o_reg_addr_reg_6_/CK             ^     net121972      SDFFRX1      0.000  0.000    -0.729  
      o_reg_addr_reg_6_/Q              ^     o_reg_addr[6]  SDFFRX1      0.309  0.309    -0.420  
      o_reg_addr_reg_6__scan_iso_or/A  ^     o_reg_addr[6]  AND2X1       0.000  0.309    -0.420  
      o_reg_addr_reg_6__scan_iso_or/Y  ^     scan_iso_or    AND2X1       0.156  0.465    -0.264  
      U195/A                           ^     scan_iso_or    INVX2        0.000  0.465    -0.264  
      U195/Y                           v     n369           INVX2        0.070  0.534    -0.195  
      U62/B                            v     n369           NOR2X2       0.000  0.534    -0.195  
      U62/Y                            ^     n372           NOR2X2       0.068  0.602    -0.127  
      U456/B                           ^     n372           NAND3X2      0.000  0.602    -0.127  
      U456/Y                           v     n394           NAND3X2      0.195  0.797    0.068  
      U8/A                             v     n394           NOR3X2       0.000  0.797    0.068  
      U8/Y                             ^     n674           NOR3X2       0.235  1.031    0.303  
      U24/A                            ^     n674           BUFX4        0.000  1.031    0.303  
      U24/Y                            ^     n769           BUFX4        0.185  1.217    0.488  
      U54/A0                           ^     n769           AO22X1       0.000  1.217    0.488  
      U54/Y                            ^     n504           AO22X1       0.181  1.398    0.669  
      U579/B0                          ^     n504           AOI211X1     0.000  1.398    0.669  
      U579/Y                           v     n505           AOI211X1     0.042  1.440    0.711  
      U107/C                           v     n505           NAND3X1      0.000  1.440    0.711  
      U107/Y                           ^     N485           NAND3X1      0.052  1.492    0.763  
      f32_mux_1_data_reg_31_/D         ^     N485           SDFFRX1      0.000  1.492    0.763  
      -------------------------------------------------------------------------------------------
     Clock Rise Edge                      0.000
     = Beginpoint Arrival Time            0.000
     Other End Path:
      ---------------------------------------------------------------------------------
      Pin                        Edge  Net        Cell         Delay  Arrival  Required  
                                                                      Time     Time  
      ---------------------------------------------------------------------------------
      clk                        ^     clk        -            -      0.000    0.729  
      clk_gate_mux/CK            ^     clk        TLATNTSCAX4  0.000  0.000    0.729  
      clk_gate_mux/ECK           ^     net121966  TLATNTSCAX4  0.000  0.000    0.729  
      f32_mux_1_data_reg_31_/CK  ^     net121966  SDFFRX1      0.000  0.000    0.729  
      ---------------------------------------------------------------------------------
Path 23: VIOLATED Setup Check with Pin f32_mux_1_data_reg_26_/CK 
Endpoint:   f32_mux_1_data_reg_26_/D (^) checked with  leading edge of 'clk'
Beginpoint: o_reg_addr_reg_6_/Q      (^) triggered by  leading edge of 'clk'
Path Groups: {clk}
Other End Arrival Time          0.000
- Setup                         0.237
+ Phase Shift                   1.000
= Required Time                 0.763
- Arrival Time                  1.492
= Slack Time                   -0.729
     Clock Rise Edge                      0.000
     = Beginpoint Arrival Time            0.000
     Timing Path:
      -------------------------------------------------------------------------------------------
      Pin                              Edge  Net            Cell         Delay  Arrival  Required  
                                                                                Time     Time  
      -------------------------------------------------------------------------------------------
      clk                              ^     clk            -            -      0.000    -0.729  
      clk_gate_addr/CK                 ^     clk            TLATNTSCAX4  0.000  0.000    -0.729  
      clk_gate_addr/ECK                ^     net121972      TLATNTSCAX4  0.000  0.000    -0.729  
      o_reg_addr_reg_6_/CK             ^     net121972      SDFFRX1      0.000  0.000    -0.729  
      o_reg_addr_reg_6_/Q              ^     o_reg_addr[6]  SDFFRX1      0.309  0.309    -0.420  
      o_reg_addr_reg_6__scan_iso_or/A  ^     o_reg_addr[6]  AND2X1       0.000  0.309    -0.420  
      o_reg_addr_reg_6__scan_iso_or/Y  ^     scan_iso_or    AND2X1       0.156  0.465    -0.264  
      U195/A                           ^     scan_iso_or    INVX2        0.000  0.465    -0.264  
      U195/Y                           v     n369           INVX2        0.070  0.534    -0.195  
      U62/B                            v     n369           NOR2X2       0.000  0.534    -0.195  
      U62/Y                            ^     n372           NOR2X2       0.068  0.602    -0.127  
      U456/B                           ^     n372           NAND3X2      0.000  0.602    -0.127  
      U456/Y                           v     n394           NAND3X2      0.195  0.797    0.068  
      U8/A                             v     n394           NOR3X2       0.000  0.797    0.068  
      U8/Y                             ^     n674           NOR3X2       0.235  1.031    0.303  
      U24/A                            ^     n674           BUFX4        0.000  1.031    0.303  
      U24/Y                            ^     n769           BUFX4        0.185  1.217    0.488  
      U56/A0                           ^     n769           AO22X1       0.000  1.217    0.488  
      U56/Y                            ^     n488           AO22X1       0.181  1.398    0.669  
      U567/B0                          ^     n488           AOI211X1     0.000  1.398    0.669  
      U567/Y                           v     n489           AOI211X1     0.042  1.440    0.711  
      U112/C                           v     n489           NAND3X1      0.000  1.440    0.711  
      U112/Y                           ^     N480           NAND3X1      0.052  1.492    0.763  
      f32_mux_1_data_reg_26_/D         ^     N480           SDFFRX1      0.000  1.492    0.763  
      -------------------------------------------------------------------------------------------
     Clock Rise Edge                      0.000
     = Beginpoint Arrival Time            0.000
     Other End Path:
      ---------------------------------------------------------------------------------
      Pin                        Edge  Net        Cell         Delay  Arrival  Required  
                                                                      Time     Time  
      ---------------------------------------------------------------------------------
      clk                        ^     clk        -            -      0.000    0.729  
      clk_gate_mux/CK            ^     clk        TLATNTSCAX4  0.000  0.000    0.729  
      clk_gate_mux/ECK           ^     net121966  TLATNTSCAX4  0.000  0.000    0.729  
      f32_mux_1_data_reg_26_/CK  ^     net121966  SDFFRX1      0.000  0.000    0.729  
      ---------------------------------------------------------------------------------
Path 24: VIOLATED Setup Check with Pin f32_mux_1_data_reg_25_/CK 
Endpoint:   f32_mux_1_data_reg_25_/D (^) checked with  leading edge of 'clk'
Beginpoint: o_reg_addr_reg_6_/Q      (^) triggered by  leading edge of 'clk'
Path Groups: {clk}
Other End Arrival Time          0.000
- Setup                         0.237
+ Phase Shift                   1.000
= Required Time                 0.763
- Arrival Time                  1.492
= Slack Time                   -0.729
     Clock Rise Edge                      0.000
     = Beginpoint Arrival Time            0.000
     Timing Path:
      -------------------------------------------------------------------------------------------
      Pin                              Edge  Net            Cell         Delay  Arrival  Required  
                                                                                Time     Time  
      -------------------------------------------------------------------------------------------
      clk                              ^     clk            -            -      0.000    -0.729  
      clk_gate_addr/CK                 ^     clk            TLATNTSCAX4  0.000  0.000    -0.729  
      clk_gate_addr/ECK                ^     net121972      TLATNTSCAX4  0.000  0.000    -0.729  
      o_reg_addr_reg_6_/CK             ^     net121972      SDFFRX1      0.000  0.000    -0.729  
      o_reg_addr_reg_6_/Q              ^     o_reg_addr[6]  SDFFRX1      0.309  0.309    -0.420  
      o_reg_addr_reg_6__scan_iso_or/A  ^     o_reg_addr[6]  AND2X1       0.000  0.309    -0.420  
      o_reg_addr_reg_6__scan_iso_or/Y  ^     scan_iso_or    AND2X1       0.156  0.465    -0.264  
      U195/A                           ^     scan_iso_or    INVX2        0.000  0.465    -0.264  
      U195/Y                           v     n369           INVX2        0.070  0.534    -0.195  
      U62/B                            v     n369           NOR2X2       0.000  0.534    -0.195  
      U62/Y                            ^     n372           NOR2X2       0.068  0.602    -0.127  
      U456/B                           ^     n372           NAND3X2      0.000  0.602    -0.127  
      U456/Y                           v     n394           NAND3X2      0.195  0.797    0.068  
      U8/A                             v     n394           NOR3X2       0.000  0.797    0.068  
      U8/Y                             ^     n674           NOR3X2       0.235  1.031    0.303  
      U24/A                            ^     n674           BUFX4        0.000  1.031    0.303  
      U24/Y                            ^     n769           BUFX4        0.185  1.217    0.488  
      U57/A0                           ^     n769           AO22X1       0.000  1.217    0.488  
      U57/Y                            ^     n481           AO22X1       0.181  1.398    0.669  
      U562/B0                          ^     n481           AOI211X1     0.000  1.398    0.669  
      U562/Y                           v     n482           AOI211X1     0.042  1.440    0.711  
      U113/C                           v     n482           NAND3X1      0.000  1.440    0.711  
      U113/Y                           ^     N479           NAND3X1      0.052  1.492    0.763  
      f32_mux_1_data_reg_25_/D         ^     N479           SDFFRX1      0.000  1.492    0.763  
      -------------------------------------------------------------------------------------------
     Clock Rise Edge                      0.000
     = Beginpoint Arrival Time            0.000
     Other End Path:
      ---------------------------------------------------------------------------------
      Pin                        Edge  Net        Cell         Delay  Arrival  Required  
                                                                      Time     Time  
      ---------------------------------------------------------------------------------
      clk                        ^     clk        -            -      0.000    0.729  
      clk_gate_mux/CK            ^     clk        TLATNTSCAX4  0.000  0.000    0.729  
      clk_gate_mux/ECK           ^     net121966  TLATNTSCAX4  0.000  0.000    0.729  
      f32_mux_1_data_reg_25_/CK  ^     net121966  SDFFRX1      0.000  0.000    0.729  
      ---------------------------------------------------------------------------------
Path 25: VIOLATED Setup Check with Pin f32_mux_1_data_reg_24_/CK 
Endpoint:   f32_mux_1_data_reg_24_/D (^) checked with  leading edge of 'clk'
Beginpoint: o_reg_addr_reg_6_/Q      (^) triggered by  leading edge of 'clk'
Path Groups: {clk}
Other End Arrival Time          0.000
- Setup                         0.237
+ Phase Shift                   1.000
= Required Time                 0.763
- Arrival Time                  1.492
= Slack Time                   -0.729
     Clock Rise Edge                      0.000
     = Beginpoint Arrival Time            0.000
     Timing Path:
      -------------------------------------------------------------------------------------------
      Pin                              Edge  Net            Cell         Delay  Arrival  Required  
                                                                                Time     Time  
      -------------------------------------------------------------------------------------------
      clk                              ^     clk            -            -      0.000    -0.729  
      clk_gate_addr/CK                 ^     clk            TLATNTSCAX4  0.000  0.000    -0.729  
      clk_gate_addr/ECK                ^     net121972      TLATNTSCAX4  0.000  0.000    -0.729  
      o_reg_addr_reg_6_/CK             ^     net121972      SDFFRX1      0.000  0.000    -0.729  
      o_reg_addr_reg_6_/Q              ^     o_reg_addr[6]  SDFFRX1      0.309  0.309    -0.420  
      o_reg_addr_reg_6__scan_iso_or/A  ^     o_reg_addr[6]  AND2X1       0.000  0.309    -0.420  
      o_reg_addr_reg_6__scan_iso_or/Y  ^     scan_iso_or    AND2X1       0.156  0.465    -0.264  
      U195/A                           ^     scan_iso_or    INVX2        0.000  0.465    -0.264  
      U195/Y                           v     n369           INVX2        0.070  0.534    -0.195  
      U62/B                            v     n369           NOR2X2       0.000  0.534    -0.195  
      U62/Y                            ^     n372           NOR2X2       0.068  0.602    -0.127  
      U456/B                           ^     n372           NAND3X2      0.000  0.602    -0.127  
      U456/Y                           v     n394           NAND3X2      0.195  0.797    0.068  
      U8/A                             v     n394           NOR3X2       0.000  0.797    0.068  
      U8/Y                             ^     n674           NOR3X2       0.235  1.031    0.303  
      U24/A                            ^     n674           BUFX4        0.000  1.031    0.303  
      U24/Y                            ^     n769           BUFX4        0.185  1.217    0.488  
      U58/A0                           ^     n769           AO22X1       0.000  1.217    0.488  
      U58/Y                            ^     n496           AO22X1       0.181  1.398    0.669  
      U573/B0                          ^     n496           AOI211X1     0.000  1.398    0.669  
      U573/Y                           v     n497           AOI211X1     0.042  1.440    0.711  
      U114/C                           v     n497           NAND3X1      0.000  1.440    0.711  
      U114/Y                           ^     N478           NAND3X1      0.052  1.492    0.763  
      f32_mux_1_data_reg_24_/D         ^     N478           SDFFRX1      0.000  1.492    0.763  
      -------------------------------------------------------------------------------------------
     Clock Rise Edge                      0.000
     = Beginpoint Arrival Time            0.000
     Other End Path:
      ---------------------------------------------------------------------------------
      Pin                        Edge  Net        Cell         Delay  Arrival  Required  
                                                                      Time     Time  
      ---------------------------------------------------------------------------------
      clk                        ^     clk        -            -      0.000    0.729  
      clk_gate_mux/CK            ^     clk        TLATNTSCAX4  0.000  0.000    0.729  
      clk_gate_mux/ECK           ^     net121966  TLATNTSCAX4  0.000  0.000    0.729  
      f32_mux_1_data_reg_24_/CK  ^     net121966  SDFFRX1      0.000  0.000    0.729  
      ---------------------------------------------------------------------------------
Path 26: VIOLATED Setup Check with Pin f32_mux_0_data_reg_19_/CK 
Endpoint:   f32_mux_0_data_reg_19_/D (^) checked with  leading edge of 'clk'
Beginpoint: o_reg_addr_reg_2_/Q      (^) triggered by  leading edge of 'clk'
Path Groups: {clk}
Other End Arrival Time          0.000
- Setup                         0.237
+ Phase Shift                   1.000
= Required Time                 0.763
- Arrival Time                  1.467
= Slack Time                   -0.704
     Clock Rise Edge                      0.000
     = Beginpoint Arrival Time            0.000
     Timing Path:
      -------------------------------------------------------------------------------------------
      Pin                              Edge  Net            Cell         Delay  Arrival  Required  
                                                                                Time     Time  
      -------------------------------------------------------------------------------------------
      clk                              ^     clk            -            -      0.000    -0.704  
      clk_gate_addr/CK                 ^     clk            TLATNTSCAX4  0.000  0.000    -0.704  
      clk_gate_addr/ECK                ^     net121972      TLATNTSCAX4  0.000  0.000    -0.704  
      o_reg_addr_reg_2_/CK             ^     net121972      SDFFRX1      0.000  0.000    -0.704  
      o_reg_addr_reg_2_/Q              ^     o_reg_addr[2]  SDFFRX1      0.309  0.309    -0.395  
      o_reg_addr_reg_2__scan_iso_or/A  ^     o_reg_addr[2]  AND2X1       0.000  0.309    -0.395  
      o_reg_addr_reg_2__scan_iso_or/Y  ^     scan_iso_or4   AND2X1       0.149  0.458    -0.246  
      U43/B                            ^     scan_iso_or4   NAND2BX1     0.000  0.458    -0.246  
      U43/Y                            v     n386           NAND2BX1     0.256  0.714    0.010  
      U35/A                            v     n386           NOR2X1       0.000  0.714    0.010  
      U35/Y                            ^     n845           NOR2X1       0.182  0.896    0.192  
      U9/A                             ^     n845           AND2X4       0.000  0.896    0.192  
      U9/Y                             ^     n821           AND2X4       0.181  1.077    0.373  
      U52/A                            ^     n821           BUFX2        0.000  1.077    0.373  
      U52/Y                            ^     n807           BUFX2        0.123  1.200    0.496  
      U811/B0                          ^     n807           AOI22X1      0.000  1.200    0.496  
      U811/Y                           v     n797           AOI22X1      0.071  1.271    0.567  
      U812_INV/A                       v     n797           INVX1        0.000  1.271    0.567  
      U812_INV/Y                       ^     n797_inv       INVX1        0.050  1.321    0.617  
      U812/B0                          ^     n797_inv       AO21X1       0.000  1.321    0.617  
      U812/Y                           ^     n798           AO21X1       0.070  1.390    0.686  
      U813/B0                          ^     n798           AOI21X1      0.000  1.390    0.686  
      U813/Y                           v     n800           AOI21X1      0.032  1.423    0.719  
      U97/C                            v     n800           NAND3X1      0.000  1.423    0.719  
      U97/Y                            ^     N441           NAND3X1      0.045  1.467    0.763  
      f32_mux_0_data_reg_19_/D         ^     N441           SDFFRX1      0.000  1.467    0.763  
      -------------------------------------------------------------------------------------------
     Clock Rise Edge                      0.000
     = Beginpoint Arrival Time            0.000
     Other End Path:
      ---------------------------------------------------------------------------------
      Pin                        Edge  Net        Cell         Delay  Arrival  Required  
                                                                      Time     Time  
      ---------------------------------------------------------------------------------
      clk                        ^     clk        -            -      0.000    0.704  
      clk_gate_mux/CK            ^     clk        TLATNTSCAX4  0.000  0.000    0.704  
      clk_gate_mux/ECK           ^     net121966  TLATNTSCAX4  0.000  0.000    0.704  
      f32_mux_0_data_reg_19_/CK  ^     net121966  SDFFRX1      0.000  0.000    0.704  
      ---------------------------------------------------------------------------------
Path 27: VIOLATED Setup Check with Pin f32_mux_0_data_reg_20_/CK 
Endpoint:   f32_mux_0_data_reg_20_/D (^) checked with  leading edge of 'clk'
Beginpoint: o_reg_addr_reg_2_/Q      (^) triggered by  leading edge of 'clk'
Path Groups: {clk}
Other End Arrival Time          0.000
- Setup                         0.237
+ Phase Shift                   1.000
= Required Time                 0.763
- Arrival Time                  1.467
= Slack Time                   -0.704
     Clock Rise Edge                      0.000
     = Beginpoint Arrival Time            0.000
     Timing Path:
      -------------------------------------------------------------------------------------------
      Pin                              Edge  Net            Cell         Delay  Arrival  Required  
                                                                                Time     Time  
      -------------------------------------------------------------------------------------------
      clk                              ^     clk            -            -      0.000    -0.704  
      clk_gate_addr/CK                 ^     clk            TLATNTSCAX4  0.000  0.000    -0.704  
      clk_gate_addr/ECK                ^     net121972      TLATNTSCAX4  0.000  0.000    -0.704  
      o_reg_addr_reg_2_/CK             ^     net121972      SDFFRX1      0.000  0.000    -0.704  
      o_reg_addr_reg_2_/Q              ^     o_reg_addr[2]  SDFFRX1      0.309  0.309    -0.395  
      o_reg_addr_reg_2__scan_iso_or/A  ^     o_reg_addr[2]  AND2X1       0.000  0.309    -0.395  
      o_reg_addr_reg_2__scan_iso_or/Y  ^     scan_iso_or4   AND2X1       0.149  0.458    -0.246  
      U43/B                            ^     scan_iso_or4   NAND2BX1     0.000  0.458    -0.246  
      U43/Y                            v     n386           NAND2BX1     0.256  0.714    0.010  
      U35/A                            v     n386           NOR2X1       0.000  0.714    0.010  
      U35/Y                            ^     n845           NOR2X1       0.182  0.896    0.192  
      U9/A                             ^     n845           AND2X4       0.000  0.896    0.192  
      U9/Y                             ^     n821           AND2X4       0.181  1.077    0.373  
      U52/A                            ^     n821           BUFX2        0.000  1.077    0.373  
      U52/Y                            ^     n807           BUFX2        0.123  1.200    0.496  
      U820/B0                          ^     n807           AOI22X1      0.000  1.200    0.496  
      U820/Y                           v     n808           AOI22X1      0.071  1.271    0.567  
      U821_INV/A                       v     n808           INVX1        0.000  1.271    0.567  
      U821_INV/Y                       ^     n808_inv       INVX1        0.050  1.321    0.617  
      U821/B0                          ^     n808_inv       AO21X1       0.000  1.321    0.617  
      U821/Y                           ^     n809           AO21X1       0.070  1.390    0.686  
      U822/B0                          ^     n809           AOI21X1      0.000  1.390    0.686  
      U822/Y                           v     n811           AOI21X1      0.032  1.423    0.719  
      U98/C                            v     n811           NAND3X1      0.000  1.423    0.719  
      U98/Y                            ^     N442           NAND3X1      0.045  1.467    0.763  
      f32_mux_0_data_reg_20_/D         ^     N442           SDFFRX1      0.000  1.467    0.763  
      -------------------------------------------------------------------------------------------
     Clock Rise Edge                      0.000
     = Beginpoint Arrival Time            0.000
     Other End Path:
      ---------------------------------------------------------------------------------
      Pin                        Edge  Net        Cell         Delay  Arrival  Required  
                                                                      Time     Time  
      ---------------------------------------------------------------------------------
      clk                        ^     clk        -            -      0.000    0.704  
      clk_gate_mux/CK            ^     clk        TLATNTSCAX4  0.000  0.000    0.704  
      clk_gate_mux/ECK           ^     net121966  TLATNTSCAX4  0.000  0.000    0.704  
      f32_mux_0_data_reg_20_/CK  ^     net121966  SDFFRX1      0.000  0.000    0.704  
      ---------------------------------------------------------------------------------
Path 28: VIOLATED Setup Check with Pin f32_mux_0_data_reg_21_/CK 
Endpoint:   f32_mux_0_data_reg_21_/D (^) checked with  leading edge of 'clk'
Beginpoint: o_reg_addr_reg_2_/Q      (^) triggered by  leading edge of 'clk'
Path Groups: {clk}
Other End Arrival Time          0.000
- Setup                         0.237
+ Phase Shift                   1.000
= Required Time                 0.763
- Arrival Time                  1.467
= Slack Time                   -0.704
     Clock Rise Edge                      0.000
     = Beginpoint Arrival Time            0.000
     Timing Path:
      -------------------------------------------------------------------------------------------
      Pin                              Edge  Net            Cell         Delay  Arrival  Required  
                                                                                Time     Time  
      -------------------------------------------------------------------------------------------
      clk                              ^     clk            -            -      0.000    -0.704  
      clk_gate_addr/CK                 ^     clk            TLATNTSCAX4  0.000  0.000    -0.704  
      clk_gate_addr/ECK                ^     net121972      TLATNTSCAX4  0.000  0.000    -0.704  
      o_reg_addr_reg_2_/CK             ^     net121972      SDFFRX1      0.000  0.000    -0.704  
      o_reg_addr_reg_2_/Q              ^     o_reg_addr[2]  SDFFRX1      0.309  0.309    -0.395  
      o_reg_addr_reg_2__scan_iso_or/A  ^     o_reg_addr[2]  AND2X1       0.000  0.309    -0.395  
      o_reg_addr_reg_2__scan_iso_or/Y  ^     scan_iso_or4   AND2X1       0.149  0.458    -0.246  
      U43/B                            ^     scan_iso_or4   NAND2BX1     0.000  0.458    -0.246  
      U43/Y                            v     n386           NAND2BX1     0.256  0.714    0.010  
      U35/A                            v     n386           NOR2X1       0.000  0.714    0.010  
      U35/Y                            ^     n845           NOR2X1       0.182  0.896    0.192  
      U9/A                             ^     n845           AND2X4       0.000  0.896    0.192  
      U9/Y                             ^     n821           AND2X4       0.181  1.077    0.373  
      U52/A                            ^     n821           BUFX2        0.000  1.077    0.373  
      U52/Y                            ^     n807           BUFX2        0.123  1.200    0.496  
      U443/B0                          ^     n807           AOI22X1      0.000  1.200    0.496  
      U443/Y                           v     n353           AOI22X1      0.071  1.271    0.567  
      U186_INV/A                       v     n353           INVX1        0.000  1.271    0.567  
      U186_INV/Y                       ^     n353_inv       INVX1        0.050  1.321    0.617  
      U186/B0                          ^     n353_inv       AO21X1       0.000  1.321    0.617  
      U186/Y                           ^     n354           AO21X1       0.070  1.390    0.686  
      U444/B0                          ^     n354           AOI21X1      0.000  1.390    0.686  
      U444/Y                           v     n356           AOI21X1      0.032  1.423    0.719  
      U99/C                            v     n356           NAND3X1      0.000  1.423    0.719  
      U99/Y                            ^     N443           NAND3X1      0.045  1.467    0.763  
      f32_mux_0_data_reg_21_/D         ^     N443           SDFFRX1      0.000  1.467    0.763  
      -------------------------------------------------------------------------------------------
     Clock Rise Edge                      0.000
     = Beginpoint Arrival Time            0.000
     Other End Path:
      ---------------------------------------------------------------------------------
      Pin                        Edge  Net        Cell         Delay  Arrival  Required  
                                                                      Time     Time  
      ---------------------------------------------------------------------------------
      clk                        ^     clk        -            -      0.000    0.704  
      clk_gate_mux/CK            ^     clk        TLATNTSCAX4  0.000  0.000    0.704  
      clk_gate_mux/ECK           ^     net121966  TLATNTSCAX4  0.000  0.000    0.704  
      f32_mux_0_data_reg_21_/CK  ^     net121966  SDFFRX1      0.000  0.000    0.704  
      ---------------------------------------------------------------------------------
Path 29: VIOLATED Setup Check with Pin f32_mux_0_data_reg_22_/CK 
Endpoint:   f32_mux_0_data_reg_22_/D (^) checked with  leading edge of 'clk'
Beginpoint: o_reg_addr_reg_2_/Q      (^) triggered by  leading edge of 'clk'
Path Groups: {clk}
Other End Arrival Time          0.000
- Setup                         0.237
+ Phase Shift                   1.000
= Required Time                 0.763
- Arrival Time                  1.467
= Slack Time                   -0.704
     Clock Rise Edge                      0.000
     = Beginpoint Arrival Time            0.000
     Timing Path:
      -------------------------------------------------------------------------------------------
      Pin                              Edge  Net            Cell         Delay  Arrival  Required  
                                                                                Time     Time  
      -------------------------------------------------------------------------------------------
      clk                              ^     clk            -            -      0.000    -0.704  
      clk_gate_addr/CK                 ^     clk            TLATNTSCAX4  0.000  0.000    -0.704  
      clk_gate_addr/ECK                ^     net121972      TLATNTSCAX4  0.000  0.000    -0.704  
      o_reg_addr_reg_2_/CK             ^     net121972      SDFFRX1      0.000  0.000    -0.704  
      o_reg_addr_reg_2_/Q              ^     o_reg_addr[2]  SDFFRX1      0.309  0.309    -0.395  
      o_reg_addr_reg_2__scan_iso_or/A  ^     o_reg_addr[2]  AND2X1       0.000  0.309    -0.395  
      o_reg_addr_reg_2__scan_iso_or/Y  ^     scan_iso_or4   AND2X1       0.149  0.458    -0.246  
      U43/B                            ^     scan_iso_or4   NAND2BX1     0.000  0.458    -0.246  
      U43/Y                            v     n386           NAND2BX1     0.256  0.714    0.010  
      U35/A                            v     n386           NOR2X1       0.000  0.714    0.010  
      U35/Y                            ^     n845           NOR2X1       0.182  0.896    0.192  
      U9/A                             ^     n845           AND2X4       0.000  0.896    0.192  
      U9/Y                             ^     n821           AND2X4       0.181  1.077    0.373  
      U52/A                            ^     n821           BUFX2        0.000  1.077    0.373  
      U52/Y                            ^     n807           BUFX2        0.123  1.200    0.496  
      U452/B0                          ^     n807           AOI22X1      0.000  1.200    0.496  
      U452/Y                           v     n363           AOI22X1      0.071  1.271    0.567  
      U453_INV/A                       v     n363           INVX1        0.000  1.271    0.567  
      U453_INV/Y                       ^     n363_inv       INVX1        0.050  1.321    0.617  
      U453/B0                          ^     n363_inv       AO21X1       0.000  1.321    0.617  
      U453/Y                           ^     n364           AO21X1       0.070  1.390    0.686  
      U454/B0                          ^     n364           AOI21X1      0.000  1.390    0.686  
      U454/Y                           v     n366           AOI21X1      0.032  1.423    0.719  
      U100/C                           v     n366           NAND3X1      0.000  1.423    0.719  
      U100/Y                           ^     N444           NAND3X1      0.045  1.467    0.763  
      f32_mux_0_data_reg_22_/D         ^     N444           SDFFRX1      0.000  1.467    0.763  
      -------------------------------------------------------------------------------------------
     Clock Rise Edge                      0.000
     = Beginpoint Arrival Time            0.000
     Other End Path:
      ---------------------------------------------------------------------------------
      Pin                        Edge  Net        Cell         Delay  Arrival  Required  
                                                                      Time     Time  
      ---------------------------------------------------------------------------------
      clk                        ^     clk        -            -      0.000    0.704  
      clk_gate_mux/CK            ^     clk        TLATNTSCAX4  0.000  0.000    0.704  
      clk_gate_mux/ECK           ^     net121966  TLATNTSCAX4  0.000  0.000    0.704  
      f32_mux_0_data_reg_22_/CK  ^     net121966  SDFFRX1      0.000  0.000    0.704  
      ---------------------------------------------------------------------------------
Path 30: VIOLATED Setup Check with Pin f32_mux_0_data_reg_23_/CK 
Endpoint:   f32_mux_0_data_reg_23_/D (^) checked with  leading edge of 'clk'
Beginpoint: o_reg_addr_reg_2_/Q      (^) triggered by  leading edge of 'clk'
Path Groups: {clk}
Other End Arrival Time          0.000
- Setup                         0.237
+ Phase Shift                   1.000
= Required Time                 0.763
- Arrival Time                  1.467
= Slack Time                   -0.704
     Clock Rise Edge                      0.000
     = Beginpoint Arrival Time            0.000
     Timing Path:
      -------------------------------------------------------------------------------------------
      Pin                              Edge  Net            Cell         Delay  Arrival  Required  
                                                                                Time     Time  
      -------------------------------------------------------------------------------------------
      clk                              ^     clk            -            -      0.000    -0.704  
      clk_gate_addr/CK                 ^     clk            TLATNTSCAX4  0.000  0.000    -0.704  
      clk_gate_addr/ECK                ^     net121972      TLATNTSCAX4  0.000  0.000    -0.704  
      o_reg_addr_reg_2_/CK             ^     net121972      SDFFRX1      0.000  0.000    -0.704  
      o_reg_addr_reg_2_/Q              ^     o_reg_addr[2]  SDFFRX1      0.309  0.309    -0.395  
      o_reg_addr_reg_2__scan_iso_or/A  ^     o_reg_addr[2]  AND2X1       0.000  0.309    -0.395  
      o_reg_addr_reg_2__scan_iso_or/Y  ^     scan_iso_or4   AND2X1       0.149  0.458    -0.246  
      U43/B                            ^     scan_iso_or4   NAND2BX1     0.000  0.458    -0.246  
      U43/Y                            v     n386           NAND2BX1     0.256  0.714    0.010  
      U35/A                            v     n386           NOR2X1       0.000  0.714    0.010  
      U35/Y                            ^     n845           NOR2X1       0.182  0.896    0.192  
      U9/A                             ^     n845           AND2X4       0.000  0.896    0.192  
      U9/Y                             ^     n821           AND2X4       0.181  1.077    0.373  
      U52/A                            ^     n821           BUFX2        0.000  1.077    0.373  
      U52/Y                            ^     n807           BUFX2        0.123  1.200    0.496  
      U793/B0                          ^     n807           AOI22X1      0.000  1.200    0.496  
      U793/Y                           v     n777           AOI22X1      0.071  1.271    0.567  
      U794_INV/A                       v     n777           INVX1        0.000  1.271    0.567  
      U794_INV/Y                       ^     n777_inv       INVX1        0.050  1.321    0.617  
      U794/B0                          ^     n777_inv       AO21X1       0.000  1.321    0.617  
      U794/Y                           ^     n778           AO21X1       0.070  1.390    0.686  
      U102/B0                          ^     n778           AOI21X1      0.000  1.390    0.686  
      U102/Y                           v     n780           AOI21X1      0.032  1.423    0.719  
      U101/C                           v     n780           NAND3X1      0.000  1.423    0.719  
      U101/Y                           ^     N445           NAND3X1      0.045  1.467    0.763  
      f32_mux_0_data_reg_23_/D         ^     N445           SDFFRX1      0.000  1.467    0.763  
      -------------------------------------------------------------------------------------------
     Clock Rise Edge                      0.000
     = Beginpoint Arrival Time            0.000
     Other End Path:
      ---------------------------------------------------------------------------------
      Pin                        Edge  Net        Cell         Delay  Arrival  Required  
                                                                      Time     Time  
      ---------------------------------------------------------------------------------
      clk                        ^     clk        -            -      0.000    0.704  
      clk_gate_mux/CK            ^     clk        TLATNTSCAX4  0.000  0.000    0.704  
      clk_gate_mux/ECK           ^     net121966  TLATNTSCAX4  0.000  0.000    0.704  
      f32_mux_0_data_reg_23_/CK  ^     net121966  SDFFRX1      0.000  0.000    0.704  
      ---------------------------------------------------------------------------------
Path 31: VIOLATED Setup Check with Pin f32_mux_0_data_reg_15_/CK 
Endpoint:   f32_mux_0_data_reg_15_/D (^) checked with  leading edge of 'clk'
Beginpoint: o_reg_addr_reg_2_/Q      (^) triggered by  leading edge of 'clk'
Path Groups: {clk}
Other End Arrival Time          0.000
- Setup                         0.244
+ Phase Shift                   1.000
= Required Time                 0.756
- Arrival Time                  1.456
= Slack Time                   -0.700
     Clock Rise Edge                      0.000
     = Beginpoint Arrival Time            0.000
     Timing Path:
      -------------------------------------------------------------------------------------------
      Pin                              Edge  Net            Cell         Delay  Arrival  Required  
                                                                                Time     Time  
      -------------------------------------------------------------------------------------------
      clk                              ^     clk            -            -      0.000    -0.700  
      clk_gate_addr/CK                 ^     clk            TLATNTSCAX4  0.000  0.000    -0.700  
      clk_gate_addr/ECK                ^     net121972      TLATNTSCAX4  0.000  0.000    -0.700  
      o_reg_addr_reg_2_/CK             ^     net121972      SDFFRX1      0.000  0.000    -0.700  
      o_reg_addr_reg_2_/Q              ^     o_reg_addr[2]  SDFFRX1      0.309  0.309    -0.392  
      o_reg_addr_reg_2__scan_iso_or/A  ^     o_reg_addr[2]  AND2X1       0.000  0.309    -0.392  
      o_reg_addr_reg_2__scan_iso_or/Y  ^     scan_iso_or4   AND2X1       0.149  0.458    -0.242  
      U43/B                            ^     scan_iso_or4   NAND2BX1     0.000  0.458    -0.242  
      U43/Y                            v     n386           NAND2BX1     0.256  0.714    0.013  
      U6/A                             v     n386           NOR2X2       0.000  0.714    0.013  
      U6/Y                             ^     n843           NOR2X2       0.229  0.943    0.242  
      U204/AN                          ^     n843           NOR2BX2      0.000  0.943    0.242  
      U204/Y                           ^     n328           NOR2BX2      0.257  1.200    0.500  
      U295/B0                          ^     n328           AOI22X1      0.000  1.200    0.500  
      U295/Y                           v     n226           AOI22X1      0.122  1.322    0.622  
      U297/C                           v     n226           AND4X1       0.000  1.322    0.622  
      U297/Y                           v     n229           AND4X1       0.108  1.430    0.730  
      U78/B0                           v     n229           OAI21X1      0.000  1.430    0.730  
      U78/Y                            ^     N437           OAI21X1      0.026  1.456    0.756  
      f32_mux_0_data_reg_15_/D         ^     N437           SDFFRX1      0.000  1.456    0.756  
      -------------------------------------------------------------------------------------------
     Clock Rise Edge                      0.000
     = Beginpoint Arrival Time            0.000
     Other End Path:
      ---------------------------------------------------------------------------------
      Pin                        Edge  Net        Cell         Delay  Arrival  Required  
                                                                      Time     Time  
      ---------------------------------------------------------------------------------
      clk                        ^     clk        -            -      0.000    0.700  
      clk_gate_mux/CK            ^     clk        TLATNTSCAX4  0.000  0.000    0.700  
      clk_gate_mux/ECK           ^     net121966  TLATNTSCAX4  0.000  0.000    0.700  
      f32_mux_0_data_reg_15_/CK  ^     net121966  SDFFRX1      0.000  0.000    0.700  
      ---------------------------------------------------------------------------------
Path 32: VIOLATED Setup Check with Pin f32_mux_0_data_reg_14_/CK 
Endpoint:   f32_mux_0_data_reg_14_/D (^) checked with  leading edge of 'clk'
Beginpoint: o_reg_addr_reg_2_/Q      (^) triggered by  leading edge of 'clk'
Path Groups: {clk}
Other End Arrival Time          0.000
- Setup                         0.244
+ Phase Shift                   1.000
= Required Time                 0.756
- Arrival Time                  1.456
= Slack Time                   -0.700
     Clock Rise Edge                      0.000
     = Beginpoint Arrival Time            0.000
     Timing Path:
      -------------------------------------------------------------------------------------------
      Pin                              Edge  Net            Cell         Delay  Arrival  Required  
                                                                                Time     Time  
      -------------------------------------------------------------------------------------------
      clk                              ^     clk            -            -      0.000    -0.700  
      clk_gate_addr/CK                 ^     clk            TLATNTSCAX4  0.000  0.000    -0.700  
      clk_gate_addr/ECK                ^     net121972      TLATNTSCAX4  0.000  0.000    -0.700  
      o_reg_addr_reg_2_/CK             ^     net121972      SDFFRX1      0.000  0.000    -0.700  
      o_reg_addr_reg_2_/Q              ^     o_reg_addr[2]  SDFFRX1      0.309  0.309    -0.392  
      o_reg_addr_reg_2__scan_iso_or/A  ^     o_reg_addr[2]  AND2X1       0.000  0.309    -0.392  
      o_reg_addr_reg_2__scan_iso_or/Y  ^     scan_iso_or4   AND2X1       0.149  0.458    -0.242  
      U43/B                            ^     scan_iso_or4   NAND2BX1     0.000  0.458    -0.242  
      U43/Y                            v     n386           NAND2BX1     0.256  0.714    0.013  
      U6/A                             v     n386           NOR2X2       0.000  0.714    0.013  
      U6/Y                             ^     n843           NOR2X2       0.229  0.943    0.242  
      U204/AN                          ^     n843           NOR2BX2      0.000  0.943    0.242  
      U204/Y                           ^     n328           NOR2BX2      0.257  1.200    0.500  
      U382/B0                          ^     n328           AOI22X1      0.000  1.200    0.500  
      U382/Y                           v     n317           AOI22X1      0.122  1.322    0.622  
      U384/C                           v     n317           AND4X1       0.000  1.322    0.622  
      U384/Y                           v     n320           AND4X1       0.108  1.430    0.730  
      U79/B0                           v     n320           OAI21X1      0.000  1.430    0.730  
      U79/Y                            ^     N436           OAI21X1      0.026  1.456    0.756  
      f32_mux_0_data_reg_14_/D         ^     N436           SDFFRX1      0.000  1.456    0.756  
      -------------------------------------------------------------------------------------------
     Clock Rise Edge                      0.000
     = Beginpoint Arrival Time            0.000
     Other End Path:
      ---------------------------------------------------------------------------------
      Pin                        Edge  Net        Cell         Delay  Arrival  Required  
                                                                      Time     Time  
      ---------------------------------------------------------------------------------
      clk                        ^     clk        -            -      0.000    0.700  
      clk_gate_mux/CK            ^     clk        TLATNTSCAX4  0.000  0.000    0.700  
      clk_gate_mux/ECK           ^     net121966  TLATNTSCAX4  0.000  0.000    0.700  
      f32_mux_0_data_reg_14_/CK  ^     net121966  SDFFRX1      0.000  0.000    0.700  
      ---------------------------------------------------------------------------------
Path 33: VIOLATED Setup Check with Pin f32_mux_0_data_reg_13_/CK 
Endpoint:   f32_mux_0_data_reg_13_/D (^) checked with  leading edge of 'clk'
Beginpoint: o_reg_addr_reg_2_/Q      (^) triggered by  leading edge of 'clk'
Path Groups: {clk}
Other End Arrival Time          0.000
- Setup                         0.244
+ Phase Shift                   1.000
= Required Time                 0.756
- Arrival Time                  1.456
= Slack Time                   -0.700
     Clock Rise Edge                      0.000
     = Beginpoint Arrival Time            0.000
     Timing Path:
      -------------------------------------------------------------------------------------------
      Pin                              Edge  Net            Cell         Delay  Arrival  Required  
                                                                                Time     Time  
      -------------------------------------------------------------------------------------------
      clk                              ^     clk            -            -      0.000    -0.700  
      clk_gate_addr/CK                 ^     clk            TLATNTSCAX4  0.000  0.000    -0.700  
      clk_gate_addr/ECK                ^     net121972      TLATNTSCAX4  0.000  0.000    -0.700  
      o_reg_addr_reg_2_/CK             ^     net121972      SDFFRX1      0.000  0.000    -0.700  
      o_reg_addr_reg_2_/Q              ^     o_reg_addr[2]  SDFFRX1      0.309  0.309    -0.392  
      o_reg_addr_reg_2__scan_iso_or/A  ^     o_reg_addr[2]  AND2X1       0.000  0.309    -0.392  
      o_reg_addr_reg_2__scan_iso_or/Y  ^     scan_iso_or4   AND2X1       0.149  0.458    -0.242  
      U43/B                            ^     scan_iso_or4   NAND2BX1     0.000  0.458    -0.242  
      U43/Y                            v     n386           NAND2BX1     0.256  0.714    0.013  
      U6/A                             v     n386           NOR2X2       0.000  0.714    0.013  
      U6/Y                             ^     n843           NOR2X2       0.229  0.943    0.242  
      U204/AN                          ^     n843           NOR2BX2      0.000  0.943    0.242  
      U204/Y                           ^     n328           NOR2BX2      0.257  1.200    0.500  
      U372/B0                          ^     n328           AOI22X1      0.000  1.200    0.500  
      U372/Y                           v     n306           AOI22X1      0.122  1.322    0.622  
      U374/C                           v     n306           AND4X1       0.000  1.322    0.622  
      U374/Y                           v     n309           AND4X1       0.108  1.430    0.730  
      U80/B0                           v     n309           OAI21X1      0.000  1.430    0.730  
      U80/Y                            ^     N435           OAI21X1      0.026  1.456    0.756  
      f32_mux_0_data_reg_13_/D         ^     N435           SDFFRX1      0.000  1.456    0.756  
      -------------------------------------------------------------------------------------------
     Clock Rise Edge                      0.000
     = Beginpoint Arrival Time            0.000
     Other End Path:
      ---------------------------------------------------------------------------------
      Pin                        Edge  Net        Cell         Delay  Arrival  Required  
                                                                      Time     Time  
      ---------------------------------------------------------------------------------
      clk                        ^     clk        -            -      0.000    0.700  
      clk_gate_mux/CK            ^     clk        TLATNTSCAX4  0.000  0.000    0.700  
      clk_gate_mux/ECK           ^     net121966  TLATNTSCAX4  0.000  0.000    0.700  
      f32_mux_0_data_reg_13_/CK  ^     net121966  SDFFRX1      0.000  0.000    0.700  
      ---------------------------------------------------------------------------------
Path 34: VIOLATED Setup Check with Pin f32_mux_0_data_reg_12_/CK 
Endpoint:   f32_mux_0_data_reg_12_/D (^) checked with  leading edge of 'clk'
Beginpoint: o_reg_addr_reg_2_/Q      (^) triggered by  leading edge of 'clk'
Path Groups: {clk}
Other End Arrival Time          0.000
- Setup                         0.244
+ Phase Shift                   1.000
= Required Time                 0.756
- Arrival Time                  1.456
= Slack Time                   -0.700
     Clock Rise Edge                      0.000
     = Beginpoint Arrival Time            0.000
     Timing Path:
      -------------------------------------------------------------------------------------------
      Pin                              Edge  Net            Cell         Delay  Arrival  Required  
                                                                                Time     Time  
      -------------------------------------------------------------------------------------------
      clk                              ^     clk            -            -      0.000    -0.700  
      clk_gate_addr/CK                 ^     clk            TLATNTSCAX4  0.000  0.000    -0.700  
      clk_gate_addr/ECK                ^     net121972      TLATNTSCAX4  0.000  0.000    -0.700  
      o_reg_addr_reg_2_/CK             ^     net121972      SDFFRX1      0.000  0.000    -0.700  
      o_reg_addr_reg_2_/Q              ^     o_reg_addr[2]  SDFFRX1      0.309  0.309    -0.392  
      o_reg_addr_reg_2__scan_iso_or/A  ^     o_reg_addr[2]  AND2X1       0.000  0.309    -0.392  
      o_reg_addr_reg_2__scan_iso_or/Y  ^     scan_iso_or4   AND2X1       0.149  0.458    -0.242  
      U43/B                            ^     scan_iso_or4   NAND2BX1     0.000  0.458    -0.242  
      U43/Y                            v     n386           NAND2BX1     0.256  0.714    0.013  
      U6/A                             v     n386           NOR2X2       0.000  0.714    0.013  
      U6/Y                             ^     n843           NOR2X2       0.229  0.943    0.242  
      U204/AN                          ^     n843           NOR2BX2      0.000  0.943    0.242  
      U204/Y                           ^     n328           NOR2BX2      0.257  1.200    0.500  
      U362/B0                          ^     n328           AOI22X1      0.000  1.200    0.500  
      U362/Y                           v     n296           AOI22X1      0.122  1.322    0.622  
      U364/C                           v     n296           AND4X1       0.000  1.322    0.622  
      U364/Y                           v     n299           AND4X1       0.108  1.430    0.730  
      U81/B0                           v     n299           OAI21X1      0.000  1.430    0.730  
      U81/Y                            ^     N434           OAI21X1      0.026  1.456    0.756  
      f32_mux_0_data_reg_12_/D         ^     N434           SDFFRX1      0.000  1.456    0.756  
      -------------------------------------------------------------------------------------------
     Clock Rise Edge                      0.000
     = Beginpoint Arrival Time            0.000
     Other End Path:
      ---------------------------------------------------------------------------------
      Pin                        Edge  Net        Cell         Delay  Arrival  Required  
                                                                      Time     Time  
      ---------------------------------------------------------------------------------
      clk                        ^     clk        -            -      0.000    0.700  
      clk_gate_mux/CK            ^     clk        TLATNTSCAX4  0.000  0.000    0.700  
      clk_gate_mux/ECK           ^     net121966  TLATNTSCAX4  0.000  0.000    0.700  
      f32_mux_0_data_reg_12_/CK  ^     net121966  SDFFRX1      0.000  0.000    0.700  
      ---------------------------------------------------------------------------------
Path 35: VIOLATED Setup Check with Pin f32_mux_0_data_reg_11_/CK 
Endpoint:   f32_mux_0_data_reg_11_/D (^) checked with  leading edge of 'clk'
Beginpoint: o_reg_addr_reg_2_/Q      (^) triggered by  leading edge of 'clk'
Path Groups: {clk}
Other End Arrival Time          0.000
- Setup                         0.244
+ Phase Shift                   1.000
= Required Time                 0.756
- Arrival Time                  1.456
= Slack Time                   -0.700
     Clock Rise Edge                      0.000
     = Beginpoint Arrival Time            0.000
     Timing Path:
      -------------------------------------------------------------------------------------------
      Pin                              Edge  Net            Cell         Delay  Arrival  Required  
                                                                                Time     Time  
      -------------------------------------------------------------------------------------------
      clk                              ^     clk            -            -      0.000    -0.700  
      clk_gate_addr/CK                 ^     clk            TLATNTSCAX4  0.000  0.000    -0.700  
      clk_gate_addr/ECK                ^     net121972      TLATNTSCAX4  0.000  0.000    -0.700  
      o_reg_addr_reg_2_/CK             ^     net121972      SDFFRX1      0.000  0.000    -0.700  
      o_reg_addr_reg_2_/Q              ^     o_reg_addr[2]  SDFFRX1      0.309  0.309    -0.392  
      o_reg_addr_reg_2__scan_iso_or/A  ^     o_reg_addr[2]  AND2X1       0.000  0.309    -0.392  
      o_reg_addr_reg_2__scan_iso_or/Y  ^     scan_iso_or4   AND2X1       0.149  0.458    -0.242  
      U43/B                            ^     scan_iso_or4   NAND2BX1     0.000  0.458    -0.242  
      U43/Y                            v     n386           NAND2BX1     0.256  0.714    0.013  
      U6/A                             v     n386           NOR2X2       0.000  0.714    0.013  
      U6/Y                             ^     n843           NOR2X2       0.229  0.943    0.242  
      U204/AN                          ^     n843           NOR2BX2      0.000  0.943    0.242  
      U204/Y                           ^     n328           NOR2BX2      0.257  1.200    0.500  
      U304/B0                          ^     n328           AOI22X1      0.000  1.200    0.500  
      U304/Y                           v     n236           AOI22X1      0.122  1.322    0.622  
      U306/C                           v     n236           AND4X1       0.000  1.322    0.622  
      U306/Y                           v     n239           AND4X1       0.108  1.430    0.730  
      U82/B0                           v     n239           OAI21X1      0.000  1.430    0.730  
      U82/Y                            ^     N433           OAI21X1      0.026  1.456    0.756  
      f32_mux_0_data_reg_11_/D         ^     N433           SDFFRX1      0.000  1.456    0.756  
      -------------------------------------------------------------------------------------------
     Clock Rise Edge                      0.000
     = Beginpoint Arrival Time            0.000
     Other End Path:
      ---------------------------------------------------------------------------------
      Pin                        Edge  Net        Cell         Delay  Arrival  Required  
                                                                      Time     Time  
      ---------------------------------------------------------------------------------
      clk                        ^     clk        -            -      0.000    0.700  
      clk_gate_mux/CK            ^     clk        TLATNTSCAX4  0.000  0.000    0.700  
      clk_gate_mux/ECK           ^     net121966  TLATNTSCAX4  0.000  0.000    0.700  
      f32_mux_0_data_reg_11_/CK  ^     net121966  SDFFRX1      0.000  0.000    0.700  
      ---------------------------------------------------------------------------------
Path 36: VIOLATED Setup Check with Pin f32_mux_0_data_reg_10_/CK 
Endpoint:   f32_mux_0_data_reg_10_/D (^) checked with  leading edge of 'clk'
Beginpoint: o_reg_addr_reg_2_/Q      (^) triggered by  leading edge of 'clk'
Path Groups: {clk}
Other End Arrival Time          0.000
- Setup                         0.244
+ Phase Shift                   1.000
= Required Time                 0.756
- Arrival Time                  1.456
= Slack Time                   -0.700
     Clock Rise Edge                      0.000
     = Beginpoint Arrival Time            0.000
     Timing Path:
      -------------------------------------------------------------------------------------------
      Pin                              Edge  Net            Cell         Delay  Arrival  Required  
                                                                                Time     Time  
      -------------------------------------------------------------------------------------------
      clk                              ^     clk            -            -      0.000    -0.700  
      clk_gate_addr/CK                 ^     clk            TLATNTSCAX4  0.000  0.000    -0.700  
      clk_gate_addr/ECK                ^     net121972      TLATNTSCAX4  0.000  0.000    -0.700  
      o_reg_addr_reg_2_/CK             ^     net121972      SDFFRX1      0.000  0.000    -0.700  
      o_reg_addr_reg_2_/Q              ^     o_reg_addr[2]  SDFFRX1      0.309  0.309    -0.392  
      o_reg_addr_reg_2__scan_iso_or/A  ^     o_reg_addr[2]  AND2X1       0.000  0.309    -0.392  
      o_reg_addr_reg_2__scan_iso_or/Y  ^     scan_iso_or4   AND2X1       0.149  0.458    -0.242  
      U43/B                            ^     scan_iso_or4   NAND2BX1     0.000  0.458    -0.242  
      U43/Y                            v     n386           NAND2BX1     0.256  0.714    0.013  
      U6/A                             v     n386           NOR2X2       0.000  0.714    0.013  
      U6/Y                             ^     n843           NOR2X2       0.229  0.943    0.242  
      U204/AN                          ^     n843           NOR2BX2      0.000  0.943    0.242  
      U204/Y                           ^     n328           NOR2BX2      0.257  1.200    0.500  
      U392/B0                          ^     n328           AOI22X1      0.000  1.200    0.500  
      U392/Y                           v     n330           AOI22X1      0.122  1.322    0.622  
      U394/C                           v     n330           AND4X1       0.000  1.322    0.622  
      U394/Y                           v     n333           AND4X1       0.108  1.430    0.730  
      U83/B0                           v     n333           OAI21X1      0.000  1.430    0.730  
      U83/Y                            ^     N432           OAI21X1      0.026  1.456    0.756  
      f32_mux_0_data_reg_10_/D         ^     N432           SDFFRX1      0.000  1.456    0.756  
      -------------------------------------------------------------------------------------------
     Clock Rise Edge                      0.000
     = Beginpoint Arrival Time            0.000
     Other End Path:
      ---------------------------------------------------------------------------------
      Pin                        Edge  Net        Cell         Delay  Arrival  Required  
                                                                      Time     Time  
      ---------------------------------------------------------------------------------
      clk                        ^     clk        -            -      0.000    0.700  
      clk_gate_mux/CK            ^     clk        TLATNTSCAX4  0.000  0.000    0.700  
      clk_gate_mux/ECK           ^     net121966  TLATNTSCAX4  0.000  0.000    0.700  
      f32_mux_0_data_reg_10_/CK  ^     net121966  SDFFRX1      0.000  0.000    0.700  
      ---------------------------------------------------------------------------------
Path 37: VIOLATED Setup Check with Pin f32_mux_0_data_reg_9_/CK 
Endpoint:   f32_mux_0_data_reg_9_/D (^) checked with  leading edge of 'clk'
Beginpoint: o_reg_addr_reg_2_/Q     (^) triggered by  leading edge of 'clk'
Path Groups: {clk}
Other End Arrival Time          0.000
- Setup                         0.244
+ Phase Shift                   1.000
= Required Time                 0.756
- Arrival Time                  1.456
= Slack Time                   -0.700
     Clock Rise Edge                      0.000
     = Beginpoint Arrival Time            0.000
     Timing Path:
      -------------------------------------------------------------------------------------------
      Pin                              Edge  Net            Cell         Delay  Arrival  Required  
                                                                                Time     Time  
      -------------------------------------------------------------------------------------------
      clk                              ^     clk            -            -      0.000    -0.700  
      clk_gate_addr/CK                 ^     clk            TLATNTSCAX4  0.000  0.000    -0.700  
      clk_gate_addr/ECK                ^     net121972      TLATNTSCAX4  0.000  0.000    -0.700  
      o_reg_addr_reg_2_/CK             ^     net121972      SDFFRX1      0.000  0.000    -0.700  
      o_reg_addr_reg_2_/Q              ^     o_reg_addr[2]  SDFFRX1      0.309  0.309    -0.392  
      o_reg_addr_reg_2__scan_iso_or/A  ^     o_reg_addr[2]  AND2X1       0.000  0.309    -0.392  
      o_reg_addr_reg_2__scan_iso_or/Y  ^     scan_iso_or4   AND2X1       0.149  0.458    -0.242  
      U43/B                            ^     scan_iso_or4   NAND2BX1     0.000  0.458    -0.242  
      U43/Y                            v     n386           NAND2BX1     0.256  0.714    0.013  
      U6/A                             v     n386           NOR2X2       0.000  0.714    0.013  
      U6/Y                             ^     n843           NOR2X2       0.229  0.943    0.242  
      U204/AN                          ^     n843           NOR2BX2      0.000  0.943    0.242  
      U204/Y                           ^     n328           NOR2BX2      0.257  1.200    0.500  
      U323/B0                          ^     n328           AOI22X1      0.000  1.200    0.500  
      U323/Y                           v     n256           AOI22X1      0.122  1.322    0.622  
      U325/C                           v     n256           AND4X1       0.000  1.322    0.622  
      U325/Y                           v     n259           AND4X1       0.108  1.430    0.730  
      U84/B0                           v     n259           OAI21X1      0.000  1.430    0.730  
      U84/Y                            ^     N431           OAI21X1      0.026  1.456    0.756  
      f32_mux_0_data_reg_9_/D          ^     N431           SDFFRX1      0.000  1.456    0.756  
      -------------------------------------------------------------------------------------------
     Clock Rise Edge                      0.000
     = Beginpoint Arrival Time            0.000
     Other End Path:
      --------------------------------------------------------------------------------
      Pin                       Edge  Net        Cell         Delay  Arrival  Required  
                                                                     Time     Time  
      --------------------------------------------------------------------------------
      clk                       ^     clk        -            -      0.000    0.700  
      clk_gate_mux/CK           ^     clk        TLATNTSCAX4  0.000  0.000    0.700  
      clk_gate_mux/ECK          ^     net121966  TLATNTSCAX4  0.000  0.000    0.700  
      f32_mux_0_data_reg_9_/CK  ^     net121966  SDFFRX1      0.000  0.000    0.700  
      --------------------------------------------------------------------------------
Path 38: VIOLATED Setup Check with Pin f32_mux_0_data_reg_8_/CK 
Endpoint:   f32_mux_0_data_reg_8_/D (^) checked with  leading edge of 'clk'
Beginpoint: o_reg_addr_reg_2_/Q     (^) triggered by  leading edge of 'clk'
Path Groups: {clk}
Other End Arrival Time          0.000
- Setup                         0.244
+ Phase Shift                   1.000
= Required Time                 0.756
- Arrival Time                  1.456
= Slack Time                   -0.700
     Clock Rise Edge                      0.000
     = Beginpoint Arrival Time            0.000
     Timing Path:
      -------------------------------------------------------------------------------------------
      Pin                              Edge  Net            Cell         Delay  Arrival  Required  
                                                                                Time     Time  
      -------------------------------------------------------------------------------------------
      clk                              ^     clk            -            -      0.000    -0.700  
      clk_gate_addr/CK                 ^     clk            TLATNTSCAX4  0.000  0.000    -0.700  
      clk_gate_addr/ECK                ^     net121972      TLATNTSCAX4  0.000  0.000    -0.700  
      o_reg_addr_reg_2_/CK             ^     net121972      SDFFRX1      0.000  0.000    -0.700  
      o_reg_addr_reg_2_/Q              ^     o_reg_addr[2]  SDFFRX1      0.309  0.309    -0.392  
      o_reg_addr_reg_2__scan_iso_or/A  ^     o_reg_addr[2]  AND2X1       0.000  0.309    -0.392  
      o_reg_addr_reg_2__scan_iso_or/Y  ^     scan_iso_or4   AND2X1       0.149  0.458    -0.242  
      U43/B                            ^     scan_iso_or4   NAND2BX1     0.000  0.458    -0.242  
      U43/Y                            v     n386           NAND2BX1     0.256  0.714    0.013  
      U6/A                             v     n386           NOR2X2       0.000  0.714    0.013  
      U6/Y                             ^     n843           NOR2X2       0.229  0.943    0.242  
      U204/AN                          ^     n843           NOR2BX2      0.000  0.943    0.242  
      U204/Y                           ^     n328           NOR2BX2      0.257  1.200    0.500  
      U343/B0                          ^     n328           AOI22X1      0.000  1.200    0.500  
      U343/Y                           v     n276           AOI22X1      0.122  1.322    0.622  
      U345/C                           v     n276           AND4X1       0.000  1.322    0.622  
      U345/Y                           v     n279           AND4X1       0.108  1.430    0.730  
      U85/B0                           v     n279           OAI21X1      0.000  1.430    0.730  
      U85/Y                            ^     N430           OAI21X1      0.026  1.456    0.756  
      f32_mux_0_data_reg_8_/D          ^     N430           SDFFRX1      0.000  1.456    0.756  
      -------------------------------------------------------------------------------------------
     Clock Rise Edge                      0.000
     = Beginpoint Arrival Time            0.000
     Other End Path:
      --------------------------------------------------------------------------------
      Pin                       Edge  Net        Cell         Delay  Arrival  Required  
                                                                     Time     Time  
      --------------------------------------------------------------------------------
      clk                       ^     clk        -            -      0.000    0.700  
      clk_gate_mux/CK           ^     clk        TLATNTSCAX4  0.000  0.000    0.700  
      clk_gate_mux/ECK          ^     net121966  TLATNTSCAX4  0.000  0.000    0.700  
      f32_mux_0_data_reg_8_/CK  ^     net121966  SDFFRX1      0.000  0.000    0.700  
      --------------------------------------------------------------------------------
Path 39: VIOLATED Setup Check with Pin f32_mux_0_data_reg_7_/CK 
Endpoint:   f32_mux_0_data_reg_7_/D (^) checked with  leading edge of 'clk'
Beginpoint: o_reg_addr_reg_2_/Q     (^) triggered by  leading edge of 'clk'
Path Groups: {clk}
Other End Arrival Time          0.000
- Setup                         0.244
+ Phase Shift                   1.000
= Required Time                 0.756
- Arrival Time                  1.456
= Slack Time                   -0.700
     Clock Rise Edge                      0.000
     = Beginpoint Arrival Time            0.000
     Timing Path:
      -------------------------------------------------------------------------------------------
      Pin                              Edge  Net            Cell         Delay  Arrival  Required  
                                                                                Time     Time  
      -------------------------------------------------------------------------------------------
      clk                              ^     clk            -            -      0.000    -0.700  
      clk_gate_addr/CK                 ^     clk            TLATNTSCAX4  0.000  0.000    -0.700  
      clk_gate_addr/ECK                ^     net121972      TLATNTSCAX4  0.000  0.000    -0.700  
      o_reg_addr_reg_2_/CK             ^     net121972      SDFFRX1      0.000  0.000    -0.700  
      o_reg_addr_reg_2_/Q              ^     o_reg_addr[2]  SDFFRX1      0.309  0.309    -0.392  
      o_reg_addr_reg_2__scan_iso_or/A  ^     o_reg_addr[2]  AND2X1       0.000  0.309    -0.392  
      o_reg_addr_reg_2__scan_iso_or/Y  ^     scan_iso_or4   AND2X1       0.149  0.458    -0.242  
      U43/B                            ^     scan_iso_or4   NAND2BX1     0.000  0.458    -0.242  
      U43/Y                            v     n386           NAND2BX1     0.256  0.714    0.013  
      U6/A                             v     n386           NOR2X2       0.000  0.714    0.013  
      U6/Y                             ^     n843           NOR2X2       0.229  0.943    0.242  
      U204/AN                          ^     n843           NOR2BX2      0.000  0.943    0.242  
      U204/Y                           ^     n328           NOR2BX2      0.257  1.200    0.500  
      U183/B0                          ^     n328           AOI22X1      0.000  1.200    0.500  
      U183/Y                           v     n246           AOI22X1      0.122  1.322    0.622  
      U315/C                           v     n246           AND4X1       0.000  1.322    0.622  
      U315/Y                           v     n249           AND4X1       0.108  1.430    0.730  
      U86/B0                           v     n249           OAI21X1      0.000  1.430    0.730  
      U86/Y                            ^     N429           OAI21X1      0.026  1.456    0.756  
      f32_mux_0_data_reg_7_/D          ^     N429           SDFFRX1      0.000  1.456    0.756  
      -------------------------------------------------------------------------------------------
     Clock Rise Edge                      0.000
     = Beginpoint Arrival Time            0.000
     Other End Path:
      --------------------------------------------------------------------------------
      Pin                       Edge  Net        Cell         Delay  Arrival  Required  
                                                                     Time     Time  
      --------------------------------------------------------------------------------
      clk                       ^     clk        -            -      0.000    0.700  
      clk_gate_mux/CK           ^     clk        TLATNTSCAX4  0.000  0.000    0.700  
      clk_gate_mux/ECK          ^     net121966  TLATNTSCAX4  0.000  0.000    0.700  
      f32_mux_0_data_reg_7_/CK  ^     net121966  SDFFRX1      0.000  0.000    0.700  
      --------------------------------------------------------------------------------
Path 40: VIOLATED Setup Check with Pin f32_mux_0_data_reg_6_/CK 
Endpoint:   f32_mux_0_data_reg_6_/D (^) checked with  leading edge of 'clk'
Beginpoint: o_reg_addr_reg_2_/Q     (^) triggered by  leading edge of 'clk'
Path Groups: {clk}
Other End Arrival Time          0.000
- Setup                         0.244
+ Phase Shift                   1.000
= Required Time                 0.756
- Arrival Time                  1.456
= Slack Time                   -0.700
     Clock Rise Edge                      0.000
     = Beginpoint Arrival Time            0.000
     Timing Path:
      -------------------------------------------------------------------------------------------
      Pin                              Edge  Net            Cell         Delay  Arrival  Required  
                                                                                Time     Time  
      -------------------------------------------------------------------------------------------
      clk                              ^     clk            -            -      0.000    -0.700  
      clk_gate_addr/CK                 ^     clk            TLATNTSCAX4  0.000  0.000    -0.700  
      clk_gate_addr/ECK                ^     net121972      TLATNTSCAX4  0.000  0.000    -0.700  
      o_reg_addr_reg_2_/CK             ^     net121972      SDFFRX1      0.000  0.000    -0.700  
      o_reg_addr_reg_2_/Q              ^     o_reg_addr[2]  SDFFRX1      0.309  0.309    -0.392  
      o_reg_addr_reg_2__scan_iso_or/A  ^     o_reg_addr[2]  AND2X1       0.000  0.309    -0.392  
      o_reg_addr_reg_2__scan_iso_or/Y  ^     scan_iso_or4   AND2X1       0.149  0.458    -0.242  
      U43/B                            ^     scan_iso_or4   NAND2BX1     0.000  0.458    -0.242  
      U43/Y                            v     n386           NAND2BX1     0.256  0.714    0.013  
      U6/A                             v     n386           NOR2X2       0.000  0.714    0.013  
      U6/Y                             ^     n843           NOR2X2       0.229  0.943    0.242  
      U204/AN                          ^     n843           NOR2BX2      0.000  0.943    0.242  
      U204/Y                           ^     n328           NOR2BX2      0.257  1.200    0.500  
      U333/B0                          ^     n328           AOI22X1      0.000  1.200    0.500  
      U333/Y                           v     n266           AOI22X1      0.122  1.322    0.622  
      U335/C                           v     n266           AND4X1       0.000  1.322    0.622  
      U335/Y                           v     n269           AND4X1       0.108  1.430    0.730  
      U87/B0                           v     n269           OAI21X1      0.000  1.430    0.730  
      U87/Y                            ^     N428           OAI21X1      0.026  1.456    0.756  
      f32_mux_0_data_reg_6_/D          ^     N428           SDFFRX1      0.000  1.456    0.756  
      -------------------------------------------------------------------------------------------
     Clock Rise Edge                      0.000
     = Beginpoint Arrival Time            0.000
     Other End Path:
      --------------------------------------------------------------------------------
      Pin                       Edge  Net        Cell         Delay  Arrival  Required  
                                                                     Time     Time  
      --------------------------------------------------------------------------------
      clk                       ^     clk        -            -      0.000    0.700  
      clk_gate_mux/CK           ^     clk        TLATNTSCAX4  0.000  0.000    0.700  
      clk_gate_mux/ECK          ^     net121966  TLATNTSCAX4  0.000  0.000    0.700  
      f32_mux_0_data_reg_6_/CK  ^     net121966  SDFFRX1      0.000  0.000    0.700  
      --------------------------------------------------------------------------------
Path 41: VIOLATED Setup Check with Pin f32_mux_0_data_reg_5_/CK 
Endpoint:   f32_mux_0_data_reg_5_/D (^) checked with  leading edge of 'clk'
Beginpoint: o_reg_addr_reg_2_/Q     (^) triggered by  leading edge of 'clk'
Path Groups: {clk}
Other End Arrival Time          0.000
- Setup                         0.244
+ Phase Shift                   1.000
= Required Time                 0.756
- Arrival Time                  1.456
= Slack Time                   -0.700
     Clock Rise Edge                      0.000
     = Beginpoint Arrival Time            0.000
     Timing Path:
      -------------------------------------------------------------------------------------------
      Pin                              Edge  Net            Cell         Delay  Arrival  Required  
                                                                                Time     Time  
      -------------------------------------------------------------------------------------------
      clk                              ^     clk            -            -      0.000    -0.700  
      clk_gate_addr/CK                 ^     clk            TLATNTSCAX4  0.000  0.000    -0.700  
      clk_gate_addr/ECK                ^     net121972      TLATNTSCAX4  0.000  0.000    -0.700  
      o_reg_addr_reg_2_/CK             ^     net121972      SDFFRX1      0.000  0.000    -0.700  
      o_reg_addr_reg_2_/Q              ^     o_reg_addr[2]  SDFFRX1      0.309  0.309    -0.392  
      o_reg_addr_reg_2__scan_iso_or/A  ^     o_reg_addr[2]  AND2X1       0.000  0.309    -0.392  
      o_reg_addr_reg_2__scan_iso_or/Y  ^     scan_iso_or4   AND2X1       0.149  0.458    -0.242  
      U43/B                            ^     scan_iso_or4   NAND2BX1     0.000  0.458    -0.242  
      U43/Y                            v     n386           NAND2BX1     0.256  0.714    0.013  
      U6/A                             v     n386           NOR2X2       0.000  0.714    0.013  
      U6/Y                             ^     n843           NOR2X2       0.229  0.943    0.242  
      U204/AN                          ^     n843           NOR2BX2      0.000  0.943    0.242  
      U204/Y                           ^     n328           NOR2BX2      0.257  1.200    0.500  
      U353/B0                          ^     n328           AOI22X1      0.000  1.200    0.500  
      U353/Y                           v     n286           AOI22X1      0.122  1.322    0.622  
      U354/C                           v     n286           AND4X1       0.000  1.322    0.622  
      U354/Y                           v     n289           AND4X1       0.108  1.430    0.730  
      U88/B0                           v     n289           OAI21X1      0.000  1.430    0.730  
      U88/Y                            ^     N427           OAI21X1      0.026  1.456    0.756  
      f32_mux_0_data_reg_5_/D          ^     N427           SDFFRX1      0.000  1.456    0.756  
      -------------------------------------------------------------------------------------------
     Clock Rise Edge                      0.000
     = Beginpoint Arrival Time            0.000
     Other End Path:
      --------------------------------------------------------------------------------
      Pin                       Edge  Net        Cell         Delay  Arrival  Required  
                                                                     Time     Time  
      --------------------------------------------------------------------------------
      clk                       ^     clk        -            -      0.000    0.700  
      clk_gate_mux/CK           ^     clk        TLATNTSCAX4  0.000  0.000    0.700  
      clk_gate_mux/ECK          ^     net121966  TLATNTSCAX4  0.000  0.000    0.700  
      f32_mux_0_data_reg_5_/CK  ^     net121966  SDFFRX1      0.000  0.000    0.700  
      --------------------------------------------------------------------------------
Path 42: VIOLATED Setup Check with Pin f32_mux_0_data_reg_4_/CK 
Endpoint:   f32_mux_0_data_reg_4_/D (^) checked with  leading edge of 'clk'
Beginpoint: o_reg_addr_reg_2_/Q     (^) triggered by  leading edge of 'clk'
Path Groups: {clk}
Other End Arrival Time          0.000
- Setup                         0.244
+ Phase Shift                   1.000
= Required Time                 0.756
- Arrival Time                  1.456
= Slack Time                   -0.700
     Clock Rise Edge                      0.000
     = Beginpoint Arrival Time            0.000
     Timing Path:
      -------------------------------------------------------------------------------------------
      Pin                              Edge  Net            Cell         Delay  Arrival  Required  
                                                                                Time     Time  
      -------------------------------------------------------------------------------------------
      clk                              ^     clk            -            -      0.000    -0.700  
      clk_gate_addr/CK                 ^     clk            TLATNTSCAX4  0.000  0.000    -0.700  
      clk_gate_addr/ECK                ^     net121972      TLATNTSCAX4  0.000  0.000    -0.700  
      o_reg_addr_reg_2_/CK             ^     net121972      SDFFRX1      0.000  0.000    -0.700  
      o_reg_addr_reg_2_/Q              ^     o_reg_addr[2]  SDFFRX1      0.309  0.309    -0.392  
      o_reg_addr_reg_2__scan_iso_or/A  ^     o_reg_addr[2]  AND2X1       0.000  0.309    -0.392  
      o_reg_addr_reg_2__scan_iso_or/Y  ^     scan_iso_or4   AND2X1       0.149  0.458    -0.242  
      U43/B                            ^     scan_iso_or4   NAND2BX1     0.000  0.458    -0.242  
      U43/Y                            v     n386           NAND2BX1     0.256  0.714    0.013  
      U6/A                             v     n386           NOR2X2       0.000  0.714    0.013  
      U6/Y                             ^     n843           NOR2X2       0.229  0.943    0.242  
      U204/AN                          ^     n843           NOR2BX2      0.000  0.943    0.242  
      U204/Y                           ^     n328           NOR2BX2      0.257  1.200    0.500  
      U260/B0                          ^     n328           AOI22X1      0.000  1.200    0.500  
      U260/Y                           v     n182           AOI22X1      0.122  1.322    0.622  
      U262/C                           v     n182           AND4X1       0.000  1.322    0.622  
      U262/Y                           v     n185           AND4X1       0.108  1.430    0.730  
      U89/B0                           v     n185           OAI21X1      0.000  1.430    0.730  
      U89/Y                            ^     N426           OAI21X1      0.026  1.456    0.756  
      f32_mux_0_data_reg_4_/D          ^     N426           SDFFRX1      0.000  1.456    0.756  
      -------------------------------------------------------------------------------------------
     Clock Rise Edge                      0.000
     = Beginpoint Arrival Time            0.000
     Other End Path:
      --------------------------------------------------------------------------------
      Pin                       Edge  Net        Cell         Delay  Arrival  Required  
                                                                     Time     Time  
      --------------------------------------------------------------------------------
      clk                       ^     clk        -            -      0.000    0.700  
      clk_gate_mux/CK           ^     clk        TLATNTSCAX4  0.000  0.000    0.700  
      clk_gate_mux/ECK          ^     net121966  TLATNTSCAX4  0.000  0.000    0.700  
      f32_mux_0_data_reg_4_/CK  ^     net121966  SDFFRX1      0.000  0.000    0.700  
      --------------------------------------------------------------------------------
Path 43: VIOLATED Setup Check with Pin f32_mux_0_data_reg_3_/CK 
Endpoint:   f32_mux_0_data_reg_3_/D (^) checked with  leading edge of 'clk'
Beginpoint: o_reg_addr_reg_2_/Q     (^) triggered by  leading edge of 'clk'
Path Groups: {clk}
Other End Arrival Time          0.000
- Setup                         0.244
+ Phase Shift                   1.000
= Required Time                 0.756
- Arrival Time                  1.456
= Slack Time                   -0.700
     Clock Rise Edge                      0.000
     = Beginpoint Arrival Time            0.000
     Timing Path:
      -------------------------------------------------------------------------------------------
      Pin                              Edge  Net            Cell         Delay  Arrival  Required  
                                                                                Time     Time  
      -------------------------------------------------------------------------------------------
      clk                              ^     clk            -            -      0.000    -0.700  
      clk_gate_addr/CK                 ^     clk            TLATNTSCAX4  0.000  0.000    -0.700  
      clk_gate_addr/ECK                ^     net121972      TLATNTSCAX4  0.000  0.000    -0.700  
      o_reg_addr_reg_2_/CK             ^     net121972      SDFFRX1      0.000  0.000    -0.700  
      o_reg_addr_reg_2_/Q              ^     o_reg_addr[2]  SDFFRX1      0.309  0.309    -0.392  
      o_reg_addr_reg_2__scan_iso_or/A  ^     o_reg_addr[2]  AND2X1       0.000  0.309    -0.392  
      o_reg_addr_reg_2__scan_iso_or/Y  ^     scan_iso_or4   AND2X1       0.149  0.458    -0.242  
      U43/B                            ^     scan_iso_or4   NAND2BX1     0.000  0.458    -0.242  
      U43/Y                            v     n386           NAND2BX1     0.256  0.714    0.013  
      U6/A                             v     n386           NOR2X2       0.000  0.714    0.013  
      U6/Y                             ^     n843           NOR2X2       0.229  0.943    0.242  
      U204/AN                          ^     n843           NOR2BX2      0.000  0.943    0.242  
      U204/Y                           ^     n328           NOR2BX2      0.257  1.200    0.500  
      U251/B0                          ^     n328           AOI22X1      0.000  1.200    0.500  
      U251/Y                           v     n172           AOI22X1      0.122  1.322    0.622  
      U253/C                           v     n172           AND4X1       0.000  1.322    0.622  
      U253/Y                           v     n175           AND4X1       0.108  1.430    0.730  
      U90/B0                           v     n175           OAI21X1      0.000  1.430    0.730  
      U90/Y                            ^     N425           OAI21X1      0.026  1.456    0.756  
      f32_mux_0_data_reg_3_/D          ^     N425           SDFFRX1      0.000  1.456    0.756  
      -------------------------------------------------------------------------------------------
     Clock Rise Edge                      0.000
     = Beginpoint Arrival Time            0.000
     Other End Path:
      --------------------------------------------------------------------------------
      Pin                       Edge  Net        Cell         Delay  Arrival  Required  
                                                                     Time     Time  
      --------------------------------------------------------------------------------
      clk                       ^     clk        -            -      0.000    0.700  
      clk_gate_mux/CK           ^     clk        TLATNTSCAX4  0.000  0.000    0.700  
      clk_gate_mux/ECK          ^     net121966  TLATNTSCAX4  0.000  0.000    0.700  
      f32_mux_0_data_reg_3_/CK  ^     net121966  SDFFRX1      0.000  0.000    0.700  
      --------------------------------------------------------------------------------
Path 44: VIOLATED Setup Check with Pin f32_mux_1_data_reg_0_/CK 
Endpoint:   f32_mux_1_data_reg_0_/D (^) checked with  leading edge of 'clk'
Beginpoint: o_reg_addr_reg_2_/Q     (^) triggered by  leading edge of 'clk'
Path Groups: {clk}
Other End Arrival Time          0.000
- Setup                         0.236
+ Phase Shift                   1.000
= Required Time                 0.764
- Arrival Time                  1.417
= Slack Time                   -0.653
     Clock Rise Edge                      0.000
     = Beginpoint Arrival Time            0.000
     Timing Path:
      -------------------------------------------------------------------------------------------
      Pin                              Edge  Net            Cell         Delay  Arrival  Required  
                                                                                Time     Time  
      -------------------------------------------------------------------------------------------
      clk                              ^     clk            -            -      0.000    -0.653  
      clk_gate_addr/CK                 ^     clk            TLATNTSCAX4  0.000  0.000    -0.653  
      clk_gate_addr/ECK                ^     net121972      TLATNTSCAX4  0.000  0.000    -0.653  
      o_reg_addr_reg_2_/CK             ^     net121972      SDFFRX1      0.000  0.000    -0.653  
      o_reg_addr_reg_2_/Q              ^     o_reg_addr[2]  SDFFRX1      0.309  0.309    -0.344  
      o_reg_addr_reg_2__scan_iso_or/A  ^     o_reg_addr[2]  AND2X1       0.000  0.309    -0.344  
      o_reg_addr_reg_2__scan_iso_or/Y  ^     scan_iso_or4   AND2X1       0.149  0.458    -0.195  
      U43/B                            ^     scan_iso_or4   NAND2BX1     0.000  0.458    -0.195  
      U43/Y                            v     n386           NAND2BX1     0.256  0.714    0.061  
      U31/A                            v     n386           NOR2X2       0.000  0.714    0.061  
      U31/Y                            ^     n374           NOR2X2       0.206  0.919    0.266  
      U466/B                           ^     n374           AND2X2       0.000  0.919    0.266  
      U466/Y                           ^     n705           AND2X2       0.232  1.151    0.498  
      U663/B0                          ^     n705           AOI22X1      0.000  1.151    0.498  
      U663/Y                           v     n601           AOI22X1      0.093  1.244    0.591  
      U664/D                           v     n601           NAND4X1      0.000  1.244    0.591  
      U664/Y                           ^     n610           NAND4X1      0.059  1.303    0.650  
      U670/A1                          ^     n610           AOI21X1      0.000  1.303    0.650  
      U670/Y                           v     n612           AOI21X1      0.067  1.371    0.718  
      U159/B                           v     n612           NAND3X1      0.000  1.371    0.718  
      U159/Y                           ^     N454           NAND3X1      0.047  1.417    0.764  
      f32_mux_1_data_reg_0_/D          ^     N454           SDFFRX1      0.000  1.417    0.764  
      -------------------------------------------------------------------------------------------
     Clock Rise Edge                      0.000
     = Beginpoint Arrival Time            0.000
     Other End Path:
      --------------------------------------------------------------------------------
      Pin                       Edge  Net        Cell         Delay  Arrival  Required  
                                                                     Time     Time  
      --------------------------------------------------------------------------------
      clk                       ^     clk        -            -      0.000    0.653  
      clk_gate_mux/CK           ^     clk        TLATNTSCAX4  0.000  0.000    0.653  
      clk_gate_mux/ECK          ^     net121966  TLATNTSCAX4  0.000  0.000    0.653  
      f32_mux_1_data_reg_0_/CK  ^     net121966  SDFFRX1      0.000  0.000    0.653  
      --------------------------------------------------------------------------------
Path 45: VIOLATED Setup Check with Pin f32_mux_1_data_reg_9_/CK 
Endpoint:   f32_mux_1_data_reg_9_/D (^) checked with  leading edge of 'clk'
Beginpoint: o_reg_addr_reg_2_/Q     (^) triggered by  leading edge of 'clk'
Path Groups: {clk}
Other End Arrival Time          0.000
- Setup                         0.236
+ Phase Shift                   1.000
= Required Time                 0.764
- Arrival Time                  1.417
= Slack Time                   -0.653
     Clock Rise Edge                      0.000
     = Beginpoint Arrival Time            0.000
     Timing Path:
      -------------------------------------------------------------------------------------------
      Pin                              Edge  Net            Cell         Delay  Arrival  Required  
                                                                                Time     Time  
      -------------------------------------------------------------------------------------------
      clk                              ^     clk            -            -      0.000    -0.653  
      clk_gate_addr/CK                 ^     clk            TLATNTSCAX4  0.000  0.000    -0.653  
      clk_gate_addr/ECK                ^     net121972      TLATNTSCAX4  0.000  0.000    -0.653  
      o_reg_addr_reg_2_/CK             ^     net121972      SDFFRX1      0.000  0.000    -0.653  
      o_reg_addr_reg_2_/Q              ^     o_reg_addr[2]  SDFFRX1      0.309  0.309    -0.344  
      o_reg_addr_reg_2__scan_iso_or/A  ^     o_reg_addr[2]  AND2X1       0.000  0.309    -0.344  
      o_reg_addr_reg_2__scan_iso_or/Y  ^     scan_iso_or4   AND2X1       0.149  0.458    -0.195  
      U43/B                            ^     scan_iso_or4   NAND2BX1     0.000  0.458    -0.195  
      U43/Y                            v     n386           NAND2BX1     0.256  0.714    0.061  
      U31/A                            v     n386           NOR2X2       0.000  0.714    0.061  
      U31/Y                            ^     n374           NOR2X2       0.206  0.919    0.266  
      U466/B                           ^     n374           AND2X2       0.000  0.919    0.266  
      U466/Y                           ^     n705           AND2X2       0.232  1.151    0.498  
      U746/B0                          ^     n705           AOI22X1      0.000  1.151    0.498  
      U746/Y                           v     n706           AOI22X1      0.093  1.244    0.591  
      U747/D                           v     n706           NAND4X1      0.000  1.244    0.591  
      U747/Y                           ^     n717           NAND4X1      0.059  1.303    0.650  
      U753/A1                          ^     n717           AOI21X1      0.000  1.303    0.650  
      U753/Y                           v     n719           AOI21X1      0.067  1.371    0.718  
      U143/B                           v     n719           NAND3X1      0.000  1.371    0.718  
      U143/Y                           ^     N463           NAND3X1      0.046  1.417    0.764  
      f32_mux_1_data_reg_9_/D          ^     N463           SDFFRX1      0.000  1.417    0.764  
      -------------------------------------------------------------------------------------------
     Clock Rise Edge                      0.000
     = Beginpoint Arrival Time            0.000
     Other End Path:
      --------------------------------------------------------------------------------
      Pin                       Edge  Net        Cell         Delay  Arrival  Required  
                                                                     Time     Time  
      --------------------------------------------------------------------------------
      clk                       ^     clk        -            -      0.000    0.653  
      clk_gate_mux/CK           ^     clk        TLATNTSCAX4  0.000  0.000    0.653  
      clk_gate_mux/ECK          ^     net121966  TLATNTSCAX4  0.000  0.000    0.653  
      f32_mux_1_data_reg_9_/CK  ^     net121966  SDFFRX1      0.000  0.000    0.653  
      --------------------------------------------------------------------------------
Path 46: VIOLATED Setup Check with Pin f32_mux_1_data_reg_23_/CK 
Endpoint:   f32_mux_1_data_reg_23_/D (^) checked with  leading edge of 'clk'
Beginpoint: o_reg_addr_reg_2_/Q      (^) triggered by  leading edge of 'clk'
Path Groups: {clk}
Other End Arrival Time          0.000
- Setup                         0.236
+ Phase Shift                   1.000
= Required Time                 0.764
- Arrival Time                  1.417
= Slack Time                   -0.653
     Clock Rise Edge                      0.000
     = Beginpoint Arrival Time            0.000
     Timing Path:
      -------------------------------------------------------------------------------------------
      Pin                              Edge  Net            Cell         Delay  Arrival  Required  
                                                                                Time     Time  
      -------------------------------------------------------------------------------------------
      clk                              ^     clk            -            -      0.000    -0.653  
      clk_gate_addr/CK                 ^     clk            TLATNTSCAX4  0.000  0.000    -0.653  
      clk_gate_addr/ECK                ^     net121972      TLATNTSCAX4  0.000  0.000    -0.653  
      o_reg_addr_reg_2_/CK             ^     net121972      SDFFRX1      0.000  0.000    -0.653  
      o_reg_addr_reg_2_/Q              ^     o_reg_addr[2]  SDFFRX1      0.309  0.309    -0.344  
      o_reg_addr_reg_2__scan_iso_or/A  ^     o_reg_addr[2]  AND2X1       0.000  0.309    -0.344  
      o_reg_addr_reg_2__scan_iso_or/Y  ^     scan_iso_or4   AND2X1       0.149  0.458    -0.195  
      U43/B                            ^     scan_iso_or4   NAND2BX1     0.000  0.458    -0.195  
      U43/Y                            v     n386           NAND2BX1     0.256  0.714    0.061  
      U31/A                            v     n386           NOR2X2       0.000  0.714    0.061  
      U31/Y                            ^     n374           NOR2X2       0.206  0.919    0.266  
      U466/B                           ^     n374           AND2X2       0.000  0.919    0.266  
      U466/Y                           ^     n705           AND2X2       0.232  1.151    0.498  
      U467/B0                          ^     n705           AOI22X1      0.000  1.151    0.498  
      U467/Y                           v     n375           AOI22X1      0.093  1.244    0.591  
      U468/D                           v     n375           NAND4X1      0.000  1.244    0.591  
      U468/Y                           ^     n392           NAND4X1      0.059  1.303    0.651  
      U480/A1                          ^     n392           AOI21X1      0.000  1.303    0.651  
      U480/Y                           v     n398           AOI21X1      0.067  1.371    0.718  
      U115/B                           v     n398           NAND3X1      0.000  1.371    0.718  
      U115/Y                           ^     N477           NAND3X1      0.046  1.417    0.764  
      f32_mux_1_data_reg_23_/D         ^     N477           SDFFRX1      0.000  1.417    0.764  
      -------------------------------------------------------------------------------------------
     Clock Rise Edge                      0.000
     = Beginpoint Arrival Time            0.000
     Other End Path:
      ---------------------------------------------------------------------------------
      Pin                        Edge  Net        Cell         Delay  Arrival  Required  
                                                                      Time     Time  
      ---------------------------------------------------------------------------------
      clk                        ^     clk        -            -      0.000    0.653  
      clk_gate_mux/CK            ^     clk        TLATNTSCAX4  0.000  0.000    0.653  
      clk_gate_mux/ECK           ^     net121966  TLATNTSCAX4  0.000  0.000    0.653  
      f32_mux_1_data_reg_23_/CK  ^     net121966  SDFFRX1      0.000  0.000    0.653  
      ---------------------------------------------------------------------------------
Path 47: VIOLATED Setup Check with Pin f32_mux_0_data_reg_24_/CK 
Endpoint:   f32_mux_0_data_reg_24_/D (^) checked with  leading edge of 'clk'
Beginpoint: o_reg_addr_reg_2_/Q      (^) triggered by  leading edge of 'clk'
Path Groups: {clk}
Other End Arrival Time          0.000
- Setup                         0.250
+ Phase Shift                   1.000
= Required Time                 0.750
- Arrival Time                  1.397
= Slack Time                   -0.647
     Clock Rise Edge                      0.000
     = Beginpoint Arrival Time            0.000
     Timing Path:
      -------------------------------------------------------------------------------------------
      Pin                              Edge  Net            Cell         Delay  Arrival  Required  
                                                                                Time     Time  
      -------------------------------------------------------------------------------------------
      clk                              ^     clk            -            -      0.000    -0.647  
      clk_gate_addr/CK                 ^     clk            TLATNTSCAX4  0.000  0.000    -0.647  
      clk_gate_addr/ECK                ^     net121972      TLATNTSCAX4  0.000  0.000    -0.647  
      o_reg_addr_reg_2_/CK             ^     net121972      SDFFRX1      0.000  0.000    -0.647  
      o_reg_addr_reg_2_/Q              ^     o_reg_addr[2]  SDFFRX1      0.309  0.309    -0.338  
      o_reg_addr_reg_2__scan_iso_or/A  ^     o_reg_addr[2]  AND2X1       0.000  0.309    -0.338  
      o_reg_addr_reg_2__scan_iso_or/Y  ^     scan_iso_or4   AND2X1       0.149  0.458    -0.189  
      U43/B                            ^     scan_iso_or4   NAND2BX1     0.000  0.458    -0.189  
      U43/Y                            v     n386           NAND2BX1     0.256  0.714    0.067  
      U197/A                           v     n386           NOR2X2       0.000  0.714    0.067  
      U197/Y                           ^     n837           NOR2X2       0.202  0.916    0.269  
      U21/A                            ^     n837           BUFX2        0.000  0.916    0.269  
      U21/Y                            ^     n815           BUFX2        0.175  1.091    0.444  
      U208/A0                          ^     n815           AO22X1       0.000  1.091    0.444  
      U208/Y                           ^     n138           AO22X1       0.199  1.290    0.643  
      U209/B0                          ^     n138           AOI21X1      0.000  1.290    0.643  
      U209/Y                           v     n141           AOI21X1      0.036  1.326    0.679  
      U212/A1                          v     n141           OAI211X1     0.000  1.326    0.679  
      U212/Y                           ^     N446           OAI211X1     0.071  1.397    0.750  
      f32_mux_0_data_reg_24_/D         ^     N446           SDFFRX1      0.000  1.397    0.750  
      -------------------------------------------------------------------------------------------
     Clock Rise Edge                      0.000
     = Beginpoint Arrival Time            0.000
     Other End Path:
      ---------------------------------------------------------------------------------
      Pin                        Edge  Net        Cell         Delay  Arrival  Required  
                                                                      Time     Time  
      ---------------------------------------------------------------------------------
      clk                        ^     clk        -            -      0.000    0.647  
      clk_gate_mux/CK            ^     clk        TLATNTSCAX4  0.000  0.000    0.647  
      clk_gate_mux/ECK           ^     net121966  TLATNTSCAX4  0.000  0.000    0.647  
      f32_mux_0_data_reg_24_/CK  ^     net121966  SDFFRX1      0.000  0.000    0.647  
      ---------------------------------------------------------------------------------
Path 48: VIOLATED Setup Check with Pin f32_mux_0_data_reg_25_/CK 
Endpoint:   f32_mux_0_data_reg_25_/D (^) checked with  leading edge of 'clk'
Beginpoint: o_reg_addr_reg_2_/Q      (^) triggered by  leading edge of 'clk'
Path Groups: {clk}
Other End Arrival Time          0.000
- Setup                         0.250
+ Phase Shift                   1.000
= Required Time                 0.750
- Arrival Time                  1.397
= Slack Time                   -0.647
     Clock Rise Edge                      0.000
     = Beginpoint Arrival Time            0.000
     Timing Path:
      -------------------------------------------------------------------------------------------
      Pin                              Edge  Net            Cell         Delay  Arrival  Required  
                                                                                Time     Time  
      -------------------------------------------------------------------------------------------
      clk                              ^     clk            -            -      0.000    -0.647  
      clk_gate_addr/CK                 ^     clk            TLATNTSCAX4  0.000  0.000    -0.647  
      clk_gate_addr/ECK                ^     net121972      TLATNTSCAX4  0.000  0.000    -0.647  
      o_reg_addr_reg_2_/CK             ^     net121972      SDFFRX1      0.000  0.000    -0.647  
      o_reg_addr_reg_2_/Q              ^     o_reg_addr[2]  SDFFRX1      0.309  0.309    -0.338  
      o_reg_addr_reg_2__scan_iso_or/A  ^     o_reg_addr[2]  AND2X1       0.000  0.309    -0.338  
      o_reg_addr_reg_2__scan_iso_or/Y  ^     scan_iso_or4   AND2X1       0.149  0.458    -0.189  
      U43/B                            ^     scan_iso_or4   NAND2BX1     0.000  0.458    -0.189  
      U43/Y                            v     n386           NAND2BX1     0.256  0.714    0.067  
      U197/A                           v     n386           NOR2X2       0.000  0.714    0.067  
      U197/Y                           ^     n837           NOR2X2       0.202  0.916    0.269  
      U21/A                            ^     n837           BUFX2        0.000  0.916    0.269  
      U21/Y                            ^     n815           BUFX2        0.175  1.091    0.444  
      U218/A0                          ^     n815           AO22X1       0.000  1.091    0.444  
      U218/Y                           ^     n146           AO22X1       0.199  1.290    0.643  
      U219/B0                          ^     n146           AOI21X1      0.000  1.290    0.643  
      U219/Y                           v     n149           AOI21X1      0.036  1.326    0.679  
      U222/A1                          v     n149           OAI211X1     0.000  1.326    0.679  
      U222/Y                           ^     N447           OAI211X1     0.071  1.397    0.750  
      f32_mux_0_data_reg_25_/D         ^     N447           SDFFRX1      0.000  1.397    0.750  
      -------------------------------------------------------------------------------------------
     Clock Rise Edge                      0.000
     = Beginpoint Arrival Time            0.000
     Other End Path:
      ---------------------------------------------------------------------------------
      Pin                        Edge  Net        Cell         Delay  Arrival  Required  
                                                                      Time     Time  
      ---------------------------------------------------------------------------------
      clk                        ^     clk        -            -      0.000    0.647  
      clk_gate_mux/CK            ^     clk        TLATNTSCAX4  0.000  0.000    0.647  
      clk_gate_mux/ECK           ^     net121966  TLATNTSCAX4  0.000  0.000    0.647  
      f32_mux_0_data_reg_25_/CK  ^     net121966  SDFFRX1      0.000  0.000    0.647  
      ---------------------------------------------------------------------------------
Path 49: VIOLATED Setup Check with Pin f32_mux_0_data_reg_26_/CK 
Endpoint:   f32_mux_0_data_reg_26_/D (^) checked with  leading edge of 'clk'
Beginpoint: o_reg_addr_reg_2_/Q      (^) triggered by  leading edge of 'clk'
Path Groups: {clk}
Other End Arrival Time          0.000
- Setup                         0.250
+ Phase Shift                   1.000
= Required Time                 0.750
- Arrival Time                  1.397
= Slack Time                   -0.647
     Clock Rise Edge                      0.000
     = Beginpoint Arrival Time            0.000
     Timing Path:
      -------------------------------------------------------------------------------------------
      Pin                              Edge  Net            Cell         Delay  Arrival  Required  
                                                                                Time     Time  
      -------------------------------------------------------------------------------------------
      clk                              ^     clk            -            -      0.000    -0.647  
      clk_gate_addr/CK                 ^     clk            TLATNTSCAX4  0.000  0.000    -0.647  
      clk_gate_addr/ECK                ^     net121972      TLATNTSCAX4  0.000  0.000    -0.647  
      o_reg_addr_reg_2_/CK             ^     net121972      SDFFRX1      0.000  0.000    -0.647  
      o_reg_addr_reg_2_/Q              ^     o_reg_addr[2]  SDFFRX1      0.309  0.309    -0.338  
      o_reg_addr_reg_2__scan_iso_or/A  ^     o_reg_addr[2]  AND2X1       0.000  0.309    -0.338  
      o_reg_addr_reg_2__scan_iso_or/Y  ^     scan_iso_or4   AND2X1       0.149  0.458    -0.189  
      U43/B                            ^     scan_iso_or4   NAND2BX1     0.000  0.458    -0.189  
      U43/Y                            v     n386           NAND2BX1     0.256  0.714    0.067  
      U197/A                           v     n386           NOR2X2       0.000  0.714    0.067  
      U197/Y                           ^     n837           NOR2X2       0.202  0.916    0.269  
      U21/A                            ^     n837           BUFX2        0.000  0.916    0.269  
      U21/Y                            ^     n815           BUFX2        0.175  1.091    0.444  
      U213/A0                          ^     n815           AO22X1       0.000  1.091    0.444  
      U213/Y                           ^     n142           AO22X1       0.199  1.290    0.643  
      U214/B0                          ^     n142           AOI21X1      0.000  1.290    0.643  
      U214/Y                           v     n145           AOI21X1      0.036  1.326    0.679  
      U217/A1                          v     n145           OAI211X1     0.000  1.326    0.679  
      U217/Y                           ^     N448           OAI211X1     0.071  1.397    0.750  
      f32_mux_0_data_reg_26_/D         ^     N448           SDFFRX1      0.000  1.397    0.750  
      -------------------------------------------------------------------------------------------
     Clock Rise Edge                      0.000
     = Beginpoint Arrival Time            0.000
     Other End Path:
      ---------------------------------------------------------------------------------
      Pin                        Edge  Net        Cell         Delay  Arrival  Required  
                                                                      Time     Time  
      ---------------------------------------------------------------------------------
      clk                        ^     clk        -            -      0.000    0.647  
      clk_gate_mux/CK            ^     clk        TLATNTSCAX4  0.000  0.000    0.647  
      clk_gate_mux/ECK           ^     net121966  TLATNTSCAX4  0.000  0.000    0.647  
      f32_mux_0_data_reg_26_/CK  ^     net121966  SDFFRX1      0.000  0.000    0.647  
      ---------------------------------------------------------------------------------
Path 50: VIOLATED Setup Check with Pin f32_mux_0_data_reg_0_/CK 
Endpoint:   f32_mux_0_data_reg_0_/D (^) checked with  leading edge of 'clk'
Beginpoint: o_reg_addr_reg_2_/Q     (^) triggered by  leading edge of 'clk'
Path Groups: {clk}
Other End Arrival Time          0.000
- Setup                         0.236
+ Phase Shift                   1.000
= Required Time                 0.764
- Arrival Time                  1.410
= Slack Time                   -0.646
     Clock Rise Edge                      0.000
     = Beginpoint Arrival Time            0.000
     Timing Path:
      -------------------------------------------------------------------------------------------
      Pin                              Edge  Net            Cell         Delay  Arrival  Required  
                                                                                Time     Time  
      -------------------------------------------------------------------------------------------
      clk                              ^     clk            -            -      0.000    -0.646  
      clk_gate_addr/CK                 ^     clk            TLATNTSCAX4  0.000  0.000    -0.646  
      clk_gate_addr/ECK                ^     net121972      TLATNTSCAX4  0.000  0.000    -0.646  
      o_reg_addr_reg_2_/CK             ^     net121972      SDFFRX1      0.000  0.000    -0.646  
      o_reg_addr_reg_2_/Q              ^     o_reg_addr[2]  SDFFRX1      0.309  0.309    -0.337  
      o_reg_addr_reg_2__scan_iso_or/A  ^     o_reg_addr[2]  AND2X1       0.000  0.309    -0.337  
      o_reg_addr_reg_2__scan_iso_or/Y  ^     scan_iso_or4   AND2X1       0.149  0.458    -0.188  
      U43/B                            ^     scan_iso_or4   NAND2BX1     0.000  0.458    -0.188  
      U43/Y                            v     n386           NAND2BX1     0.256  0.714    0.068  
      U31/A                            v     n386           NOR2X2       0.000  0.714    0.068  
      U31/Y                            ^     n374           NOR2X2       0.206  0.919    0.273  
      U28/A                            ^     n374           BUFX4        0.000  0.919    0.273  
      U28/Y                            ^     n130           BUFX4        0.152  1.072    0.426  
      U835/B0                          ^     n130           AOI22X1      0.000  1.072    0.426  
      U835/Y                           v     n832           AOI22X1      0.076  1.148    0.502  
      U836/C0                          v     n832           OAI211X1     0.000  1.148    0.502  
      U836/Y                           ^     n855           OAI211X1     0.057  1.205    0.559  
      U844/A0                          ^     n855           OAI31X1      0.000  1.205    0.559  
      U844/Y                           v     n856           OAI31X1      0.097  1.302    0.657  
      U845_INV/A                       v     n856           INVX1        0.000  1.302    0.657  
      U845_INV/Y                       ^     n856_inv       INVX1        0.042  1.344    0.698  
      U845/B0                          ^     n856_inv       AO21X1       0.000  1.344    0.698  
      U845/Y                           ^     N422           AO21X1       0.066  1.410    0.764  
      f32_mux_0_data_reg_0_/D          ^     N422           SDFFRX1      0.000  1.410    0.764  
      -------------------------------------------------------------------------------------------
     Clock Rise Edge                      0.000
     = Beginpoint Arrival Time            0.000
     Other End Path:
      --------------------------------------------------------------------------------
      Pin                       Edge  Net        Cell         Delay  Arrival  Required  
                                                                     Time     Time  
      --------------------------------------------------------------------------------
      clk                       ^     clk        -            -      0.000    0.646  
      clk_gate_mux/CK           ^     clk        TLATNTSCAX4  0.000  0.000    0.646  
      clk_gate_mux/ECK          ^     net121966  TLATNTSCAX4  0.000  0.000    0.646  
      f32_mux_0_data_reg_0_/CK  ^     net121966  SDFFRX1      0.000  0.000    0.646  
      --------------------------------------------------------------------------------

