###############################################################
#  Generated by:      Cadence Tempus 20.20-p001_1
#  OS:                Linux x86_64(Host ID APL10.kletech.ac.in)
#  Generated on:      Fri Apr 11 18:04:06 2025
#  Design:            vorca
#  Command:           report_timing -max_paths 10000000 -retime path_slew_propagation -retime_mode exhaustive -max_slack 0.200 > epba_${DATE}.rpt
###############################################################
Path 1: VIOLATED Setup Check with Pin f32_mux_1_data_reg_20_/CK 
Endpoint:   f32_mux_1_data_reg_20_/D (^) checked with  leading edge of 'clk'
Beginpoint: o_reg_addr_reg_2_/Q      (^) triggered by  leading edge of 'clk'
Path Groups: {clk}
Retime Analysis { Data Path-Slew SI }
Other End Arrival Time          0.000
- Setup                         0.235
+ Phase Shift                   1.000
= Required Time                 0.765
- Arrival Time                  1.501
= Slack Time                   -0.736
= Slack Time(original)         -0.750
     Clock Rise Edge                 0.000
     + Clock Network Latency (Ideal) 0.000
     = Beginpoint Arrival Time       0.000
      -------------------------------------------------------------------------------
      Instance                       Arc          Cell      Retime  Arrival  Required  
                                                            Delay   Time     Time  
      -------------------------------------------------------------------------------
      o_reg_addr_reg_2_              CK ^         -         -       0.000    -0.736  
      o_reg_addr_reg_2_              CK ^ -> Q ^  SDFFRX1   0.309   0.309    -0.427  
      o_reg_addr_reg_2__scan_iso_or  -            AND2X1    0.000   0.309    -0.427  
      o_reg_addr_reg_2__scan_iso_or  A ^ -> Y ^   AND2X1    0.149   0.458    -0.278  
      U43                            -            NAND2BX1  0.000   0.458    -0.278  
      U43                            B ^ -> Y v   NAND2BX1  0.256   0.714    -0.022  
      U31                            -            NOR2X2    0.000   0.714    -0.022  
      U31                            A v -> Y ^   NOR2X2    0.206   0.919    0.183  
      U466                           -            AND2X2    0.000   0.919    0.183  
      U466                           B ^ -> Y ^   AND2X2    0.232   1.151    0.415  
      U593                           -            BUFX4     0.000   1.151    0.415  
      U593                           A ^ -> Y ^   BUFX4     0.128   1.279    0.544  
      U606                           -            AOI22X1   0.000   1.279    0.544  
      U606                           B0 ^ -> Y v  AOI22X1   0.062   1.341    0.606  
      U607                           -            NAND4X1   0.000   1.341    0.606  
      U607                           D v -> Y ^   NAND4X1   0.049   1.390    0.654  
      U613                           -            AOI21X1   0.000   1.390    0.654  
      U613                           A1 ^ -> Y v  AOI21X1   0.064   1.454    0.719  
      U121                           -            NAND3X1   0.000   1.454    0.719  
      U121                           B v -> Y ^   NAND3X1   0.046   1.501    0.765  
      f32_mux_1_data_reg_20_         -            SDFFRX1   0.000   1.501    0.765  
      -------------------------------------------------------------------------------
Path 2: VIOLATED Setup Check with Pin f32_mux_1_data_reg_18_/CK 
Endpoint:   f32_mux_1_data_reg_18_/D (^) checked with  leading edge of 'clk'
Beginpoint: o_reg_addr_reg_2_/Q      (^) triggered by  leading edge of 'clk'
Path Groups: {clk}
Retime Analysis { Data Path-Slew SI }
Other End Arrival Time          0.000
- Setup                         0.235
+ Phase Shift                   1.000
= Required Time                 0.765
- Arrival Time                  1.501
= Slack Time                   -0.736
= Slack Time(original)         -0.750
     Clock Rise Edge                 0.000
     + Clock Network Latency (Ideal) 0.000
     = Beginpoint Arrival Time       0.000
      -------------------------------------------------------------------------------
      Instance                       Arc          Cell      Retime  Arrival  Required  
                                                            Delay   Time     Time  
      -------------------------------------------------------------------------------
      o_reg_addr_reg_2_              CK ^         -         -       0.000    -0.736  
      o_reg_addr_reg_2_              CK ^ -> Q ^  SDFFRX1   0.309   0.309    -0.427  
      o_reg_addr_reg_2__scan_iso_or  -            AND2X1    0.000   0.309    -0.427  
      o_reg_addr_reg_2__scan_iso_or  A ^ -> Y ^   AND2X1    0.149   0.458    -0.278  
      U43                            -            NAND2BX1  0.000   0.458    -0.278  
      U43                            B ^ -> Y v   NAND2BX1  0.256   0.714    -0.022  
      U31                            -            NOR2X2    0.000   0.714    -0.022  
      U31                            A v -> Y ^   NOR2X2    0.206   0.919    0.183  
      U466                           -            AND2X2    0.000   0.919    0.183  
      U466                           B ^ -> Y ^   AND2X2    0.232   1.151    0.415  
      U593                           -            BUFX4     0.000   1.151    0.415  
      U593                           A ^ -> Y ^   BUFX4     0.128   1.279    0.544  
      U594                           -            AOI22X1   0.000   1.279    0.544  
      U594                           B0 ^ -> Y v  AOI22X1   0.062   1.341    0.606  
      U595                           -            NAND4X1   0.000   1.341    0.606  
      U595                           D v -> Y ^   NAND4X1   0.049   1.390    0.654  
      U601                           -            AOI21X1   0.000   1.390    0.654  
      U601                           A1 ^ -> Y v  AOI21X1   0.064   1.454    0.719  
      U125                           -            NAND3X1   0.000   1.454    0.719  
      U125                           B v -> Y ^   NAND3X1   0.046   1.501    0.765  
      f32_mux_1_data_reg_18_         -            SDFFRX1   0.000   1.501    0.765  
      -------------------------------------------------------------------------------
Path 3: VIOLATED Setup Check with Pin f32_mux_1_data_reg_17_/CK 
Endpoint:   f32_mux_1_data_reg_17_/D (^) checked with  leading edge of 'clk'
Beginpoint: o_reg_addr_reg_2_/Q      (^) triggered by  leading edge of 'clk'
Path Groups: {clk}
Retime Analysis { Data Path-Slew SI }
Other End Arrival Time          0.000
- Setup                         0.235
+ Phase Shift                   1.000
= Required Time                 0.765
- Arrival Time                  1.501
= Slack Time                   -0.736
= Slack Time(original)         -0.750
     Clock Rise Edge                 0.000
     + Clock Network Latency (Ideal) 0.000
     = Beginpoint Arrival Time       0.000
      -------------------------------------------------------------------------------
      Instance                       Arc          Cell      Retime  Arrival  Required  
                                                            Delay   Time     Time  
      -------------------------------------------------------------------------------
      o_reg_addr_reg_2_              CK ^         -         -       0.000    -0.736  
      o_reg_addr_reg_2_              CK ^ -> Q ^  SDFFRX1   0.309   0.309    -0.427  
      o_reg_addr_reg_2__scan_iso_or  -            AND2X1    0.000   0.309    -0.427  
      o_reg_addr_reg_2__scan_iso_or  A ^ -> Y ^   AND2X1    0.149   0.458    -0.278  
      U43                            -            NAND2BX1  0.000   0.458    -0.278  
      U43                            B ^ -> Y v   NAND2BX1  0.256   0.714    -0.022  
      U31                            -            NOR2X2    0.000   0.714    -0.022  
      U31                            A v -> Y ^   NOR2X2    0.206   0.919    0.183  
      U466                           -            AND2X2    0.000   0.919    0.183  
      U466                           B ^ -> Y ^   AND2X2    0.232   1.151    0.415  
      U593                           -            BUFX4     0.000   1.151    0.415  
      U593                           A ^ -> Y ^   BUFX4     0.128   1.279    0.544  
      U629                           -            AOI22X1   0.000   1.279    0.544  
      U629                           B0 ^ -> Y v  AOI22X1   0.062   1.341    0.606  
      U630                           -            NAND4X1   0.000   1.341    0.606  
      U630                           D v -> Y ^   NAND4X1   0.049   1.390    0.654  
      U635                           -            AOI21X1   0.000   1.390    0.654  
      U635                           A1 ^ -> Y v  AOI21X1   0.064   1.454    0.719  
      U127                           -            NAND3X1   0.000   1.454    0.719  
      U127                           B v -> Y ^   NAND3X1   0.046   1.501    0.765  
      f32_mux_1_data_reg_17_         -            SDFFRX1   0.000   1.501    0.765  
      -------------------------------------------------------------------------------
Path 4: VIOLATED Setup Check with Pin f32_mux_1_data_reg_16_/CK 
Endpoint:   f32_mux_1_data_reg_16_/D (^) checked with  leading edge of 'clk'
Beginpoint: o_reg_addr_reg_2_/Q      (^) triggered by  leading edge of 'clk'
Path Groups: {clk}
Retime Analysis { Data Path-Slew SI }
Other End Arrival Time          0.000
- Setup                         0.235
+ Phase Shift                   1.000
= Required Time                 0.765
- Arrival Time                  1.501
= Slack Time                   -0.736
= Slack Time(original)         -0.750
     Clock Rise Edge                 0.000
     + Clock Network Latency (Ideal) 0.000
     = Beginpoint Arrival Time       0.000
      -------------------------------------------------------------------------------
      Instance                       Arc          Cell      Retime  Arrival  Required  
                                                            Delay   Time     Time  
      -------------------------------------------------------------------------------
      o_reg_addr_reg_2_              CK ^         -         -       0.000    -0.736  
      o_reg_addr_reg_2_              CK ^ -> Q ^  SDFFRX1   0.309   0.309    -0.427  
      o_reg_addr_reg_2__scan_iso_or  -            AND2X1    0.000   0.309    -0.427  
      o_reg_addr_reg_2__scan_iso_or  A ^ -> Y ^   AND2X1    0.149   0.458    -0.278  
      U43                            -            NAND2BX1  0.000   0.458    -0.278  
      U43                            B ^ -> Y v   NAND2BX1  0.256   0.714    -0.022  
      U31                            -            NOR2X2    0.000   0.714    -0.022  
      U31                            A v -> Y ^   NOR2X2    0.206   0.919    0.183  
      U466                           -            AND2X2    0.000   0.919    0.183  
      U466                           B ^ -> Y ^   AND2X2    0.232   1.151    0.415  
      U593                           -            BUFX4     0.000   1.151    0.415  
      U593                           A ^ -> Y ^   BUFX4     0.128   1.279    0.544  
      U640                           -            AOI22X1   0.000   1.279    0.544  
      U640                           B0 ^ -> Y v  AOI22X1   0.062   1.341    0.606  
      U641                           -            NAND4X1   0.000   1.341    0.606  
      U641                           D v -> Y ^   NAND4X1   0.049   1.390    0.654  
      U647                           -            AOI21X1   0.000   1.390    0.654  
      U647                           A1 ^ -> Y v  AOI21X1   0.064   1.454    0.719  
      U129                           -            NAND3X1   0.000   1.454    0.719  
      U129                           B v -> Y ^   NAND3X1   0.046   1.501    0.765  
      f32_mux_1_data_reg_16_         -            SDFFRX1   0.000   1.501    0.765  
      -------------------------------------------------------------------------------
Path 5: VIOLATED Setup Check with Pin f32_mux_1_data_reg_15_/CK 
Endpoint:   f32_mux_1_data_reg_15_/D (^) checked with  leading edge of 'clk'
Beginpoint: o_reg_addr_reg_2_/Q      (^) triggered by  leading edge of 'clk'
Path Groups: {clk}
Retime Analysis { Data Path-Slew SI }
Other End Arrival Time          0.000
- Setup                         0.235
+ Phase Shift                   1.000
= Required Time                 0.765
- Arrival Time                  1.501
= Slack Time                   -0.736
= Slack Time(original)         -0.751
     Clock Rise Edge                 0.000
     + Clock Network Latency (Ideal) 0.000
     = Beginpoint Arrival Time       0.000
      -------------------------------------------------------------------------------
      Instance                       Arc          Cell      Retime  Arrival  Required  
                                                            Delay   Time     Time  
      -------------------------------------------------------------------------------
      o_reg_addr_reg_2_              CK ^         -         -       0.000    -0.736  
      o_reg_addr_reg_2_              CK ^ -> Q ^  SDFFRX1   0.309   0.309    -0.427  
      o_reg_addr_reg_2__scan_iso_or  -            AND2X1    0.000   0.309    -0.427  
      o_reg_addr_reg_2__scan_iso_or  A ^ -> Y ^   AND2X1    0.149   0.458    -0.278  
      U43                            -            NAND2BX1  0.000   0.458    -0.278  
      U43                            B ^ -> Y v   NAND2BX1  0.256   0.714    -0.022  
      U31                            -            NOR2X2    0.000   0.714    -0.022  
      U31                            A v -> Y ^   NOR2X2    0.206   0.919    0.183  
      U466                           -            AND2X2    0.000   0.919    0.183  
      U466                           B ^ -> Y ^   AND2X2    0.232   1.151    0.415  
      U593                           -            BUFX4     0.000   1.151    0.415  
      U593                           A ^ -> Y ^   BUFX4     0.128   1.279    0.544  
      U652                           -            AOI22X1   0.000   1.279    0.544  
      U652                           B0 ^ -> Y v  AOI22X1   0.062   1.341    0.606  
      U653                           -            NAND4X1   0.000   1.341    0.606  
      U653                           D v -> Y ^   NAND4X1   0.049   1.390    0.654  
      U658                           -            AOI21X1   0.000   1.390    0.654  
      U658                           A1 ^ -> Y v  AOI21X1   0.064   1.454    0.719  
      U131                           -            NAND3X1   0.000   1.454    0.719  
      U131                           B v -> Y ^   NAND3X1   0.046   1.501    0.765  
      f32_mux_1_data_reg_15_         -            SDFFRX1   0.000   1.501    0.765  
      -------------------------------------------------------------------------------
Path 6: VIOLATED Setup Check with Pin f32_mux_1_data_reg_14_/CK 
Endpoint:   f32_mux_1_data_reg_14_/D (^) checked with  leading edge of 'clk'
Beginpoint: o_reg_addr_reg_2_/Q      (^) triggered by  leading edge of 'clk'
Path Groups: {clk}
Retime Analysis { Data Path-Slew SI }
Other End Arrival Time          0.000
- Setup                         0.235
+ Phase Shift                   1.000
= Required Time                 0.765
- Arrival Time                  1.501
= Slack Time                   -0.736
= Slack Time(original)         -0.751
     Clock Rise Edge                 0.000
     + Clock Network Latency (Ideal) 0.000
     = Beginpoint Arrival Time       0.000
      -------------------------------------------------------------------------------
      Instance                       Arc          Cell      Retime  Arrival  Required  
                                                            Delay   Time     Time  
      -------------------------------------------------------------------------------
      o_reg_addr_reg_2_              CK ^         -         -       0.000    -0.736  
      o_reg_addr_reg_2_              CK ^ -> Q ^  SDFFRX1   0.309   0.309    -0.427  
      o_reg_addr_reg_2__scan_iso_or  -            AND2X1    0.000   0.309    -0.427  
      o_reg_addr_reg_2__scan_iso_or  A ^ -> Y ^   AND2X1    0.149   0.458    -0.278  
      U43                            -            NAND2BX1  0.000   0.458    -0.278  
      U43                            B ^ -> Y v   NAND2BX1  0.256   0.714    -0.022  
      U31                            -            NOR2X2    0.000   0.714    -0.022  
      U31                            A v -> Y ^   NOR2X2    0.206   0.919    0.183  
      U466                           -            AND2X2    0.000   0.919    0.183  
      U466                           B ^ -> Y ^   AND2X2    0.232   1.151    0.415  
      U593                           -            BUFX4     0.000   1.151    0.415  
      U593                           A ^ -> Y ^   BUFX4     0.128   1.279    0.544  
      U723                           -            AOI22X1   0.000   1.279    0.544  
      U723                           B0 ^ -> Y v  AOI22X1   0.062   1.341    0.606  
      U724                           -            NAND4X1   0.000   1.341    0.606  
      U724                           D v -> Y ^   NAND4X1   0.049   1.390    0.654  
      U730                           -            AOI21X1   0.000   1.390    0.654  
      U730                           A1 ^ -> Y v  AOI21X1   0.064   1.454    0.719  
      U133                           -            NAND3X1   0.000   1.454    0.719  
      U133                           B v -> Y ^   NAND3X1   0.046   1.501    0.765  
      f32_mux_1_data_reg_14_         -            SDFFRX1   0.000   1.501    0.765  
      -------------------------------------------------------------------------------
Path 7: VIOLATED Setup Check with Pin f32_mux_1_data_reg_13_/CK 
Endpoint:   f32_mux_1_data_reg_13_/D (^) checked with  leading edge of 'clk'
Beginpoint: o_reg_addr_reg_2_/Q      (^) triggered by  leading edge of 'clk'
Path Groups: {clk}
Retime Analysis { Data Path-Slew SI }
Other End Arrival Time          0.000
- Setup                         0.235
+ Phase Shift                   1.000
= Required Time                 0.765
- Arrival Time                  1.501
= Slack Time                   -0.736
= Slack Time(original)         -0.751
     Clock Rise Edge                 0.000
     + Clock Network Latency (Ideal) 0.000
     = Beginpoint Arrival Time       0.000
      -------------------------------------------------------------------------------
      Instance                       Arc          Cell      Retime  Arrival  Required  
                                                            Delay   Time     Time  
      -------------------------------------------------------------------------------
      o_reg_addr_reg_2_              CK ^         -         -       0.000    -0.736  
      o_reg_addr_reg_2_              CK ^ -> Q ^  SDFFRX1   0.309   0.309    -0.427  
      o_reg_addr_reg_2__scan_iso_or  -            AND2X1    0.000   0.309    -0.427  
      o_reg_addr_reg_2__scan_iso_or  A ^ -> Y ^   AND2X1    0.149   0.458    -0.278  
      U43                            -            NAND2BX1  0.000   0.458    -0.278  
      U43                            B ^ -> Y v   NAND2BX1  0.256   0.714    -0.022  
      U31                            -            NOR2X2    0.000   0.714    -0.022  
      U31                            A v -> Y ^   NOR2X2    0.206   0.919    0.183  
      U466                           -            AND2X2    0.000   0.919    0.183  
      U466                           B ^ -> Y ^   AND2X2    0.232   1.151    0.415  
      U593                           -            BUFX4     0.000   1.151    0.415  
      U593                           A ^ -> Y ^   BUFX4     0.128   1.279    0.544  
      U768                           -            AOI22X1   0.000   1.279    0.544  
      U768                           B0 ^ -> Y v  AOI22X1   0.062   1.341    0.606  
      U769                           -            NAND4X1   0.000   1.341    0.606  
      U769                           D v -> Y ^   NAND4X1   0.049   1.390    0.654  
      U774                           -            AOI21X1   0.000   1.390    0.654  
      U774                           A1 ^ -> Y v  AOI21X1   0.064   1.454    0.719  
      U135                           -            NAND3X1   0.000   1.454    0.719  
      U135                           B v -> Y ^   NAND3X1   0.046   1.501    0.765  
      f32_mux_1_data_reg_13_         -            SDFFRX1   0.000   1.501    0.765  
      -------------------------------------------------------------------------------
Path 8: VIOLATED Setup Check with Pin f32_mux_1_data_reg_12_/CK 
Endpoint:   f32_mux_1_data_reg_12_/D (^) checked with  leading edge of 'clk'
Beginpoint: o_reg_addr_reg_2_/Q      (^) triggered by  leading edge of 'clk'
Path Groups: {clk}
Retime Analysis { Data Path-Slew SI }
Other End Arrival Time          0.000
- Setup                         0.235
+ Phase Shift                   1.000
= Required Time                 0.765
- Arrival Time                  1.501
= Slack Time                   -0.736
= Slack Time(original)         -0.751
     Clock Rise Edge                 0.000
     + Clock Network Latency (Ideal) 0.000
     = Beginpoint Arrival Time       0.000
      -------------------------------------------------------------------------------
      Instance                       Arc          Cell      Retime  Arrival  Required  
                                                            Delay   Time     Time  
      -------------------------------------------------------------------------------
      o_reg_addr_reg_2_              CK ^         -         -       0.000    -0.736  
      o_reg_addr_reg_2_              CK ^ -> Q ^  SDFFRX1   0.309   0.309    -0.427  
      o_reg_addr_reg_2__scan_iso_or  -            AND2X1    0.000   0.309    -0.427  
      o_reg_addr_reg_2__scan_iso_or  A ^ -> Y ^   AND2X1    0.149   0.458    -0.278  
      U43                            -            NAND2BX1  0.000   0.458    -0.278  
      U43                            B ^ -> Y v   NAND2BX1  0.256   0.714    -0.022  
      U31                            -            NOR2X2    0.000   0.714    -0.022  
      U31                            A v -> Y ^   NOR2X2    0.206   0.919    0.183  
      U466                           -            AND2X2    0.000   0.919    0.183  
      U466                           B ^ -> Y ^   AND2X2    0.232   1.151    0.415  
      U593                           -            BUFX4     0.000   1.151    0.415  
      U593                           A ^ -> Y ^   BUFX4     0.128   1.279    0.544  
      U734                           -            AOI22X1   0.000   1.279    0.544  
      U734                           B0 ^ -> Y v  AOI22X1   0.062   1.341    0.606  
      U735                           -            NAND4X1   0.000   1.341    0.606  
      U735                           D v -> Y ^   NAND4X1   0.049   1.390    0.654  
      U741                           -            AOI21X1   0.000   1.390    0.654  
      U741                           A1 ^ -> Y v  AOI21X1   0.064   1.454    0.719  
      U137                           -            NAND3X1   0.000   1.454    0.719  
      U137                           B v -> Y ^   NAND3X1   0.046   1.501    0.765  
      f32_mux_1_data_reg_12_         -            SDFFRX1   0.000   1.501    0.765  
      -------------------------------------------------------------------------------
Path 9: VIOLATED Setup Check with Pin f32_mux_1_data_reg_11_/CK 
Endpoint:   f32_mux_1_data_reg_11_/D (^) checked with  leading edge of 'clk'
Beginpoint: o_reg_addr_reg_2_/Q      (^) triggered by  leading edge of 'clk'
Path Groups: {clk}
Retime Analysis { Data Path-Slew SI }
Other End Arrival Time          0.000
- Setup                         0.235
+ Phase Shift                   1.000
= Required Time                 0.765
- Arrival Time                  1.501
= Slack Time                   -0.736
= Slack Time(original)         -0.751
     Clock Rise Edge                 0.000
     + Clock Network Latency (Ideal) 0.000
     = Beginpoint Arrival Time       0.000
      -------------------------------------------------------------------------------
      Instance                       Arc          Cell      Retime  Arrival  Required  
                                                            Delay   Time     Time  
      -------------------------------------------------------------------------------
      o_reg_addr_reg_2_              CK ^         -         -       0.000    -0.736  
      o_reg_addr_reg_2_              CK ^ -> Q ^  SDFFRX1   0.309   0.309    -0.427  
      o_reg_addr_reg_2__scan_iso_or  -            AND2X1    0.000   0.309    -0.427  
      o_reg_addr_reg_2__scan_iso_or  A ^ -> Y ^   AND2X1    0.149   0.458    -0.278  
      U43                            -            NAND2BX1  0.000   0.458    -0.278  
      U43                            B ^ -> Y v   NAND2BX1  0.256   0.714    -0.022  
      U31                            -            NOR2X2    0.000   0.714    -0.022  
      U31                            A v -> Y ^   NOR2X2    0.206   0.919    0.183  
      U466                           -            AND2X2    0.000   0.919    0.183  
      U466                           B ^ -> Y ^   AND2X2    0.232   1.151    0.415  
      U593                           -            BUFX4     0.000   1.151    0.415  
      U593                           A ^ -> Y ^   BUFX4     0.128   1.279    0.544  
      U757                           -            AOI22X1   0.000   1.279    0.544  
      U757                           B0 ^ -> Y v  AOI22X1   0.062   1.341    0.606  
      U758                           -            NAND4X1   0.000   1.341    0.606  
      U758                           D v -> Y ^   NAND4X1   0.049   1.390    0.654  
      U763                           -            AOI21X1   0.000   1.390    0.654  
      U763                           A1 ^ -> Y v  AOI21X1   0.064   1.454    0.719  
      U139                           -            NAND3X1   0.000   1.454    0.719  
      U139                           B v -> Y ^   NAND3X1   0.046   1.501    0.765  
      f32_mux_1_data_reg_11_         -            SDFFRX1   0.000   1.501    0.765  
      -------------------------------------------------------------------------------
Path 10: VIOLATED Setup Check with Pin f32_mux_1_data_reg_10_/CK 
Endpoint:   f32_mux_1_data_reg_10_/D (^) checked with  leading edge of 'clk'
Beginpoint: o_reg_addr_reg_2_/Q      (^) triggered by  leading edge of 'clk'
Path Groups: {clk}
Retime Analysis { Data Path-Slew SI }
Other End Arrival Time          0.000
- Setup                         0.235
+ Phase Shift                   1.000
= Required Time                 0.765
- Arrival Time                  1.501
= Slack Time                   -0.736
= Slack Time(original)         -0.751
     Clock Rise Edge                 0.000
     + Clock Network Latency (Ideal) 0.000
     = Beginpoint Arrival Time       0.000
      -------------------------------------------------------------------------------
      Instance                       Arc          Cell      Retime  Arrival  Required  
                                                            Delay   Time     Time  
      -------------------------------------------------------------------------------
      o_reg_addr_reg_2_              CK ^         -         -       0.000    -0.736  
      o_reg_addr_reg_2_              CK ^ -> Q ^  SDFFRX1   0.309   0.309    -0.427  
      o_reg_addr_reg_2__scan_iso_or  -            AND2X1    0.000   0.309    -0.427  
      o_reg_addr_reg_2__scan_iso_or  A ^ -> Y ^   AND2X1    0.149   0.458    -0.278  
      U43                            -            NAND2BX1  0.000   0.458    -0.278  
      U43                            B ^ -> Y v   NAND2BX1  0.256   0.714    -0.022  
      U31                            -            NOR2X2    0.000   0.714    -0.022  
      U31                            A v -> Y ^   NOR2X2    0.206   0.919    0.183  
      U466                           -            AND2X2    0.000   0.919    0.183  
      U466                           B ^ -> Y ^   AND2X2    0.232   1.151    0.415  
      U593                           -            BUFX4     0.000   1.151    0.415  
      U593                           A ^ -> Y ^   BUFX4     0.128   1.279    0.544  
      U778                           -            AOI22X1   0.000   1.279    0.544  
      U778                           B0 ^ -> Y v  AOI22X1   0.062   1.341    0.606  
      U779                           -            NAND4X1   0.000   1.341    0.606  
      U779                           D v -> Y ^   NAND4X1   0.049   1.390    0.654  
      U785                           -            AOI21X1   0.000   1.390    0.654  
      U785                           A1 ^ -> Y v  AOI21X1   0.064   1.454    0.719  
      U141                           -            NAND3X1   0.000   1.454    0.719  
      U141                           B v -> Y ^   NAND3X1   0.046   1.501    0.765  
      f32_mux_1_data_reg_10_         -            SDFFRX1   0.000   1.501    0.765  
      -------------------------------------------------------------------------------
Path 11: VIOLATED Setup Check with Pin f32_mux_1_data_reg_31_/CK 
Endpoint:   f32_mux_1_data_reg_31_/D (^) checked with  leading edge of 'clk'
Beginpoint: o_reg_addr_reg_6_/Q      (^) triggered by  leading edge of 'clk'
Path Groups: {clk}
Retime Analysis { Data Path-Slew SI }
Other End Arrival Time          0.000
- Setup                         0.234
+ Phase Shift                   1.000
= Required Time                 0.766
- Arrival Time                  1.471
= Slack Time                   -0.705
= Slack Time(original)         -0.729
     Clock Rise Edge                 0.000
     + Clock Network Latency (Ideal) 0.000
     = Beginpoint Arrival Time       0.000
      -------------------------------------------------------------------------------
      Instance                       Arc          Cell      Retime  Arrival  Required  
                                                            Delay   Time     Time  
      -------------------------------------------------------------------------------
      o_reg_addr_reg_6_              CK ^         -         -       0.000    -0.705  
      o_reg_addr_reg_6_              CK ^ -> Q ^  SDFFRX1   0.309   0.309    -0.397  
      o_reg_addr_reg_6__scan_iso_or  -            AND2X1    0.000   0.309    -0.397  
      o_reg_addr_reg_6__scan_iso_or  A ^ -> Y ^   AND2X1    0.156   0.465    -0.241  
      U195                           -            INVX2     0.000   0.465    -0.241  
      U195                           A ^ -> Y v   INVX2     0.069   0.534    -0.172  
      U62                            -            NOR2X2    0.000   0.534    -0.172  
      U62                            B v -> Y ^   NOR2X2    0.068   0.602    -0.104  
      U456                           -            NAND3X2   0.000   0.602    -0.104  
      U456                           B ^ -> Y v   NAND3X2   0.194   0.796    0.090  
      U8                             -            NOR3X2    0.000   0.796    0.090  
      U8                             A v -> Y ^   NOR3X2    0.235   1.030    0.325  
      U24                            -            BUFX4     0.000   1.030    0.325  
      U24                            A ^ -> Y ^   BUFX4     0.185   1.215    0.510  
      U54                            -            AO22X1    0.000   1.215    0.510  
      U54                            A0 ^ -> Y ^  AO22X1    0.181   1.396    0.691  
      U579                           -            AOI211X1  0.000   1.396    0.691  
      U579                           B0 ^ -> Y v  AOI211X1  0.042   1.439    0.733  
      U107                           -            NAND3X1   0.000   1.439    0.733  
      U107                           C v -> Y ^   NAND3X1   0.032   1.471    0.766  
      f32_mux_1_data_reg_31_         -            SDFFRX1   0.000   1.471    0.766  
      -------------------------------------------------------------------------------
Path 12: VIOLATED Setup Check with Pin f32_mux_1_data_reg_26_/CK 
Endpoint:   f32_mux_1_data_reg_26_/D (^) checked with  leading edge of 'clk'
Beginpoint: o_reg_addr_reg_6_/Q      (^) triggered by  leading edge of 'clk'
Path Groups: {clk}
Retime Analysis { Data Path-Slew SI }
Other End Arrival Time          0.000
- Setup                         0.234
+ Phase Shift                   1.000
= Required Time                 0.766
- Arrival Time                  1.471
= Slack Time                   -0.705
= Slack Time(original)         -0.729
     Clock Rise Edge                 0.000
     + Clock Network Latency (Ideal) 0.000
     = Beginpoint Arrival Time       0.000
      -------------------------------------------------------------------------------
      Instance                       Arc          Cell      Retime  Arrival  Required  
                                                            Delay   Time     Time  
      -------------------------------------------------------------------------------
      o_reg_addr_reg_6_              CK ^         -         -       0.000    -0.705  
      o_reg_addr_reg_6_              CK ^ -> Q ^  SDFFRX1   0.309   0.309    -0.397  
      o_reg_addr_reg_6__scan_iso_or  -            AND2X1    0.000   0.309    -0.397  
      o_reg_addr_reg_6__scan_iso_or  A ^ -> Y ^   AND2X1    0.156   0.465    -0.241  
      U195                           -            INVX2     0.000   0.465    -0.241  
      U195                           A ^ -> Y v   INVX2     0.069   0.534    -0.172  
      U62                            -            NOR2X2    0.000   0.534    -0.172  
      U62                            B v -> Y ^   NOR2X2    0.068   0.602    -0.104  
      U456                           -            NAND3X2   0.000   0.602    -0.104  
      U456                           B ^ -> Y v   NAND3X2   0.194   0.796    0.090  
      U8                             -            NOR3X2    0.000   0.796    0.090  
      U8                             A v -> Y ^   NOR3X2    0.235   1.030    0.325  
      U24                            -            BUFX4     0.000   1.030    0.325  
      U24                            A ^ -> Y ^   BUFX4     0.185   1.215    0.510  
      U56                            -            AO22X1    0.000   1.215    0.510  
      U56                            A0 ^ -> Y ^  AO22X1    0.181   1.396    0.691  
      U567                           -            AOI211X1  0.000   1.396    0.691  
      U567                           B0 ^ -> Y v  AOI211X1  0.042   1.439    0.733  
      U112                           -            NAND3X1   0.000   1.439    0.733  
      U112                           C v -> Y ^   NAND3X1   0.032   1.471    0.766  
      f32_mux_1_data_reg_26_         -            SDFFRX1   0.000   1.471    0.766  
      -------------------------------------------------------------------------------
Path 13: VIOLATED Setup Check with Pin f32_mux_1_data_reg_25_/CK 
Endpoint:   f32_mux_1_data_reg_25_/D (^) checked with  leading edge of 'clk'
Beginpoint: o_reg_addr_reg_6_/Q      (^) triggered by  leading edge of 'clk'
Path Groups: {clk}
Retime Analysis { Data Path-Slew SI }
Other End Arrival Time          0.000
- Setup                         0.234
+ Phase Shift                   1.000
= Required Time                 0.766
- Arrival Time                  1.471
= Slack Time                   -0.705
= Slack Time(original)         -0.729
     Clock Rise Edge                 0.000
     + Clock Network Latency (Ideal) 0.000
     = Beginpoint Arrival Time       0.000
      -------------------------------------------------------------------------------
      Instance                       Arc          Cell      Retime  Arrival  Required  
                                                            Delay   Time     Time  
      -------------------------------------------------------------------------------
      o_reg_addr_reg_6_              CK ^         -         -       0.000    -0.705  
      o_reg_addr_reg_6_              CK ^ -> Q ^  SDFFRX1   0.309   0.309    -0.397  
      o_reg_addr_reg_6__scan_iso_or  -            AND2X1    0.000   0.309    -0.397  
      o_reg_addr_reg_6__scan_iso_or  A ^ -> Y ^   AND2X1    0.156   0.465    -0.241  
      U195                           -            INVX2     0.000   0.465    -0.241  
      U195                           A ^ -> Y v   INVX2     0.069   0.534    -0.172  
      U62                            -            NOR2X2    0.000   0.534    -0.172  
      U62                            B v -> Y ^   NOR2X2    0.068   0.602    -0.104  
      U456                           -            NAND3X2   0.000   0.602    -0.104  
      U456                           B ^ -> Y v   NAND3X2   0.194   0.796    0.090  
      U8                             -            NOR3X2    0.000   0.796    0.090  
      U8                             A v -> Y ^   NOR3X2    0.235   1.030    0.325  
      U24                            -            BUFX4     0.000   1.030    0.325  
      U24                            A ^ -> Y ^   BUFX4     0.185   1.215    0.510  
      U57                            -            AO22X1    0.000   1.215    0.510  
      U57                            A0 ^ -> Y ^  AO22X1    0.181   1.396    0.691  
      U562                           -            AOI211X1  0.000   1.396    0.691  
      U562                           B0 ^ -> Y v  AOI211X1  0.042   1.439    0.733  
      U113                           -            NAND3X1   0.000   1.439    0.733  
      U113                           C v -> Y ^   NAND3X1   0.032   1.471    0.766  
      f32_mux_1_data_reg_25_         -            SDFFRX1   0.000   1.471    0.766  
      -------------------------------------------------------------------------------
Path 14: VIOLATED Setup Check with Pin f32_mux_1_data_reg_24_/CK 
Endpoint:   f32_mux_1_data_reg_24_/D (^) checked with  leading edge of 'clk'
Beginpoint: o_reg_addr_reg_6_/Q      (^) triggered by  leading edge of 'clk'
Path Groups: {clk}
Retime Analysis { Data Path-Slew SI }
Other End Arrival Time          0.000
- Setup                         0.234
+ Phase Shift                   1.000
= Required Time                 0.766
- Arrival Time                  1.471
= Slack Time                   -0.705
= Slack Time(original)         -0.729
     Clock Rise Edge                 0.000
     + Clock Network Latency (Ideal) 0.000
     = Beginpoint Arrival Time       0.000
      -------------------------------------------------------------------------------
      Instance                       Arc          Cell      Retime  Arrival  Required  
                                                            Delay   Time     Time  
      -------------------------------------------------------------------------------
      o_reg_addr_reg_6_              CK ^         -         -       0.000    -0.705  
      o_reg_addr_reg_6_              CK ^ -> Q ^  SDFFRX1   0.309   0.309    -0.397  
      o_reg_addr_reg_6__scan_iso_or  -            AND2X1    0.000   0.309    -0.397  
      o_reg_addr_reg_6__scan_iso_or  A ^ -> Y ^   AND2X1    0.156   0.465    -0.241  
      U195                           -            INVX2     0.000   0.465    -0.241  
      U195                           A ^ -> Y v   INVX2     0.069   0.534    -0.172  
      U62                            -            NOR2X2    0.000   0.534    -0.172  
      U62                            B v -> Y ^   NOR2X2    0.068   0.602    -0.104  
      U456                           -            NAND3X2   0.000   0.602    -0.104  
      U456                           B ^ -> Y v   NAND3X2   0.194   0.796    0.090  
      U8                             -            NOR3X2    0.000   0.796    0.090  
      U8                             A v -> Y ^   NOR3X2    0.235   1.030    0.325  
      U24                            -            BUFX4     0.000   1.030    0.325  
      U24                            A ^ -> Y ^   BUFX4     0.185   1.215    0.510  
      U58                            -            AO22X1    0.000   1.215    0.510  
      U58                            A0 ^ -> Y ^  AO22X1    0.181   1.396    0.691  
      U573                           -            AOI211X1  0.000   1.396    0.691  
      U573                           B0 ^ -> Y v  AOI211X1  0.042   1.439    0.733  
      U114                           -            NAND3X1   0.000   1.439    0.733  
      U114                           C v -> Y ^   NAND3X1   0.032   1.471    0.766  
      f32_mux_1_data_reg_24_         -            SDFFRX1   0.000   1.471    0.766  
      -------------------------------------------------------------------------------
Path 15: VIOLATED Setup Check with Pin f32_mux_1_data_reg_22_/CK 
Endpoint:   f32_mux_1_data_reg_22_/D (^) checked with  leading edge of 'clk'
Beginpoint: o_reg_addr_reg_6_/Q      (^) triggered by  leading edge of 'clk'
Path Groups: {clk}
Retime Analysis { Data Path-Slew SI }
Other End Arrival Time          0.000
- Setup                         0.235
+ Phase Shift                   1.000
= Required Time                 0.765
- Arrival Time                  1.465
= Slack Time                   -0.700
= Slack Time(original)         -0.735
     Clock Rise Edge                 0.000
     + Clock Network Latency (Ideal) 0.000
     = Beginpoint Arrival Time       0.000
      ------------------------------------------------------------------------------
      Instance                       Arc          Cell     Retime  Arrival  Required  
                                                           Delay   Time     Time  
      ------------------------------------------------------------------------------
      o_reg_addr_reg_6_              CK ^         -        -       0.000    -0.700  
      o_reg_addr_reg_6_              CK ^ -> Q ^  SDFFRX1  0.309   0.309    -0.391  
      o_reg_addr_reg_6__scan_iso_or  -            AND2X1   0.000   0.309    -0.391  
      o_reg_addr_reg_6__scan_iso_or  A ^ -> Y ^   AND2X1   0.156   0.465    -0.236  
      U195                           -            INVX2    0.000   0.465    -0.236  
      U195                           A ^ -> Y v   INVX2    0.069   0.534    -0.166  
      U62                            -            NOR2X2   0.000   0.534    -0.166  
      U62                            B v -> Y ^   NOR2X2   0.068   0.602    -0.099  
      U32                            -            NAND3X1  0.000   0.602    -0.099  
      U32                            B ^ -> Y v   NAND3X1  0.137   0.738    0.038  
      U27                            -            OR2X1    0.000   0.738    0.038  
      U27                            A v -> Y v   OR2X1    0.204   0.943    0.243  
      U59                            -            NOR2X1   0.000   0.943    0.243  
      U59                            B v -> Y ^   NOR2X1   0.158   1.100    0.400  
      U489                           -            BUFX4    0.000   1.100    0.400  
      U489                           A ^ -> Y ^   BUFX4    0.172   1.273    0.572  
      U490                           -            AOI22X1  0.000   1.273    0.572  
      U490                           B0 ^ -> Y v  AOI22X1  0.073   1.346    0.646  
      U494                           -            NAND4X1  0.000   1.346    0.646  
      U494                           A v -> Y ^   NAND4X1  0.054   1.400    0.700  
      U495                           -            AOI21X1  0.000   1.400    0.700  
      U495                           B0 ^ -> Y v  AOI21X1  0.034   1.434    0.734  
      U117                           -            NAND3X1  0.000   1.434    0.734  
      U117                           B v -> Y ^   NAND3X1  0.031   1.465    0.765  
      f32_mux_1_data_reg_22_         -            SDFFRX1  0.000   1.465    0.765  
      ------------------------------------------------------------------------------
Path 16: VIOLATED Setup Check with Pin f32_mux_1_data_reg_21_/CK 
Endpoint:   f32_mux_1_data_reg_21_/D (^) checked with  leading edge of 'clk'
Beginpoint: o_reg_addr_reg_6_/Q      (^) triggered by  leading edge of 'clk'
Path Groups: {clk}
Retime Analysis { Data Path-Slew SI }
Other End Arrival Time          0.000
- Setup                         0.235
+ Phase Shift                   1.000
= Required Time                 0.765
- Arrival Time                  1.465
= Slack Time                   -0.700
= Slack Time(original)         -0.735
     Clock Rise Edge                 0.000
     + Clock Network Latency (Ideal) 0.000
     = Beginpoint Arrival Time       0.000
      ------------------------------------------------------------------------------
      Instance                       Arc          Cell     Retime  Arrival  Required  
                                                           Delay   Time     Time  
      ------------------------------------------------------------------------------
      o_reg_addr_reg_6_              CK ^         -        -       0.000    -0.700  
      o_reg_addr_reg_6_              CK ^ -> Q ^  SDFFRX1  0.309   0.309    -0.391  
      o_reg_addr_reg_6__scan_iso_or  -            AND2X1   0.000   0.309    -0.391  
      o_reg_addr_reg_6__scan_iso_or  A ^ -> Y ^   AND2X1   0.156   0.465    -0.236  
      U195                           -            INVX2    0.000   0.465    -0.236  
      U195                           A ^ -> Y v   INVX2    0.069   0.534    -0.166  
      U62                            -            NOR2X2   0.000   0.534    -0.166  
      U62                            B v -> Y ^   NOR2X2   0.068   0.602    -0.099  
      U32                            -            NAND3X1  0.000   0.602    -0.099  
      U32                            B ^ -> Y v   NAND3X1  0.137   0.738    0.038  
      U27                            -            OR2X1    0.000   0.738    0.038  
      U27                            A v -> Y v   OR2X1    0.204   0.943    0.243  
      U59                            -            NOR2X1   0.000   0.943    0.243  
      U59                            B v -> Y ^   NOR2X1   0.158   1.100    0.400  
      U489                           -            BUFX4    0.000   1.100    0.400  
      U489                           A ^ -> Y ^   BUFX4    0.172   1.273    0.572  
      U619                           -            AOI22X1  0.000   1.273    0.572  
      U619                           B0 ^ -> Y v  AOI22X1  0.073   1.346    0.646  
      U623                           -            NAND4X1  0.000   1.346    0.646  
      U623                           A v -> Y ^   NAND4X1  0.054   1.400    0.700  
      U624                           -            AOI21X1  0.000   1.400    0.700  
      U624                           B0 ^ -> Y v  AOI21X1  0.034   1.434    0.734  
      U119                           -            NAND3X1  0.000   1.434    0.734  
      U119                           B v -> Y ^   NAND3X1  0.031   1.465    0.765  
      f32_mux_1_data_reg_21_         -            SDFFRX1  0.000   1.465    0.765  
      ------------------------------------------------------------------------------
Path 17: VIOLATED Setup Check with Pin f32_mux_1_data_reg_19_/CK 
Endpoint:   f32_mux_1_data_reg_19_/D (^) checked with  leading edge of 'clk'
Beginpoint: o_reg_addr_reg_6_/Q      (^) triggered by  leading edge of 'clk'
Path Groups: {clk}
Retime Analysis { Data Path-Slew SI }
Other End Arrival Time          0.000
- Setup                         0.235
+ Phase Shift                   1.000
= Required Time                 0.765
- Arrival Time                  1.465
= Slack Time                   -0.700
= Slack Time(original)         -0.735
     Clock Rise Edge                 0.000
     + Clock Network Latency (Ideal) 0.000
     = Beginpoint Arrival Time       0.000
      ------------------------------------------------------------------------------
      Instance                       Arc          Cell     Retime  Arrival  Required  
                                                           Delay   Time     Time  
      ------------------------------------------------------------------------------
      o_reg_addr_reg_6_              CK ^         -        -       0.000    -0.700  
      o_reg_addr_reg_6_              CK ^ -> Q ^  SDFFRX1  0.309   0.309    -0.391  
      o_reg_addr_reg_6__scan_iso_or  -            AND2X1   0.000   0.309    -0.391  
      o_reg_addr_reg_6__scan_iso_or  A ^ -> Y ^   AND2X1   0.156   0.465    -0.236  
      U195                           -            INVX2    0.000   0.465    -0.236  
      U195                           A ^ -> Y v   INVX2    0.069   0.534    -0.166  
      U62                            -            NOR2X2   0.000   0.534    -0.166  
      U62                            B v -> Y ^   NOR2X2   0.068   0.602    -0.099  
      U32                            -            NAND3X1  0.000   0.602    -0.099  
      U32                            B ^ -> Y v   NAND3X1  0.137   0.738    0.038  
      U27                            -            OR2X1    0.000   0.738    0.038  
      U27                            A v -> Y v   OR2X1    0.204   0.943    0.243  
      U59                            -            NOR2X1   0.000   0.943    0.243  
      U59                            B v -> Y ^   NOR2X1   0.158   1.100    0.400  
      U489                           -            BUFX4    0.000   1.100    0.400  
      U489                           A ^ -> Y ^   BUFX4    0.172   1.273    0.572  
      U584                           -            AOI22X1  0.000   1.273    0.572  
      U584                           B0 ^ -> Y v  AOI22X1  0.073   1.346    0.646  
      U588                           -            NAND4X1  0.000   1.346    0.646  
      U588                           A v -> Y ^   NAND4X1  0.054   1.400    0.700  
      U589                           -            AOI21X1  0.000   1.400    0.700  
      U589                           B0 ^ -> Y v  AOI21X1  0.034   1.434    0.734  
      U123                           -            NAND3X1  0.000   1.434    0.734  
      U123                           B v -> Y ^   NAND3X1  0.031   1.465    0.765  
      f32_mux_1_data_reg_19_         -            SDFFRX1  0.000   1.465    0.765  
      ------------------------------------------------------------------------------
Path 18: VIOLATED Setup Check with Pin f32_mux_1_data_reg_8_/CK 
Endpoint:   f32_mux_1_data_reg_8_/D (^) checked with  leading edge of 'clk'
Beginpoint: o_reg_addr_reg_6_/Q     (^) triggered by  leading edge of 'clk'
Path Groups: {clk}
Retime Analysis { Data Path-Slew SI }
Other End Arrival Time          0.000
- Setup                         0.235
+ Phase Shift                   1.000
= Required Time                 0.765
- Arrival Time                  1.465
= Slack Time                   -0.700
= Slack Time(original)         -0.735
     Clock Rise Edge                 0.000
     + Clock Network Latency (Ideal) 0.000
     = Beginpoint Arrival Time       0.000
      ------------------------------------------------------------------------------
      Instance                       Arc          Cell     Retime  Arrival  Required  
                                                           Delay   Time     Time  
      ------------------------------------------------------------------------------
      o_reg_addr_reg_6_              CK ^         -        -       0.000    -0.700  
      o_reg_addr_reg_6_              CK ^ -> Q ^  SDFFRX1  0.309   0.309    -0.391  
      o_reg_addr_reg_6__scan_iso_or  -            AND2X1   0.000   0.309    -0.391  
      o_reg_addr_reg_6__scan_iso_or  A ^ -> Y ^   AND2X1   0.156   0.465    -0.236  
      U195                           -            INVX2    0.000   0.465    -0.236  
      U195                           A ^ -> Y v   INVX2    0.069   0.534    -0.166  
      U62                            -            NOR2X2   0.000   0.534    -0.166  
      U62                            B v -> Y ^   NOR2X2   0.068   0.602    -0.099  
      U32                            -            NAND3X1  0.000   0.602    -0.099  
      U32                            B ^ -> Y v   NAND3X1  0.137   0.738    0.038  
      U27                            -            OR2X1    0.000   0.738    0.038  
      U27                            A v -> Y v   OR2X1    0.204   0.943    0.243  
      U59                            -            NOR2X1   0.000   0.943    0.243  
      U59                            B v -> Y ^   NOR2X1   0.158   1.100    0.400  
      U489                           -            BUFX4    0.000   1.100    0.400  
      U489                           A ^ -> Y ^   BUFX4    0.172   1.273    0.572  
      U541                           -            AOI22X1  0.000   1.273    0.572  
      U541                           B0 ^ -> Y v  AOI22X1  0.073   1.346    0.646  
      U545                           -            NAND4X1  0.000   1.346    0.646  
      U545                           A v -> Y ^   NAND4X1  0.054   1.400    0.700  
      U546                           -            AOI21X1  0.000   1.400    0.700  
      U546                           B0 ^ -> Y v  AOI21X1  0.034   1.434    0.734  
      U145                           -            NAND3X1  0.000   1.434    0.734  
      U145                           B v -> Y ^   NAND3X1  0.031   1.465    0.765  
      f32_mux_1_data_reg_8_          -            SDFFRX1  0.000   1.465    0.765  
      ------------------------------------------------------------------------------
Path 19: VIOLATED Setup Check with Pin f32_mux_1_data_reg_7_/CK 
Endpoint:   f32_mux_1_data_reg_7_/D (^) checked with  leading edge of 'clk'
Beginpoint: o_reg_addr_reg_6_/Q     (^) triggered by  leading edge of 'clk'
Path Groups: {clk}
Retime Analysis { Data Path-Slew SI }
Other End Arrival Time          0.000
- Setup                         0.235
+ Phase Shift                   1.000
= Required Time                 0.765
- Arrival Time                  1.465
= Slack Time                   -0.700
= Slack Time(original)         -0.735
     Clock Rise Edge                 0.000
     + Clock Network Latency (Ideal) 0.000
     = Beginpoint Arrival Time       0.000
      ------------------------------------------------------------------------------
      Instance                       Arc          Cell     Retime  Arrival  Required  
                                                           Delay   Time     Time  
      ------------------------------------------------------------------------------
      o_reg_addr_reg_6_              CK ^         -        -       0.000    -0.700  
      o_reg_addr_reg_6_              CK ^ -> Q ^  SDFFRX1  0.309   0.309    -0.391  
      o_reg_addr_reg_6__scan_iso_or  -            AND2X1   0.000   0.309    -0.391  
      o_reg_addr_reg_6__scan_iso_or  A ^ -> Y ^   AND2X1   0.156   0.465    -0.236  
      U195                           -            INVX2    0.000   0.465    -0.236  
      U195                           A ^ -> Y v   INVX2    0.069   0.534    -0.166  
      U62                            -            NOR2X2   0.000   0.534    -0.166  
      U62                            B v -> Y ^   NOR2X2   0.068   0.602    -0.099  
      U32                            -            NAND3X1  0.000   0.602    -0.099  
      U32                            B ^ -> Y v   NAND3X1  0.137   0.738    0.038  
      U27                            -            OR2X1    0.000   0.738    0.038  
      U27                            A v -> Y v   OR2X1    0.204   0.943    0.243  
      U59                            -            NOR2X1   0.000   0.943    0.243  
      U59                            B v -> Y ^   NOR2X1   0.158   1.100    0.400  
      U489                           -            BUFX4    0.000   1.100    0.400  
      U489                           A ^ -> Y ^   BUFX4    0.172   1.273    0.572  
      U513                           -            AOI22X1  0.000   1.273    0.572  
      U513                           B0 ^ -> Y v  AOI22X1  0.073   1.346    0.646  
      U517                           -            NAND4X1  0.000   1.346    0.646  
      U517                           A v -> Y ^   NAND4X1  0.054   1.400    0.700  
      U518                           -            AOI21X1  0.000   1.400    0.700  
      U518                           B0 ^ -> Y v  AOI21X1  0.034   1.434    0.734  
      U147                           -            NAND3X1  0.000   1.434    0.734  
      U147                           B v -> Y ^   NAND3X1  0.031   1.465    0.765  
      f32_mux_1_data_reg_7_          -            SDFFRX1  0.000   1.465    0.765  
      ------------------------------------------------------------------------------
Path 20: VIOLATED Setup Check with Pin f32_mux_1_data_reg_6_/CK 
Endpoint:   f32_mux_1_data_reg_6_/D (^) checked with  leading edge of 'clk'
Beginpoint: o_reg_addr_reg_6_/Q     (^) triggered by  leading edge of 'clk'
Path Groups: {clk}
Retime Analysis { Data Path-Slew SI }
Other End Arrival Time          0.000
- Setup                         0.235
+ Phase Shift                   1.000
= Required Time                 0.765
- Arrival Time                  1.465
= Slack Time                   -0.700
= Slack Time(original)         -0.735
     Clock Rise Edge                 0.000
     + Clock Network Latency (Ideal) 0.000
     = Beginpoint Arrival Time       0.000
      ------------------------------------------------------------------------------
      Instance                       Arc          Cell     Retime  Arrival  Required  
                                                           Delay   Time     Time  
      ------------------------------------------------------------------------------
      o_reg_addr_reg_6_              CK ^         -        -       0.000    -0.700  
      o_reg_addr_reg_6_              CK ^ -> Q ^  SDFFRX1  0.309   0.309    -0.391  
      o_reg_addr_reg_6__scan_iso_or  -            AND2X1   0.000   0.309    -0.391  
      o_reg_addr_reg_6__scan_iso_or  A ^ -> Y ^   AND2X1   0.156   0.465    -0.236  
      U195                           -            INVX2    0.000   0.465    -0.236  
      U195                           A ^ -> Y v   INVX2    0.069   0.534    -0.166  
      U62                            -            NOR2X2   0.000   0.534    -0.166  
      U62                            B v -> Y ^   NOR2X2   0.068   0.602    -0.099  
      U32                            -            NAND3X1  0.000   0.602    -0.099  
      U32                            B ^ -> Y v   NAND3X1  0.137   0.738    0.038  
      U27                            -            OR2X1    0.000   0.738    0.038  
      U27                            A v -> Y v   OR2X1    0.204   0.943    0.243  
      U59                            -            NOR2X1   0.000   0.943    0.243  
      U59                            B v -> Y ^   NOR2X1   0.158   1.100    0.400  
      U489                           -            BUFX4    0.000   1.100    0.400  
      U489                           A ^ -> Y ^   BUFX4    0.172   1.273    0.572  
      U501                           -            AOI22X1  0.000   1.273    0.572  
      U501                           B0 ^ -> Y v  AOI22X1  0.073   1.346    0.646  
      U505                           -            NAND4X1  0.000   1.346    0.646  
      U505                           A v -> Y ^   NAND4X1  0.054   1.400    0.700  
      U506                           -            AOI21X1  0.000   1.400    0.700  
      U506                           B0 ^ -> Y v  AOI21X1  0.034   1.434    0.734  
      U149                           -            NAND3X1  0.000   1.434    0.734  
      U149                           B v -> Y ^   NAND3X1  0.031   1.465    0.765  
      f32_mux_1_data_reg_6_          -            SDFFRX1  0.000   1.465    0.765  
      ------------------------------------------------------------------------------
Path 21: VIOLATED Setup Check with Pin f32_mux_1_data_reg_5_/CK 
Endpoint:   f32_mux_1_data_reg_5_/D (^) checked with  leading edge of 'clk'
Beginpoint: o_reg_addr_reg_6_/Q     (^) triggered by  leading edge of 'clk'
Path Groups: {clk}
Retime Analysis { Data Path-Slew SI }
Other End Arrival Time          0.000
- Setup                         0.235
+ Phase Shift                   1.000
= Required Time                 0.765
- Arrival Time                  1.465
= Slack Time                   -0.700
= Slack Time(original)         -0.735
     Clock Rise Edge                 0.000
     + Clock Network Latency (Ideal) 0.000
     = Beginpoint Arrival Time       0.000
      ------------------------------------------------------------------------------
      Instance                       Arc          Cell     Retime  Arrival  Required  
                                                           Delay   Time     Time  
      ------------------------------------------------------------------------------
      o_reg_addr_reg_6_              CK ^         -        -       0.000    -0.700  
      o_reg_addr_reg_6_              CK ^ -> Q ^  SDFFRX1  0.309   0.309    -0.391  
      o_reg_addr_reg_6__scan_iso_or  -            AND2X1   0.000   0.309    -0.391  
      o_reg_addr_reg_6__scan_iso_or  A ^ -> Y ^   AND2X1   0.156   0.465    -0.236  
      U195                           -            INVX2    0.000   0.465    -0.236  
      U195                           A ^ -> Y v   INVX2    0.069   0.534    -0.166  
      U62                            -            NOR2X2   0.000   0.534    -0.166  
      U62                            B v -> Y ^   NOR2X2   0.068   0.602    -0.099  
      U32                            -            NAND3X1  0.000   0.602    -0.099  
      U32                            B ^ -> Y v   NAND3X1  0.137   0.738    0.038  
      U27                            -            OR2X1    0.000   0.738    0.038  
      U27                            A v -> Y v   OR2X1    0.204   0.943    0.243  
      U59                            -            NOR2X1   0.000   0.943    0.243  
      U59                            B v -> Y ^   NOR2X1   0.158   1.100    0.400  
      U489                           -            BUFX4    0.000   1.100    0.400  
      U489                           A ^ -> Y ^   BUFX4    0.172   1.273    0.572  
      U678                           -            AOI22X1  0.000   1.273    0.572  
      U678                           B0 ^ -> Y v  AOI22X1  0.073   1.346    0.646  
      U682                           -            NAND4X1  0.000   1.346    0.646  
      U682                           A v -> Y ^   NAND4X1  0.054   1.400    0.700  
      U683                           -            AOI21X1  0.000   1.400    0.700  
      U683                           B0 ^ -> Y v  AOI21X1  0.034   1.434    0.734  
      U151                           -            NAND3X1  0.000   1.434    0.734  
      U151                           B v -> Y ^   NAND3X1  0.031   1.465    0.765  
      f32_mux_1_data_reg_5_          -            SDFFRX1  0.000   1.465    0.765  
      ------------------------------------------------------------------------------
Path 22: VIOLATED Setup Check with Pin f32_mux_1_data_reg_4_/CK 
Endpoint:   f32_mux_1_data_reg_4_/D (^) checked with  leading edge of 'clk'
Beginpoint: o_reg_addr_reg_6_/Q     (^) triggered by  leading edge of 'clk'
Path Groups: {clk}
Retime Analysis { Data Path-Slew SI }
Other End Arrival Time          0.000
- Setup                         0.235
+ Phase Shift                   1.000
= Required Time                 0.765
- Arrival Time                  1.465
= Slack Time                   -0.700
= Slack Time(original)         -0.735
     Clock Rise Edge                 0.000
     + Clock Network Latency (Ideal) 0.000
     = Beginpoint Arrival Time       0.000
      ------------------------------------------------------------------------------
      Instance                       Arc          Cell     Retime  Arrival  Required  
                                                           Delay   Time     Time  
      ------------------------------------------------------------------------------
      o_reg_addr_reg_6_              CK ^         -        -       0.000    -0.700  
      o_reg_addr_reg_6_              CK ^ -> Q ^  SDFFRX1  0.309   0.309    -0.391  
      o_reg_addr_reg_6__scan_iso_or  -            AND2X1   0.000   0.309    -0.391  
      o_reg_addr_reg_6__scan_iso_or  A ^ -> Y ^   AND2X1   0.156   0.465    -0.236  
      U195                           -            INVX2    0.000   0.465    -0.236  
      U195                           A ^ -> Y v   INVX2    0.069   0.534    -0.166  
      U62                            -            NOR2X2   0.000   0.534    -0.166  
      U62                            B v -> Y ^   NOR2X2   0.068   0.602    -0.099  
      U32                            -            NAND3X1  0.000   0.602    -0.099  
      U32                            B ^ -> Y v   NAND3X1  0.137   0.738    0.038  
      U27                            -            OR2X1    0.000   0.738    0.038  
      U27                            A v -> Y v   OR2X1    0.204   0.943    0.243  
      U59                            -            NOR2X1   0.000   0.943    0.243  
      U59                            B v -> Y ^   NOR2X1   0.158   1.100    0.400  
      U489                           -            BUFX4    0.000   1.100    0.400  
      U489                           A ^ -> Y ^   BUFX4    0.172   1.273    0.572  
      U714                           -            AOI22X1  0.000   1.273    0.572  
      U714                           B0 ^ -> Y v  AOI22X1  0.073   1.346    0.646  
      U717                           -            NAND4X1  0.000   1.346    0.646  
      U717                           A v -> Y ^   NAND4X1  0.054   1.400    0.700  
      U718                           -            AOI21X1  0.000   1.400    0.700  
      U718                           B0 ^ -> Y v  AOI21X1  0.034   1.434    0.734  
      U152                           -            NAND3X1  0.000   1.434    0.734  
      U152                           B v -> Y ^   NAND3X1  0.031   1.465    0.765  
      f32_mux_1_data_reg_4_          -            SDFFRX1  0.000   1.465    0.765  
      ------------------------------------------------------------------------------
Path 23: VIOLATED Setup Check with Pin f32_mux_1_data_reg_3_/CK 
Endpoint:   f32_mux_1_data_reg_3_/D (^) checked with  leading edge of 'clk'
Beginpoint: o_reg_addr_reg_6_/Q     (^) triggered by  leading edge of 'clk'
Path Groups: {clk}
Retime Analysis { Data Path-Slew SI }
Other End Arrival Time          0.000
- Setup                         0.235
+ Phase Shift                   1.000
= Required Time                 0.765
- Arrival Time                  1.465
= Slack Time                   -0.700
= Slack Time(original)         -0.735
     Clock Rise Edge                 0.000
     + Clock Network Latency (Ideal) 0.000
     = Beginpoint Arrival Time       0.000
      ------------------------------------------------------------------------------
      Instance                       Arc          Cell     Retime  Arrival  Required  
                                                           Delay   Time     Time  
      ------------------------------------------------------------------------------
      o_reg_addr_reg_6_              CK ^         -        -       0.000    -0.700  
      o_reg_addr_reg_6_              CK ^ -> Q ^  SDFFRX1  0.309   0.309    -0.391  
      o_reg_addr_reg_6__scan_iso_or  -            AND2X1   0.000   0.309    -0.391  
      o_reg_addr_reg_6__scan_iso_or  A ^ -> Y ^   AND2X1   0.156   0.465    -0.236  
      U195                           -            INVX2    0.000   0.465    -0.236  
      U195                           A ^ -> Y v   INVX2    0.069   0.534    -0.166  
      U62                            -            NOR2X2   0.000   0.534    -0.166  
      U62                            B v -> Y ^   NOR2X2   0.068   0.602    -0.099  
      U32                            -            NAND3X1  0.000   0.602    -0.099  
      U32                            B ^ -> Y v   NAND3X1  0.137   0.738    0.038  
      U27                            -            OR2X1    0.000   0.738    0.038  
      U27                            A v -> Y v   OR2X1    0.204   0.943    0.243  
      U59                            -            NOR2X1   0.000   0.943    0.243  
      U59                            B v -> Y ^   NOR2X1   0.158   1.100    0.400  
      U489                           -            BUFX4    0.000   1.100    0.400  
      U489                           A ^ -> Y ^   BUFX4    0.172   1.273    0.572  
      U690                           -            AOI22X1  0.000   1.273    0.572  
      U690                           B0 ^ -> Y v  AOI22X1  0.073   1.346    0.646  
      U694                           -            NAND4X1  0.000   1.346    0.646  
      U694                           A v -> Y ^   NAND4X1  0.054   1.400    0.700  
      U695                           -            AOI21X1  0.000   1.400    0.700  
      U695                           B0 ^ -> Y v  AOI21X1  0.034   1.434    0.734  
      U154                           -            NAND3X1  0.000   1.434    0.734  
      U154                           B v -> Y ^   NAND3X1  0.031   1.465    0.765  
      f32_mux_1_data_reg_3_          -            SDFFRX1  0.000   1.465    0.765  
      ------------------------------------------------------------------------------
Path 24: VIOLATED Setup Check with Pin f32_mux_1_data_reg_2_/CK 
Endpoint:   f32_mux_1_data_reg_2_/D (^) checked with  leading edge of 'clk'
Beginpoint: o_reg_addr_reg_6_/Q     (^) triggered by  leading edge of 'clk'
Path Groups: {clk}
Retime Analysis { Data Path-Slew SI }
Other End Arrival Time          0.000
- Setup                         0.235
+ Phase Shift                   1.000
= Required Time                 0.765
- Arrival Time                  1.465
= Slack Time                   -0.700
= Slack Time(original)         -0.735
     Clock Rise Edge                 0.000
     + Clock Network Latency (Ideal) 0.000
     = Beginpoint Arrival Time       0.000
      ------------------------------------------------------------------------------
      Instance                       Arc          Cell     Retime  Arrival  Required  
                                                           Delay   Time     Time  
      ------------------------------------------------------------------------------
      o_reg_addr_reg_6_              CK ^         -        -       0.000    -0.700  
      o_reg_addr_reg_6_              CK ^ -> Q ^  SDFFRX1  0.309   0.309    -0.391  
      o_reg_addr_reg_6__scan_iso_or  -            AND2X1   0.000   0.309    -0.391  
      o_reg_addr_reg_6__scan_iso_or  A ^ -> Y ^   AND2X1   0.156   0.465    -0.236  
      U195                           -            INVX2    0.000   0.465    -0.236  
      U195                           A ^ -> Y v   INVX2    0.069   0.534    -0.166  
      U62                            -            NOR2X2   0.000   0.534    -0.166  
      U62                            B v -> Y ^   NOR2X2   0.068   0.602    -0.099  
      U32                            -            NAND3X1  0.000   0.602    -0.099  
      U32                            B ^ -> Y v   NAND3X1  0.137   0.738    0.038  
      U27                            -            OR2X1    0.000   0.738    0.038  
      U27                            A v -> Y v   OR2X1    0.204   0.943    0.243  
      U59                            -            NOR2X1   0.000   0.943    0.243  
      U59                            B v -> Y ^   NOR2X1   0.158   1.100    0.400  
      U489                           -            BUFX4    0.000   1.100    0.400  
      U489                           A ^ -> Y ^   BUFX4    0.172   1.273    0.572  
      U702                           -            AOI22X1  0.000   1.273    0.572  
      U702                           B0 ^ -> Y v  AOI22X1  0.073   1.346    0.646  
      U706                           -            NAND4X1  0.000   1.346    0.646  
      U706                           A v -> Y ^   NAND4X1  0.054   1.400    0.700  
      U707                           -            AOI21X1  0.000   1.400    0.700  
      U707                           B0 ^ -> Y v  AOI21X1  0.034   1.434    0.734  
      U156                           -            NAND3X1  0.000   1.434    0.734  
      U156                           B v -> Y ^   NAND3X1  0.031   1.465    0.765  
      f32_mux_1_data_reg_2_          -            SDFFRX1  0.000   1.465    0.765  
      ------------------------------------------------------------------------------
Path 25: VIOLATED Setup Check with Pin f32_mux_1_data_reg_1_/CK 
Endpoint:   f32_mux_1_data_reg_1_/D (^) checked with  leading edge of 'clk'
Beginpoint: o_reg_addr_reg_6_/Q     (^) triggered by  leading edge of 'clk'
Path Groups: {clk}
Retime Analysis { Data Path-Slew SI }
Other End Arrival Time          0.000
- Setup                         0.235
+ Phase Shift                   1.000
= Required Time                 0.765
- Arrival Time                  1.465
= Slack Time                   -0.700
= Slack Time(original)         -0.735
     Clock Rise Edge                 0.000
     + Clock Network Latency (Ideal) 0.000
     = Beginpoint Arrival Time       0.000
      ------------------------------------------------------------------------------
      Instance                       Arc          Cell     Retime  Arrival  Required  
                                                           Delay   Time     Time  
      ------------------------------------------------------------------------------
      o_reg_addr_reg_6_              CK ^         -        -       0.000    -0.700  
      o_reg_addr_reg_6_              CK ^ -> Q ^  SDFFRX1  0.309   0.309    -0.391  
      o_reg_addr_reg_6__scan_iso_or  -            AND2X1   0.000   0.309    -0.391  
      o_reg_addr_reg_6__scan_iso_or  A ^ -> Y ^   AND2X1   0.156   0.465    -0.236  
      U195                           -            INVX2    0.000   0.465    -0.236  
      U195                           A ^ -> Y v   INVX2    0.069   0.534    -0.166  
      U62                            -            NOR2X2   0.000   0.534    -0.166  
      U62                            B v -> Y ^   NOR2X2   0.068   0.602    -0.099  
      U32                            -            NAND3X1  0.000   0.602    -0.099  
      U32                            B ^ -> Y v   NAND3X1  0.137   0.738    0.038  
      U27                            -            OR2X1    0.000   0.738    0.038  
      U27                            A v -> Y v   OR2X1    0.204   0.943    0.243  
      U59                            -            NOR2X1   0.000   0.943    0.243  
      U59                            B v -> Y ^   NOR2X1   0.158   1.100    0.400  
      U489                           -            BUFX4    0.000   1.100    0.400  
      U489                           A ^ -> Y ^   BUFX4    0.172   1.273    0.572  
      U525                           -            AOI22X1  0.000   1.273    0.572  
      U525                           B0 ^ -> Y v  AOI22X1  0.073   1.346    0.646  
      U529                           -            NAND4X1  0.000   1.346    0.646  
      U529                           A v -> Y ^   NAND4X1  0.054   1.400    0.700  
      U530                           -            AOI21X1  0.000   1.400    0.700  
      U530                           B0 ^ -> Y v  AOI21X1  0.034   1.434    0.734  
      U158                           -            NAND3X1  0.000   1.434    0.734  
      U158                           B v -> Y ^   NAND3X1  0.031   1.465    0.765  
      f32_mux_1_data_reg_1_          -            SDFFRX1  0.000   1.465    0.765  
      ------------------------------------------------------------------------------
Path 26: VIOLATED Setup Check with Pin f32_mux_0_data_reg_15_/CK 
Endpoint:   f32_mux_0_data_reg_15_/D (^) checked with  leading edge of 'clk'
Beginpoint: o_reg_addr_reg_2_/Q      (^) triggered by  leading edge of 'clk'
Path Groups: {clk}
Retime Analysis { Data Path-Slew SI }
Other End Arrival Time          0.000
- Setup                         0.236
+ Phase Shift                   1.000
= Required Time                 0.764
- Arrival Time                  1.447
= Slack Time                   -0.683
= Slack Time(original)         -0.700
     Clock Rise Edge                 0.000
     + Clock Network Latency (Ideal) 0.000
     = Beginpoint Arrival Time       0.000
      -------------------------------------------------------------------------------
      Instance                       Arc          Cell      Retime  Arrival  Required  
                                                            Delay   Time     Time  
      -------------------------------------------------------------------------------
      o_reg_addr_reg_2_              CK ^         -         -       0.000    -0.683  
      o_reg_addr_reg_2_              CK ^ -> Q ^  SDFFRX1   0.309   0.309    -0.374  
      o_reg_addr_reg_2__scan_iso_or  -            AND2X1    0.000   0.309    -0.374  
      o_reg_addr_reg_2__scan_iso_or  A ^ -> Y ^   AND2X1    0.149   0.458    -0.225  
      U43                            -            NAND2BX1  0.000   0.458    -0.225  
      U43                            B ^ -> Y v   NAND2BX1  0.256   0.714    0.031  
      U6                             -            NOR2X2    0.000   0.714    0.031  
      U6                             A v -> Y ^   NOR2X2    0.229   0.942    0.260  
      U204                           -            NOR2BX2   0.000   0.942    0.260  
      U204                           AN ^ -> Y ^  NOR2BX2   0.257   1.200    0.517  
      U295                           -            AOI22X1   0.000   1.200    0.517  
      U295                           B0 ^ -> Y v  AOI22X1   0.122   1.322    0.639  
      U297                           -            AND4X1    0.000   1.322    0.639  
      U297                           C v -> Y v   AND4X1    0.100   1.422    0.739  
      U78                            -            OAI21X1   0.000   1.422    0.739  
      U78                            B0 v -> Y ^  OAI21X1   0.025   1.447    0.764  
      f32_mux_0_data_reg_15_         -            SDFFRX1   0.000   1.447    0.764  
      -------------------------------------------------------------------------------
Path 27: VIOLATED Setup Check with Pin f32_mux_0_data_reg_14_/CK 
Endpoint:   f32_mux_0_data_reg_14_/D (^) checked with  leading edge of 'clk'
Beginpoint: o_reg_addr_reg_2_/Q      (^) triggered by  leading edge of 'clk'
Path Groups: {clk}
Retime Analysis { Data Path-Slew SI }
Other End Arrival Time          0.000
- Setup                         0.236
+ Phase Shift                   1.000
= Required Time                 0.764
- Arrival Time                  1.447
= Slack Time                   -0.683
= Slack Time(original)         -0.700
     Clock Rise Edge                 0.000
     + Clock Network Latency (Ideal) 0.000
     = Beginpoint Arrival Time       0.000
      -------------------------------------------------------------------------------
      Instance                       Arc          Cell      Retime  Arrival  Required  
                                                            Delay   Time     Time  
      -------------------------------------------------------------------------------
      o_reg_addr_reg_2_              CK ^         -         -       0.000    -0.683  
      o_reg_addr_reg_2_              CK ^ -> Q ^  SDFFRX1   0.309   0.309    -0.374  
      o_reg_addr_reg_2__scan_iso_or  -            AND2X1    0.000   0.309    -0.374  
      o_reg_addr_reg_2__scan_iso_or  A ^ -> Y ^   AND2X1    0.149   0.458    -0.225  
      U43                            -            NAND2BX1  0.000   0.458    -0.225  
      U43                            B ^ -> Y v   NAND2BX1  0.256   0.714    0.031  
      U6                             -            NOR2X2    0.000   0.714    0.031  
      U6                             A v -> Y ^   NOR2X2    0.229   0.942    0.260  
      U204                           -            NOR2BX2   0.000   0.942    0.260  
      U204                           AN ^ -> Y ^  NOR2BX2   0.257   1.200    0.517  
      U382                           -            AOI22X1   0.000   1.200    0.517  
      U382                           B0 ^ -> Y v  AOI22X1   0.122   1.322    0.639  
      U384                           -            AND4X1    0.000   1.322    0.639  
      U384                           C v -> Y v   AND4X1    0.100   1.422    0.739  
      U79                            -            OAI21X1   0.000   1.422    0.739  
      U79                            B0 v -> Y ^  OAI21X1   0.025   1.447    0.764  
      f32_mux_0_data_reg_14_         -            SDFFRX1   0.000   1.447    0.764  
      -------------------------------------------------------------------------------
Path 28: VIOLATED Setup Check with Pin f32_mux_0_data_reg_13_/CK 
Endpoint:   f32_mux_0_data_reg_13_/D (^) checked with  leading edge of 'clk'
Beginpoint: o_reg_addr_reg_2_/Q      (^) triggered by  leading edge of 'clk'
Path Groups: {clk}
Retime Analysis { Data Path-Slew SI }
Other End Arrival Time          0.000
- Setup                         0.236
+ Phase Shift                   1.000
= Required Time                 0.764
- Arrival Time                  1.447
= Slack Time                   -0.683
= Slack Time(original)         -0.700
     Clock Rise Edge                 0.000
     + Clock Network Latency (Ideal) 0.000
     = Beginpoint Arrival Time       0.000
      -------------------------------------------------------------------------------
      Instance                       Arc          Cell      Retime  Arrival  Required  
                                                            Delay   Time     Time  
      -------------------------------------------------------------------------------
      o_reg_addr_reg_2_              CK ^         -         -       0.000    -0.683  
      o_reg_addr_reg_2_              CK ^ -> Q ^  SDFFRX1   0.309   0.309    -0.374  
      o_reg_addr_reg_2__scan_iso_or  -            AND2X1    0.000   0.309    -0.374  
      o_reg_addr_reg_2__scan_iso_or  A ^ -> Y ^   AND2X1    0.149   0.458    -0.225  
      U43                            -            NAND2BX1  0.000   0.458    -0.225  
      U43                            B ^ -> Y v   NAND2BX1  0.256   0.714    0.031  
      U6                             -            NOR2X2    0.000   0.714    0.031  
      U6                             A v -> Y ^   NOR2X2    0.229   0.942    0.260  
      U204                           -            NOR2BX2   0.000   0.942    0.260  
      U204                           AN ^ -> Y ^  NOR2BX2   0.257   1.200    0.517  
      U372                           -            AOI22X1   0.000   1.200    0.517  
      U372                           B0 ^ -> Y v  AOI22X1   0.122   1.322    0.639  
      U374                           -            AND4X1    0.000   1.322    0.639  
      U374                           C v -> Y v   AND4X1    0.100   1.422    0.739  
      U80                            -            OAI21X1   0.000   1.422    0.739  
      U80                            B0 v -> Y ^  OAI21X1   0.025   1.447    0.764  
      f32_mux_0_data_reg_13_         -            SDFFRX1   0.000   1.447    0.764  
      -------------------------------------------------------------------------------
Path 29: VIOLATED Setup Check with Pin f32_mux_0_data_reg_12_/CK 
Endpoint:   f32_mux_0_data_reg_12_/D (^) checked with  leading edge of 'clk'
Beginpoint: o_reg_addr_reg_2_/Q      (^) triggered by  leading edge of 'clk'
Path Groups: {clk}
Retime Analysis { Data Path-Slew SI }
Other End Arrival Time          0.000
- Setup                         0.236
+ Phase Shift                   1.000
= Required Time                 0.764
- Arrival Time                  1.447
= Slack Time                   -0.683
= Slack Time(original)         -0.700
     Clock Rise Edge                 0.000
     + Clock Network Latency (Ideal) 0.000
     = Beginpoint Arrival Time       0.000
      -------------------------------------------------------------------------------
      Instance                       Arc          Cell      Retime  Arrival  Required  
                                                            Delay   Time     Time  
      -------------------------------------------------------------------------------
      o_reg_addr_reg_2_              CK ^         -         -       0.000    -0.683  
      o_reg_addr_reg_2_              CK ^ -> Q ^  SDFFRX1   0.309   0.309    -0.374  
      o_reg_addr_reg_2__scan_iso_or  -            AND2X1    0.000   0.309    -0.374  
      o_reg_addr_reg_2__scan_iso_or  A ^ -> Y ^   AND2X1    0.149   0.458    -0.225  
      U43                            -            NAND2BX1  0.000   0.458    -0.225  
      U43                            B ^ -> Y v   NAND2BX1  0.256   0.714    0.031  
      U6                             -            NOR2X2    0.000   0.714    0.031  
      U6                             A v -> Y ^   NOR2X2    0.229   0.942    0.260  
      U204                           -            NOR2BX2   0.000   0.942    0.260  
      U204                           AN ^ -> Y ^  NOR2BX2   0.257   1.200    0.517  
      U362                           -            AOI22X1   0.000   1.200    0.517  
      U362                           B0 ^ -> Y v  AOI22X1   0.122   1.322    0.639  
      U364                           -            AND4X1    0.000   1.322    0.639  
      U364                           C v -> Y v   AND4X1    0.100   1.422    0.739  
      U81                            -            OAI21X1   0.000   1.422    0.739  
      U81                            B0 v -> Y ^  OAI21X1   0.025   1.447    0.764  
      f32_mux_0_data_reg_12_         -            SDFFRX1   0.000   1.447    0.764  
      -------------------------------------------------------------------------------
Path 30: VIOLATED Setup Check with Pin f32_mux_0_data_reg_11_/CK 
Endpoint:   f32_mux_0_data_reg_11_/D (^) checked with  leading edge of 'clk'
Beginpoint: o_reg_addr_reg_2_/Q      (^) triggered by  leading edge of 'clk'
Path Groups: {clk}
Retime Analysis { Data Path-Slew SI }
Other End Arrival Time          0.000
- Setup                         0.236
+ Phase Shift                   1.000
= Required Time                 0.764
- Arrival Time                  1.447
= Slack Time                   -0.683
= Slack Time(original)         -0.700
     Clock Rise Edge                 0.000
     + Clock Network Latency (Ideal) 0.000
     = Beginpoint Arrival Time       0.000
      -------------------------------------------------------------------------------
      Instance                       Arc          Cell      Retime  Arrival  Required  
                                                            Delay   Time     Time  
      -------------------------------------------------------------------------------
      o_reg_addr_reg_2_              CK ^         -         -       0.000    -0.683  
      o_reg_addr_reg_2_              CK ^ -> Q ^  SDFFRX1   0.309   0.309    -0.374  
      o_reg_addr_reg_2__scan_iso_or  -            AND2X1    0.000   0.309    -0.374  
      o_reg_addr_reg_2__scan_iso_or  A ^ -> Y ^   AND2X1    0.149   0.458    -0.225  
      U43                            -            NAND2BX1  0.000   0.458    -0.225  
      U43                            B ^ -> Y v   NAND2BX1  0.256   0.714    0.031  
      U6                             -            NOR2X2    0.000   0.714    0.031  
      U6                             A v -> Y ^   NOR2X2    0.229   0.942    0.260  
      U204                           -            NOR2BX2   0.000   0.942    0.260  
      U204                           AN ^ -> Y ^  NOR2BX2   0.257   1.200    0.517  
      U304                           -            AOI22X1   0.000   1.200    0.517  
      U304                           B0 ^ -> Y v  AOI22X1   0.122   1.322    0.639  
      U306                           -            AND4X1    0.000   1.322    0.639  
      U306                           C v -> Y v   AND4X1    0.100   1.422    0.739  
      U82                            -            OAI21X1   0.000   1.422    0.739  
      U82                            B0 v -> Y ^  OAI21X1   0.025   1.447    0.764  
      f32_mux_0_data_reg_11_         -            SDFFRX1   0.000   1.447    0.764  
      -------------------------------------------------------------------------------
Path 31: VIOLATED Setup Check with Pin f32_mux_0_data_reg_10_/CK 
Endpoint:   f32_mux_0_data_reg_10_/D (^) checked with  leading edge of 'clk'
Beginpoint: o_reg_addr_reg_2_/Q      (^) triggered by  leading edge of 'clk'
Path Groups: {clk}
Retime Analysis { Data Path-Slew SI }
Other End Arrival Time          0.000
- Setup                         0.236
+ Phase Shift                   1.000
= Required Time                 0.764
- Arrival Time                  1.447
= Slack Time                   -0.683
= Slack Time(original)         -0.700
     Clock Rise Edge                 0.000
     + Clock Network Latency (Ideal) 0.000
     = Beginpoint Arrival Time       0.000
      -------------------------------------------------------------------------------
      Instance                       Arc          Cell      Retime  Arrival  Required  
                                                            Delay   Time     Time  
      -------------------------------------------------------------------------------
      o_reg_addr_reg_2_              CK ^         -         -       0.000    -0.683  
      o_reg_addr_reg_2_              CK ^ -> Q ^  SDFFRX1   0.309   0.309    -0.374  
      o_reg_addr_reg_2__scan_iso_or  -            AND2X1    0.000   0.309    -0.374  
      o_reg_addr_reg_2__scan_iso_or  A ^ -> Y ^   AND2X1    0.149   0.458    -0.225  
      U43                            -            NAND2BX1  0.000   0.458    -0.225  
      U43                            B ^ -> Y v   NAND2BX1  0.256   0.714    0.031  
      U6                             -            NOR2X2    0.000   0.714    0.031  
      U6                             A v -> Y ^   NOR2X2    0.229   0.942    0.260  
      U204                           -            NOR2BX2   0.000   0.942    0.260  
      U204                           AN ^ -> Y ^  NOR2BX2   0.257   1.200    0.517  
      U392                           -            AOI22X1   0.000   1.200    0.517  
      U392                           B0 ^ -> Y v  AOI22X1   0.122   1.322    0.639  
      U394                           -            AND4X1    0.000   1.322    0.639  
      U394                           C v -> Y v   AND4X1    0.100   1.422    0.739  
      U83                            -            OAI21X1   0.000   1.422    0.739  
      U83                            B0 v -> Y ^  OAI21X1   0.025   1.447    0.764  
      f32_mux_0_data_reg_10_         -            SDFFRX1   0.000   1.447    0.764  
      -------------------------------------------------------------------------------
Path 32: VIOLATED Setup Check with Pin f32_mux_0_data_reg_9_/CK 
Endpoint:   f32_mux_0_data_reg_9_/D (^) checked with  leading edge of 'clk'
Beginpoint: o_reg_addr_reg_2_/Q     (^) triggered by  leading edge of 'clk'
Path Groups: {clk}
Retime Analysis { Data Path-Slew SI }
Other End Arrival Time          0.000
- Setup                         0.236
+ Phase Shift                   1.000
= Required Time                 0.764
- Arrival Time                  1.447
= Slack Time                   -0.683
= Slack Time(original)         -0.700
     Clock Rise Edge                 0.000
     + Clock Network Latency (Ideal) 0.000
     = Beginpoint Arrival Time       0.000
      -------------------------------------------------------------------------------
      Instance                       Arc          Cell      Retime  Arrival  Required  
                                                            Delay   Time     Time  
      -------------------------------------------------------------------------------
      o_reg_addr_reg_2_              CK ^         -         -       0.000    -0.683  
      o_reg_addr_reg_2_              CK ^ -> Q ^  SDFFRX1   0.309   0.309    -0.374  
      o_reg_addr_reg_2__scan_iso_or  -            AND2X1    0.000   0.309    -0.374  
      o_reg_addr_reg_2__scan_iso_or  A ^ -> Y ^   AND2X1    0.149   0.458    -0.225  
      U43                            -            NAND2BX1  0.000   0.458    -0.225  
      U43                            B ^ -> Y v   NAND2BX1  0.256   0.714    0.031  
      U6                             -            NOR2X2    0.000   0.714    0.031  
      U6                             A v -> Y ^   NOR2X2    0.229   0.942    0.260  
      U204                           -            NOR2BX2   0.000   0.942    0.260  
      U204                           AN ^ -> Y ^  NOR2BX2   0.257   1.200    0.517  
      U323                           -            AOI22X1   0.000   1.200    0.517  
      U323                           B0 ^ -> Y v  AOI22X1   0.122   1.322    0.639  
      U325                           -            AND4X1    0.000   1.322    0.639  
      U325                           C v -> Y v   AND4X1    0.100   1.422    0.739  
      U84                            -            OAI21X1   0.000   1.422    0.739  
      U84                            B0 v -> Y ^  OAI21X1   0.025   1.447    0.764  
      f32_mux_0_data_reg_9_          -            SDFFRX1   0.000   1.447    0.764  
      -------------------------------------------------------------------------------
Path 33: VIOLATED Setup Check with Pin f32_mux_0_data_reg_8_/CK 
Endpoint:   f32_mux_0_data_reg_8_/D (^) checked with  leading edge of 'clk'
Beginpoint: o_reg_addr_reg_2_/Q     (^) triggered by  leading edge of 'clk'
Path Groups: {clk}
Retime Analysis { Data Path-Slew SI }
Other End Arrival Time          0.000
- Setup                         0.236
+ Phase Shift                   1.000
= Required Time                 0.764
- Arrival Time                  1.447
= Slack Time                   -0.683
= Slack Time(original)         -0.700
     Clock Rise Edge                 0.000
     + Clock Network Latency (Ideal) 0.000
     = Beginpoint Arrival Time       0.000
      -------------------------------------------------------------------------------
      Instance                       Arc          Cell      Retime  Arrival  Required  
                                                            Delay   Time     Time  
      -------------------------------------------------------------------------------
      o_reg_addr_reg_2_              CK ^         -         -       0.000    -0.683  
      o_reg_addr_reg_2_              CK ^ -> Q ^  SDFFRX1   0.309   0.309    -0.374  
      o_reg_addr_reg_2__scan_iso_or  -            AND2X1    0.000   0.309    -0.374  
      o_reg_addr_reg_2__scan_iso_or  A ^ -> Y ^   AND2X1    0.149   0.458    -0.225  
      U43                            -            NAND2BX1  0.000   0.458    -0.225  
      U43                            B ^ -> Y v   NAND2BX1  0.256   0.714    0.031  
      U6                             -            NOR2X2    0.000   0.714    0.031  
      U6                             A v -> Y ^   NOR2X2    0.229   0.942    0.260  
      U204                           -            NOR2BX2   0.000   0.942    0.260  
      U204                           AN ^ -> Y ^  NOR2BX2   0.257   1.200    0.517  
      U343                           -            AOI22X1   0.000   1.200    0.517  
      U343                           B0 ^ -> Y v  AOI22X1   0.122   1.322    0.639  
      U345                           -            AND4X1    0.000   1.322    0.639  
      U345                           C v -> Y v   AND4X1    0.100   1.422    0.739  
      U85                            -            OAI21X1   0.000   1.422    0.739  
      U85                            B0 v -> Y ^  OAI21X1   0.025   1.447    0.764  
      f32_mux_0_data_reg_8_          -            SDFFRX1   0.000   1.447    0.764  
      -------------------------------------------------------------------------------
Path 34: VIOLATED Setup Check with Pin f32_mux_0_data_reg_7_/CK 
Endpoint:   f32_mux_0_data_reg_7_/D (^) checked with  leading edge of 'clk'
Beginpoint: o_reg_addr_reg_2_/Q     (^) triggered by  leading edge of 'clk'
Path Groups: {clk}
Retime Analysis { Data Path-Slew SI }
Other End Arrival Time          0.000
- Setup                         0.236
+ Phase Shift                   1.000
= Required Time                 0.764
- Arrival Time                  1.447
= Slack Time                   -0.683
= Slack Time(original)         -0.700
     Clock Rise Edge                 0.000
     + Clock Network Latency (Ideal) 0.000
     = Beginpoint Arrival Time       0.000
      -------------------------------------------------------------------------------
      Instance                       Arc          Cell      Retime  Arrival  Required  
                                                            Delay   Time     Time  
      -------------------------------------------------------------------------------
      o_reg_addr_reg_2_              CK ^         -         -       0.000    -0.683  
      o_reg_addr_reg_2_              CK ^ -> Q ^  SDFFRX1   0.309   0.309    -0.374  
      o_reg_addr_reg_2__scan_iso_or  -            AND2X1    0.000   0.309    -0.374  
      o_reg_addr_reg_2__scan_iso_or  A ^ -> Y ^   AND2X1    0.149   0.458    -0.225  
      U43                            -            NAND2BX1  0.000   0.458    -0.225  
      U43                            B ^ -> Y v   NAND2BX1  0.256   0.714    0.031  
      U6                             -            NOR2X2    0.000   0.714    0.031  
      U6                             A v -> Y ^   NOR2X2    0.229   0.942    0.260  
      U204                           -            NOR2BX2   0.000   0.942    0.260  
      U204                           AN ^ -> Y ^  NOR2BX2   0.257   1.200    0.517  
      U183                           -            AOI22X1   0.000   1.200    0.517  
      U183                           B0 ^ -> Y v  AOI22X1   0.122   1.322    0.639  
      U315                           -            AND4X1    0.000   1.322    0.639  
      U315                           C v -> Y v   AND4X1    0.100   1.422    0.739  
      U86                            -            OAI21X1   0.000   1.422    0.739  
      U86                            B0 v -> Y ^  OAI21X1   0.025   1.447    0.764  
      f32_mux_0_data_reg_7_          -            SDFFRX1   0.000   1.447    0.764  
      -------------------------------------------------------------------------------
Path 35: VIOLATED Setup Check with Pin f32_mux_0_data_reg_6_/CK 
Endpoint:   f32_mux_0_data_reg_6_/D (^) checked with  leading edge of 'clk'
Beginpoint: o_reg_addr_reg_2_/Q     (^) triggered by  leading edge of 'clk'
Path Groups: {clk}
Retime Analysis { Data Path-Slew SI }
Other End Arrival Time          0.000
- Setup                         0.236
+ Phase Shift                   1.000
= Required Time                 0.764
- Arrival Time                  1.447
= Slack Time                   -0.683
= Slack Time(original)         -0.700
     Clock Rise Edge                 0.000
     + Clock Network Latency (Ideal) 0.000
     = Beginpoint Arrival Time       0.000
      -------------------------------------------------------------------------------
      Instance                       Arc          Cell      Retime  Arrival  Required  
                                                            Delay   Time     Time  
      -------------------------------------------------------------------------------
      o_reg_addr_reg_2_              CK ^         -         -       0.000    -0.683  
      o_reg_addr_reg_2_              CK ^ -> Q ^  SDFFRX1   0.309   0.309    -0.374  
      o_reg_addr_reg_2__scan_iso_or  -            AND2X1    0.000   0.309    -0.374  
      o_reg_addr_reg_2__scan_iso_or  A ^ -> Y ^   AND2X1    0.149   0.458    -0.225  
      U43                            -            NAND2BX1  0.000   0.458    -0.225  
      U43                            B ^ -> Y v   NAND2BX1  0.256   0.714    0.031  
      U6                             -            NOR2X2    0.000   0.714    0.031  
      U6                             A v -> Y ^   NOR2X2    0.229   0.942    0.260  
      U204                           -            NOR2BX2   0.000   0.942    0.260  
      U204                           AN ^ -> Y ^  NOR2BX2   0.257   1.200    0.517  
      U333                           -            AOI22X1   0.000   1.200    0.517  
      U333                           B0 ^ -> Y v  AOI22X1   0.122   1.322    0.639  
      U335                           -            AND4X1    0.000   1.322    0.639  
      U335                           C v -> Y v   AND4X1    0.100   1.422    0.739  
      U87                            -            OAI21X1   0.000   1.422    0.739  
      U87                            B0 v -> Y ^  OAI21X1   0.025   1.447    0.764  
      f32_mux_0_data_reg_6_          -            SDFFRX1   0.000   1.447    0.764  
      -------------------------------------------------------------------------------
Path 36: VIOLATED Setup Check with Pin f32_mux_0_data_reg_5_/CK 
Endpoint:   f32_mux_0_data_reg_5_/D (^) checked with  leading edge of 'clk'
Beginpoint: o_reg_addr_reg_2_/Q     (^) triggered by  leading edge of 'clk'
Path Groups: {clk}
Retime Analysis { Data Path-Slew SI }
Other End Arrival Time          0.000
- Setup                         0.236
+ Phase Shift                   1.000
= Required Time                 0.764
- Arrival Time                  1.447
= Slack Time                   -0.683
= Slack Time(original)         -0.700
     Clock Rise Edge                 0.000
     + Clock Network Latency (Ideal) 0.000
     = Beginpoint Arrival Time       0.000
      -------------------------------------------------------------------------------
      Instance                       Arc          Cell      Retime  Arrival  Required  
                                                            Delay   Time     Time  
      -------------------------------------------------------------------------------
      o_reg_addr_reg_2_              CK ^         -         -       0.000    -0.683  
      o_reg_addr_reg_2_              CK ^ -> Q ^  SDFFRX1   0.309   0.309    -0.374  
      o_reg_addr_reg_2__scan_iso_or  -            AND2X1    0.000   0.309    -0.374  
      o_reg_addr_reg_2__scan_iso_or  A ^ -> Y ^   AND2X1    0.149   0.458    -0.225  
      U43                            -            NAND2BX1  0.000   0.458    -0.225  
      U43                            B ^ -> Y v   NAND2BX1  0.256   0.714    0.031  
      U6                             -            NOR2X2    0.000   0.714    0.031  
      U6                             A v -> Y ^   NOR2X2    0.229   0.942    0.260  
      U204                           -            NOR2BX2   0.000   0.942    0.260  
      U204                           AN ^ -> Y ^  NOR2BX2   0.257   1.200    0.517  
      U353                           -            AOI22X1   0.000   1.200    0.517  
      U353                           B0 ^ -> Y v  AOI22X1   0.122   1.322    0.639  
      U354                           -            AND4X1    0.000   1.322    0.639  
      U354                           C v -> Y v   AND4X1    0.100   1.422    0.739  
      U88                            -            OAI21X1   0.000   1.422    0.739  
      U88                            B0 v -> Y ^  OAI21X1   0.025   1.447    0.764  
      f32_mux_0_data_reg_5_          -            SDFFRX1   0.000   1.447    0.764  
      -------------------------------------------------------------------------------
Path 37: VIOLATED Setup Check with Pin f32_mux_0_data_reg_4_/CK 
Endpoint:   f32_mux_0_data_reg_4_/D (^) checked with  leading edge of 'clk'
Beginpoint: o_reg_addr_reg_2_/Q     (^) triggered by  leading edge of 'clk'
Path Groups: {clk}
Retime Analysis { Data Path-Slew SI }
Other End Arrival Time          0.000
- Setup                         0.236
+ Phase Shift                   1.000
= Required Time                 0.764
- Arrival Time                  1.447
= Slack Time                   -0.683
= Slack Time(original)         -0.700
     Clock Rise Edge                 0.000
     + Clock Network Latency (Ideal) 0.000
     = Beginpoint Arrival Time       0.000
      -------------------------------------------------------------------------------
      Instance                       Arc          Cell      Retime  Arrival  Required  
                                                            Delay   Time     Time  
      -------------------------------------------------------------------------------
      o_reg_addr_reg_2_              CK ^         -         -       0.000    -0.683  
      o_reg_addr_reg_2_              CK ^ -> Q ^  SDFFRX1   0.309   0.309    -0.374  
      o_reg_addr_reg_2__scan_iso_or  -            AND2X1    0.000   0.309    -0.374  
      o_reg_addr_reg_2__scan_iso_or  A ^ -> Y ^   AND2X1    0.149   0.458    -0.225  
      U43                            -            NAND2BX1  0.000   0.458    -0.225  
      U43                            B ^ -> Y v   NAND2BX1  0.256   0.714    0.031  
      U6                             -            NOR2X2    0.000   0.714    0.031  
      U6                             A v -> Y ^   NOR2X2    0.229   0.942    0.260  
      U204                           -            NOR2BX2   0.000   0.942    0.260  
      U204                           AN ^ -> Y ^  NOR2BX2   0.257   1.200    0.517  
      U260                           -            AOI22X1   0.000   1.200    0.517  
      U260                           B0 ^ -> Y v  AOI22X1   0.122   1.322    0.639  
      U262                           -            AND4X1    0.000   1.322    0.639  
      U262                           C v -> Y v   AND4X1    0.100   1.422    0.739  
      U89                            -            OAI21X1   0.000   1.422    0.739  
      U89                            B0 v -> Y ^  OAI21X1   0.025   1.447    0.764  
      f32_mux_0_data_reg_4_          -            SDFFRX1   0.000   1.447    0.764  
      -------------------------------------------------------------------------------
Path 38: VIOLATED Setup Check with Pin f32_mux_0_data_reg_3_/CK 
Endpoint:   f32_mux_0_data_reg_3_/D (^) checked with  leading edge of 'clk'
Beginpoint: o_reg_addr_reg_2_/Q     (^) triggered by  leading edge of 'clk'
Path Groups: {clk}
Retime Analysis { Data Path-Slew SI }
Other End Arrival Time          0.000
- Setup                         0.236
+ Phase Shift                   1.000
= Required Time                 0.764
- Arrival Time                  1.447
= Slack Time                   -0.683
= Slack Time(original)         -0.700
     Clock Rise Edge                 0.000
     + Clock Network Latency (Ideal) 0.000
     = Beginpoint Arrival Time       0.000
      -------------------------------------------------------------------------------
      Instance                       Arc          Cell      Retime  Arrival  Required  
                                                            Delay   Time     Time  
      -------------------------------------------------------------------------------
      o_reg_addr_reg_2_              CK ^         -         -       0.000    -0.683  
      o_reg_addr_reg_2_              CK ^ -> Q ^  SDFFRX1   0.309   0.309    -0.374  
      o_reg_addr_reg_2__scan_iso_or  -            AND2X1    0.000   0.309    -0.374  
      o_reg_addr_reg_2__scan_iso_or  A ^ -> Y ^   AND2X1    0.149   0.458    -0.225  
      U43                            -            NAND2BX1  0.000   0.458    -0.225  
      U43                            B ^ -> Y v   NAND2BX1  0.256   0.714    0.031  
      U6                             -            NOR2X2    0.000   0.714    0.031  
      U6                             A v -> Y ^   NOR2X2    0.229   0.942    0.260  
      U204                           -            NOR2BX2   0.000   0.942    0.260  
      U204                           AN ^ -> Y ^  NOR2BX2   0.257   1.200    0.517  
      U251                           -            AOI22X1   0.000   1.200    0.517  
      U251                           B0 ^ -> Y v  AOI22X1   0.122   1.322    0.639  
      U253                           -            AND4X1    0.000   1.322    0.639  
      U253                           C v -> Y v   AND4X1    0.100   1.422    0.739  
      U90                            -            OAI21X1   0.000   1.422    0.739  
      U90                            B0 v -> Y ^  OAI21X1   0.025   1.447    0.764  
      f32_mux_0_data_reg_3_          -            SDFFRX1   0.000   1.447    0.764  
      -------------------------------------------------------------------------------
Path 39: VIOLATED Setup Check with Pin f32_mux_0_data_reg_19_/CK 
Endpoint:   f32_mux_0_data_reg_19_/D (^) checked with  leading edge of 'clk'
Beginpoint: o_reg_addr_reg_2_/Q      (^) triggered by  leading edge of 'clk'
Path Groups: {clk}
Retime Analysis { Data Path-Slew SI }
Other End Arrival Time          0.000
- Setup                         0.234
+ Phase Shift                   1.000
= Required Time                 0.766
- Arrival Time                  1.436
= Slack Time                   -0.670
= Slack Time(original)         -0.704
     Clock Rise Edge                 0.000
     + Clock Network Latency (Ideal) 0.000
     = Beginpoint Arrival Time       0.000
      -------------------------------------------------------------------------------
      Instance                       Arc          Cell      Retime  Arrival  Required  
                                                            Delay   Time     Time  
      -------------------------------------------------------------------------------
      o_reg_addr_reg_2_              CK ^         -         -       0.000    -0.670  
      o_reg_addr_reg_2_              CK ^ -> Q ^  SDFFRX1   0.309   0.309    -0.361  
      o_reg_addr_reg_2__scan_iso_or  -            AND2X1    0.000   0.309    -0.361  
      o_reg_addr_reg_2__scan_iso_or  A ^ -> Y ^   AND2X1    0.149   0.458    -0.212  
      U43                            -            NAND2BX1  0.000   0.458    -0.212  
      U43                            B ^ -> Y v   NAND2BX1  0.256   0.714    0.044  
      U35                            -            NOR2X1    0.000   0.714    0.044  
      U35                            A v -> Y ^   NOR2X1    0.182   0.896    0.226  
      U9                             -            AND2X4    0.000   0.896    0.226  
      U9                             A ^ -> Y ^   AND2X4    0.181   1.077    0.407  
      U52                            -            BUFX2     0.000   1.077    0.407  
      U52                            A ^ -> Y ^   BUFX2     0.123   1.200    0.530  
      U811                           -            AOI22X1   0.000   1.200    0.530  
      U811                           B0 ^ -> Y v  AOI22X1   0.071   1.271    0.601  
      U812_INV                       -            INVX1     0.000   1.271    0.601  
      U812_INV                       A v -> Y ^   INVX1     0.040   1.310    0.641  
      U812                           -            AO21X1    0.000   1.310    0.641  
      U812                           B0 ^ -> Y ^  AO21X1    0.068   1.378    0.709  
      U813                           -            AOI21X1   0.000   1.378    0.709  
      U813                           B0 ^ -> Y v  AOI21X1   0.028   1.407    0.737  
      U97                            -            NAND3X1   0.000   1.407    0.737  
      U97                            C v -> Y ^   NAND3X1   0.029   1.436    0.766  
      f32_mux_0_data_reg_19_         -            SDFFRX1   0.000   1.436    0.766  
      -------------------------------------------------------------------------------
Path 40: VIOLATED Setup Check with Pin f32_mux_0_data_reg_20_/CK 
Endpoint:   f32_mux_0_data_reg_20_/D (^) checked with  leading edge of 'clk'
Beginpoint: o_reg_addr_reg_2_/Q      (^) triggered by  leading edge of 'clk'
Path Groups: {clk}
Retime Analysis { Data Path-Slew SI }
Other End Arrival Time          0.000
- Setup                         0.234
+ Phase Shift                   1.000
= Required Time                 0.766
- Arrival Time                  1.436
= Slack Time                   -0.670
= Slack Time(original)         -0.704
     Clock Rise Edge                 0.000
     + Clock Network Latency (Ideal) 0.000
     = Beginpoint Arrival Time       0.000
      -------------------------------------------------------------------------------
      Instance                       Arc          Cell      Retime  Arrival  Required  
                                                            Delay   Time     Time  
      -------------------------------------------------------------------------------
      o_reg_addr_reg_2_              CK ^         -         -       0.000    -0.670  
      o_reg_addr_reg_2_              CK ^ -> Q ^  SDFFRX1   0.309   0.309    -0.361  
      o_reg_addr_reg_2__scan_iso_or  -            AND2X1    0.000   0.309    -0.361  
      o_reg_addr_reg_2__scan_iso_or  A ^ -> Y ^   AND2X1    0.149   0.458    -0.212  
      U43                            -            NAND2BX1  0.000   0.458    -0.212  
      U43                            B ^ -> Y v   NAND2BX1  0.256   0.714    0.044  
      U35                            -            NOR2X1    0.000   0.714    0.044  
      U35                            A v -> Y ^   NOR2X1    0.182   0.896    0.226  
      U9                             -            AND2X4    0.000   0.896    0.226  
      U9                             A ^ -> Y ^   AND2X4    0.181   1.077    0.407  
      U52                            -            BUFX2     0.000   1.077    0.407  
      U52                            A ^ -> Y ^   BUFX2     0.123   1.200    0.530  
      U820                           -            AOI22X1   0.000   1.200    0.530  
      U820                           B0 ^ -> Y v  AOI22X1   0.071   1.271    0.601  
      U821_INV                       -            INVX1     0.000   1.271    0.601  
      U821_INV                       A v -> Y ^   INVX1     0.040   1.310    0.641  
      U821                           -            AO21X1    0.000   1.310    0.641  
      U821                           B0 ^ -> Y ^  AO21X1    0.068   1.378    0.709  
      U822                           -            AOI21X1   0.000   1.378    0.709  
      U822                           B0 ^ -> Y v  AOI21X1   0.028   1.407    0.737  
      U98                            -            NAND3X1   0.000   1.407    0.737  
      U98                            C v -> Y ^   NAND3X1   0.029   1.436    0.766  
      f32_mux_0_data_reg_20_         -            SDFFRX1   0.000   1.436    0.766  
      -------------------------------------------------------------------------------
Path 41: VIOLATED Setup Check with Pin f32_mux_0_data_reg_21_/CK 
Endpoint:   f32_mux_0_data_reg_21_/D (^) checked with  leading edge of 'clk'
Beginpoint: o_reg_addr_reg_2_/Q      (^) triggered by  leading edge of 'clk'
Path Groups: {clk}
Retime Analysis { Data Path-Slew SI }
Other End Arrival Time          0.000
- Setup                         0.234
+ Phase Shift                   1.000
= Required Time                 0.766
- Arrival Time                  1.436
= Slack Time                   -0.670
= Slack Time(original)         -0.704
     Clock Rise Edge                 0.000
     + Clock Network Latency (Ideal) 0.000
     = Beginpoint Arrival Time       0.000
      -------------------------------------------------------------------------------
      Instance                       Arc          Cell      Retime  Arrival  Required  
                                                            Delay   Time     Time  
      -------------------------------------------------------------------------------
      o_reg_addr_reg_2_              CK ^         -         -       0.000    -0.670  
      o_reg_addr_reg_2_              CK ^ -> Q ^  SDFFRX1   0.309   0.309    -0.361  
      o_reg_addr_reg_2__scan_iso_or  -            AND2X1    0.000   0.309    -0.361  
      o_reg_addr_reg_2__scan_iso_or  A ^ -> Y ^   AND2X1    0.149   0.458    -0.212  
      U43                            -            NAND2BX1  0.000   0.458    -0.212  
      U43                            B ^ -> Y v   NAND2BX1  0.256   0.714    0.044  
      U35                            -            NOR2X1    0.000   0.714    0.044  
      U35                            A v -> Y ^   NOR2X1    0.182   0.896    0.226  
      U9                             -            AND2X4    0.000   0.896    0.226  
      U9                             A ^ -> Y ^   AND2X4    0.181   1.077    0.407  
      U52                            -            BUFX2     0.000   1.077    0.407  
      U52                            A ^ -> Y ^   BUFX2     0.123   1.200    0.530  
      U443                           -            AOI22X1   0.000   1.200    0.530  
      U443                           B0 ^ -> Y v  AOI22X1   0.071   1.271    0.601  
      U186_INV                       -            INVX1     0.000   1.271    0.601  
      U186_INV                       A v -> Y ^   INVX1     0.040   1.310    0.641  
      U186                           -            AO21X1    0.000   1.310    0.641  
      U186                           B0 ^ -> Y ^  AO21X1    0.068   1.378    0.709  
      U444                           -            AOI21X1   0.000   1.378    0.709  
      U444                           B0 ^ -> Y v  AOI21X1   0.028   1.407    0.737  
      U99                            -            NAND3X1   0.000   1.407    0.737  
      U99                            C v -> Y ^   NAND3X1   0.029   1.436    0.766  
      f32_mux_0_data_reg_21_         -            SDFFRX1   0.000   1.436    0.766  
      -------------------------------------------------------------------------------
Path 42: VIOLATED Setup Check with Pin f32_mux_0_data_reg_22_/CK 
Endpoint:   f32_mux_0_data_reg_22_/D (^) checked with  leading edge of 'clk'
Beginpoint: o_reg_addr_reg_2_/Q      (^) triggered by  leading edge of 'clk'
Path Groups: {clk}
Retime Analysis { Data Path-Slew SI }
Other End Arrival Time          0.000
- Setup                         0.234
+ Phase Shift                   1.000
= Required Time                 0.766
- Arrival Time                  1.436
= Slack Time                   -0.670
= Slack Time(original)         -0.704
     Clock Rise Edge                 0.000
     + Clock Network Latency (Ideal) 0.000
     = Beginpoint Arrival Time       0.000
      -------------------------------------------------------------------------------
      Instance                       Arc          Cell      Retime  Arrival  Required  
                                                            Delay   Time     Time  
      -------------------------------------------------------------------------------
      o_reg_addr_reg_2_              CK ^         -         -       0.000    -0.670  
      o_reg_addr_reg_2_              CK ^ -> Q ^  SDFFRX1   0.309   0.309    -0.361  
      o_reg_addr_reg_2__scan_iso_or  -            AND2X1    0.000   0.309    -0.361  
      o_reg_addr_reg_2__scan_iso_or  A ^ -> Y ^   AND2X1    0.149   0.458    -0.212  
      U43                            -            NAND2BX1  0.000   0.458    -0.212  
      U43                            B ^ -> Y v   NAND2BX1  0.256   0.714    0.044  
      U35                            -            NOR2X1    0.000   0.714    0.044  
      U35                            A v -> Y ^   NOR2X1    0.182   0.896    0.226  
      U9                             -            AND2X4    0.000   0.896    0.226  
      U9                             A ^ -> Y ^   AND2X4    0.181   1.077    0.407  
      U52                            -            BUFX2     0.000   1.077    0.407  
      U52                            A ^ -> Y ^   BUFX2     0.123   1.200    0.530  
      U452                           -            AOI22X1   0.000   1.200    0.530  
      U452                           B0 ^ -> Y v  AOI22X1   0.071   1.271    0.601  
      U453_INV                       -            INVX1     0.000   1.271    0.601  
      U453_INV                       A v -> Y ^   INVX1     0.040   1.310    0.641  
      U453                           -            AO21X1    0.000   1.310    0.641  
      U453                           B0 ^ -> Y ^  AO21X1    0.068   1.378    0.709  
      U454                           -            AOI21X1   0.000   1.378    0.709  
      U454                           B0 ^ -> Y v  AOI21X1   0.028   1.407    0.737  
      U100                           -            NAND3X1   0.000   1.407    0.737  
      U100                           C v -> Y ^   NAND3X1   0.029   1.436    0.766  
      f32_mux_0_data_reg_22_         -            SDFFRX1   0.000   1.436    0.766  
      -------------------------------------------------------------------------------
Path 43: VIOLATED Setup Check with Pin f32_mux_0_data_reg_23_/CK 
Endpoint:   f32_mux_0_data_reg_23_/D (^) checked with  leading edge of 'clk'
Beginpoint: o_reg_addr_reg_2_/Q      (^) triggered by  leading edge of 'clk'
Path Groups: {clk}
Retime Analysis { Data Path-Slew SI }
Other End Arrival Time          0.000
- Setup                         0.234
+ Phase Shift                   1.000
= Required Time                 0.766
- Arrival Time                  1.436
= Slack Time                   -0.670
= Slack Time(original)         -0.704
     Clock Rise Edge                 0.000
     + Clock Network Latency (Ideal) 0.000
     = Beginpoint Arrival Time       0.000
      -------------------------------------------------------------------------------
      Instance                       Arc          Cell      Retime  Arrival  Required  
                                                            Delay   Time     Time  
      -------------------------------------------------------------------------------
      o_reg_addr_reg_2_              CK ^         -         -       0.000    -0.670  
      o_reg_addr_reg_2_              CK ^ -> Q ^  SDFFRX1   0.309   0.309    -0.361  
      o_reg_addr_reg_2__scan_iso_or  -            AND2X1    0.000   0.309    -0.361  
      o_reg_addr_reg_2__scan_iso_or  A ^ -> Y ^   AND2X1    0.149   0.458    -0.212  
      U43                            -            NAND2BX1  0.000   0.458    -0.212  
      U43                            B ^ -> Y v   NAND2BX1  0.256   0.714    0.044  
      U35                            -            NOR2X1    0.000   0.714    0.044  
      U35                            A v -> Y ^   NOR2X1    0.182   0.896    0.226  
      U9                             -            AND2X4    0.000   0.896    0.226  
      U9                             A ^ -> Y ^   AND2X4    0.181   1.077    0.407  
      U52                            -            BUFX2     0.000   1.077    0.407  
      U52                            A ^ -> Y ^   BUFX2     0.123   1.200    0.530  
      U793                           -            AOI22X1   0.000   1.200    0.530  
      U793                           B0 ^ -> Y v  AOI22X1   0.071   1.271    0.601  
      U794_INV                       -            INVX1     0.000   1.271    0.601  
      U794_INV                       A v -> Y ^   INVX1     0.040   1.310    0.641  
      U794                           -            AO21X1    0.000   1.310    0.641  
      U794                           B0 ^ -> Y ^  AO21X1    0.068   1.378    0.709  
      U102                           -            AOI21X1   0.000   1.378    0.709  
      U102                           B0 ^ -> Y v  AOI21X1   0.028   1.407    0.737  
      U101                           -            NAND3X1   0.000   1.407    0.737  
      U101                           C v -> Y ^   NAND3X1   0.029   1.436    0.766  
      f32_mux_0_data_reg_23_         -            SDFFRX1   0.000   1.436    0.766  
      -------------------------------------------------------------------------------
Path 44: VIOLATED Setup Check with Pin f32_mux_1_data_reg_23_/CK 
Endpoint:   f32_mux_1_data_reg_23_/D (^) checked with  leading edge of 'clk'
Beginpoint: o_reg_addr_reg_2_/Q      (^) triggered by  leading edge of 'clk'
Path Groups: {clk}
Retime Analysis { Data Path-Slew SI }
Other End Arrival Time          0.000
- Setup                         0.235
+ Phase Shift                   1.000
= Required Time                 0.765
- Arrival Time                  1.403
= Slack Time                   -0.638
= Slack Time(original)         -0.653
     Clock Rise Edge                 0.000
     + Clock Network Latency (Ideal) 0.000
     = Beginpoint Arrival Time       0.000
      -------------------------------------------------------------------------------
      Instance                       Arc          Cell      Retime  Arrival  Required  
                                                            Delay   Time     Time  
      -------------------------------------------------------------------------------
      o_reg_addr_reg_2_              CK ^         -         -       0.000    -0.638  
      o_reg_addr_reg_2_              CK ^ -> Q ^  SDFFRX1   0.309   0.309    -0.329  
      o_reg_addr_reg_2__scan_iso_or  -            AND2X1    0.000   0.309    -0.329  
      o_reg_addr_reg_2__scan_iso_or  A ^ -> Y ^   AND2X1    0.149   0.458    -0.180  
      U43                            -            NAND2BX1  0.000   0.458    -0.180  
      U43                            B ^ -> Y v   NAND2BX1  0.256   0.714    0.075  
      U31                            -            NOR2X2    0.000   0.714    0.075  
      U31                            A v -> Y ^   NOR2X2    0.206   0.919    0.281  
      U466                           -            AND2X2    0.000   0.919    0.281  
      U466                           B ^ -> Y ^   AND2X2    0.232   1.151    0.513  
      U467                           -            AOI22X1   0.000   1.151    0.513  
      U467                           B0 ^ -> Y v  AOI22X1   0.093   1.244    0.606  
      U468                           -            NAND4X1   0.000   1.244    0.606  
      U468                           D v -> Y ^   NAND4X1   0.049   1.293    0.654  
      U480                           -            AOI21X1   0.000   1.293    0.654  
      U480                           A1 ^ -> Y v  AOI21X1   0.064   1.357    0.719  
      U115                           -            NAND3X1   0.000   1.357    0.719  
      U115                           B v -> Y ^   NAND3X1   0.046   1.403    0.765  
      f32_mux_1_data_reg_23_         -            SDFFRX1   0.000   1.403    0.765  
      -------------------------------------------------------------------------------
Path 45: VIOLATED Setup Check with Pin f32_mux_1_data_reg_9_/CK 
Endpoint:   f32_mux_1_data_reg_9_/D (^) checked with  leading edge of 'clk'
Beginpoint: o_reg_addr_reg_2_/Q     (^) triggered by  leading edge of 'clk'
Path Groups: {clk}
Retime Analysis { Data Path-Slew SI }
Other End Arrival Time          0.000
- Setup                         0.235
+ Phase Shift                   1.000
= Required Time                 0.765
- Arrival Time                  1.403
= Slack Time                   -0.638
= Slack Time(original)         -0.653
     Clock Rise Edge                 0.000
     + Clock Network Latency (Ideal) 0.000
     = Beginpoint Arrival Time       0.000
      -------------------------------------------------------------------------------
      Instance                       Arc          Cell      Retime  Arrival  Required  
                                                            Delay   Time     Time  
      -------------------------------------------------------------------------------
      o_reg_addr_reg_2_              CK ^         -         -       0.000    -0.638  
      o_reg_addr_reg_2_              CK ^ -> Q ^  SDFFRX1   0.309   0.309    -0.329  
      o_reg_addr_reg_2__scan_iso_or  -            AND2X1    0.000   0.309    -0.329  
      o_reg_addr_reg_2__scan_iso_or  A ^ -> Y ^   AND2X1    0.149   0.458    -0.180  
      U43                            -            NAND2BX1  0.000   0.458    -0.180  
      U43                            B ^ -> Y v   NAND2BX1  0.256   0.714    0.075  
      U31                            -            NOR2X2    0.000   0.714    0.075  
      U31                            A v -> Y ^   NOR2X2    0.206   0.919    0.281  
      U466                           -            AND2X2    0.000   0.919    0.281  
      U466                           B ^ -> Y ^   AND2X2    0.232   1.151    0.513  
      U746                           -            AOI22X1   0.000   1.151    0.513  
      U746                           B0 ^ -> Y v  AOI22X1   0.093   1.244    0.606  
      U747                           -            NAND4X1   0.000   1.244    0.606  
      U747                           D v -> Y ^   NAND4X1   0.049   1.293    0.654  
      U753                           -            AOI21X1   0.000   1.293    0.654  
      U753                           A1 ^ -> Y v  AOI21X1   0.064   1.357    0.719  
      U143                           -            NAND3X1   0.000   1.357    0.719  
      U143                           B v -> Y ^   NAND3X1   0.046   1.403    0.765  
      f32_mux_1_data_reg_9_          -            SDFFRX1   0.000   1.403    0.765  
      -------------------------------------------------------------------------------
Path 46: VIOLATED Setup Check with Pin f32_mux_1_data_reg_0_/CK 
Endpoint:   f32_mux_1_data_reg_0_/D (^) checked with  leading edge of 'clk'
Beginpoint: o_reg_addr_reg_2_/Q     (^) triggered by  leading edge of 'clk'
Path Groups: {clk}
Retime Analysis { Data Path-Slew SI }
Other End Arrival Time          0.000
- Setup                         0.235
+ Phase Shift                   1.000
= Required Time                 0.765
- Arrival Time                  1.403
= Slack Time                   -0.638
= Slack Time(original)         -0.653
     Clock Rise Edge                 0.000
     + Clock Network Latency (Ideal) 0.000
     = Beginpoint Arrival Time       0.000
      -------------------------------------------------------------------------------
      Instance                       Arc          Cell      Retime  Arrival  Required  
                                                            Delay   Time     Time  
      -------------------------------------------------------------------------------
      o_reg_addr_reg_2_              CK ^         -         -       0.000    -0.638  
      o_reg_addr_reg_2_              CK ^ -> Q ^  SDFFRX1   0.309   0.309    -0.329  
      o_reg_addr_reg_2__scan_iso_or  -            AND2X1    0.000   0.309    -0.329  
      o_reg_addr_reg_2__scan_iso_or  A ^ -> Y ^   AND2X1    0.149   0.458    -0.180  
      U43                            -            NAND2BX1  0.000   0.458    -0.180  
      U43                            B ^ -> Y v   NAND2BX1  0.256   0.714    0.075  
      U31                            -            NOR2X2    0.000   0.714    0.075  
      U31                            A v -> Y ^   NOR2X2    0.206   0.919    0.281  
      U466                           -            AND2X2    0.000   0.919    0.281  
      U466                           B ^ -> Y ^   AND2X2    0.232   1.151    0.513  
      U663                           -            AOI22X1   0.000   1.151    0.513  
      U663                           B0 ^ -> Y v  AOI22X1   0.093   1.244    0.606  
      U664                           -            NAND4X1   0.000   1.244    0.606  
      U664                           D v -> Y ^   NAND4X1   0.049   1.293    0.654  
      U670                           -            AOI21X1   0.000   1.293    0.654  
      U670                           A1 ^ -> Y v  AOI21X1   0.064   1.357    0.719  
      U159                           -            NAND3X1   0.000   1.357    0.719  
      U159                           B v -> Y ^   NAND3X1   0.046   1.403    0.765  
      f32_mux_1_data_reg_0_          -            SDFFRX1   0.000   1.403    0.765  
      -------------------------------------------------------------------------------
Path 47: VIOLATED Setup Check with Pin f32_mux_0_data_reg_24_/CK 
Endpoint:   f32_mux_0_data_reg_24_/D (^) checked with  leading edge of 'clk'
Beginpoint: o_reg_addr_reg_2_/Q      (^) triggered by  leading edge of 'clk'
Path Groups: {clk}
Retime Analysis { Data Path-Slew SI }
Other End Arrival Time          0.000
- Setup                         0.249
+ Phase Shift                   1.000
= Required Time                 0.751
- Arrival Time                  1.383
= Slack Time                   -0.633
= Slack Time(original)         -0.647
     Clock Rise Edge                 0.000
     + Clock Network Latency (Ideal) 0.000
     = Beginpoint Arrival Time       0.000
      -------------------------------------------------------------------------------
      Instance                       Arc          Cell      Retime  Arrival  Required  
                                                            Delay   Time     Time  
      -------------------------------------------------------------------------------
      o_reg_addr_reg_2_              CK ^         -         -       0.000    -0.633  
      o_reg_addr_reg_2_              CK ^ -> Q ^  SDFFRX1   0.309   0.309    -0.324  
      o_reg_addr_reg_2__scan_iso_or  -            AND2X1    0.000   0.309    -0.324  
      o_reg_addr_reg_2__scan_iso_or  A ^ -> Y ^   AND2X1    0.149   0.458    -0.175  
      U43                            -            NAND2BX1  0.000   0.458    -0.175  
      U43                            B ^ -> Y v   NAND2BX1  0.256   0.714    0.081  
      U197                           -            NOR2X2    0.000   0.714    0.081  
      U197                           A v -> Y ^   NOR2X2    0.203   0.916    0.283  
      U21                            -            BUFX2     0.000   0.916    0.283  
      U21                            A ^ -> Y ^   BUFX2     0.175   1.091    0.458  
      U208                           -            AO22X1    0.000   1.091    0.458  
      U208                           A0 ^ -> Y ^  AO22X1    0.199   1.290    0.657  
      U209                           -            AOI21X1   0.000   1.290    0.657  
      U209                           B0 ^ -> Y v  AOI21X1   0.036   1.326    0.693  
      U212                           -            OAI211X1  0.000   1.326    0.693  
      U212                           A1 v -> Y ^  OAI211X1  0.057   1.383    0.751  
      f32_mux_0_data_reg_24_         -            SDFFRX1   0.000   1.383    0.751  
      -------------------------------------------------------------------------------
Path 48: VIOLATED Setup Check with Pin f32_mux_0_data_reg_25_/CK 
Endpoint:   f32_mux_0_data_reg_25_/D (^) checked with  leading edge of 'clk'
Beginpoint: o_reg_addr_reg_2_/Q      (^) triggered by  leading edge of 'clk'
Path Groups: {clk}
Retime Analysis { Data Path-Slew SI }
Other End Arrival Time          0.000
- Setup                         0.249
+ Phase Shift                   1.000
= Required Time                 0.751
- Arrival Time                  1.383
= Slack Time                   -0.633
= Slack Time(original)         -0.647
     Clock Rise Edge                 0.000
     + Clock Network Latency (Ideal) 0.000
     = Beginpoint Arrival Time       0.000
      -------------------------------------------------------------------------------
      Instance                       Arc          Cell      Retime  Arrival  Required  
                                                            Delay   Time     Time  
      -------------------------------------------------------------------------------
      o_reg_addr_reg_2_              CK ^         -         -       0.000    -0.633  
      o_reg_addr_reg_2_              CK ^ -> Q ^  SDFFRX1   0.309   0.309    -0.324  
      o_reg_addr_reg_2__scan_iso_or  -            AND2X1    0.000   0.309    -0.324  
      o_reg_addr_reg_2__scan_iso_or  A ^ -> Y ^   AND2X1    0.149   0.458    -0.175  
      U43                            -            NAND2BX1  0.000   0.458    -0.175  
      U43                            B ^ -> Y v   NAND2BX1  0.256   0.714    0.081  
      U197                           -            NOR2X2    0.000   0.714    0.081  
      U197                           A v -> Y ^   NOR2X2    0.203   0.916    0.283  
      U21                            -            BUFX2     0.000   0.916    0.283  
      U21                            A ^ -> Y ^   BUFX2     0.175   1.091    0.458  
      U218                           -            AO22X1    0.000   1.091    0.458  
      U218                           A0 ^ -> Y ^  AO22X1    0.199   1.290    0.657  
      U219                           -            AOI21X1   0.000   1.290    0.657  
      U219                           B0 ^ -> Y v  AOI21X1   0.036   1.326    0.693  
      U222                           -            OAI211X1  0.000   1.326    0.693  
      U222                           A1 v -> Y ^  OAI211X1  0.057   1.383    0.751  
      f32_mux_0_data_reg_25_         -            SDFFRX1   0.000   1.383    0.751  
      -------------------------------------------------------------------------------
Path 49: VIOLATED Setup Check with Pin f32_mux_0_data_reg_26_/CK 
Endpoint:   f32_mux_0_data_reg_26_/D (^) checked with  leading edge of 'clk'
Beginpoint: o_reg_addr_reg_2_/Q      (^) triggered by  leading edge of 'clk'
Path Groups: {clk}
Retime Analysis { Data Path-Slew SI }
Other End Arrival Time          0.000
- Setup                         0.249
+ Phase Shift                   1.000
= Required Time                 0.751
- Arrival Time                  1.383
= Slack Time                   -0.633
= Slack Time(original)         -0.647
     Clock Rise Edge                 0.000
     + Clock Network Latency (Ideal) 0.000
     = Beginpoint Arrival Time       0.000
      -------------------------------------------------------------------------------
      Instance                       Arc          Cell      Retime  Arrival  Required  
                                                            Delay   Time     Time  
      -------------------------------------------------------------------------------
      o_reg_addr_reg_2_              CK ^         -         -       0.000    -0.633  
      o_reg_addr_reg_2_              CK ^ -> Q ^  SDFFRX1   0.309   0.309    -0.324  
      o_reg_addr_reg_2__scan_iso_or  -            AND2X1    0.000   0.309    -0.324  
      o_reg_addr_reg_2__scan_iso_or  A ^ -> Y ^   AND2X1    0.149   0.458    -0.175  
      U43                            -            NAND2BX1  0.000   0.458    -0.175  
      U43                            B ^ -> Y v   NAND2BX1  0.256   0.714    0.081  
      U197                           -            NOR2X2    0.000   0.714    0.081  
      U197                           A v -> Y ^   NOR2X2    0.203   0.916    0.283  
      U21                            -            BUFX2     0.000   0.916    0.283  
      U21                            A ^ -> Y ^   BUFX2     0.175   1.091    0.458  
      U213                           -            AO22X1    0.000   1.091    0.458  
      U213                           A0 ^ -> Y ^  AO22X1    0.199   1.290    0.657  
      U214                           -            AOI21X1   0.000   1.290    0.657  
      U214                           B0 ^ -> Y v  AOI21X1   0.036   1.326    0.693  
      U217                           -            OAI211X1  0.000   1.326    0.693  
      U217                           A1 v -> Y ^  OAI211X1  0.057   1.383    0.751  
      f32_mux_0_data_reg_26_         -            SDFFRX1   0.000   1.383    0.751  
      -------------------------------------------------------------------------------
Path 50: VIOLATED Setup Check with Pin f32_mux_0_data_reg_16_/CK 
Endpoint:   f32_mux_0_data_reg_16_/D (^) checked with  leading edge of 'clk'
Beginpoint: o_reg_addr_reg_2_/Q      (^) triggered by  leading edge of 'clk'
Path Groups: {clk}
Retime Analysis { Data Path-Slew SI }
Other End Arrival Time          0.000
- Setup                         0.234
+ Phase Shift                   1.000
= Required Time                 0.766
- Arrival Time                  1.384
= Slack Time                   -0.618
= Slack Time(original)         -0.621
     Clock Rise Edge                 0.000
     + Clock Network Latency (Ideal) 0.000
     = Beginpoint Arrival Time       0.000
      -------------------------------------------------------------------------------
      Instance                       Arc          Cell      Retime  Arrival  Required  
                                                            Delay   Time     Time  
      -------------------------------------------------------------------------------
      o_reg_addr_reg_2_              CK ^         -         -       0.000    -0.618  
      o_reg_addr_reg_2_              CK ^ -> Q ^  SDFFRX1   0.309   0.309    -0.309  
      o_reg_addr_reg_2__scan_iso_or  -            AND2X1    0.000   0.309    -0.309  
      o_reg_addr_reg_2__scan_iso_or  A ^ -> Y ^   AND2X1    0.149   0.458    -0.160  
      U43                            -            NAND2BX1  0.000   0.458    -0.160  
      U43                            B ^ -> Y v   NAND2BX1  0.256   0.714    0.096  
      U197                           -            NOR2X2    0.000   0.714    0.096  
      U197                           A v -> Y ^   NOR2X2    0.203   0.916    0.298  
      U21                            -            BUFX2     0.000   0.916    0.298  
      U21                            A ^ -> Y ^   BUFX2     0.175   1.091    0.473  
      U826                           -            AOI22X1   0.000   1.091    0.473  
      U826                           A0 ^ -> Y v  AOI22X1   0.118   1.209    0.591  
      U829                           -            NAND4X1   0.000   1.209    0.591  
      U829                           B v -> Y ^   NAND4X1   0.063   1.272    0.654  
      U832                           -            AOI21X1   0.000   1.272    0.654  
      U832                           A1 ^ -> Y v  AOI21X1   0.067   1.339    0.721  
      U93                            -            NAND3X1   0.000   1.339    0.721  
      U93                            C v -> Y ^   NAND3X1   0.045   1.384    0.766  
      f32_mux_0_data_reg_16_         -            SDFFRX1   0.000   1.384    0.766  
      -------------------------------------------------------------------------------
Path 51: VIOLATED Setup Check with Pin f32_mux_0_data_reg_17_/CK 
Endpoint:   f32_mux_0_data_reg_17_/D (^) checked with  leading edge of 'clk'
Beginpoint: o_reg_addr_reg_2_/Q      (^) triggered by  leading edge of 'clk'
Path Groups: {clk}
Retime Analysis { Data Path-Slew SI }
Other End Arrival Time          0.000
- Setup                         0.234
+ Phase Shift                   1.000
= Required Time                 0.766
- Arrival Time                  1.384
= Slack Time                   -0.618
= Slack Time(original)         -0.621
     Clock Rise Edge                 0.000
     + Clock Network Latency (Ideal) 0.000
     = Beginpoint Arrival Time       0.000
      -------------------------------------------------------------------------------
      Instance                       Arc          Cell      Retime  Arrival  Required  
                                                            Delay   Time     Time  
      -------------------------------------------------------------------------------
      o_reg_addr_reg_2_              CK ^         -         -       0.000    -0.618  
      o_reg_addr_reg_2_              CK ^ -> Q ^  SDFFRX1   0.309   0.309    -0.309  
      o_reg_addr_reg_2__scan_iso_or  -            AND2X1    0.000   0.309    -0.309  
      o_reg_addr_reg_2__scan_iso_or  A ^ -> Y ^   AND2X1    0.149   0.458    -0.160  
      U43                            -            NAND2BX1  0.000   0.458    -0.160  
      U43                            B ^ -> Y v   NAND2BX1  0.256   0.714    0.096  
      U197                           -            NOR2X2    0.000   0.714    0.096  
      U197                           A v -> Y ^   NOR2X2    0.203   0.916    0.298  
      U21                            -            BUFX2     0.000   0.916    0.298  
      U21                            A ^ -> Y ^   BUFX2     0.175   1.091    0.473  
      U165                           -            AOI22X1   0.000   1.091    0.473  
      U165                           A0 ^ -> Y v  AOI22X1   0.118   1.209    0.591  
      U431                           -            NAND4X1   0.000   1.209    0.591  
      U431                           B v -> Y ^   NAND4X1   0.063   1.272    0.654  
      U435                           -            AOI21X1   0.000   1.272    0.654  
      U435                           A1 ^ -> Y v  AOI21X1   0.067   1.339    0.721  
      U94                            -            NAND3X1   0.000   1.339    0.721  
      U94                            C v -> Y ^   NAND3X1   0.045   1.384    0.766  
      f32_mux_0_data_reg_17_         -            SDFFRX1   0.000   1.384    0.766  
      -------------------------------------------------------------------------------
Path 52: VIOLATED Setup Check with Pin f32_mux_0_data_reg_18_/CK 
Endpoint:   f32_mux_0_data_reg_18_/D (^) checked with  leading edge of 'clk'
Beginpoint: o_reg_addr_reg_2_/Q      (^) triggered by  leading edge of 'clk'
Path Groups: {clk}
Retime Analysis { Data Path-Slew SI }
Other End Arrival Time          0.000
- Setup                         0.234
+ Phase Shift                   1.000
= Required Time                 0.766
- Arrival Time                  1.384
= Slack Time                   -0.618
= Slack Time(original)         -0.621
     Clock Rise Edge                 0.000
     + Clock Network Latency (Ideal) 0.000
     = Beginpoint Arrival Time       0.000
      -------------------------------------------------------------------------------
      Instance                       Arc          Cell      Retime  Arrival  Required  
                                                            Delay   Time     Time  
      -------------------------------------------------------------------------------
      o_reg_addr_reg_2_              CK ^         -         -       0.000    -0.618  
      o_reg_addr_reg_2_              CK ^ -> Q ^  SDFFRX1   0.309   0.309    -0.309  
      o_reg_addr_reg_2__scan_iso_or  -            AND2X1    0.000   0.309    -0.309  
      o_reg_addr_reg_2__scan_iso_or  A ^ -> Y ^   AND2X1    0.149   0.458    -0.160  
      U43                            -            NAND2BX1  0.000   0.458    -0.160  
      U43                            B ^ -> Y v   NAND2BX1  0.256   0.714    0.096  
      U197                           -            NOR2X2    0.000   0.714    0.096  
      U197                           A v -> Y ^   NOR2X2    0.203   0.916    0.298  
      U21                            -            BUFX2     0.000   0.916    0.298  
      U21                            A ^ -> Y ^   BUFX2     0.175   1.091    0.473  
      U798                           -            AOI22X1   0.000   1.091    0.473  
      U798                           A0 ^ -> Y v  AOI22X1   0.118   1.209    0.591  
      U801                           -            NAND4X1   0.000   1.209    0.591  
      U801                           B v -> Y ^   NAND4X1   0.063   1.272    0.654  
      U96                            -            AOI21X1   0.000   1.272    0.654  
      U96                            A1 ^ -> Y v  AOI21X1   0.067   1.339    0.721  
      U95                            -            NAND3X1   0.000   1.339    0.721  
      U95                            C v -> Y ^   NAND3X1   0.045   1.384    0.766  
      f32_mux_0_data_reg_18_         -            SDFFRX1   0.000   1.384    0.766  
      -------------------------------------------------------------------------------
Path 53: VIOLATED Setup Check with Pin f32_mux_0_data_reg_0_/CK 
Endpoint:   f32_mux_0_data_reg_0_/D (^) checked with  leading edge of 'clk'
Beginpoint: o_reg_addr_reg_2_/Q     (^) triggered by  leading edge of 'clk'
Path Groups: {clk}
Retime Analysis { Data Path-Slew SI }
Other End Arrival Time          0.000
- Setup                         0.232
+ Phase Shift                   1.000
= Required Time                 0.768
- Arrival Time                  1.385
= Slack Time                   -0.617
= Slack Time(original)         -0.646
     Clock Rise Edge                 0.000
     + Clock Network Latency (Ideal) 0.000
     = Beginpoint Arrival Time       0.000
      -------------------------------------------------------------------------------
      Instance                       Arc          Cell      Retime  Arrival  Required  
                                                            Delay   Time     Time  
      -------------------------------------------------------------------------------
      o_reg_addr_reg_2_              CK ^         -         -       0.000    -0.617  
      o_reg_addr_reg_2_              CK ^ -> Q ^  SDFFRX1   0.309   0.309    -0.308  
      o_reg_addr_reg_2__scan_iso_or  -            AND2X1    0.000   0.309    -0.308  
      o_reg_addr_reg_2__scan_iso_or  A ^ -> Y ^   AND2X1    0.149   0.458    -0.159  
      U43                            -            NAND2BX1  0.000   0.458    -0.159  
      U43                            B ^ -> Y v   NAND2BX1  0.256   0.714    0.097  
      U31                            -            NOR2X2    0.000   0.714    0.097  
      U31                            A v -> Y ^   NOR2X2    0.206   0.919    0.302  
      U28                            -            BUFX4     0.000   0.919    0.302  
      U28                            A ^ -> Y ^   BUFX4     0.152   1.072    0.455  
      U835                           -            AOI22X1   0.000   1.072    0.455  
      U835                           B0 ^ -> Y v  AOI22X1   0.076   1.148    0.531  
      U836                           -            OAI211X1  0.000   1.148    0.531  
      U836                           C0 v -> Y ^  OAI211X1  0.047   1.195    0.578  
      U844                           -            OAI31X1   0.000   1.195    0.578  
      U844                           A0 ^ -> Y v  OAI31X1   0.083   1.277    0.660  
      U845_INV                       -            INVX1     0.000   1.277    0.660  
      U845_INV                       A v -> Y ^   INVX1     0.041   1.319    0.702  
      U845                           -            AO21X1    0.000   1.319    0.702  
      U845                           B0 ^ -> Y ^  AO21X1    0.066   1.385    0.768  
      f32_mux_0_data_reg_0_          -            SDFFRX1   0.000   1.385    0.768  
      -------------------------------------------------------------------------------
Path 54: VIOLATED Setup Check with Pin f32_mux_0_data_reg_2_/CK 
Endpoint:   f32_mux_0_data_reg_2_/D (^) checked with  leading edge of 'clk'
Beginpoint: o_reg_addr_reg_2_/Q     (^) triggered by  leading edge of 'clk'
Path Groups: {clk}
Retime Analysis { Data Path-Slew SI }
Other End Arrival Time          0.000
- Setup                         0.238
+ Phase Shift                   1.000
= Required Time                 0.762
- Arrival Time                  1.378
= Slack Time                   -0.617
= Slack Time(original)         -0.623
     Clock Rise Edge                 0.000
     + Clock Network Latency (Ideal) 0.000
     = Beginpoint Arrival Time       0.000
      -------------------------------------------------------------------------------
      Instance                       Arc          Cell      Retime  Arrival  Required  
                                                            Delay   Time     Time  
      -------------------------------------------------------------------------------
      o_reg_addr_reg_2_              CK ^         -         -       0.000    -0.617  
      o_reg_addr_reg_2_              CK ^ -> Q ^  SDFFRX1   0.309   0.309    -0.308  
      o_reg_addr_reg_2__scan_iso_or  -            AND2X1    0.000   0.309    -0.308  
      o_reg_addr_reg_2__scan_iso_or  A ^ -> Y ^   AND2X1    0.149   0.458    -0.159  
      U43                            -            NAND2BX1  0.000   0.458    -0.159  
      U43                            B ^ -> Y v   NAND2BX1  0.256   0.714    0.097  
      U197                           -            NOR2X2    0.000   0.714    0.097  
      U197                           A v -> Y ^   NOR2X2    0.203   0.916    0.299  
      U21                            -            BUFX2     0.000   0.916    0.299  
      U21                            A ^ -> Y ^   BUFX2     0.175   1.091    0.474  
      U276                           -            AOI22X1   0.000   1.091    0.474  
      U276                           A0 ^ -> Y v  AOI22X1   0.118   1.209    0.592  
      U278                           -            NAND4X1   0.000   1.209    0.592  
      U278                           C v -> Y ^   NAND4X1   0.061   1.270    0.653  
      U44                            -            OAI21X1   0.000   1.270    0.653  
      U44                            A1 ^ -> Y v  OAI21X1   0.062   1.332    0.715  
      U91                            -            NAND4X1   0.000   1.332    0.715  
      U91                            A v -> Y ^   NAND4X1   0.047   1.378    0.762  
      f32_mux_0_data_reg_2_          -            SDFFRX1   0.000   1.378    0.762  
      -------------------------------------------------------------------------------
Path 55: VIOLATED Setup Check with Pin f32_mux_0_data_reg_1_/CK 
Endpoint:   f32_mux_0_data_reg_1_/D (^) checked with  leading edge of 'clk'
Beginpoint: o_reg_addr_reg_2_/Q     (^) triggered by  leading edge of 'clk'
Path Groups: {clk}
Retime Analysis { Data Path-Slew SI }
Other End Arrival Time          0.000
- Setup                         0.238
+ Phase Shift                   1.000
= Required Time                 0.762
- Arrival Time                  1.378
= Slack Time                   -0.617
= Slack Time(original)         -0.623
     Clock Rise Edge                 0.000
     + Clock Network Latency (Ideal) 0.000
     = Beginpoint Arrival Time       0.000
      -------------------------------------------------------------------------------
      Instance                       Arc          Cell      Retime  Arrival  Required  
                                                            Delay   Time     Time  
      -------------------------------------------------------------------------------
      o_reg_addr_reg_2_              CK ^         -         -       0.000    -0.617  
      o_reg_addr_reg_2_              CK ^ -> Q ^  SDFFRX1   0.309   0.309    -0.308  
      o_reg_addr_reg_2__scan_iso_or  -            AND2X1    0.000   0.309    -0.308  
      o_reg_addr_reg_2__scan_iso_or  A ^ -> Y ^   AND2X1    0.149   0.458    -0.159  
      U43                            -            NAND2BX1  0.000   0.458    -0.159  
      U43                            B ^ -> Y v   NAND2BX1  0.256   0.714    0.097  
      U197                           -            NOR2X2    0.000   0.714    0.097  
      U197                           A v -> Y ^   NOR2X2    0.203   0.916    0.299  
      U21                            -            BUFX2     0.000   0.916    0.299  
      U21                            A ^ -> Y ^   BUFX2     0.175   1.091    0.474  
      U267                           -            AOI22X1   0.000   1.091    0.474  
      U267                           A0 ^ -> Y v  AOI22X1   0.118   1.209    0.592  
      U269                           -            NAND4X1   0.000   1.209    0.592  
      U269                           C v -> Y ^   NAND4X1   0.061   1.270    0.653  
      U46                            -            OAI21X1   0.000   1.270    0.653  
      U46                            A1 ^ -> Y v  OAI21X1   0.062   1.332    0.715  
      U92                            -            NAND4X1   0.000   1.332    0.715  
      U92                            A v -> Y ^   NAND4X1   0.047   1.378    0.762  
      f32_mux_0_data_reg_1_          -            SDFFRX1   0.000   1.378    0.762  
      -------------------------------------------------------------------------------
Path 56: VIOLATED Setup Check with Pin f32_mux_0_data_reg_31_/CK 
Endpoint:   f32_mux_0_data_reg_31_/D (^) checked with  leading edge of 'clk'
Beginpoint: o_reg_addr_reg_2_/Q      (^) triggered by  leading edge of 'clk'
Path Groups: {clk}
Retime Analysis { Data Path-Slew SI }
Other End Arrival Time          0.000
- Setup                         0.238
+ Phase Shift                   1.000
= Required Time                 0.762
- Arrival Time                  1.372
= Slack Time                   -0.610
= Slack Time(original)         -0.631
     Clock Rise Edge                 0.000
     + Clock Network Latency (Ideal) 0.000
     = Beginpoint Arrival Time       0.000
      -------------------------------------------------------------------------------
      Instance                       Arc          Cell      Retime  Arrival  Required  
                                                            Delay   Time     Time  
      -------------------------------------------------------------------------------
      o_reg_addr_reg_2_              CK ^         -         -       0.000    -0.610  
      o_reg_addr_reg_2_              CK ^ -> Q ^  SDFFRX1   0.309   0.309    -0.301  
      o_reg_addr_reg_2__scan_iso_or  -            AND2X1    0.000   0.309    -0.301  
      o_reg_addr_reg_2__scan_iso_or  A ^ -> Y ^   AND2X1    0.149   0.458    -0.152  
      U43                            -            NAND2BX1  0.000   0.458    -0.152  
      U43                            B ^ -> Y v   NAND2BX1  0.256   0.714    0.104  
      U6                             -            NOR2X2    0.000   0.714    0.104  
      U6                             A v -> Y ^   NOR2X2    0.229   0.942    0.332  
      U204                           -            NOR2BX2   0.000   0.942    0.332  
      U204                           AN ^ -> Y ^  NOR2BX2   0.257   1.200    0.590  
      U205                           -            AOI22X1   0.000   1.200    0.590  
      U205                           B0 ^ -> Y v  AOI22X1   0.126   1.325    0.715  
      U206                           -            OAI211X1  0.000   1.325    0.715  
      U206                           C0 v -> Y ^  OAI211X1  0.047   1.372    0.762  
      f32_mux_0_data_reg_31_         -            SDFFRX1   0.000   1.372    0.762  
      -------------------------------------------------------------------------------
Path 57: VIOLATED Setup Check with Pin f32_mux_1_data_reg_30_/CK 
Endpoint:   f32_mux_1_data_reg_30_/D (^) checked with  leading edge of 'clk'
Beginpoint: o_reg_addr_reg_6_/Q      (^) triggered by  leading edge of 'clk'
Path Groups: {clk}
Retime Analysis { Data Path-Slew SI }
Other End Arrival Time          0.000
- Setup                         0.235
+ Phase Shift                   1.000
= Required Time                 0.765
- Arrival Time                  1.344
= Slack Time                   -0.579
= Slack Time(original)         -0.593
     Clock Rise Edge                 0.000
     + Clock Network Latency (Ideal) 0.000
     = Beginpoint Arrival Time       0.000
      ------------------------------------------------------------------------------
      Instance                       Arc          Cell     Retime  Arrival  Required  
                                                           Delay   Time     Time  
      ------------------------------------------------------------------------------
      o_reg_addr_reg_6_              CK ^         -        -       0.000    -0.579  
      o_reg_addr_reg_6_              CK ^ -> Q ^  SDFFRX1  0.309   0.309    -0.270  
      o_reg_addr_reg_6__scan_iso_or  -            AND2X1   0.000   0.309    -0.270  
      o_reg_addr_reg_6__scan_iso_or  A ^ -> Y ^   AND2X1   0.156   0.465    -0.115  
      U195                           -            INVX2    0.000   0.465    -0.115  
      U195                           A ^ -> Y v   INVX2    0.069   0.534    -0.045  
      U62                            -            NOR2X2   0.000   0.534    -0.045  
      U62                            B v -> Y ^   NOR2X2   0.068   0.602    0.023  
      U30                            -            NAND3X2  0.000   0.602    0.023  
      U30                            C ^ -> Y v   NAND3X2  0.179   0.781    0.202  
      U26                            -            NOR2X2   0.000   0.781    0.202  
      U26                            B v -> Y ^   NOR2X2   0.159   0.940    0.360  
      U458                           -            BUFX4    0.000   0.940    0.360  
      U458                           A ^ -> Y ^   BUFX4    0.149   1.088    0.509  
      U533                           -            AND2X1   0.000   1.088    0.509  
      U533                           B ^ -> Y ^   AND2X1   0.146   1.234    0.655  
      U534                           -            AOI22X1  0.000   1.234    0.655  
      U534                           B1 ^ -> Y v  AOI22X1  0.063   1.297    0.718  
      U108                           -            NAND3X1  0.000   1.297    0.718  
      U108                           B v -> Y ^   NAND3X1  0.047   1.344    0.765  
      f32_mux_1_data_reg_30_         -            SDFFRX1  0.000   1.344    0.765  
      ------------------------------------------------------------------------------
Path 58: VIOLATED Setup Check with Pin f32_mux_1_data_reg_29_/CK 
Endpoint:   f32_mux_1_data_reg_29_/D (^) checked with  leading edge of 'clk'
Beginpoint: o_reg_addr_reg_6_/Q      (^) triggered by  leading edge of 'clk'
Path Groups: {clk}
Retime Analysis { Data Path-Slew SI }
Other End Arrival Time          0.000
- Setup                         0.235
+ Phase Shift                   1.000
= Required Time                 0.765
- Arrival Time                  1.344
= Slack Time                   -0.579
= Slack Time(original)         -0.593
     Clock Rise Edge                 0.000
     + Clock Network Latency (Ideal) 0.000
     = Beginpoint Arrival Time       0.000
      ------------------------------------------------------------------------------
      Instance                       Arc          Cell     Retime  Arrival  Required  
                                                           Delay   Time     Time  
      ------------------------------------------------------------------------------
      o_reg_addr_reg_6_              CK ^         -        -       0.000    -0.579  
      o_reg_addr_reg_6_              CK ^ -> Q ^  SDFFRX1  0.309   0.309    -0.270  
      o_reg_addr_reg_6__scan_iso_or  -            AND2X1   0.000   0.309    -0.270  
      o_reg_addr_reg_6__scan_iso_or  A ^ -> Y ^   AND2X1   0.156   0.465    -0.115  
      U195                           -            INVX2    0.000   0.465    -0.115  
      U195                           A ^ -> Y v   INVX2    0.069   0.534    -0.045  
      U62                            -            NOR2X2   0.000   0.534    -0.045  
      U62                            B v -> Y ^   NOR2X2   0.068   0.602    0.023  
      U30                            -            NAND3X2  0.000   0.602    0.023  
      U30                            C ^ -> Y v   NAND3X2  0.179   0.781    0.202  
      U26                            -            NOR2X2   0.000   0.781    0.202  
      U26                            B v -> Y ^   NOR2X2   0.159   0.940    0.360  
      U458                           -            BUFX4    0.000   0.940    0.360  
      U458                           A ^ -> Y ^   BUFX4    0.149   1.088    0.509  
      U533                           -            AND2X1   0.000   1.088    0.509  
      U533                           B ^ -> Y ^   AND2X1   0.146   1.234    0.655  
      U553                           -            AOI22X1  0.000   1.234    0.655  
      U553                           B1 ^ -> Y v  AOI22X1  0.063   1.297    0.718  
      U109                           -            NAND3X1  0.000   1.297    0.718  
      U109                           B v -> Y ^   NAND3X1  0.047   1.344    0.765  
      f32_mux_1_data_reg_29_         -            SDFFRX1  0.000   1.344    0.765  
      ------------------------------------------------------------------------------
Path 59: VIOLATED Setup Check with Pin f32_mux_1_data_reg_28_/CK 
Endpoint:   f32_mux_1_data_reg_28_/D (^) checked with  leading edge of 'clk'
Beginpoint: o_reg_addr_reg_6_/Q      (^) triggered by  leading edge of 'clk'
Path Groups: {clk}
Retime Analysis { Data Path-Slew SI }
Other End Arrival Time          0.000
- Setup                         0.235
+ Phase Shift                   1.000
= Required Time                 0.765
- Arrival Time                  1.344
= Slack Time                   -0.579
= Slack Time(original)         -0.592
     Clock Rise Edge                 0.000
     + Clock Network Latency (Ideal) 0.000
     = Beginpoint Arrival Time       0.000
      ------------------------------------------------------------------------------
      Instance                       Arc          Cell     Retime  Arrival  Required  
                                                           Delay   Time     Time  
      ------------------------------------------------------------------------------
      o_reg_addr_reg_6_              CK ^         -        -       0.000    -0.579  
      o_reg_addr_reg_6_              CK ^ -> Q ^  SDFFRX1  0.309   0.309    -0.270  
      o_reg_addr_reg_6__scan_iso_or  -            AND2X1   0.000   0.309    -0.270  
      o_reg_addr_reg_6__scan_iso_or  A ^ -> Y ^   AND2X1   0.156   0.465    -0.115  
      U195                           -            INVX2    0.000   0.465    -0.115  
      U195                           A ^ -> Y v   INVX2    0.069   0.534    -0.045  
      U62                            -            NOR2X2   0.000   0.534    -0.045  
      U62                            B v -> Y ^   NOR2X2   0.068   0.602    0.023  
      U30                            -            NAND3X2  0.000   0.602    0.023  
      U30                            C ^ -> Y v   NAND3X2  0.179   0.781    0.202  
      U26                            -            NOR2X2   0.000   0.781    0.202  
      U26                            B v -> Y ^   NOR2X2   0.159   0.940    0.360  
      U458                           -            BUFX4    0.000   0.940    0.360  
      U458                           A ^ -> Y ^   BUFX4    0.149   1.088    0.509  
      U533                           -            AND2X1   0.000   1.088    0.509  
      U533                           B ^ -> Y ^   AND2X1   0.146   1.234    0.655  
      U549                           -            AOI22X1  0.000   1.234    0.655  
      U549                           B1 ^ -> Y v  AOI22X1  0.063   1.297    0.718  
      U110                           -            NAND3X1  0.000   1.297    0.718  
      U110                           B v -> Y ^   NAND3X1  0.047   1.344    0.765  
      f32_mux_1_data_reg_28_         -            SDFFRX1  0.000   1.344    0.765  
      ------------------------------------------------------------------------------
Path 60: VIOLATED Setup Check with Pin f32_mux_1_data_reg_27_/CK 
Endpoint:   f32_mux_1_data_reg_27_/D (^) checked with  leading edge of 'clk'
Beginpoint: o_reg_addr_reg_6_/Q      (^) triggered by  leading edge of 'clk'
Path Groups: {clk}
Retime Analysis { Data Path-Slew SI }
Other End Arrival Time          0.000
- Setup                         0.235
+ Phase Shift                   1.000
= Required Time                 0.765
- Arrival Time                  1.344
= Slack Time                   -0.579
= Slack Time(original)         -0.593
     Clock Rise Edge                 0.000
     + Clock Network Latency (Ideal) 0.000
     = Beginpoint Arrival Time       0.000
      ------------------------------------------------------------------------------
      Instance                       Arc          Cell     Retime  Arrival  Required  
                                                           Delay   Time     Time  
      ------------------------------------------------------------------------------
      o_reg_addr_reg_6_              CK ^         -        -       0.000    -0.579  
      o_reg_addr_reg_6_              CK ^ -> Q ^  SDFFRX1  0.309   0.309    -0.270  
      o_reg_addr_reg_6__scan_iso_or  -            AND2X1   0.000   0.309    -0.270  
      o_reg_addr_reg_6__scan_iso_or  A ^ -> Y ^   AND2X1   0.156   0.465    -0.115  
      U195                           -            INVX2    0.000   0.465    -0.115  
      U195                           A ^ -> Y v   INVX2    0.069   0.534    -0.045  
      U62                            -            NOR2X2   0.000   0.534    -0.045  
      U62                            B v -> Y ^   NOR2X2   0.068   0.602    0.023  
      U30                            -            NAND3X2  0.000   0.602    0.023  
      U30                            C ^ -> Y v   NAND3X2  0.179   0.781    0.202  
      U26                            -            NOR2X2   0.000   0.781    0.202  
      U26                            B v -> Y ^   NOR2X2   0.159   0.940    0.360  
      U458                           -            BUFX4    0.000   0.940    0.360  
      U458                           A ^ -> Y ^   BUFX4    0.149   1.088    0.509  
      U533                           -            AND2X1   0.000   1.088    0.509  
      U533                           B ^ -> Y ^   AND2X1   0.146   1.234    0.655  
      U555                           -            AOI22X1  0.000   1.234    0.655  
      U555                           B1 ^ -> Y v  AOI22X1  0.063   1.297    0.718  
      U111                           -            NAND3X1  0.000   1.297    0.718  
      U111                           B v -> Y ^   NAND3X1  0.047   1.344    0.765  
      f32_mux_1_data_reg_27_         -            SDFFRX1  0.000   1.344    0.765  
      ------------------------------------------------------------------------------
Path 61: VIOLATED Setup Check with Pin f32_mux_0_data_reg_27_/CK 
Endpoint:   f32_mux_0_data_reg_27_/D (^) checked with  leading edge of 'clk'
Beginpoint: o_reg_addr_reg_5_/Q      (^) triggered by  leading edge of 'clk'
Path Groups: {clk}
Retime Analysis { Data Path-Slew SI }
Other End Arrival Time          0.000
- Setup                         0.234
+ Phase Shift                   1.000
= Required Time                 0.766
- Arrival Time                  1.295
= Slack Time                   -0.529
= Slack Time(original)         -0.530
     Clock Rise Edge                 0.000
     + Clock Network Latency (Ideal) 0.000
     = Beginpoint Arrival Time       0.000
      ------------------------------------------------------------------------------
      Instance                       Arc          Cell     Retime  Arrival  Required  
                                                           Delay   Time     Time  
      ------------------------------------------------------------------------------
      o_reg_addr_reg_5_              CK ^         -        -       0.000    -0.529  
      o_reg_addr_reg_5_              CK ^ -> Q ^  SDFFRX1  0.309   0.309    -0.220  
      o_reg_addr_reg_5__scan_iso_or  -            AND2X1   0.000   0.309    -0.220  
      o_reg_addr_reg_5__scan_iso_or  A ^ -> Y ^   AND2X1   0.185   0.494    -0.035  
      U23                            -            NAND3X2  0.000   0.494    -0.035  
      U23                            C ^ -> Y v   NAND3X2  0.199   0.693    0.165  
      U198                           -            NOR2X2   0.000   0.693    0.165  
      U198                           B v -> Y ^   NOR2X2   0.160   0.854    0.325  
      U199                           -            BUFX4    0.000   0.854    0.325  
      U199                           A ^ -> Y ^   BUFX4    0.148   1.002    0.473  
      U282                           -            AND2X1   0.000   1.002    0.473  
      U282                           B ^ -> Y ^   AND2X1   0.144   1.146    0.617  
      U283                           -            AOI22X1  0.000   1.146    0.617  
      U283                           A0 ^ -> Y v  AOI22X1  0.097   1.243    0.714  
      U103                           -            NAND2X1  0.000   1.243    0.714  
      U103                           B v -> Y ^   NAND2X1  0.052   1.295    0.766  
      f32_mux_0_data_reg_27_         -            SDFFRX1  0.000   1.295    0.766  
      ------------------------------------------------------------------------------
Path 62: VIOLATED Setup Check with Pin f32_mux_0_data_reg_28_/CK 
Endpoint:   f32_mux_0_data_reg_28_/D (^) checked with  leading edge of 'clk'
Beginpoint: o_reg_addr_reg_5_/Q      (^) triggered by  leading edge of 'clk'
Path Groups: {clk}
Retime Analysis { Data Path-Slew SI }
Other End Arrival Time          0.000
- Setup                         0.234
+ Phase Shift                   1.000
= Required Time                 0.766
- Arrival Time                  1.295
= Slack Time                   -0.529
= Slack Time(original)         -0.530
     Clock Rise Edge                 0.000
     + Clock Network Latency (Ideal) 0.000
     = Beginpoint Arrival Time       0.000
      ------------------------------------------------------------------------------
      Instance                       Arc          Cell     Retime  Arrival  Required  
                                                           Delay   Time     Time  
      ------------------------------------------------------------------------------
      o_reg_addr_reg_5_              CK ^         -        -       0.000    -0.529  
      o_reg_addr_reg_5_              CK ^ -> Q ^  SDFFRX1  0.309   0.309    -0.220  
      o_reg_addr_reg_5__scan_iso_or  -            AND2X1   0.000   0.309    -0.220  
      o_reg_addr_reg_5__scan_iso_or  A ^ -> Y ^   AND2X1   0.185   0.494    -0.035  
      U23                            -            NAND3X2  0.000   0.494    -0.035  
      U23                            C ^ -> Y v   NAND3X2  0.199   0.693    0.165  
      U198                           -            NOR2X2   0.000   0.693    0.165  
      U198                           B v -> Y ^   NOR2X2   0.160   0.854    0.325  
      U199                           -            BUFX4    0.000   0.854    0.325  
      U199                           A ^ -> Y ^   BUFX4    0.148   1.002    0.473  
      U282                           -            AND2X1   0.000   1.002    0.473  
      U282                           B ^ -> Y ^   AND2X1   0.144   1.146    0.617  
      U288                           -            AOI22X1  0.000   1.146    0.617  
      U288                           A0 ^ -> Y v  AOI22X1  0.097   1.243    0.714  
      U104                           -            NAND2X1  0.000   1.243    0.714  
      U104                           B v -> Y ^   NAND2X1  0.052   1.295    0.766  
      f32_mux_0_data_reg_28_         -            SDFFRX1  0.000   1.295    0.766  
      ------------------------------------------------------------------------------
Path 63: VIOLATED Setup Check with Pin f32_mux_0_data_reg_29_/CK 
Endpoint:   f32_mux_0_data_reg_29_/D (^) checked with  leading edge of 'clk'
Beginpoint: o_reg_addr_reg_5_/Q      (^) triggered by  leading edge of 'clk'
Path Groups: {clk}
Retime Analysis { Data Path-Slew SI }
Other End Arrival Time          0.000
- Setup                         0.234
+ Phase Shift                   1.000
= Required Time                 0.766
- Arrival Time                  1.295
= Slack Time                   -0.529
= Slack Time(original)         -0.530
     Clock Rise Edge                 0.000
     + Clock Network Latency (Ideal) 0.000
     = Beginpoint Arrival Time       0.000
      ------------------------------------------------------------------------------
      Instance                       Arc          Cell     Retime  Arrival  Required  
                                                           Delay   Time     Time  
      ------------------------------------------------------------------------------
      o_reg_addr_reg_5_              CK ^         -        -       0.000    -0.529  
      o_reg_addr_reg_5_              CK ^ -> Q ^  SDFFRX1  0.309   0.309    -0.220  
      o_reg_addr_reg_5__scan_iso_or  -            AND2X1   0.000   0.309    -0.220  
      o_reg_addr_reg_5__scan_iso_or  A ^ -> Y ^   AND2X1   0.185   0.494    -0.035  
      U23                            -            NAND3X2  0.000   0.494    -0.035  
      U23                            C ^ -> Y v   NAND3X2  0.199   0.693    0.165  
      U198                           -            NOR2X2   0.000   0.693    0.165  
      U198                           B v -> Y ^   NOR2X2   0.160   0.854    0.325  
      U199                           -            BUFX4    0.000   0.854    0.325  
      U199                           A ^ -> Y ^   BUFX4    0.148   1.002    0.473  
      U282                           -            AND2X1   0.000   1.002    0.473  
      U282                           B ^ -> Y ^   AND2X1   0.144   1.146    0.617  
      U287                           -            AOI22X1  0.000   1.146    0.617  
      U287                           A0 ^ -> Y v  AOI22X1  0.097   1.243    0.714  
      U105                           -            NAND2X1  0.000   1.243    0.714  
      U105                           B v -> Y ^   NAND2X1  0.052   1.295    0.766  
      f32_mux_0_data_reg_29_         -            SDFFRX1  0.000   1.295    0.766  
      ------------------------------------------------------------------------------
Path 64: VIOLATED Setup Check with Pin f32_mux_0_data_reg_30_/CK 
Endpoint:   f32_mux_0_data_reg_30_/D (^) checked with  leading edge of 'clk'
Beginpoint: o_reg_addr_reg_5_/Q      (^) triggered by  leading edge of 'clk'
Path Groups: {clk}
Retime Analysis { Data Path-Slew SI }
Other End Arrival Time          0.000
- Setup                         0.234
+ Phase Shift                   1.000
= Required Time                 0.766
- Arrival Time                  1.295
= Slack Time                   -0.529
= Slack Time(original)         -0.530
     Clock Rise Edge                 0.000
     + Clock Network Latency (Ideal) 0.000
     = Beginpoint Arrival Time       0.000
      ------------------------------------------------------------------------------
      Instance                       Arc          Cell     Retime  Arrival  Required  
                                                           Delay   Time     Time  
      ------------------------------------------------------------------------------
      o_reg_addr_reg_5_              CK ^         -        -       0.000    -0.529  
      o_reg_addr_reg_5_              CK ^ -> Q ^  SDFFRX1  0.309   0.309    -0.220  
      o_reg_addr_reg_5__scan_iso_or  -            AND2X1   0.000   0.309    -0.220  
      o_reg_addr_reg_5__scan_iso_or  A ^ -> Y ^   AND2X1   0.185   0.494    -0.035  
      U23                            -            NAND3X2  0.000   0.494    -0.035  
      U23                            C ^ -> Y v   NAND3X2  0.199   0.693    0.165  
      U198                           -            NOR2X2   0.000   0.693    0.165  
      U198                           B v -> Y ^   NOR2X2   0.160   0.854    0.325  
      U199                           -            BUFX4    0.000   0.854    0.325  
      U199                           A ^ -> Y ^   BUFX4    0.148   1.002    0.473  
      U282                           -            AND2X1   0.000   1.002    0.473  
      U282                           B ^ -> Y ^   AND2X1   0.144   1.146    0.617  
      U285                           -            AOI22X1  0.000   1.146    0.617  
      U285                           A0 ^ -> Y v  AOI22X1  0.097   1.243    0.714  
      U106                           -            NAND2X1  0.000   1.243    0.714  
      U106                           B v -> Y ^   NAND2X1  0.052   1.295    0.766  
      f32_mux_0_data_reg_30_         -            SDFFRX1  0.000   1.295    0.766  
      ------------------------------------------------------------------------------
Path 65: VIOLATED Setup Check with Pin u_survik/o_dbg_config_reg_0_/CK 
Endpoint:   u_survik/o_dbg_config_reg_0_/D (^) checked with  leading edge of 'clk'
Beginpoint: o_reg_addr_reg_3_/Q            (^) triggered by  leading edge of 'clk'
Path Groups: {clk}
Retime Analysis { Data Path-Slew SI }
Other End Arrival Time          0.000
- Setup                         0.237
+ Phase Shift                   1.000
= Required Time                 0.763
- Arrival Time                  1.109
= Slack Time                   -0.346
= Slack Time(original)         -0.346
     Clock Rise Edge                 0.000
     + Clock Network Latency (Ideal) 0.000
     = Beginpoint Arrival Time       0.000
      ------------------------------------------------------------------------------
      Instance                       Arc          Cell     Retime  Arrival  Required  
                                                           Delay   Time     Time  
      ------------------------------------------------------------------------------
      o_reg_addr_reg_3_              CK ^         -        -       0.000    -0.346  
      o_reg_addr_reg_3_              CK ^ -> Q ^  SDFFRX1  0.309   0.309    -0.037  
      o_reg_addr_reg_3__scan_iso_or  -            AND2X1   0.000   0.309    -0.037  
      o_reg_addr_reg_3__scan_iso_or  A ^ -> Y ^   AND2X1   0.164   0.473    0.127  
      U65                            -            NAND2X2  0.000   0.473    0.127  
      U65                            A ^ -> Y v   NAND2X2  0.218   0.691    0.345  
      U63                            -            NOR2X1   0.000   0.691    0.345  
      U63                            A v -> Y ^   NOR2X1   0.162   0.853    0.507  
      U236                           -            INVX2    0.000   0.853    0.507  
      U236                           A ^ -> Y v   INVX2    0.065   0.919    0.573  
      U237                           -            NOR2X1   0.000   0.919    0.573  
      U237                           A v -> Y ^   NOR2X1   0.058   0.977    0.631  
      u_survik/U7                    -            MX2X1    0.000   0.977    0.631  
      u_survik/U7                    S0 ^ -> Y ^  MX2X1    0.133   1.109    0.763  
      u_survik/o_dbg_config_reg_0_   -            SDFFRX1  0.000   1.109    0.763  
      ------------------------------------------------------------------------------
Path 66: VIOLATED Setup Check with Pin f_err_ack_reg/CK 
Endpoint:   f_err_ack_reg/D     (^) checked with  leading edge of 'clk'
Beginpoint: o_reg_addr_reg_3_/Q (^) triggered by  leading edge of 'clk'
Path Groups: {clk}
Retime Analysis { Data Path-Slew SI }
Other End Arrival Time          0.000
- Setup                         0.235
+ Phase Shift                   1.000
= Required Time                 0.765
- Arrival Time                  1.105
= Slack Time                   -0.340
= Slack Time(original)         -0.382
     Clock Rise Edge                 0.000
     + Clock Network Latency (Ideal) 0.000
     = Beginpoint Arrival Time       0.000
      ------------------------------------------------------------------------------
      Instance                       Arc          Cell     Retime  Arrival  Required  
                                                           Delay   Time     Time  
      ------------------------------------------------------------------------------
      o_reg_addr_reg_3_              CK ^         -        -       0.000    -0.340  
      o_reg_addr_reg_3_              CK ^ -> Q ^  SDFFRX1  0.309   0.309    -0.031  
      o_reg_addr_reg_3__scan_iso_or  -            AND2X1   0.000   0.309    -0.031  
      o_reg_addr_reg_3__scan_iso_or  A ^ -> Y ^   AND2X1   0.164   0.473    0.133  
      U65                            -            NAND2X2  0.000   0.473    0.133  
      U65                            A ^ -> Y v   NAND2X2  0.218   0.691    0.351  
      U73                            -            OAI21X1  0.000   0.691    0.351  
      U73                            A1 v -> Y ^  OAI21X1  0.150   0.842    0.501  
      U72                            -            AOI21X1  0.000   0.842    0.501  
      U72                            A1 ^ -> Y v  AOI21X1  0.086   0.927    0.587  
      U71                            -            OAI31X1  0.000   0.927    0.587  
      U71                            B0 v -> Y ^  OAI31X1  0.052   0.979    0.639  
      U235                           -            AND2X1   0.000   0.979    0.639  
      U235                           A ^ -> Y ^   AND2X1   0.126   1.105    0.765  
      f_err_ack_reg                  -            SDFFRX1  0.000   1.105    0.765  
      ------------------------------------------------------------------------------
Path 67: VIOLATED Setup Check with Pin o_reg_read_reg/CK 
Endpoint:   o_reg_read_reg/D    (v) checked with  leading edge of 'clk'
Beginpoint: o_reg_addr_reg_2_/Q (^) triggered by  leading edge of 'clk'
Path Groups: {clk}
Retime Analysis { GBA }
Other End Arrival Time          0.000
- Setup                         0.152
+ Phase Shift                   1.000
= Required Time                 0.848
- Arrival Time                  1.023
= Slack Time                   -0.175
     Clock Rise Edge                 0.000
     + Clock Network Latency (Ideal) 0.000
     = Beginpoint Arrival Time       0.000
      -------------------------------------------------------------------------------
      Instance                       Arc          Cell      Retime  Arrival  Required  
                                                            Delay   Time     Time  
      -------------------------------------------------------------------------------
      o_reg_addr_reg_2_              CK ^         -         -       0.000    -0.175  
      o_reg_addr_reg_2_              CK ^ -> Q ^  SDFFRX1   0.309   0.309    0.134  
      o_reg_addr_reg_2__scan_iso_or  -            AND2X1    0.000   0.309    0.134  
      o_reg_addr_reg_2__scan_iso_or  A ^ -> Y ^   AND2X1    0.149   0.458    0.283  
      U43                            -            NAND2BX1  0.000   0.458    0.283  
      U43                            B ^ -> Y v   NAND2BX1  0.256   0.714    0.539  
      U71                            -            OAI31X1   0.000   0.714    0.539  
      U71                            A2 v -> Y ^  OAI31X1   0.220   0.933    0.758  
      U233                           -            NOR2X1    0.000   0.933    0.758  
      U233                           A ^ -> Y v   NOR2X1    0.089   1.023    0.848  
      o_reg_read_reg                 -            SDFFRX1   0.000   1.023    0.848  
      -------------------------------------------------------------------------------
Path 68: VIOLATED Clock Gating Setup Check with Pin u_survik/clk_gate_spare_config/CK 
Endpoint:   u_survik/clk_gate_spare_config/E (^) checked with  leading edge of 'clk'
Beginpoint: o_reg_addr_reg_2_/Q              (^) triggered by  leading edge of 'clk'
Path Groups: {clock_gating_default}
Retime Analysis { Data Path-Slew SI }
Other End Arrival Time          0.000
- Clock Gating Setup            0.108
+ Phase Shift                   1.000
= Required Time                 0.892
- Arrival Time                  1.036
= Slack Time                   -0.145
= Slack Time(original)         -0.145
     Clock Rise Edge                 0.000
     + Clock Network Latency (Ideal) 0.000
     = Beginpoint Arrival Time       0.000
      -----------------------------------------------------------------------------------
      Instance                        Arc          Cell         Retime  Arrival  Required  
                                                                Delay   Time     Time  
      -----------------------------------------------------------------------------------
      o_reg_addr_reg_2_               CK ^         -            -       0.000    -0.145  
      o_reg_addr_reg_2_               CK ^ -> Q ^  SDFFRX1      0.309   0.309    0.164  
      o_reg_addr_reg_2__scan_iso_or   -            AND2X1       0.000   0.309    0.164  
      o_reg_addr_reg_2__scan_iso_or   A ^ -> Y ^   AND2X1       0.149   0.458    0.313  
      U43                             -            NAND2BX1     0.000   0.458    0.313  
      U43                             B ^ -> Y v   NAND2BX1     0.256   0.714    0.569  
      U31                             -            NOR2X2       0.000   0.714    0.569  
      U31                             A v -> Y ^   NOR2X2       0.206   0.919    0.775  
      U238                            -            INVX2        0.000   0.919    0.775  
      U238                            A ^ -> Y v   INVX2        0.072   0.991    0.846  
      U77                             -            NOR2X1       0.000   0.991    0.846  
      U77                             A v -> Y ^   NOR2X1       0.046   1.036    0.892  
      u_survik/clk_gate_spare_config  -            TLATNTSCAX4  0.000   1.036    0.892  
      -----------------------------------------------------------------------------------
Path 69: VIOLATED Late External Delay Assertion 
Endpoint:   o_err_ack           (^) checked with  leading edge of 'clk'
Beginpoint: o_reg_addr_reg_3_/Q (^) triggered by  leading edge of 'clk'
Path Groups: {clk}
Retime Analysis { Data Path-Slew SI }
Other End Arrival Time          0.000
- External Delay                0.000
+ Phase Shift                   1.000
= Required Time                 1.000
- Arrival Time                  1.140
= Slack Time                   -0.140
= Slack Time(original)         -0.181
     Clock Rise Edge                 0.000
     + Clock Network Latency (Ideal) 0.000
     = Beginpoint Arrival Time       0.000
      ------------------------------------------------------------------------------
      Instance                       Arc          Cell     Retime  Arrival  Required  
                                                           Delay   Time     Time  
      ------------------------------------------------------------------------------
      o_reg_addr_reg_3_              CK ^         -        -       0.000    -0.140  
      o_reg_addr_reg_3_              CK ^ -> Q ^  SDFFRX1  0.309   0.309    0.169  
      o_reg_addr_reg_3__scan_iso_or  -            AND2X1   0.000   0.309    0.169  
      o_reg_addr_reg_3__scan_iso_or  A ^ -> Y ^   AND2X1   0.164   0.473    0.333  
      U65                            -            NAND2X2  0.000   0.473    0.333  
      U65                            A ^ -> Y v   NAND2X2  0.218   0.691    0.551  
      U73                            -            OAI21X1  0.000   0.691    0.551  
      U73                            A1 v -> Y ^  OAI21X1  0.150   0.842    0.702  
      U72                            -            AOI21X1  0.000   0.842    0.702  
      U72                            A1 ^ -> Y v  AOI21X1  0.086   0.927    0.787  
      U71                            -            OAI31X1  0.000   0.927    0.787  
      U71                            B0 v -> Y ^  OAI31X1  0.052   0.979    0.839  
      U70                            -            AO21X2   0.000   0.979    0.839  
      U70                            A1 ^ -> Y ^  AO21X2   0.161   1.140    1.000  
      -                              -            vorca    0.000   1.140    1.000  
      ------------------------------------------------------------------------------
Path 70: VIOLATED Clock Gating Setup Check with Pin u_survik/clk_gate_config/CK 
Endpoint:   u_survik/clk_gate_config/E (^) checked with  leading edge of 'clk'
Beginpoint: o_reg_addr_reg_4_/Q        (v) triggered by  leading edge of 'clk'
Path Groups: {clock_gating_default}
Retime Analysis { Data Path-Slew SI }
Other End Arrival Time          0.000
- Clock Gating Setup            0.109
+ Phase Shift                   1.000
= Required Time                 0.891
- Arrival Time                  0.954
= Slack Time                   -0.063
= Slack Time(original)         -0.063
     Clock Rise Edge                 0.000
     + Clock Network Latency (Ideal) 0.000
     = Beginpoint Arrival Time       0.000
      ----------------------------------------------------------------------------------
      Instance                       Arc          Cell         Retime  Arrival  Required  
                                                               Delay   Time     Time  
      ----------------------------------------------------------------------------------
      o_reg_addr_reg_4_              CK ^         -            -       0.000    -0.063  
      o_reg_addr_reg_4_              CK ^ -> Q v  SDFFRX1      0.266   0.266    0.203  
      o_reg_addr_reg_4__scan_iso_or  -            AND2X1       0.000   0.266    0.203  
      o_reg_addr_reg_4__scan_iso_or  A v -> Y v   AND2X1       0.145   0.411    0.348  
      U16                            -            INVX2        0.000   0.411    0.348  
      U16                            A v -> Y ^   INVX2        0.093   0.504    0.441  
      U11                            -            NAND3X2      0.000   0.504    0.441  
      U11                            A ^ -> Y v   NAND3X2      0.168   0.672    0.609  
      U10                            -            NOR2X4       0.000   0.672    0.609  
      U10                            B v -> Y ^   NOR2X4       0.143   0.815    0.752  
      U67                            -            INVX2        0.000   0.815    0.752  
      U67                            A ^ -> Y v   INVX2        0.085   0.900    0.837  
      U76                            -            NOR2X1       0.000   0.900    0.837  
      U76                            A v -> Y ^   NOR2X1       0.054   0.954    0.891  
      u_survik/clk_gate_config       -            TLATNTSCAX4  0.000   0.954    0.891  
      ----------------------------------------------------------------------------------
Path 71: MET Setup Check with Pin f_state_reg_2_/CK 
Endpoint:   f_state_reg_2_/D (^) checked with  leading edge of 'clk'
Beginpoint: f_state_reg_0_/Q (^) triggered by  leading edge of 'clk'
Path Groups: {clk}
Retime Analysis { Data Path-Slew SI }
Other End Arrival Time          0.000
- Setup                         0.243
+ Phase Shift                   1.000
= Required Time                 0.757
- Arrival Time                  0.698
= Slack Time                    0.060
= Slack Time(original)          0.060
     Clock Rise Edge                 0.000
     + Clock Network Latency (Ideal) 0.000
     = Beginpoint Arrival Time       0.000
      ----------------------------------------------------------------
      Instance        Arc          Cell      Retime  Arrival  Required  
                                             Delay   Time     Time  
      ----------------------------------------------------------------
      f_state_reg_0_  CK ^         -         -       0.000    0.060  
      f_state_reg_0_  CK ^ -> Q ^  SDFFRX1   0.311   0.311    0.370  
      U75             -            NAND2BX1  0.000   0.311    0.370  
      U75             B ^ -> Y v   NAND2BX1  0.107   0.418    0.478  
      U227            -            NAND2BX1  0.000   0.418    0.478  
      U227            AN v -> Y v  NAND2BX1  0.181   0.598    0.658  
      U229            -            AOI21X1   0.000   0.598    0.658  
      U229            A0 v -> Y ^  AOI21X1   0.099   0.698    0.757  
      f_state_reg_2_  -            SDFFRX1   0.000   0.698    0.757  
      ----------------------------------------------------------------
Path 72: MET Setup Check with Pin f_ack_reg/CK 
Endpoint:   f_ack_reg/D      (^) checked with  leading edge of 'clk'
Beginpoint: f_state_reg_0_/Q (^) triggered by  leading edge of 'clk'
Path Groups: {clk}
Retime Analysis { Data Path-Slew SI }
Other End Arrival Time          0.000
- Setup                         0.240
+ Phase Shift                   1.000
= Required Time                 0.760
- Arrival Time                  0.682
= Slack Time                    0.078
= Slack Time(original)          0.078
     Clock Rise Edge                 0.000
     + Clock Network Latency (Ideal) 0.000
     = Beginpoint Arrival Time       0.000
      ----------------------------------------------------------------
      Instance        Arc          Cell      Retime  Arrival  Required  
                                             Delay   Time     Time  
      ----------------------------------------------------------------
      f_state_reg_0_  CK ^         -         -       0.000    0.078  
      f_state_reg_0_  CK ^ -> Q ^  SDFFRX1   0.311   0.311    0.388  
      U75             -            NAND2BX1  0.000   0.311    0.388  
      U75             B ^ -> Y v   NAND2BX1  0.107   0.418    0.496  
      U227            -            NAND2BX1  0.000   0.418    0.496  
      U227            AN v -> Y v  NAND2BX1  0.181   0.598    0.676  
      U230            -            NOR2X1    0.000   0.598    0.676  
      U230            A v -> Y ^   NOR2X1    0.084   0.682    0.760  
      f_ack_reg       -            SDFFRX1   0.000   0.682    0.760  
      ----------------------------------------------------------------
Path 73: MET Late External Delay Assertion 
Endpoint:   o_rd_data[0]     (^) checked with  leading edge of 'clk'
Beginpoint: f_state_reg_0_/Q (^) triggered by  leading edge of 'clk'
Path Groups: {clk}
Retime Analysis { Data Path-Slew SI }
Other End Arrival Time          0.000
- External Delay                0.000
+ Phase Shift                   1.000
= Required Time                 1.000
- Arrival Time                  0.922
= Slack Time                    0.078
= Slack Time(original)          0.078
     Clock Rise Edge                 0.000
     + Clock Network Latency (Ideal) 0.000
     = Beginpoint Arrival Time       0.000
      ----------------------------------------------------------------
      Instance        Arc          Cell      Retime  Arrival  Required  
                                             Delay   Time     Time  
      ----------------------------------------------------------------
      f_state_reg_0_  CK ^         -         -       0.000    0.078  
      f_state_reg_0_  CK ^ -> Q ^  SDFFRX1   0.311   0.311    0.389  
      U75             -            NAND2BX1  0.000   0.311    0.389  
      U75             B ^ -> Y v   NAND2BX1  0.107   0.418    0.496  
      U66             -            NOR2X2    0.000   0.418    0.496  
      U66             B v -> Y ^   NOR2X2    0.090   0.508    0.586  
      U20             -            NOR2X2    0.000   0.508    0.586  
      U20             A ^ -> Y v   NOR2X2    0.061   0.568    0.647  
      U69             -            NOR2X2    0.000   0.568    0.647  
      U69             A v -> Y ^   NOR2X2    0.093   0.662    0.740  
      U395            -            BUFX4     0.000   0.662    0.740  
      U395            A ^ -> Y ^   BUFX4     0.132   0.794    0.872  
      U410            -            OA21X1    0.000   0.794    0.872  
      U410            B0 ^ -> Y ^  OA21X1    0.128   0.922    1.000  
      -               -            vorca     0.000   0.922    1.000  
      ----------------------------------------------------------------
Path 74: MET Late External Delay Assertion 
Endpoint:   o_rd_data[1]     (^) checked with  leading edge of 'clk'
Beginpoint: f_state_reg_0_/Q (^) triggered by  leading edge of 'clk'
Path Groups: {clk}
Retime Analysis { Data Path-Slew SI }
Other End Arrival Time          0.000
- External Delay                0.000
+ Phase Shift                   1.000
= Required Time                 1.000
- Arrival Time                  0.922
= Slack Time                    0.078
= Slack Time(original)          0.078
     Clock Rise Edge                 0.000
     + Clock Network Latency (Ideal) 0.000
     = Beginpoint Arrival Time       0.000
      ----------------------------------------------------------------
      Instance        Arc          Cell      Retime  Arrival  Required  
                                             Delay   Time     Time  
      ----------------------------------------------------------------
      f_state_reg_0_  CK ^         -         -       0.000    0.078  
      f_state_reg_0_  CK ^ -> Q ^  SDFFRX1   0.311   0.311    0.389  
      U75             -            NAND2BX1  0.000   0.311    0.389  
      U75             B ^ -> Y v   NAND2BX1  0.107   0.418    0.496  
      U66             -            NOR2X2    0.000   0.418    0.496  
      U66             B v -> Y ^   NOR2X2    0.090   0.508    0.586  
      U20             -            NOR2X2    0.000   0.508    0.586  
      U20             A ^ -> Y v   NOR2X2    0.061   0.568    0.647  
      U69             -            NOR2X2    0.000   0.568    0.647  
      U69             A v -> Y ^   NOR2X2    0.093   0.662    0.740  
      U395            -            BUFX4     0.000   0.662    0.740  
      U395            A ^ -> Y ^   BUFX4     0.132   0.794    0.872  
      U421            -            OA21X1    0.000   0.794    0.872  
      U421            B0 ^ -> Y ^  OA21X1    0.128   0.922    1.000  
      -               -            vorca     0.000   0.922    1.000  
      ----------------------------------------------------------------
Path 75: MET Late External Delay Assertion 
Endpoint:   o_rd_data[2]     (^) checked with  leading edge of 'clk'
Beginpoint: f_state_reg_0_/Q (^) triggered by  leading edge of 'clk'
Path Groups: {clk}
Retime Analysis { Data Path-Slew SI }
Other End Arrival Time          0.000
- External Delay                0.000
+ Phase Shift                   1.000
= Required Time                 1.000
- Arrival Time                  0.922
= Slack Time                    0.078
= Slack Time(original)          0.078
     Clock Rise Edge                 0.000
     + Clock Network Latency (Ideal) 0.000
     = Beginpoint Arrival Time       0.000
      ----------------------------------------------------------------
      Instance        Arc          Cell      Retime  Arrival  Required  
                                             Delay   Time     Time  
      ----------------------------------------------------------------
      f_state_reg_0_  CK ^         -         -       0.000    0.078  
      f_state_reg_0_  CK ^ -> Q ^  SDFFRX1   0.311   0.311    0.389  
      U75             -            NAND2BX1  0.000   0.311    0.389  
      U75             B ^ -> Y v   NAND2BX1  0.107   0.418    0.496  
      U66             -            NOR2X2    0.000   0.418    0.496  
      U66             B v -> Y ^   NOR2X2    0.090   0.508    0.586  
      U20             -            NOR2X2    0.000   0.508    0.586  
      U20             A ^ -> Y v   NOR2X2    0.061   0.568    0.647  
      U69             -            NOR2X2    0.000   0.568    0.647  
      U69             A v -> Y ^   NOR2X2    0.093   0.662    0.740  
      U395            -            BUFX4     0.000   0.662    0.740  
      U395            A ^ -> Y ^   BUFX4     0.132   0.794    0.872  
      U409            -            OA21X1    0.000   0.794    0.872  
      U409            B0 ^ -> Y ^  OA21X1    0.128   0.922    1.000  
      -               -            vorca     0.000   0.922    1.000  
      ----------------------------------------------------------------
Path 76: MET Late External Delay Assertion 
Endpoint:   o_rd_data[3]     (^) checked with  leading edge of 'clk'
Beginpoint: f_state_reg_0_/Q (^) triggered by  leading edge of 'clk'
Path Groups: {clk}
Retime Analysis { Data Path-Slew SI }
Other End Arrival Time          0.000
- External Delay                0.000
+ Phase Shift                   1.000
= Required Time                 1.000
- Arrival Time                  0.922
= Slack Time                    0.078
= Slack Time(original)          0.078
     Clock Rise Edge                 0.000
     + Clock Network Latency (Ideal) 0.000
     = Beginpoint Arrival Time       0.000
      ----------------------------------------------------------------
      Instance        Arc          Cell      Retime  Arrival  Required  
                                             Delay   Time     Time  
      ----------------------------------------------------------------
      f_state_reg_0_  CK ^         -         -       0.000    0.078  
      f_state_reg_0_  CK ^ -> Q ^  SDFFRX1   0.311   0.311    0.389  
      U75             -            NAND2BX1  0.000   0.311    0.389  
      U75             B ^ -> Y v   NAND2BX1  0.107   0.418    0.496  
      U66             -            NOR2X2    0.000   0.418    0.496  
      U66             B v -> Y ^   NOR2X2    0.090   0.508    0.586  
      U20             -            NOR2X2    0.000   0.508    0.586  
      U20             A ^ -> Y v   NOR2X2    0.061   0.568    0.647  
      U69             -            NOR2X2    0.000   0.568    0.647  
      U69             A v -> Y ^   NOR2X2    0.093   0.662    0.740  
      U395            -            BUFX4     0.000   0.662    0.740  
      U395            A ^ -> Y ^   BUFX4     0.132   0.794    0.872  
      U408            -            OA21X1    0.000   0.794    0.872  
      U408            B0 ^ -> Y ^  OA21X1    0.128   0.922    1.000  
      -               -            vorca     0.000   0.922    1.000  
      ----------------------------------------------------------------
Path 77: MET Late External Delay Assertion 
Endpoint:   o_rd_data[4]     (^) checked with  leading edge of 'clk'
Beginpoint: f_state_reg_0_/Q (^) triggered by  leading edge of 'clk'
Path Groups: {clk}
Retime Analysis { Data Path-Slew SI }
Other End Arrival Time          0.000
- External Delay                0.000
+ Phase Shift                   1.000
= Required Time                 1.000
- Arrival Time                  0.922
= Slack Time                    0.078
= Slack Time(original)          0.078
     Clock Rise Edge                 0.000
     + Clock Network Latency (Ideal) 0.000
     = Beginpoint Arrival Time       0.000
      ----------------------------------------------------------------
      Instance        Arc          Cell      Retime  Arrival  Required  
                                             Delay   Time     Time  
      ----------------------------------------------------------------
      f_state_reg_0_  CK ^         -         -       0.000    0.078  
      f_state_reg_0_  CK ^ -> Q ^  SDFFRX1   0.311   0.311    0.389  
      U75             -            NAND2BX1  0.000   0.311    0.389  
      U75             B ^ -> Y v   NAND2BX1  0.107   0.418    0.496  
      U66             -            NOR2X2    0.000   0.418    0.496  
      U66             B v -> Y ^   NOR2X2    0.090   0.508    0.586  
      U20             -            NOR2X2    0.000   0.508    0.586  
      U20             A ^ -> Y v   NOR2X2    0.061   0.568    0.647  
      U69             -            NOR2X2    0.000   0.568    0.647  
      U69             A v -> Y ^   NOR2X2    0.093   0.662    0.740  
      U395            -            BUFX4     0.000   0.662    0.740  
      U395            A ^ -> Y ^   BUFX4     0.132   0.794    0.872  
      U187            -            OA21X1    0.000   0.794    0.872  
      U187            B0 ^ -> Y ^  OA21X1    0.128   0.922    1.000  
      -               -            vorca     0.000   0.922    1.000  
      ----------------------------------------------------------------
Path 78: MET Late External Delay Assertion 
Endpoint:   o_rd_data[5]     (^) checked with  leading edge of 'clk'
Beginpoint: f_state_reg_0_/Q (^) triggered by  leading edge of 'clk'
Path Groups: {clk}
Retime Analysis { Data Path-Slew SI }
Other End Arrival Time          0.000
- External Delay                0.000
+ Phase Shift                   1.000
= Required Time                 1.000
- Arrival Time                  0.922
= Slack Time                    0.078
= Slack Time(original)          0.078
     Clock Rise Edge                 0.000
     + Clock Network Latency (Ideal) 0.000
     = Beginpoint Arrival Time       0.000
      ----------------------------------------------------------------
      Instance        Arc          Cell      Retime  Arrival  Required  
                                             Delay   Time     Time  
      ----------------------------------------------------------------
      f_state_reg_0_  CK ^         -         -       0.000    0.078  
      f_state_reg_0_  CK ^ -> Q ^  SDFFRX1   0.311   0.311    0.389  
      U75             -            NAND2BX1  0.000   0.311    0.389  
      U75             B ^ -> Y v   NAND2BX1  0.107   0.418    0.496  
      U66             -            NOR2X2    0.000   0.418    0.496  
      U66             B v -> Y ^   NOR2X2    0.090   0.508    0.586  
      U20             -            NOR2X2    0.000   0.508    0.586  
      U20             A ^ -> Y v   NOR2X2    0.061   0.568    0.647  
      U69             -            NOR2X2    0.000   0.568    0.647  
      U69             A v -> Y ^   NOR2X2    0.093   0.662    0.740  
      U395            -            BUFX4     0.000   0.662    0.740  
      U395            A ^ -> Y ^   BUFX4     0.132   0.794    0.872  
      U422            -            OA21X1    0.000   0.794    0.872  
      U422            B0 ^ -> Y ^  OA21X1    0.128   0.922    1.000  
      -               -            vorca     0.000   0.922    1.000  
      ----------------------------------------------------------------
Path 79: MET Late External Delay Assertion 
Endpoint:   o_rd_data[6]     (^) checked with  leading edge of 'clk'
Beginpoint: f_state_reg_0_/Q (^) triggered by  leading edge of 'clk'
Path Groups: {clk}
Retime Analysis { Data Path-Slew SI }
Other End Arrival Time          0.000
- External Delay                0.000
+ Phase Shift                   1.000
= Required Time                 1.000
- Arrival Time                  0.922
= Slack Time                    0.078
= Slack Time(original)          0.078
     Clock Rise Edge                 0.000
     + Clock Network Latency (Ideal) 0.000
     = Beginpoint Arrival Time       0.000
      ----------------------------------------------------------------
      Instance        Arc          Cell      Retime  Arrival  Required  
                                             Delay   Time     Time  
      ----------------------------------------------------------------
      f_state_reg_0_  CK ^         -         -       0.000    0.078  
      f_state_reg_0_  CK ^ -> Q ^  SDFFRX1   0.311   0.311    0.389  
      U75             -            NAND2BX1  0.000   0.311    0.389  
      U75             B ^ -> Y v   NAND2BX1  0.107   0.418    0.496  
      U66             -            NOR2X2    0.000   0.418    0.496  
      U66             B v -> Y ^   NOR2X2    0.090   0.508    0.586  
      U20             -            NOR2X2    0.000   0.508    0.586  
      U20             A ^ -> Y v   NOR2X2    0.061   0.568    0.647  
      U69             -            NOR2X2    0.000   0.568    0.647  
      U69             A v -> Y ^   NOR2X2    0.093   0.662    0.740  
      U395            -            BUFX4     0.000   0.662    0.740  
      U395            A ^ -> Y ^   BUFX4     0.132   0.794    0.872  
      U418            -            OA21X1    0.000   0.794    0.872  
      U418            B0 ^ -> Y ^  OA21X1    0.128   0.922    1.000  
      -               -            vorca     0.000   0.922    1.000  
      ----------------------------------------------------------------
Path 80: MET Late External Delay Assertion 
Endpoint:   o_rd_data[7]     (^) checked with  leading edge of 'clk'
Beginpoint: f_state_reg_0_/Q (^) triggered by  leading edge of 'clk'
Path Groups: {clk}
Retime Analysis { Data Path-Slew SI }
Other End Arrival Time          0.000
- External Delay                0.000
+ Phase Shift                   1.000
= Required Time                 1.000
- Arrival Time                  0.922
= Slack Time                    0.078
= Slack Time(original)          0.078
     Clock Rise Edge                 0.000
     + Clock Network Latency (Ideal) 0.000
     = Beginpoint Arrival Time       0.000
      ----------------------------------------------------------------
      Instance        Arc          Cell      Retime  Arrival  Required  
                                             Delay   Time     Time  
      ----------------------------------------------------------------
      f_state_reg_0_  CK ^         -         -       0.000    0.078  
      f_state_reg_0_  CK ^ -> Q ^  SDFFRX1   0.311   0.311    0.389  
      U75             -            NAND2BX1  0.000   0.311    0.389  
      U75             B ^ -> Y v   NAND2BX1  0.107   0.418    0.496  
      U66             -            NOR2X2    0.000   0.418    0.496  
      U66             B v -> Y ^   NOR2X2    0.090   0.508    0.586  
      U20             -            NOR2X2    0.000   0.508    0.586  
      U20             A ^ -> Y v   NOR2X2    0.061   0.568    0.647  
      U69             -            NOR2X2    0.000   0.568    0.647  
      U69             A v -> Y ^   NOR2X2    0.093   0.662    0.740  
      U395            -            BUFX4     0.000   0.662    0.740  
      U395            A ^ -> Y ^   BUFX4     0.132   0.794    0.872  
      U424            -            OA21X1    0.000   0.794    0.872  
      U424            B0 ^ -> Y ^  OA21X1    0.128   0.922    1.000  
      -               -            vorca     0.000   0.922    1.000  
      ----------------------------------------------------------------
Path 81: MET Late External Delay Assertion 
Endpoint:   o_rd_data[10]    (^) checked with  leading edge of 'clk'
Beginpoint: f_state_reg_0_/Q (^) triggered by  leading edge of 'clk'
Path Groups: {clk}
Retime Analysis { Data Path-Slew SI }
Other End Arrival Time          0.000
- External Delay                0.000
+ Phase Shift                   1.000
= Required Time                 1.000
- Arrival Time                  0.922
= Slack Time                    0.078
= Slack Time(original)          0.078
     Clock Rise Edge                 0.000
     + Clock Network Latency (Ideal) 0.000
     = Beginpoint Arrival Time       0.000
      ----------------------------------------------------------------
      Instance        Arc          Cell      Retime  Arrival  Required  
                                             Delay   Time     Time  
      ----------------------------------------------------------------
      f_state_reg_0_  CK ^         -         -       0.000    0.078  
      f_state_reg_0_  CK ^ -> Q ^  SDFFRX1   0.311   0.311    0.389  
      U75             -            NAND2BX1  0.000   0.311    0.389  
      U75             B ^ -> Y v   NAND2BX1  0.107   0.418    0.496  
      U66             -            NOR2X2    0.000   0.418    0.496  
      U66             B v -> Y ^   NOR2X2    0.090   0.508    0.586  
      U20             -            NOR2X2    0.000   0.508    0.586  
      U20             A ^ -> Y v   NOR2X2    0.061   0.568    0.647  
      U69             -            NOR2X2    0.000   0.568    0.647  
      U69             A v -> Y ^   NOR2X2    0.093   0.662    0.740  
      U395            -            BUFX4     0.000   0.662    0.740  
      U395            A ^ -> Y ^   BUFX4     0.132   0.794    0.872  
      U417            -            OA21X1    0.000   0.794    0.872  
      U417            B0 ^ -> Y ^  OA21X1    0.128   0.922    1.000  
      -               -            vorca     0.000   0.922    1.000  
      ----------------------------------------------------------------
Path 82: MET Late External Delay Assertion 
Endpoint:   o_rd_data[12]    (^) checked with  leading edge of 'clk'
Beginpoint: f_state_reg_0_/Q (^) triggered by  leading edge of 'clk'
Path Groups: {clk}
Retime Analysis { Data Path-Slew SI }
Other End Arrival Time          0.000
- External Delay                0.000
+ Phase Shift                   1.000
= Required Time                 1.000
- Arrival Time                  0.922
= Slack Time                    0.078
= Slack Time(original)          0.078
     Clock Rise Edge                 0.000
     + Clock Network Latency (Ideal) 0.000
     = Beginpoint Arrival Time       0.000
      ----------------------------------------------------------------
      Instance        Arc          Cell      Retime  Arrival  Required  
                                             Delay   Time     Time  
      ----------------------------------------------------------------
      f_state_reg_0_  CK ^         -         -       0.000    0.078  
      f_state_reg_0_  CK ^ -> Q ^  SDFFRX1   0.311   0.311    0.389  
      U75             -            NAND2BX1  0.000   0.311    0.389  
      U75             B ^ -> Y v   NAND2BX1  0.107   0.418    0.496  
      U66             -            NOR2X2    0.000   0.418    0.496  
      U66             B v -> Y ^   NOR2X2    0.090   0.508    0.586  
      U20             -            NOR2X2    0.000   0.508    0.586  
      U20             A ^ -> Y v   NOR2X2    0.061   0.568    0.647  
      U69             -            NOR2X2    0.000   0.568    0.647  
      U69             A v -> Y ^   NOR2X2    0.093   0.662    0.740  
      U395            -            BUFX4     0.000   0.662    0.740  
      U395            A ^ -> Y ^   BUFX4     0.132   0.794    0.872  
      U414            -            OA21X1    0.000   0.794    0.872  
      U414            B0 ^ -> Y ^  OA21X1    0.128   0.922    1.000  
      -               -            vorca     0.000   0.922    1.000  
      ----------------------------------------------------------------
Path 83: MET Late External Delay Assertion 
Endpoint:   o_rd_data[13]    (^) checked with  leading edge of 'clk'
Beginpoint: f_state_reg_0_/Q (^) triggered by  leading edge of 'clk'
Path Groups: {clk}
Retime Analysis { Data Path-Slew SI }
Other End Arrival Time          0.000
- External Delay                0.000
+ Phase Shift                   1.000
= Required Time                 1.000
- Arrival Time                  0.922
= Slack Time                    0.078
= Slack Time(original)          0.078
     Clock Rise Edge                 0.000
     + Clock Network Latency (Ideal) 0.000
     = Beginpoint Arrival Time       0.000
      ----------------------------------------------------------------
      Instance        Arc          Cell      Retime  Arrival  Required  
                                             Delay   Time     Time  
      ----------------------------------------------------------------
      f_state_reg_0_  CK ^         -         -       0.000    0.078  
      f_state_reg_0_  CK ^ -> Q ^  SDFFRX1   0.311   0.311    0.389  
      U75             -            NAND2BX1  0.000   0.311    0.389  
      U75             B ^ -> Y v   NAND2BX1  0.107   0.418    0.496  
      U66             -            NOR2X2    0.000   0.418    0.496  
      U66             B v -> Y ^   NOR2X2    0.090   0.508    0.586  
      U20             -            NOR2X2    0.000   0.508    0.586  
      U20             A ^ -> Y v   NOR2X2    0.061   0.568    0.647  
      U69             -            NOR2X2    0.000   0.568    0.647  
      U69             A v -> Y ^   NOR2X2    0.093   0.662    0.740  
      U395            -            BUFX4     0.000   0.662    0.740  
      U395            A ^ -> Y ^   BUFX4     0.132   0.794    0.872  
      U425            -            OA21X1    0.000   0.794    0.872  
      U425            B0 ^ -> Y ^  OA21X1    0.128   0.922    1.000  
      -               -            vorca     0.000   0.922    1.000  
      ----------------------------------------------------------------
Path 84: MET Late External Delay Assertion 
Endpoint:   o_rd_data[14]    (^) checked with  leading edge of 'clk'
Beginpoint: f_state_reg_0_/Q (^) triggered by  leading edge of 'clk'
Path Groups: {clk}
Retime Analysis { Data Path-Slew SI }
Other End Arrival Time          0.000
- External Delay                0.000
+ Phase Shift                   1.000
= Required Time                 1.000
- Arrival Time                  0.922
= Slack Time                    0.078
= Slack Time(original)          0.078
     Clock Rise Edge                 0.000
     + Clock Network Latency (Ideal) 0.000
     = Beginpoint Arrival Time       0.000
      ----------------------------------------------------------------
      Instance        Arc          Cell      Retime  Arrival  Required  
                                             Delay   Time     Time  
      ----------------------------------------------------------------
      f_state_reg_0_  CK ^         -         -       0.000    0.078  
      f_state_reg_0_  CK ^ -> Q ^  SDFFRX1   0.311   0.311    0.389  
      U75             -            NAND2BX1  0.000   0.311    0.389  
      U75             B ^ -> Y v   NAND2BX1  0.107   0.418    0.496  
      U66             -            NOR2X2    0.000   0.418    0.496  
      U66             B v -> Y ^   NOR2X2    0.090   0.508    0.586  
      U20             -            NOR2X2    0.000   0.508    0.586  
      U20             A ^ -> Y v   NOR2X2    0.061   0.568    0.647  
      U69             -            NOR2X2    0.000   0.568    0.647  
      U69             A v -> Y ^   NOR2X2    0.093   0.662    0.740  
      U395            -            BUFX4     0.000   0.662    0.740  
      U395            A ^ -> Y ^   BUFX4     0.132   0.794    0.872  
      U402            -            OA21X1    0.000   0.794    0.872  
      U402            B0 ^ -> Y ^  OA21X1    0.128   0.922    1.000  
      -               -            vorca     0.000   0.922    1.000  
      ----------------------------------------------------------------
Path 85: MET Late External Delay Assertion 
Endpoint:   o_rd_data[15]    (^) checked with  leading edge of 'clk'
Beginpoint: f_state_reg_0_/Q (^) triggered by  leading edge of 'clk'
Path Groups: {clk}
Retime Analysis { Data Path-Slew SI }
Other End Arrival Time          0.000
- External Delay                0.000
+ Phase Shift                   1.000
= Required Time                 1.000
- Arrival Time                  0.922
= Slack Time                    0.078
= Slack Time(original)          0.078
     Clock Rise Edge                 0.000
     + Clock Network Latency (Ideal) 0.000
     = Beginpoint Arrival Time       0.000
      ----------------------------------------------------------------
      Instance        Arc          Cell      Retime  Arrival  Required  
                                             Delay   Time     Time  
      ----------------------------------------------------------------
      f_state_reg_0_  CK ^         -         -       0.000    0.078  
      f_state_reg_0_  CK ^ -> Q ^  SDFFRX1   0.311   0.311    0.389  
      U75             -            NAND2BX1  0.000   0.311    0.389  
      U75             B ^ -> Y v   NAND2BX1  0.107   0.418    0.496  
      U66             -            NOR2X2    0.000   0.418    0.496  
      U66             B v -> Y ^   NOR2X2    0.090   0.508    0.586  
      U20             -            NOR2X2    0.000   0.508    0.586  
      U20             A ^ -> Y v   NOR2X2    0.061   0.568    0.647  
      U69             -            NOR2X2    0.000   0.568    0.647  
      U69             A v -> Y ^   NOR2X2    0.093   0.662    0.740  
      U395            -            BUFX4     0.000   0.662    0.740  
      U395            A ^ -> Y ^   BUFX4     0.132   0.794    0.872  
      U419            -            OA21X1    0.000   0.794    0.872  
      U419            B0 ^ -> Y ^  OA21X1    0.128   0.922    1.000  
      -               -            vorca     0.000   0.922    1.000  
      ----------------------------------------------------------------
Path 86: MET Late External Delay Assertion 
Endpoint:   o_rd_data[18]    (^) checked with  leading edge of 'clk'
Beginpoint: f_state_reg_0_/Q (^) triggered by  leading edge of 'clk'
Path Groups: {clk}
Retime Analysis { Data Path-Slew SI }
Other End Arrival Time          0.000
- External Delay                0.000
+ Phase Shift                   1.000
= Required Time                 1.000
- Arrival Time                  0.922
= Slack Time                    0.078
= Slack Time(original)          0.078
     Clock Rise Edge                 0.000
     + Clock Network Latency (Ideal) 0.000
     = Beginpoint Arrival Time       0.000
      ----------------------------------------------------------------
      Instance        Arc          Cell      Retime  Arrival  Required  
                                             Delay   Time     Time  
      ----------------------------------------------------------------
      f_state_reg_0_  CK ^         -         -       0.000    0.078  
      f_state_reg_0_  CK ^ -> Q ^  SDFFRX1   0.311   0.311    0.389  
      U75             -            NAND2BX1  0.000   0.311    0.389  
      U75             B ^ -> Y v   NAND2BX1  0.107   0.418    0.496  
      U66             -            NOR2X2    0.000   0.418    0.496  
      U66             B v -> Y ^   NOR2X2    0.090   0.508    0.586  
      U20             -            NOR2X2    0.000   0.508    0.586  
      U20             A ^ -> Y v   NOR2X2    0.061   0.568    0.647  
      U69             -            NOR2X2    0.000   0.568    0.647  
      U69             A v -> Y ^   NOR2X2    0.093   0.662    0.740  
      U395            -            BUFX4     0.000   0.662    0.740  
      U395            A ^ -> Y ^   BUFX4     0.132   0.794    0.872  
      U396            -            OA21X1    0.000   0.794    0.872  
      U396            B0 ^ -> Y ^  OA21X1    0.128   0.922    1.000  
      -               -            vorca     0.000   0.922    1.000  
      ----------------------------------------------------------------
Path 87: MET Late External Delay Assertion 
Endpoint:   o_rd_data[19]    (^) checked with  leading edge of 'clk'
Beginpoint: f_state_reg_0_/Q (^) triggered by  leading edge of 'clk'
Path Groups: {clk}
Retime Analysis { Data Path-Slew SI }
Other End Arrival Time          0.000
- External Delay                0.000
+ Phase Shift                   1.000
= Required Time                 1.000
- Arrival Time                  0.922
= Slack Time                    0.078
= Slack Time(original)          0.078
     Clock Rise Edge                 0.000
     + Clock Network Latency (Ideal) 0.000
     = Beginpoint Arrival Time       0.000
      ----------------------------------------------------------------
      Instance        Arc          Cell      Retime  Arrival  Required  
                                             Delay   Time     Time  
      ----------------------------------------------------------------
      f_state_reg_0_  CK ^         -         -       0.000    0.078  
      f_state_reg_0_  CK ^ -> Q ^  SDFFRX1   0.311   0.311    0.389  
      U75             -            NAND2BX1  0.000   0.311    0.389  
      U75             B ^ -> Y v   NAND2BX1  0.107   0.418    0.496  
      U66             -            NOR2X2    0.000   0.418    0.496  
      U66             B v -> Y ^   NOR2X2    0.090   0.508    0.586  
      U20             -            NOR2X2    0.000   0.508    0.586  
      U20             A ^ -> Y v   NOR2X2    0.061   0.568    0.647  
      U69             -            NOR2X2    0.000   0.568    0.647  
      U69             A v -> Y ^   NOR2X2    0.093   0.662    0.740  
      U395            -            BUFX4     0.000   0.662    0.740  
      U395            A ^ -> Y ^   BUFX4     0.132   0.794    0.872  
      U188            -            OA21X1    0.000   0.794    0.872  
      U188            B0 ^ -> Y ^  OA21X1    0.128   0.922    1.000  
      -               -            vorca     0.000   0.922    1.000  
      ----------------------------------------------------------------
Path 88: MET Late External Delay Assertion 
Endpoint:   o_rd_data[20]    (^) checked with  leading edge of 'clk'
Beginpoint: f_state_reg_0_/Q (^) triggered by  leading edge of 'clk'
Path Groups: {clk}
Retime Analysis { Data Path-Slew SI }
Other End Arrival Time          0.000
- External Delay                0.000
+ Phase Shift                   1.000
= Required Time                 1.000
- Arrival Time                  0.922
= Slack Time                    0.078
= Slack Time(original)          0.078
     Clock Rise Edge                 0.000
     + Clock Network Latency (Ideal) 0.000
     = Beginpoint Arrival Time       0.000
      ----------------------------------------------------------------
      Instance        Arc          Cell      Retime  Arrival  Required  
                                             Delay   Time     Time  
      ----------------------------------------------------------------
      f_state_reg_0_  CK ^         -         -       0.000    0.078  
      f_state_reg_0_  CK ^ -> Q ^  SDFFRX1   0.311   0.311    0.389  
      U75             -            NAND2BX1  0.000   0.311    0.389  
      U75             B ^ -> Y v   NAND2BX1  0.107   0.418    0.496  
      U66             -            NOR2X2    0.000   0.418    0.496  
      U66             B v -> Y ^   NOR2X2    0.090   0.508    0.586  
      U20             -            NOR2X2    0.000   0.508    0.586  
      U20             A ^ -> Y v   NOR2X2    0.061   0.568    0.647  
      U69             -            NOR2X2    0.000   0.568    0.647  
      U69             A v -> Y ^   NOR2X2    0.093   0.662    0.740  
      U395            -            BUFX4     0.000   0.662    0.740  
      U395            A ^ -> Y ^   BUFX4     0.132   0.794    0.872  
      U399            -            OA21X1    0.000   0.794    0.872  
      U399            B0 ^ -> Y ^  OA21X1    0.128   0.922    1.000  
      -               -            vorca     0.000   0.922    1.000  
      ----------------------------------------------------------------
Path 89: MET Late External Delay Assertion 
Endpoint:   o_rd_data[21]    (^) checked with  leading edge of 'clk'
Beginpoint: f_state_reg_0_/Q (^) triggered by  leading edge of 'clk'
Path Groups: {clk}
Retime Analysis { Data Path-Slew SI }
Other End Arrival Time          0.000
- External Delay                0.000
+ Phase Shift                   1.000
= Required Time                 1.000
- Arrival Time                  0.922
= Slack Time                    0.078
= Slack Time(original)          0.078
     Clock Rise Edge                 0.000
     + Clock Network Latency (Ideal) 0.000
     = Beginpoint Arrival Time       0.000
      ----------------------------------------------------------------
      Instance        Arc          Cell      Retime  Arrival  Required  
                                             Delay   Time     Time  
      ----------------------------------------------------------------
      f_state_reg_0_  CK ^         -         -       0.000    0.078  
      f_state_reg_0_  CK ^ -> Q ^  SDFFRX1   0.311   0.311    0.389  
      U75             -            NAND2BX1  0.000   0.311    0.389  
      U75             B ^ -> Y v   NAND2BX1  0.107   0.418    0.496  
      U66             -            NOR2X2    0.000   0.418    0.496  
      U66             B v -> Y ^   NOR2X2    0.090   0.508    0.586  
      U20             -            NOR2X2    0.000   0.508    0.586  
      U20             A ^ -> Y v   NOR2X2    0.061   0.568    0.647  
      U69             -            NOR2X2    0.000   0.568    0.647  
      U69             A v -> Y ^   NOR2X2    0.093   0.662    0.740  
      U395            -            BUFX4     0.000   0.662    0.740  
      U395            A ^ -> Y ^   BUFX4     0.132   0.794    0.872  
      U397            -            OA21X1    0.000   0.794    0.872  
      U397            B0 ^ -> Y ^  OA21X1    0.128   0.922    1.000  
      -               -            vorca     0.000   0.922    1.000  
      ----------------------------------------------------------------
Path 90: MET Late External Delay Assertion 
Endpoint:   o_rd_data[22]    (^) checked with  leading edge of 'clk'
Beginpoint: f_state_reg_0_/Q (^) triggered by  leading edge of 'clk'
Path Groups: {clk}
Retime Analysis { Data Path-Slew SI }
Other End Arrival Time          0.000
- External Delay                0.000
+ Phase Shift                   1.000
= Required Time                 1.000
- Arrival Time                  0.922
= Slack Time                    0.078
= Slack Time(original)          0.078
     Clock Rise Edge                 0.000
     + Clock Network Latency (Ideal) 0.000
     = Beginpoint Arrival Time       0.000
      ----------------------------------------------------------------
      Instance        Arc          Cell      Retime  Arrival  Required  
                                             Delay   Time     Time  
      ----------------------------------------------------------------
      f_state_reg_0_  CK ^         -         -       0.000    0.078  
      f_state_reg_0_  CK ^ -> Q ^  SDFFRX1   0.311   0.311    0.389  
      U75             -            NAND2BX1  0.000   0.311    0.389  
      U75             B ^ -> Y v   NAND2BX1  0.107   0.418    0.496  
      U66             -            NOR2X2    0.000   0.418    0.496  
      U66             B v -> Y ^   NOR2X2    0.090   0.508    0.586  
      U20             -            NOR2X2    0.000   0.508    0.586  
      U20             A ^ -> Y v   NOR2X2    0.061   0.568    0.647  
      U69             -            NOR2X2    0.000   0.568    0.647  
      U69             A v -> Y ^   NOR2X2    0.093   0.662    0.740  
      U395            -            BUFX4     0.000   0.662    0.740  
      U395            A ^ -> Y ^   BUFX4     0.132   0.794    0.872  
      U398            -            OA21X1    0.000   0.794    0.872  
      U398            B0 ^ -> Y ^  OA21X1    0.128   0.922    1.000  
      -               -            vorca     0.000   0.922    1.000  
      ----------------------------------------------------------------
Path 91: MET Late External Delay Assertion 
Endpoint:   o_rd_data[23]    (^) checked with  leading edge of 'clk'
Beginpoint: f_state_reg_0_/Q (^) triggered by  leading edge of 'clk'
Path Groups: {clk}
Retime Analysis { Data Path-Slew SI }
Other End Arrival Time          0.000
- External Delay                0.000
+ Phase Shift                   1.000
= Required Time                 1.000
- Arrival Time                  0.922
= Slack Time                    0.078
= Slack Time(original)          0.078
     Clock Rise Edge                 0.000
     + Clock Network Latency (Ideal) 0.000
     = Beginpoint Arrival Time       0.000
      ----------------------------------------------------------------
      Instance        Arc          Cell      Retime  Arrival  Required  
                                             Delay   Time     Time  
      ----------------------------------------------------------------
      f_state_reg_0_  CK ^         -         -       0.000    0.078  
      f_state_reg_0_  CK ^ -> Q ^  SDFFRX1   0.311   0.311    0.389  
      U75             -            NAND2BX1  0.000   0.311    0.389  
      U75             B ^ -> Y v   NAND2BX1  0.107   0.418    0.496  
      U66             -            NOR2X2    0.000   0.418    0.496  
      U66             B v -> Y ^   NOR2X2    0.090   0.508    0.586  
      U20             -            NOR2X2    0.000   0.508    0.586  
      U20             A ^ -> Y v   NOR2X2    0.061   0.568    0.647  
      U69             -            NOR2X2    0.000   0.568    0.647  
      U69             A v -> Y ^   NOR2X2    0.093   0.662    0.740  
      U395            -            BUFX4     0.000   0.662    0.740  
      U395            A ^ -> Y ^   BUFX4     0.132   0.794    0.872  
      U401            -            OA21X1    0.000   0.794    0.872  
      U401            B0 ^ -> Y ^  OA21X1    0.128   0.922    1.000  
      -               -            vorca     0.000   0.922    1.000  
      ----------------------------------------------------------------
Path 92: MET Late External Delay Assertion 
Endpoint:   o_rd_data[26]    (^) checked with  leading edge of 'clk'
Beginpoint: f_state_reg_0_/Q (^) triggered by  leading edge of 'clk'
Path Groups: {clk}
Retime Analysis { Data Path-Slew SI }
Other End Arrival Time          0.000
- External Delay                0.000
+ Phase Shift                   1.000
= Required Time                 1.000
- Arrival Time                  0.922
= Slack Time                    0.078
= Slack Time(original)          0.078
     Clock Rise Edge                 0.000
     + Clock Network Latency (Ideal) 0.000
     = Beginpoint Arrival Time       0.000
      ----------------------------------------------------------------
      Instance        Arc          Cell      Retime  Arrival  Required  
                                             Delay   Time     Time  
      ----------------------------------------------------------------
      f_state_reg_0_  CK ^         -         -       0.000    0.078  
      f_state_reg_0_  CK ^ -> Q ^  SDFFRX1   0.311   0.311    0.389  
      U75             -            NAND2BX1  0.000   0.311    0.389  
      U75             B ^ -> Y v   NAND2BX1  0.107   0.418    0.496  
      U66             -            NOR2X2    0.000   0.418    0.496  
      U66             B v -> Y ^   NOR2X2    0.090   0.508    0.586  
      U20             -            NOR2X2    0.000   0.508    0.586  
      U20             A ^ -> Y v   NOR2X2    0.061   0.568    0.647  
      U69             -            NOR2X2    0.000   0.568    0.647  
      U69             A v -> Y ^   NOR2X2    0.093   0.662    0.740  
      U395            -            BUFX4     0.000   0.662    0.740  
      U395            A ^ -> Y ^   BUFX4     0.132   0.794    0.872  
      U405            -            OA21X1    0.000   0.794    0.872  
      U405            B0 ^ -> Y ^  OA21X1    0.128   0.922    1.000  
      -               -            vorca     0.000   0.922    1.000  
      ----------------------------------------------------------------
Path 93: MET Late External Delay Assertion 
Endpoint:   o_rd_data[27]    (^) checked with  leading edge of 'clk'
Beginpoint: f_state_reg_0_/Q (^) triggered by  leading edge of 'clk'
Path Groups: {clk}
Retime Analysis { Data Path-Slew SI }
Other End Arrival Time          0.000
- External Delay                0.000
+ Phase Shift                   1.000
= Required Time                 1.000
- Arrival Time                  0.922
= Slack Time                    0.078
= Slack Time(original)          0.078
     Clock Rise Edge                 0.000
     + Clock Network Latency (Ideal) 0.000
     = Beginpoint Arrival Time       0.000
      ----------------------------------------------------------------
      Instance        Arc          Cell      Retime  Arrival  Required  
                                             Delay   Time     Time  
      ----------------------------------------------------------------
      f_state_reg_0_  CK ^         -         -       0.000    0.078  
      f_state_reg_0_  CK ^ -> Q ^  SDFFRX1   0.311   0.311    0.389  
      U75             -            NAND2BX1  0.000   0.311    0.389  
      U75             B ^ -> Y v   NAND2BX1  0.107   0.418    0.496  
      U66             -            NOR2X2    0.000   0.418    0.496  
      U66             B v -> Y ^   NOR2X2    0.090   0.508    0.586  
      U20             -            NOR2X2    0.000   0.508    0.586  
      U20             A ^ -> Y v   NOR2X2    0.061   0.568    0.647  
      U69             -            NOR2X2    0.000   0.568    0.647  
      U69             A v -> Y ^   NOR2X2    0.093   0.662    0.740  
      U395            -            BUFX4     0.000   0.662    0.740  
      U395            A ^ -> Y ^   BUFX4     0.132   0.794    0.872  
      U407            -            OA21X1    0.000   0.794    0.872  
      U407            B0 ^ -> Y ^  OA21X1    0.128   0.922    1.000  
      -               -            vorca     0.000   0.922    1.000  
      ----------------------------------------------------------------
Path 94: MET Late External Delay Assertion 
Endpoint:   o_rd_data[28]    (^) checked with  leading edge of 'clk'
Beginpoint: f_state_reg_0_/Q (^) triggered by  leading edge of 'clk'
Path Groups: {clk}
Retime Analysis { Data Path-Slew SI }
Other End Arrival Time          0.000
- External Delay                0.000
+ Phase Shift                   1.000
= Required Time                 1.000
- Arrival Time                  0.922
= Slack Time                    0.078
= Slack Time(original)          0.078
     Clock Rise Edge                 0.000
     + Clock Network Latency (Ideal) 0.000
     = Beginpoint Arrival Time       0.000
      ----------------------------------------------------------------
      Instance        Arc          Cell      Retime  Arrival  Required  
                                             Delay   Time     Time  
      ----------------------------------------------------------------
      f_state_reg_0_  CK ^         -         -       0.000    0.078  
      f_state_reg_0_  CK ^ -> Q ^  SDFFRX1   0.311   0.311    0.389  
      U75             -            NAND2BX1  0.000   0.311    0.389  
      U75             B ^ -> Y v   NAND2BX1  0.107   0.418    0.496  
      U66             -            NOR2X2    0.000   0.418    0.496  
      U66             B v -> Y ^   NOR2X2    0.090   0.508    0.586  
      U20             -            NOR2X2    0.000   0.508    0.586  
      U20             A ^ -> Y v   NOR2X2    0.061   0.568    0.647  
      U69             -            NOR2X2    0.000   0.568    0.647  
      U69             A v -> Y ^   NOR2X2    0.093   0.662    0.740  
      U395            -            BUFX4     0.000   0.662    0.740  
      U395            A ^ -> Y ^   BUFX4     0.132   0.794    0.872  
      U404            -            OA21X1    0.000   0.794    0.872  
      U404            B0 ^ -> Y ^  OA21X1    0.128   0.922    1.000  
      -               -            vorca     0.000   0.922    1.000  
      ----------------------------------------------------------------
Path 95: MET Setup Check with Pin n_write_reg/CK 
Endpoint:   n_write_reg/D    (^) checked with  leading edge of 'clk'
Beginpoint: f_state_reg_1_/Q (^) triggered by  leading edge of 'clk'
Path Groups: {clk}
Retime Analysis { Data Path-Slew SI }
Other End Arrival Time          0.000
- Setup                         0.236
+ Phase Shift                   1.000
= Required Time                 0.764
- Arrival Time                  0.672
= Slack Time                    0.092
= Slack Time(original)          0.090
     Clock Rise Edge                 0.000
     + Clock Network Latency (Ideal) 0.000
     = Beginpoint Arrival Time       0.000
      ----------------------------------------------------------------
      Instance        Arc          Cell      Retime  Arrival  Required  
                                             Delay   Time     Time  
      ----------------------------------------------------------------
      f_state_reg_1_  CK ^         -         -       0.000    0.092  
      f_state_reg_1_  CK ^ -> Q ^  SDFFRX1   0.309   0.309    0.401  
      U75             -            NAND2BX1  0.000   0.309    0.401  
      U75             AN ^ -> Y ^  NAND2BX1  0.102   0.411    0.503  
      U66             -            NOR2X2    0.000   0.411    0.503  
      U66             B ^ -> Y v   NOR2X2    0.052   0.463    0.555  
      U20             -            NOR2X2    0.000   0.463    0.555  
      U20             A v -> Y ^   NOR2X2    0.066   0.529    0.621  
      U231            -            AO21X1    0.000   0.529    0.621  
      U231            A1 ^ -> Y ^  AO21X1    0.143   0.672    0.764  
      n_write_reg     -            SDFFRX1   0.000   0.672    0.764  
      ----------------------------------------------------------------
Path 96: MET Late External Delay Assertion 
Endpoint:   o_rd_data[8]     (^) checked with  leading edge of 'clk'
Beginpoint: f_state_reg_0_/Q (^) triggered by  leading edge of 'clk'
Path Groups: {clk}
Retime Analysis { Data Path-Slew SI }
Other End Arrival Time          0.000
- External Delay                0.000
+ Phase Shift                   1.000
= Required Time                 1.000
- Arrival Time                  0.810
= Slack Time                    0.190
= Slack Time(original)          0.190
     Clock Rise Edge                 0.000
     + Clock Network Latency (Ideal) 0.000
     = Beginpoint Arrival Time       0.000
      ----------------------------------------------------------------
      Instance        Arc          Cell      Retime  Arrival  Required  
                                             Delay   Time     Time  
      ----------------------------------------------------------------
      f_state_reg_0_  CK ^         -         -       0.000    0.190  
      f_state_reg_0_  CK ^ -> Q ^  SDFFRX1   0.311   0.311    0.500  
      U75             -            NAND2BX1  0.000   0.311    0.500  
      U75             B ^ -> Y v   NAND2BX1  0.107   0.418    0.608  
      U66             -            NOR2X2    0.000   0.418    0.608  
      U66             B v -> Y ^   NOR2X2    0.090   0.508    0.697  
      U20             -            NOR2X2    0.000   0.508    0.697  
      U20             A ^ -> Y v   NOR2X2    0.061   0.568    0.758  
      U69             -            NOR2X2    0.000   0.568    0.758  
      U69             A v -> Y ^   NOR2X2    0.093   0.662    0.851  
      U423            -            OA21X1    0.000   0.662    0.851  
      U423            B0 ^ -> Y ^  OA21X1    0.149   0.810    1.000  
      -               -            vorca     0.000   0.810    1.000  
      ----------------------------------------------------------------
Path 97: MET Late External Delay Assertion 
Endpoint:   o_rd_data[9]     (^) checked with  leading edge of 'clk'
Beginpoint: f_state_reg_0_/Q (^) triggered by  leading edge of 'clk'
Path Groups: {clk}
Retime Analysis { Data Path-Slew SI }
Other End Arrival Time          0.000
- External Delay                0.000
+ Phase Shift                   1.000
= Required Time                 1.000
- Arrival Time                  0.810
= Slack Time                    0.190
= Slack Time(original)          0.190
     Clock Rise Edge                 0.000
     + Clock Network Latency (Ideal) 0.000
     = Beginpoint Arrival Time       0.000
      ----------------------------------------------------------------
      Instance        Arc          Cell      Retime  Arrival  Required  
                                             Delay   Time     Time  
      ----------------------------------------------------------------
      f_state_reg_0_  CK ^         -         -       0.000    0.190  
      f_state_reg_0_  CK ^ -> Q ^  SDFFRX1   0.311   0.311    0.500  
      U75             -            NAND2BX1  0.000   0.311    0.500  
      U75             B ^ -> Y v   NAND2BX1  0.107   0.418    0.608  
      U66             -            NOR2X2    0.000   0.418    0.608  
      U66             B v -> Y ^   NOR2X2    0.090   0.508    0.697  
      U20             -            NOR2X2    0.000   0.508    0.697  
      U20             A ^ -> Y v   NOR2X2    0.061   0.568    0.758  
      U69             -            NOR2X2    0.000   0.568    0.758  
      U69             A v -> Y ^   NOR2X2    0.093   0.662    0.851  
      U416            -            OA21X1    0.000   0.662    0.851  
      U416            B0 ^ -> Y ^  OA21X1    0.149   0.810    1.000  
      -               -            vorca     0.000   0.810    1.000  
      ----------------------------------------------------------------
Path 98: MET Late External Delay Assertion 
Endpoint:   o_rd_data[11]    (^) checked with  leading edge of 'clk'
Beginpoint: f_state_reg_0_/Q (^) triggered by  leading edge of 'clk'
Path Groups: {clk}
Retime Analysis { Data Path-Slew SI }
Other End Arrival Time          0.000
- External Delay                0.000
+ Phase Shift                   1.000
= Required Time                 1.000
- Arrival Time                  0.810
= Slack Time                    0.190
= Slack Time(original)          0.190
     Clock Rise Edge                 0.000
     + Clock Network Latency (Ideal) 0.000
     = Beginpoint Arrival Time       0.000
      ----------------------------------------------------------------
      Instance        Arc          Cell      Retime  Arrival  Required  
                                             Delay   Time     Time  
      ----------------------------------------------------------------
      f_state_reg_0_  CK ^         -         -       0.000    0.190  
      f_state_reg_0_  CK ^ -> Q ^  SDFFRX1   0.311   0.311    0.500  
      U75             -            NAND2BX1  0.000   0.311    0.500  
      U75             B ^ -> Y v   NAND2BX1  0.107   0.418    0.608  
      U66             -            NOR2X2    0.000   0.418    0.608  
      U66             B v -> Y ^   NOR2X2    0.090   0.508    0.697  
      U20             -            NOR2X2    0.000   0.508    0.697  
      U20             A ^ -> Y v   NOR2X2    0.061   0.568    0.758  
      U69             -            NOR2X2    0.000   0.568    0.758  
      U69             A v -> Y ^   NOR2X2    0.093   0.662    0.851  
      U420            -            OA21X1    0.000   0.662    0.851  
      U420            B0 ^ -> Y ^  OA21X1    0.149   0.810    1.000  
      -               -            vorca     0.000   0.810    1.000  
      ----------------------------------------------------------------
Path 99: MET Late External Delay Assertion 
Endpoint:   o_rd_data[16]    (^) checked with  leading edge of 'clk'
Beginpoint: f_state_reg_0_/Q (^) triggered by  leading edge of 'clk'
Path Groups: {clk}
Retime Analysis { Data Path-Slew SI }
Other End Arrival Time          0.000
- External Delay                0.000
+ Phase Shift                   1.000
= Required Time                 1.000
- Arrival Time                  0.810
= Slack Time                    0.190
= Slack Time(original)          0.190
     Clock Rise Edge                 0.000
     + Clock Network Latency (Ideal) 0.000
     = Beginpoint Arrival Time       0.000
      ----------------------------------------------------------------
      Instance        Arc          Cell      Retime  Arrival  Required  
                                             Delay   Time     Time  
      ----------------------------------------------------------------
      f_state_reg_0_  CK ^         -         -       0.000    0.190  
      f_state_reg_0_  CK ^ -> Q ^  SDFFRX1   0.311   0.311    0.500  
      U75             -            NAND2BX1  0.000   0.311    0.500  
      U75             B ^ -> Y v   NAND2BX1  0.107   0.418    0.608  
      U66             -            NOR2X2    0.000   0.418    0.608  
      U66             B v -> Y ^   NOR2X2    0.090   0.508    0.697  
      U20             -            NOR2X2    0.000   0.508    0.697  
      U20             A ^ -> Y v   NOR2X2    0.061   0.568    0.758  
      U69             -            NOR2X2    0.000   0.568    0.758  
      U69             A v -> Y ^   NOR2X2    0.093   0.662    0.851  
      U412            -            OA21X1    0.000   0.662    0.851  
      U412            B0 ^ -> Y ^  OA21X1    0.149   0.810    1.000  
      -               -            vorca     0.000   0.810    1.000  
      ----------------------------------------------------------------
Path 100: MET Late External Delay Assertion 
Endpoint:   o_rd_data[17]    (^) checked with  leading edge of 'clk'
Beginpoint: f_state_reg_0_/Q (^) triggered by  leading edge of 'clk'
Path Groups: {clk}
Retime Analysis { Data Path-Slew SI }
Other End Arrival Time          0.000
- External Delay                0.000
+ Phase Shift                   1.000
= Required Time                 1.000
- Arrival Time                  0.810
= Slack Time                    0.190
= Slack Time(original)          0.190
     Clock Rise Edge                 0.000
     + Clock Network Latency (Ideal) 0.000
     = Beginpoint Arrival Time       0.000
      ----------------------------------------------------------------
      Instance        Arc          Cell      Retime  Arrival  Required  
                                             Delay   Time     Time  
      ----------------------------------------------------------------
      f_state_reg_0_  CK ^         -         -       0.000    0.190  
      f_state_reg_0_  CK ^ -> Q ^  SDFFRX1   0.311   0.311    0.500  
      U75             -            NAND2BX1  0.000   0.311    0.500  
      U75             B ^ -> Y v   NAND2BX1  0.107   0.418    0.608  
      U66             -            NOR2X2    0.000   0.418    0.608  
      U66             B v -> Y ^   NOR2X2    0.090   0.508    0.697  
      U20             -            NOR2X2    0.000   0.508    0.697  
      U20             A ^ -> Y v   NOR2X2    0.061   0.568    0.758  
      U69             -            NOR2X2    0.000   0.568    0.758  
      U69             A v -> Y ^   NOR2X2    0.093   0.662    0.851  
      U415            -            OA21X1    0.000   0.662    0.851  
      U415            B0 ^ -> Y ^  OA21X1    0.149   0.810    1.000  
      -               -            vorca     0.000   0.810    1.000  
      ----------------------------------------------------------------
Path 101: MET Late External Delay Assertion 
Endpoint:   o_rd_data[24]    (^) checked with  leading edge of 'clk'
Beginpoint: f_state_reg_0_/Q (^) triggered by  leading edge of 'clk'
Path Groups: {clk}
Retime Analysis { Data Path-Slew SI }
Other End Arrival Time          0.000
- External Delay                0.000
+ Phase Shift                   1.000
= Required Time                 1.000
- Arrival Time                  0.810
= Slack Time                    0.190
= Slack Time(original)          0.190
     Clock Rise Edge                 0.000
     + Clock Network Latency (Ideal) 0.000
     = Beginpoint Arrival Time       0.000
      ----------------------------------------------------------------
      Instance        Arc          Cell      Retime  Arrival  Required  
                                             Delay   Time     Time  
      ----------------------------------------------------------------
      f_state_reg_0_  CK ^         -         -       0.000    0.190  
      f_state_reg_0_  CK ^ -> Q ^  SDFFRX1   0.311   0.311    0.500  
      U75             -            NAND2BX1  0.000   0.311    0.500  
      U75             B ^ -> Y v   NAND2BX1  0.107   0.418    0.608  
      U66             -            NOR2X2    0.000   0.418    0.608  
      U66             B v -> Y ^   NOR2X2    0.090   0.508    0.697  
      U20             -            NOR2X2    0.000   0.508    0.697  
      U20             A ^ -> Y v   NOR2X2    0.061   0.568    0.758  
      U69             -            NOR2X2    0.000   0.568    0.758  
      U69             A v -> Y ^   NOR2X2    0.093   0.662    0.851  
      U400            -            OA21X1    0.000   0.662    0.851  
      U400            B0 ^ -> Y ^  OA21X1    0.149   0.810    1.000  
      -               -            vorca     0.000   0.810    1.000  
      ----------------------------------------------------------------
Path 102: MET Late External Delay Assertion 
Endpoint:   o_rd_data[25]    (^) checked with  leading edge of 'clk'
Beginpoint: f_state_reg_0_/Q (^) triggered by  leading edge of 'clk'
Path Groups: {clk}
Retime Analysis { Data Path-Slew SI }
Other End Arrival Time          0.000
- External Delay                0.000
+ Phase Shift                   1.000
= Required Time                 1.000
- Arrival Time                  0.810
= Slack Time                    0.190
= Slack Time(original)          0.190
     Clock Rise Edge                 0.000
     + Clock Network Latency (Ideal) 0.000
     = Beginpoint Arrival Time       0.000
      ----------------------------------------------------------------
      Instance        Arc          Cell      Retime  Arrival  Required  
                                             Delay   Time     Time  
      ----------------------------------------------------------------
      f_state_reg_0_  CK ^         -         -       0.000    0.190  
      f_state_reg_0_  CK ^ -> Q ^  SDFFRX1   0.311   0.311    0.500  
      U75             -            NAND2BX1  0.000   0.311    0.500  
      U75             B ^ -> Y v   NAND2BX1  0.107   0.418    0.608  
      U66             -            NOR2X2    0.000   0.418    0.608  
      U66             B v -> Y ^   NOR2X2    0.090   0.508    0.697  
      U20             -            NOR2X2    0.000   0.508    0.697  
      U20             A ^ -> Y v   NOR2X2    0.061   0.568    0.758  
      U69             -            NOR2X2    0.000   0.568    0.758  
      U69             A v -> Y ^   NOR2X2    0.093   0.662    0.851  
      U403            -            OA21X1    0.000   0.662    0.851  
      U403            B0 ^ -> Y ^  OA21X1    0.149   0.810    1.000  
      -               -            vorca     0.000   0.810    1.000  
      ----------------------------------------------------------------
Path 103: MET Late External Delay Assertion 
Endpoint:   o_rd_data[29]    (^) checked with  leading edge of 'clk'
Beginpoint: f_state_reg_0_/Q (^) triggered by  leading edge of 'clk'
Path Groups: {clk}
Retime Analysis { Data Path-Slew SI }
Other End Arrival Time          0.000
- External Delay                0.000
+ Phase Shift                   1.000
= Required Time                 1.000
- Arrival Time                  0.810
= Slack Time                    0.190
= Slack Time(original)          0.190
     Clock Rise Edge                 0.000
     + Clock Network Latency (Ideal) 0.000
     = Beginpoint Arrival Time       0.000
      ----------------------------------------------------------------
      Instance        Arc          Cell      Retime  Arrival  Required  
                                             Delay   Time     Time  
      ----------------------------------------------------------------
      f_state_reg_0_  CK ^         -         -       0.000    0.190  
      f_state_reg_0_  CK ^ -> Q ^  SDFFRX1   0.311   0.311    0.500  
      U75             -            NAND2BX1  0.000   0.311    0.500  
      U75             B ^ -> Y v   NAND2BX1  0.107   0.418    0.608  
      U66             -            NOR2X2    0.000   0.418    0.608  
      U66             B v -> Y ^   NOR2X2    0.090   0.508    0.697  
      U20             -            NOR2X2    0.000   0.508    0.697  
      U20             A ^ -> Y v   NOR2X2    0.061   0.568    0.758  
      U69             -            NOR2X2    0.000   0.568    0.758  
      U69             A v -> Y ^   NOR2X2    0.093   0.662    0.851  
      U406            -            OA21X1    0.000   0.662    0.851  
      U406            B0 ^ -> Y ^  OA21X1    0.149   0.810    1.000  
      -               -            vorca     0.000   0.810    1.000  
      ----------------------------------------------------------------
Path 104: MET Late External Delay Assertion 
Endpoint:   o_rd_data[30]    (^) checked with  leading edge of 'clk'
Beginpoint: f_state_reg_0_/Q (^) triggered by  leading edge of 'clk'
Path Groups: {clk}
Retime Analysis { Data Path-Slew SI }
Other End Arrival Time          0.000
- External Delay                0.000
+ Phase Shift                   1.000
= Required Time                 1.000
- Arrival Time                  0.810
= Slack Time                    0.190
= Slack Time(original)          0.190
     Clock Rise Edge                 0.000
     + Clock Network Latency (Ideal) 0.000
     = Beginpoint Arrival Time       0.000
      ----------------------------------------------------------------
      Instance        Arc          Cell      Retime  Arrival  Required  
                                             Delay   Time     Time  
      ----------------------------------------------------------------
      f_state_reg_0_  CK ^         -         -       0.000    0.190  
      f_state_reg_0_  CK ^ -> Q ^  SDFFRX1   0.311   0.311    0.500  
      U75             -            NAND2BX1  0.000   0.311    0.500  
      U75             B ^ -> Y v   NAND2BX1  0.107   0.418    0.608  
      U66             -            NOR2X2    0.000   0.418    0.608  
      U66             B v -> Y ^   NOR2X2    0.090   0.508    0.697  
      U20             -            NOR2X2    0.000   0.508    0.697  
      U20             A ^ -> Y v   NOR2X2    0.061   0.568    0.758  
      U69             -            NOR2X2    0.000   0.568    0.758  
      U69             A v -> Y ^   NOR2X2    0.093   0.662    0.851  
      U411            -            OA21X1    0.000   0.662    0.851  
      U411            B0 ^ -> Y ^  OA21X1    0.149   0.810    1.000  
      -               -            vorca     0.000   0.810    1.000  
      ----------------------------------------------------------------
Path 105: MET Late External Delay Assertion 
Endpoint:   o_rd_data[31]    (^) checked with  leading edge of 'clk'
Beginpoint: f_state_reg_0_/Q (^) triggered by  leading edge of 'clk'
Path Groups: {clk}
Retime Analysis { Data Path-Slew SI }
Other End Arrival Time          0.000
- External Delay                0.000
+ Phase Shift                   1.000
= Required Time                 1.000
- Arrival Time                  0.810
= Slack Time                    0.190
= Slack Time(original)          0.190
     Clock Rise Edge                 0.000
     + Clock Network Latency (Ideal) 0.000
     = Beginpoint Arrival Time       0.000
      ----------------------------------------------------------------
      Instance        Arc          Cell      Retime  Arrival  Required  
                                             Delay   Time     Time  
      ----------------------------------------------------------------
      f_state_reg_0_  CK ^         -         -       0.000    0.190  
      f_state_reg_0_  CK ^ -> Q ^  SDFFRX1   0.311   0.311    0.500  
      U75             -            NAND2BX1  0.000   0.311    0.500  
      U75             B ^ -> Y v   NAND2BX1  0.107   0.418    0.608  
      U66             -            NOR2X2    0.000   0.418    0.608  
      U66             B v -> Y ^   NOR2X2    0.090   0.508    0.697  
      U20             -            NOR2X2    0.000   0.508    0.697  
      U20             A ^ -> Y v   NOR2X2    0.061   0.568    0.758  
      U69             -            NOR2X2    0.000   0.568    0.758  
      U69             A v -> Y ^   NOR2X2    0.093   0.662    0.851  
      U413            -            OA21X1    0.000   0.662    0.851  
      U413            B0 ^ -> Y ^  OA21X1    0.149   0.810    1.000  
      -               -            vorca     0.000   0.810    1.000  
      ----------------------------------------------------------------

