###############################################################
#  Generated by:      Cadence Tempus 20.20-p001_1
#  OS:                Linux x86_64(Host ID APL10.kletech.ac.in)
#  Generated on:      Fri Apr 11 18:04:06 2025
#  Design:            vorca
#  Command:           report_timing -retime path_slew_propagation -max_paths 50 -nworst 1 -path_type full_clock    > ${reportDir}/pba_50_paths.rpt
###############################################################
Path 1: VIOLATED Setup Check with Pin f32_mux_1_data_reg_15_/CK 
Endpoint:   f32_mux_1_data_reg_15_/D (^) checked with  leading edge of 'clk'
Beginpoint: o_reg_addr_reg_2_/Q      (^) triggered by  leading edge of 'clk'
Path Groups: {clk}
Retime Analysis { Data Path-Slew SI }
Other End Arrival Time          0.000
- Setup                         0.235
+ Phase Shift                   1.000
= Required Time                 0.765
- Arrival Time                  1.501
= Slack Time                   -0.736
= Slack Time(original)         -0.751
     Clock Rise Edge                      0.000
     = Beginpoint Arrival Time            0.000
     Timing Path:
      ------------------------------------------------------------------------------------
      Instance                       Arc            Cell         Retime  Arrival  Required  
                                                                 Delay   Time     Time  
      ------------------------------------------------------------------------------------
      -                              clk ^          -            -       0.000    -0.736  
      clk_gate_addr                  -              TLATNTSCAX4  0.000   0.000    -0.736  
      clk_gate_addr                  CK ^ -> ECK ^  TLATNTSCAX4  0.000   0.000    -0.736  
      o_reg_addr_reg_2_              -              SDFFRX1      0.000   0.000    -0.736  
      o_reg_addr_reg_2_              CK ^ -> Q ^    SDFFRX1      0.309   0.309    -0.427  
      o_reg_addr_reg_2__scan_iso_or  -              AND2X1       0.000   0.309    -0.427  
      o_reg_addr_reg_2__scan_iso_or  A ^ -> Y ^     AND2X1       0.149   0.458    -0.278  
      U43                            -              NAND2BX1     0.000   0.458    -0.278  
      U43                            B ^ -> Y v     NAND2BX1     0.256   0.714    -0.022  
      U31                            -              NOR2X2       0.000   0.714    -0.022  
      U31                            A v -> Y ^     NOR2X2       0.206   0.919    0.183  
      U466                           -              AND2X2       0.000   0.919    0.183  
      U466                           B ^ -> Y ^     AND2X2       0.232   1.151    0.415  
      U593                           -              BUFX4        0.000   1.151    0.415  
      U593                           A ^ -> Y ^     BUFX4        0.128   1.279    0.544  
      U652                           -              AOI22X1      0.000   1.279    0.544  
      U652                           B0 ^ -> Y v    AOI22X1      0.062   1.341    0.606  
      U653                           -              NAND4X1      0.000   1.341    0.606  
      U653                           D v -> Y ^     NAND4X1      0.049   1.390    0.654  
      U658                           -              AOI21X1      0.000   1.390    0.654  
      U658                           A1 ^ -> Y v    AOI21X1      0.064   1.454    0.719  
      U131                           -              NAND3X1      0.000   1.454    0.719  
      U131                           B v -> Y ^     NAND3X1      0.046   1.501    0.765  
      f32_mux_1_data_reg_15_         -              SDFFRX1      0.000   1.501    0.765  
      ------------------------------------------------------------------------------------
     Clock Rise Edge                      0.000
     = Beginpoint Arrival Time            0.000
     Other End Path:
      -----------------------------------------------------------------------------
      Instance                Arc            Cell         Retime  Arrival  Required  
                                                          Delay   Time     Time  
      -----------------------------------------------------------------------------
      -                       clk ^          -            -       0.000    0.736  
      clk_gate_mux            -              TLATNTSCAX4  0.000   0.000    0.736  
      clk_gate_mux            CK ^ -> ECK ^  TLATNTSCAX4  0.000   0.000    0.736  
      f32_mux_1_data_reg_15_  -              SDFFRX1      0.000   0.000    0.736  
      -----------------------------------------------------------------------------
Path 2: VIOLATED Setup Check with Pin f32_mux_1_data_reg_14_/CK 
Endpoint:   f32_mux_1_data_reg_14_/D (^) checked with  leading edge of 'clk'
Beginpoint: o_reg_addr_reg_2_/Q      (^) triggered by  leading edge of 'clk'
Path Groups: {clk}
Retime Analysis { Data Path-Slew SI }
Other End Arrival Time          0.000
- Setup                         0.235
+ Phase Shift                   1.000
= Required Time                 0.765
- Arrival Time                  1.501
= Slack Time                   -0.736
= Slack Time(original)         -0.751
     Clock Rise Edge                      0.000
     = Beginpoint Arrival Time            0.000
     Timing Path:
      ------------------------------------------------------------------------------------
      Instance                       Arc            Cell         Retime  Arrival  Required  
                                                                 Delay   Time     Time  
      ------------------------------------------------------------------------------------
      -                              clk ^          -            -       0.000    -0.736  
      clk_gate_addr                  -              TLATNTSCAX4  0.000   0.000    -0.736  
      clk_gate_addr                  CK ^ -> ECK ^  TLATNTSCAX4  0.000   0.000    -0.736  
      o_reg_addr_reg_2_              -              SDFFRX1      0.000   0.000    -0.736  
      o_reg_addr_reg_2_              CK ^ -> Q ^    SDFFRX1      0.309   0.309    -0.427  
      o_reg_addr_reg_2__scan_iso_or  -              AND2X1       0.000   0.309    -0.427  
      o_reg_addr_reg_2__scan_iso_or  A ^ -> Y ^     AND2X1       0.149   0.458    -0.278  
      U43                            -              NAND2BX1     0.000   0.458    -0.278  
      U43                            B ^ -> Y v     NAND2BX1     0.256   0.714    -0.022  
      U31                            -              NOR2X2       0.000   0.714    -0.022  
      U31                            A v -> Y ^     NOR2X2       0.206   0.919    0.183  
      U466                           -              AND2X2       0.000   0.919    0.183  
      U466                           B ^ -> Y ^     AND2X2       0.232   1.151    0.415  
      U593                           -              BUFX4        0.000   1.151    0.415  
      U593                           A ^ -> Y ^     BUFX4        0.128   1.279    0.544  
      U723                           -              AOI22X1      0.000   1.279    0.544  
      U723                           B0 ^ -> Y v    AOI22X1      0.062   1.341    0.606  
      U724                           -              NAND4X1      0.000   1.341    0.606  
      U724                           D v -> Y ^     NAND4X1      0.049   1.390    0.654  
      U730                           -              AOI21X1      0.000   1.390    0.654  
      U730                           A1 ^ -> Y v    AOI21X1      0.064   1.454    0.719  
      U133                           -              NAND3X1      0.000   1.454    0.719  
      U133                           B v -> Y ^     NAND3X1      0.046   1.501    0.765  
      f32_mux_1_data_reg_14_         -              SDFFRX1      0.000   1.501    0.765  
      ------------------------------------------------------------------------------------
     Clock Rise Edge                      0.000
     = Beginpoint Arrival Time            0.000
     Other End Path:
      -----------------------------------------------------------------------------
      Instance                Arc            Cell         Retime  Arrival  Required  
                                                          Delay   Time     Time  
      -----------------------------------------------------------------------------
      -                       clk ^          -            -       0.000    0.736  
      clk_gate_mux            -              TLATNTSCAX4  0.000   0.000    0.736  
      clk_gate_mux            CK ^ -> ECK ^  TLATNTSCAX4  0.000   0.000    0.736  
      f32_mux_1_data_reg_14_  -              SDFFRX1      0.000   0.000    0.736  
      -----------------------------------------------------------------------------
Path 3: VIOLATED Setup Check with Pin f32_mux_1_data_reg_13_/CK 
Endpoint:   f32_mux_1_data_reg_13_/D (^) checked with  leading edge of 'clk'
Beginpoint: o_reg_addr_reg_2_/Q      (^) triggered by  leading edge of 'clk'
Path Groups: {clk}
Retime Analysis { Data Path-Slew SI }
Other End Arrival Time          0.000
- Setup                         0.235
+ Phase Shift                   1.000
= Required Time                 0.765
- Arrival Time                  1.501
= Slack Time                   -0.736
= Slack Time(original)         -0.751
     Clock Rise Edge                      0.000
     = Beginpoint Arrival Time            0.000
     Timing Path:
      ------------------------------------------------------------------------------------
      Instance                       Arc            Cell         Retime  Arrival  Required  
                                                                 Delay   Time     Time  
      ------------------------------------------------------------------------------------
      -                              clk ^          -            -       0.000    -0.736  
      clk_gate_addr                  -              TLATNTSCAX4  0.000   0.000    -0.736  
      clk_gate_addr                  CK ^ -> ECK ^  TLATNTSCAX4  0.000   0.000    -0.736  
      o_reg_addr_reg_2_              -              SDFFRX1      0.000   0.000    -0.736  
      o_reg_addr_reg_2_              CK ^ -> Q ^    SDFFRX1      0.309   0.309    -0.427  
      o_reg_addr_reg_2__scan_iso_or  -              AND2X1       0.000   0.309    -0.427  
      o_reg_addr_reg_2__scan_iso_or  A ^ -> Y ^     AND2X1       0.149   0.458    -0.278  
      U43                            -              NAND2BX1     0.000   0.458    -0.278  
      U43                            B ^ -> Y v     NAND2BX1     0.256   0.714    -0.022  
      U31                            -              NOR2X2       0.000   0.714    -0.022  
      U31                            A v -> Y ^     NOR2X2       0.206   0.919    0.183  
      U466                           -              AND2X2       0.000   0.919    0.183  
      U466                           B ^ -> Y ^     AND2X2       0.232   1.151    0.415  
      U593                           -              BUFX4        0.000   1.151    0.415  
      U593                           A ^ -> Y ^     BUFX4        0.128   1.279    0.544  
      U768                           -              AOI22X1      0.000   1.279    0.544  
      U768                           B0 ^ -> Y v    AOI22X1      0.062   1.341    0.606  
      U769                           -              NAND4X1      0.000   1.341    0.606  
      U769                           D v -> Y ^     NAND4X1      0.049   1.390    0.654  
      U774                           -              AOI21X1      0.000   1.390    0.654  
      U774                           A1 ^ -> Y v    AOI21X1      0.064   1.454    0.719  
      U135                           -              NAND3X1      0.000   1.454    0.719  
      U135                           B v -> Y ^     NAND3X1      0.046   1.501    0.765  
      f32_mux_1_data_reg_13_         -              SDFFRX1      0.000   1.501    0.765  
      ------------------------------------------------------------------------------------
     Clock Rise Edge                      0.000
     = Beginpoint Arrival Time            0.000
     Other End Path:
      -----------------------------------------------------------------------------
      Instance                Arc            Cell         Retime  Arrival  Required  
                                                          Delay   Time     Time  
      -----------------------------------------------------------------------------
      -                       clk ^          -            -       0.000    0.736  
      clk_gate_mux            -              TLATNTSCAX4  0.000   0.000    0.736  
      clk_gate_mux            CK ^ -> ECK ^  TLATNTSCAX4  0.000   0.000    0.736  
      f32_mux_1_data_reg_13_  -              SDFFRX1      0.000   0.000    0.736  
      -----------------------------------------------------------------------------
Path 4: VIOLATED Setup Check with Pin f32_mux_1_data_reg_12_/CK 
Endpoint:   f32_mux_1_data_reg_12_/D (^) checked with  leading edge of 'clk'
Beginpoint: o_reg_addr_reg_2_/Q      (^) triggered by  leading edge of 'clk'
Path Groups: {clk}
Retime Analysis { Data Path-Slew SI }
Other End Arrival Time          0.000
- Setup                         0.235
+ Phase Shift                   1.000
= Required Time                 0.765
- Arrival Time                  1.501
= Slack Time                   -0.736
= Slack Time(original)         -0.751
     Clock Rise Edge                      0.000
     = Beginpoint Arrival Time            0.000
     Timing Path:
      ------------------------------------------------------------------------------------
      Instance                       Arc            Cell         Retime  Arrival  Required  
                                                                 Delay   Time     Time  
      ------------------------------------------------------------------------------------
      -                              clk ^          -            -       0.000    -0.736  
      clk_gate_addr                  -              TLATNTSCAX4  0.000   0.000    -0.736  
      clk_gate_addr                  CK ^ -> ECK ^  TLATNTSCAX4  0.000   0.000    -0.736  
      o_reg_addr_reg_2_              -              SDFFRX1      0.000   0.000    -0.736  
      o_reg_addr_reg_2_              CK ^ -> Q ^    SDFFRX1      0.309   0.309    -0.427  
      o_reg_addr_reg_2__scan_iso_or  -              AND2X1       0.000   0.309    -0.427  
      o_reg_addr_reg_2__scan_iso_or  A ^ -> Y ^     AND2X1       0.149   0.458    -0.278  
      U43                            -              NAND2BX1     0.000   0.458    -0.278  
      U43                            B ^ -> Y v     NAND2BX1     0.256   0.714    -0.022  
      U31                            -              NOR2X2       0.000   0.714    -0.022  
      U31                            A v -> Y ^     NOR2X2       0.206   0.919    0.183  
      U466                           -              AND2X2       0.000   0.919    0.183  
      U466                           B ^ -> Y ^     AND2X2       0.232   1.151    0.415  
      U593                           -              BUFX4        0.000   1.151    0.415  
      U593                           A ^ -> Y ^     BUFX4        0.128   1.279    0.544  
      U734                           -              AOI22X1      0.000   1.279    0.544  
      U734                           B0 ^ -> Y v    AOI22X1      0.062   1.341    0.606  
      U735                           -              NAND4X1      0.000   1.341    0.606  
      U735                           D v -> Y ^     NAND4X1      0.049   1.390    0.654  
      U741                           -              AOI21X1      0.000   1.390    0.654  
      U741                           A1 ^ -> Y v    AOI21X1      0.064   1.454    0.719  
      U137                           -              NAND3X1      0.000   1.454    0.719  
      U137                           B v -> Y ^     NAND3X1      0.046   1.501    0.765  
      f32_mux_1_data_reg_12_         -              SDFFRX1      0.000   1.501    0.765  
      ------------------------------------------------------------------------------------
     Clock Rise Edge                      0.000
     = Beginpoint Arrival Time            0.000
     Other End Path:
      -----------------------------------------------------------------------------
      Instance                Arc            Cell         Retime  Arrival  Required  
                                                          Delay   Time     Time  
      -----------------------------------------------------------------------------
      -                       clk ^          -            -       0.000    0.736  
      clk_gate_mux            -              TLATNTSCAX4  0.000   0.000    0.736  
      clk_gate_mux            CK ^ -> ECK ^  TLATNTSCAX4  0.000   0.000    0.736  
      f32_mux_1_data_reg_12_  -              SDFFRX1      0.000   0.000    0.736  
      -----------------------------------------------------------------------------
Path 5: VIOLATED Setup Check with Pin f32_mux_1_data_reg_11_/CK 
Endpoint:   f32_mux_1_data_reg_11_/D (^) checked with  leading edge of 'clk'
Beginpoint: o_reg_addr_reg_2_/Q      (^) triggered by  leading edge of 'clk'
Path Groups: {clk}
Retime Analysis { Data Path-Slew SI }
Other End Arrival Time          0.000
- Setup                         0.235
+ Phase Shift                   1.000
= Required Time                 0.765
- Arrival Time                  1.501
= Slack Time                   -0.736
= Slack Time(original)         -0.751
     Clock Rise Edge                      0.000
     = Beginpoint Arrival Time            0.000
     Timing Path:
      ------------------------------------------------------------------------------------
      Instance                       Arc            Cell         Retime  Arrival  Required  
                                                                 Delay   Time     Time  
      ------------------------------------------------------------------------------------
      -                              clk ^          -            -       0.000    -0.736  
      clk_gate_addr                  -              TLATNTSCAX4  0.000   0.000    -0.736  
      clk_gate_addr                  CK ^ -> ECK ^  TLATNTSCAX4  0.000   0.000    -0.736  
      o_reg_addr_reg_2_              -              SDFFRX1      0.000   0.000    -0.736  
      o_reg_addr_reg_2_              CK ^ -> Q ^    SDFFRX1      0.309   0.309    -0.427  
      o_reg_addr_reg_2__scan_iso_or  -              AND2X1       0.000   0.309    -0.427  
      o_reg_addr_reg_2__scan_iso_or  A ^ -> Y ^     AND2X1       0.149   0.458    -0.278  
      U43                            -              NAND2BX1     0.000   0.458    -0.278  
      U43                            B ^ -> Y v     NAND2BX1     0.256   0.714    -0.022  
      U31                            -              NOR2X2       0.000   0.714    -0.022  
      U31                            A v -> Y ^     NOR2X2       0.206   0.919    0.183  
      U466                           -              AND2X2       0.000   0.919    0.183  
      U466                           B ^ -> Y ^     AND2X2       0.232   1.151    0.415  
      U593                           -              BUFX4        0.000   1.151    0.415  
      U593                           A ^ -> Y ^     BUFX4        0.128   1.279    0.544  
      U757                           -              AOI22X1      0.000   1.279    0.544  
      U757                           B0 ^ -> Y v    AOI22X1      0.062   1.341    0.606  
      U758                           -              NAND4X1      0.000   1.341    0.606  
      U758                           D v -> Y ^     NAND4X1      0.049   1.390    0.654  
      U763                           -              AOI21X1      0.000   1.390    0.654  
      U763                           A1 ^ -> Y v    AOI21X1      0.064   1.454    0.719  
      U139                           -              NAND3X1      0.000   1.454    0.719  
      U139                           B v -> Y ^     NAND3X1      0.046   1.501    0.765  
      f32_mux_1_data_reg_11_         -              SDFFRX1      0.000   1.501    0.765  
      ------------------------------------------------------------------------------------
     Clock Rise Edge                      0.000
     = Beginpoint Arrival Time            0.000
     Other End Path:
      -----------------------------------------------------------------------------
      Instance                Arc            Cell         Retime  Arrival  Required  
                                                          Delay   Time     Time  
      -----------------------------------------------------------------------------
      -                       clk ^          -            -       0.000    0.736  
      clk_gate_mux            -              TLATNTSCAX4  0.000   0.000    0.736  
      clk_gate_mux            CK ^ -> ECK ^  TLATNTSCAX4  0.000   0.000    0.736  
      f32_mux_1_data_reg_11_  -              SDFFRX1      0.000   0.000    0.736  
      -----------------------------------------------------------------------------
Path 6: VIOLATED Setup Check with Pin f32_mux_1_data_reg_10_/CK 
Endpoint:   f32_mux_1_data_reg_10_/D (^) checked with  leading edge of 'clk'
Beginpoint: o_reg_addr_reg_2_/Q      (^) triggered by  leading edge of 'clk'
Path Groups: {clk}
Retime Analysis { Data Path-Slew SI }
Other End Arrival Time          0.000
- Setup                         0.235
+ Phase Shift                   1.000
= Required Time                 0.765
- Arrival Time                  1.501
= Slack Time                   -0.736
= Slack Time(original)         -0.751
     Clock Rise Edge                      0.000
     = Beginpoint Arrival Time            0.000
     Timing Path:
      ------------------------------------------------------------------------------------
      Instance                       Arc            Cell         Retime  Arrival  Required  
                                                                 Delay   Time     Time  
      ------------------------------------------------------------------------------------
      -                              clk ^          -            -       0.000    -0.736  
      clk_gate_addr                  -              TLATNTSCAX4  0.000   0.000    -0.736  
      clk_gate_addr                  CK ^ -> ECK ^  TLATNTSCAX4  0.000   0.000    -0.736  
      o_reg_addr_reg_2_              -              SDFFRX1      0.000   0.000    -0.736  
      o_reg_addr_reg_2_              CK ^ -> Q ^    SDFFRX1      0.309   0.309    -0.427  
      o_reg_addr_reg_2__scan_iso_or  -              AND2X1       0.000   0.309    -0.427  
      o_reg_addr_reg_2__scan_iso_or  A ^ -> Y ^     AND2X1       0.149   0.458    -0.278  
      U43                            -              NAND2BX1     0.000   0.458    -0.278  
      U43                            B ^ -> Y v     NAND2BX1     0.256   0.714    -0.022  
      U31                            -              NOR2X2       0.000   0.714    -0.022  
      U31                            A v -> Y ^     NOR2X2       0.206   0.919    0.183  
      U466                           -              AND2X2       0.000   0.919    0.183  
      U466                           B ^ -> Y ^     AND2X2       0.232   1.151    0.415  
      U593                           -              BUFX4        0.000   1.151    0.415  
      U593                           A ^ -> Y ^     BUFX4        0.128   1.279    0.544  
      U778                           -              AOI22X1      0.000   1.279    0.544  
      U778                           B0 ^ -> Y v    AOI22X1      0.062   1.341    0.606  
      U779                           -              NAND4X1      0.000   1.341    0.606  
      U779                           D v -> Y ^     NAND4X1      0.049   1.390    0.654  
      U785                           -              AOI21X1      0.000   1.390    0.654  
      U785                           A1 ^ -> Y v    AOI21X1      0.064   1.454    0.719  
      U141                           -              NAND3X1      0.000   1.454    0.719  
      U141                           B v -> Y ^     NAND3X1      0.046   1.501    0.765  
      f32_mux_1_data_reg_10_         -              SDFFRX1      0.000   1.501    0.765  
      ------------------------------------------------------------------------------------
     Clock Rise Edge                      0.000
     = Beginpoint Arrival Time            0.000
     Other End Path:
      -----------------------------------------------------------------------------
      Instance                Arc            Cell         Retime  Arrival  Required  
                                                          Delay   Time     Time  
      -----------------------------------------------------------------------------
      -                       clk ^          -            -       0.000    0.736  
      clk_gate_mux            -              TLATNTSCAX4  0.000   0.000    0.736  
      clk_gate_mux            CK ^ -> ECK ^  TLATNTSCAX4  0.000   0.000    0.736  
      f32_mux_1_data_reg_10_  -              SDFFRX1      0.000   0.000    0.736  
      -----------------------------------------------------------------------------
Path 7: VIOLATED Setup Check with Pin f32_mux_1_data_reg_20_/CK 
Endpoint:   f32_mux_1_data_reg_20_/D (^) checked with  leading edge of 'clk'
Beginpoint: o_reg_addr_reg_2_/Q      (^) triggered by  leading edge of 'clk'
Path Groups: {clk}
Retime Analysis { Data Path-Slew SI }
Other End Arrival Time          0.000
- Setup                         0.235
+ Phase Shift                   1.000
= Required Time                 0.765
- Arrival Time                  1.501
= Slack Time                   -0.736
= Slack Time(original)         -0.750
     Clock Rise Edge                      0.000
     = Beginpoint Arrival Time            0.000
     Timing Path:
      ------------------------------------------------------------------------------------
      Instance                       Arc            Cell         Retime  Arrival  Required  
                                                                 Delay   Time     Time  
      ------------------------------------------------------------------------------------
      -                              clk ^          -            -       0.000    -0.736  
      clk_gate_addr                  -              TLATNTSCAX4  0.000   0.000    -0.736  
      clk_gate_addr                  CK ^ -> ECK ^  TLATNTSCAX4  0.000   0.000    -0.736  
      o_reg_addr_reg_2_              -              SDFFRX1      0.000   0.000    -0.736  
      o_reg_addr_reg_2_              CK ^ -> Q ^    SDFFRX1      0.309   0.309    -0.427  
      o_reg_addr_reg_2__scan_iso_or  -              AND2X1       0.000   0.309    -0.427  
      o_reg_addr_reg_2__scan_iso_or  A ^ -> Y ^     AND2X1       0.149   0.458    -0.278  
      U43                            -              NAND2BX1     0.000   0.458    -0.278  
      U43                            B ^ -> Y v     NAND2BX1     0.256   0.714    -0.022  
      U31                            -              NOR2X2       0.000   0.714    -0.022  
      U31                            A v -> Y ^     NOR2X2       0.206   0.919    0.183  
      U466                           -              AND2X2       0.000   0.919    0.183  
      U466                           B ^ -> Y ^     AND2X2       0.232   1.151    0.415  
      U593                           -              BUFX4        0.000   1.151    0.415  
      U593                           A ^ -> Y ^     BUFX4        0.128   1.279    0.544  
      U606                           -              AOI22X1      0.000   1.279    0.544  
      U606                           B0 ^ -> Y v    AOI22X1      0.062   1.341    0.606  
      U607                           -              NAND4X1      0.000   1.341    0.606  
      U607                           D v -> Y ^     NAND4X1      0.049   1.390    0.654  
      U613                           -              AOI21X1      0.000   1.390    0.654  
      U613                           A1 ^ -> Y v    AOI21X1      0.064   1.454    0.719  
      U121                           -              NAND3X1      0.000   1.454    0.719  
      U121                           B v -> Y ^     NAND3X1      0.046   1.501    0.765  
      f32_mux_1_data_reg_20_         -              SDFFRX1      0.000   1.501    0.765  
      ------------------------------------------------------------------------------------
     Clock Rise Edge                      0.000
     = Beginpoint Arrival Time            0.000
     Other End Path:
      -----------------------------------------------------------------------------
      Instance                Arc            Cell         Retime  Arrival  Required  
                                                          Delay   Time     Time  
      -----------------------------------------------------------------------------
      -                       clk ^          -            -       0.000    0.736  
      clk_gate_mux            -              TLATNTSCAX4  0.000   0.000    0.736  
      clk_gate_mux            CK ^ -> ECK ^  TLATNTSCAX4  0.000   0.000    0.736  
      f32_mux_1_data_reg_20_  -              SDFFRX1      0.000   0.000    0.736  
      -----------------------------------------------------------------------------
Path 8: VIOLATED Setup Check with Pin f32_mux_1_data_reg_18_/CK 
Endpoint:   f32_mux_1_data_reg_18_/D (^) checked with  leading edge of 'clk'
Beginpoint: o_reg_addr_reg_2_/Q      (^) triggered by  leading edge of 'clk'
Path Groups: {clk}
Retime Analysis { Data Path-Slew SI }
Other End Arrival Time          0.000
- Setup                         0.235
+ Phase Shift                   1.000
= Required Time                 0.765
- Arrival Time                  1.501
= Slack Time                   -0.736
= Slack Time(original)         -0.750
     Clock Rise Edge                      0.000
     = Beginpoint Arrival Time            0.000
     Timing Path:
      ------------------------------------------------------------------------------------
      Instance                       Arc            Cell         Retime  Arrival  Required  
                                                                 Delay   Time     Time  
      ------------------------------------------------------------------------------------
      -                              clk ^          -            -       0.000    -0.736  
      clk_gate_addr                  -              TLATNTSCAX4  0.000   0.000    -0.736  
      clk_gate_addr                  CK ^ -> ECK ^  TLATNTSCAX4  0.000   0.000    -0.736  
      o_reg_addr_reg_2_              -              SDFFRX1      0.000   0.000    -0.736  
      o_reg_addr_reg_2_              CK ^ -> Q ^    SDFFRX1      0.309   0.309    -0.427  
      o_reg_addr_reg_2__scan_iso_or  -              AND2X1       0.000   0.309    -0.427  
      o_reg_addr_reg_2__scan_iso_or  A ^ -> Y ^     AND2X1       0.149   0.458    -0.278  
      U43                            -              NAND2BX1     0.000   0.458    -0.278  
      U43                            B ^ -> Y v     NAND2BX1     0.256   0.714    -0.022  
      U31                            -              NOR2X2       0.000   0.714    -0.022  
      U31                            A v -> Y ^     NOR2X2       0.206   0.919    0.183  
      U466                           -              AND2X2       0.000   0.919    0.183  
      U466                           B ^ -> Y ^     AND2X2       0.232   1.151    0.415  
      U593                           -              BUFX4        0.000   1.151    0.415  
      U593                           A ^ -> Y ^     BUFX4        0.128   1.279    0.544  
      U594                           -              AOI22X1      0.000   1.279    0.544  
      U594                           B0 ^ -> Y v    AOI22X1      0.062   1.341    0.606  
      U595                           -              NAND4X1      0.000   1.341    0.606  
      U595                           D v -> Y ^     NAND4X1      0.049   1.390    0.654  
      U601                           -              AOI21X1      0.000   1.390    0.654  
      U601                           A1 ^ -> Y v    AOI21X1      0.064   1.454    0.719  
      U125                           -              NAND3X1      0.000   1.454    0.719  
      U125                           B v -> Y ^     NAND3X1      0.046   1.501    0.765  
      f32_mux_1_data_reg_18_         -              SDFFRX1      0.000   1.501    0.765  
      ------------------------------------------------------------------------------------
     Clock Rise Edge                      0.000
     = Beginpoint Arrival Time            0.000
     Other End Path:
      -----------------------------------------------------------------------------
      Instance                Arc            Cell         Retime  Arrival  Required  
                                                          Delay   Time     Time  
      -----------------------------------------------------------------------------
      -                       clk ^          -            -       0.000    0.736  
      clk_gate_mux            -              TLATNTSCAX4  0.000   0.000    0.736  
      clk_gate_mux            CK ^ -> ECK ^  TLATNTSCAX4  0.000   0.000    0.736  
      f32_mux_1_data_reg_18_  -              SDFFRX1      0.000   0.000    0.736  
      -----------------------------------------------------------------------------
Path 9: VIOLATED Setup Check with Pin f32_mux_1_data_reg_17_/CK 
Endpoint:   f32_mux_1_data_reg_17_/D (^) checked with  leading edge of 'clk'
Beginpoint: o_reg_addr_reg_2_/Q      (^) triggered by  leading edge of 'clk'
Path Groups: {clk}
Retime Analysis { Data Path-Slew SI }
Other End Arrival Time          0.000
- Setup                         0.235
+ Phase Shift                   1.000
= Required Time                 0.765
- Arrival Time                  1.501
= Slack Time                   -0.736
= Slack Time(original)         -0.750
     Clock Rise Edge                      0.000
     = Beginpoint Arrival Time            0.000
     Timing Path:
      ------------------------------------------------------------------------------------
      Instance                       Arc            Cell         Retime  Arrival  Required  
                                                                 Delay   Time     Time  
      ------------------------------------------------------------------------------------
      -                              clk ^          -            -       0.000    -0.736  
      clk_gate_addr                  -              TLATNTSCAX4  0.000   0.000    -0.736  
      clk_gate_addr                  CK ^ -> ECK ^  TLATNTSCAX4  0.000   0.000    -0.736  
      o_reg_addr_reg_2_              -              SDFFRX1      0.000   0.000    -0.736  
      o_reg_addr_reg_2_              CK ^ -> Q ^    SDFFRX1      0.309   0.309    -0.427  
      o_reg_addr_reg_2__scan_iso_or  -              AND2X1       0.000   0.309    -0.427  
      o_reg_addr_reg_2__scan_iso_or  A ^ -> Y ^     AND2X1       0.149   0.458    -0.278  
      U43                            -              NAND2BX1     0.000   0.458    -0.278  
      U43                            B ^ -> Y v     NAND2BX1     0.256   0.714    -0.022  
      U31                            -              NOR2X2       0.000   0.714    -0.022  
      U31                            A v -> Y ^     NOR2X2       0.206   0.919    0.183  
      U466                           -              AND2X2       0.000   0.919    0.183  
      U466                           B ^ -> Y ^     AND2X2       0.232   1.151    0.415  
      U593                           -              BUFX4        0.000   1.151    0.415  
      U593                           A ^ -> Y ^     BUFX4        0.128   1.279    0.544  
      U629                           -              AOI22X1      0.000   1.279    0.544  
      U629                           B0 ^ -> Y v    AOI22X1      0.062   1.341    0.606  
      U630                           -              NAND4X1      0.000   1.341    0.606  
      U630                           D v -> Y ^     NAND4X1      0.049   1.390    0.654  
      U635                           -              AOI21X1      0.000   1.390    0.654  
      U635                           A1 ^ -> Y v    AOI21X1      0.064   1.454    0.719  
      U127                           -              NAND3X1      0.000   1.454    0.719  
      U127                           B v -> Y ^     NAND3X1      0.046   1.501    0.765  
      f32_mux_1_data_reg_17_         -              SDFFRX1      0.000   1.501    0.765  
      ------------------------------------------------------------------------------------
     Clock Rise Edge                      0.000
     = Beginpoint Arrival Time            0.000
     Other End Path:
      -----------------------------------------------------------------------------
      Instance                Arc            Cell         Retime  Arrival  Required  
                                                          Delay   Time     Time  
      -----------------------------------------------------------------------------
      -                       clk ^          -            -       0.000    0.736  
      clk_gate_mux            -              TLATNTSCAX4  0.000   0.000    0.736  
      clk_gate_mux            CK ^ -> ECK ^  TLATNTSCAX4  0.000   0.000    0.736  
      f32_mux_1_data_reg_17_  -              SDFFRX1      0.000   0.000    0.736  
      -----------------------------------------------------------------------------
Path 10: VIOLATED Setup Check with Pin f32_mux_1_data_reg_16_/CK 
Endpoint:   f32_mux_1_data_reg_16_/D (^) checked with  leading edge of 'clk'
Beginpoint: o_reg_addr_reg_2_/Q      (^) triggered by  leading edge of 'clk'
Path Groups: {clk}
Retime Analysis { Data Path-Slew SI }
Other End Arrival Time          0.000
- Setup                         0.235
+ Phase Shift                   1.000
= Required Time                 0.765
- Arrival Time                  1.501
= Slack Time                   -0.736
= Slack Time(original)         -0.750
     Clock Rise Edge                      0.000
     = Beginpoint Arrival Time            0.000
     Timing Path:
      ------------------------------------------------------------------------------------
      Instance                       Arc            Cell         Retime  Arrival  Required  
                                                                 Delay   Time     Time  
      ------------------------------------------------------------------------------------
      -                              clk ^          -            -       0.000    -0.736  
      clk_gate_addr                  -              TLATNTSCAX4  0.000   0.000    -0.736  
      clk_gate_addr                  CK ^ -> ECK ^  TLATNTSCAX4  0.000   0.000    -0.736  
      o_reg_addr_reg_2_              -              SDFFRX1      0.000   0.000    -0.736  
      o_reg_addr_reg_2_              CK ^ -> Q ^    SDFFRX1      0.309   0.309    -0.427  
      o_reg_addr_reg_2__scan_iso_or  -              AND2X1       0.000   0.309    -0.427  
      o_reg_addr_reg_2__scan_iso_or  A ^ -> Y ^     AND2X1       0.149   0.458    -0.278  
      U43                            -              NAND2BX1     0.000   0.458    -0.278  
      U43                            B ^ -> Y v     NAND2BX1     0.256   0.714    -0.022  
      U31                            -              NOR2X2       0.000   0.714    -0.022  
      U31                            A v -> Y ^     NOR2X2       0.206   0.919    0.183  
      U466                           -              AND2X2       0.000   0.919    0.183  
      U466                           B ^ -> Y ^     AND2X2       0.232   1.151    0.415  
      U593                           -              BUFX4        0.000   1.151    0.415  
      U593                           A ^ -> Y ^     BUFX4        0.128   1.279    0.544  
      U640                           -              AOI22X1      0.000   1.279    0.544  
      U640                           B0 ^ -> Y v    AOI22X1      0.062   1.341    0.606  
      U641                           -              NAND4X1      0.000   1.341    0.606  
      U641                           D v -> Y ^     NAND4X1      0.049   1.390    0.654  
      U647                           -              AOI21X1      0.000   1.390    0.654  
      U647                           A1 ^ -> Y v    AOI21X1      0.064   1.454    0.719  
      U129                           -              NAND3X1      0.000   1.454    0.719  
      U129                           B v -> Y ^     NAND3X1      0.046   1.501    0.765  
      f32_mux_1_data_reg_16_         -              SDFFRX1      0.000   1.501    0.765  
      ------------------------------------------------------------------------------------
     Clock Rise Edge                      0.000
     = Beginpoint Arrival Time            0.000
     Other End Path:
      -----------------------------------------------------------------------------
      Instance                Arc            Cell         Retime  Arrival  Required  
                                                          Delay   Time     Time  
      -----------------------------------------------------------------------------
      -                       clk ^          -            -       0.000    0.736  
      clk_gate_mux            -              TLATNTSCAX4  0.000   0.000    0.736  
      clk_gate_mux            CK ^ -> ECK ^  TLATNTSCAX4  0.000   0.000    0.736  
      f32_mux_1_data_reg_16_  -              SDFFRX1      0.000   0.000    0.736  
      -----------------------------------------------------------------------------
Path 11: VIOLATED Setup Check with Pin f32_mux_1_data_reg_5_/CK 
Endpoint:   f32_mux_1_data_reg_5_/D (^) checked with  leading edge of 'clk'
Beginpoint: o_reg_addr_reg_6_/Q     (^) triggered by  leading edge of 'clk'
Path Groups: {clk}
Retime Analysis { Data Path-Slew SI }
Other End Arrival Time          0.000
- Setup                         0.235
+ Phase Shift                   1.000
= Required Time                 0.765
- Arrival Time                  1.465
= Slack Time                   -0.700
= Slack Time(original)         -0.735
     Clock Rise Edge                      0.000
     = Beginpoint Arrival Time            0.000
     Timing Path:
      ------------------------------------------------------------------------------------
      Instance                       Arc            Cell         Retime  Arrival  Required  
                                                                 Delay   Time     Time  
      ------------------------------------------------------------------------------------
      -                              clk ^          -            -       0.000    -0.700  
      clk_gate_addr                  -              TLATNTSCAX4  0.000   0.000    -0.700  
      clk_gate_addr                  CK ^ -> ECK ^  TLATNTSCAX4  0.000   0.000    -0.700  
      o_reg_addr_reg_6_              -              SDFFRX1      0.000   0.000    -0.700  
      o_reg_addr_reg_6_              CK ^ -> Q ^    SDFFRX1      0.309   0.309    -0.391  
      o_reg_addr_reg_6__scan_iso_or  -              AND2X1       0.000   0.309    -0.391  
      o_reg_addr_reg_6__scan_iso_or  A ^ -> Y ^     AND2X1       0.156   0.465    -0.236  
      U195                           -              INVX2        0.000   0.465    -0.236  
      U195                           A ^ -> Y v     INVX2        0.069   0.534    -0.166  
      U62                            -              NOR2X2       0.000   0.534    -0.166  
      U62                            B v -> Y ^     NOR2X2       0.068   0.602    -0.099  
      U32                            -              NAND3X1      0.000   0.602    -0.099  
      U32                            B ^ -> Y v     NAND3X1      0.137   0.738    0.038  
      U27                            -              OR2X1        0.000   0.738    0.038  
      U27                            A v -> Y v     OR2X1        0.204   0.943    0.243  
      U59                            -              NOR2X1       0.000   0.943    0.243  
      U59                            B v -> Y ^     NOR2X1       0.158   1.100    0.400  
      U489                           -              BUFX4        0.000   1.100    0.400  
      U489                           A ^ -> Y ^     BUFX4        0.172   1.273    0.572  
      U678                           -              AOI22X1      0.000   1.273    0.572  
      U678                           B0 ^ -> Y v    AOI22X1      0.073   1.346    0.646  
      U682                           -              NAND4X1      0.000   1.346    0.646  
      U682                           A v -> Y ^     NAND4X1      0.054   1.400    0.700  
      U683                           -              AOI21X1      0.000   1.400    0.700  
      U683                           B0 ^ -> Y v    AOI21X1      0.034   1.434    0.734  
      U151                           -              NAND3X1      0.000   1.434    0.734  
      U151                           B v -> Y ^     NAND3X1      0.031   1.465    0.765  
      f32_mux_1_data_reg_5_          -              SDFFRX1      0.000   1.465    0.765  
      ------------------------------------------------------------------------------------
     Clock Rise Edge                      0.000
     = Beginpoint Arrival Time            0.000
     Other End Path:
      ----------------------------------------------------------------------------
      Instance               Arc            Cell         Retime  Arrival  Required  
                                                         Delay   Time     Time  
      ----------------------------------------------------------------------------
      -                      clk ^          -            -       0.000    0.700  
      clk_gate_mux           -              TLATNTSCAX4  0.000   0.000    0.700  
      clk_gate_mux           CK ^ -> ECK ^  TLATNTSCAX4  0.000   0.000    0.700  
      f32_mux_1_data_reg_5_  -              SDFFRX1      0.000   0.000    0.700  
      ----------------------------------------------------------------------------
Path 12: VIOLATED Setup Check with Pin f32_mux_1_data_reg_3_/CK 
Endpoint:   f32_mux_1_data_reg_3_/D (^) checked with  leading edge of 'clk'
Beginpoint: o_reg_addr_reg_6_/Q     (^) triggered by  leading edge of 'clk'
Path Groups: {clk}
Retime Analysis { Data Path-Slew SI }
Other End Arrival Time          0.000
- Setup                         0.235
+ Phase Shift                   1.000
= Required Time                 0.765
- Arrival Time                  1.465
= Slack Time                   -0.700
= Slack Time(original)         -0.735
     Clock Rise Edge                      0.000
     = Beginpoint Arrival Time            0.000
     Timing Path:
      ------------------------------------------------------------------------------------
      Instance                       Arc            Cell         Retime  Arrival  Required  
                                                                 Delay   Time     Time  
      ------------------------------------------------------------------------------------
      -                              clk ^          -            -       0.000    -0.700  
      clk_gate_addr                  -              TLATNTSCAX4  0.000   0.000    -0.700  
      clk_gate_addr                  CK ^ -> ECK ^  TLATNTSCAX4  0.000   0.000    -0.700  
      o_reg_addr_reg_6_              -              SDFFRX1      0.000   0.000    -0.700  
      o_reg_addr_reg_6_              CK ^ -> Q ^    SDFFRX1      0.309   0.309    -0.391  
      o_reg_addr_reg_6__scan_iso_or  -              AND2X1       0.000   0.309    -0.391  
      o_reg_addr_reg_6__scan_iso_or  A ^ -> Y ^     AND2X1       0.156   0.465    -0.236  
      U195                           -              INVX2        0.000   0.465    -0.236  
      U195                           A ^ -> Y v     INVX2        0.069   0.534    -0.166  
      U62                            -              NOR2X2       0.000   0.534    -0.166  
      U62                            B v -> Y ^     NOR2X2       0.068   0.602    -0.099  
      U32                            -              NAND3X1      0.000   0.602    -0.099  
      U32                            B ^ -> Y v     NAND3X1      0.137   0.738    0.038  
      U27                            -              OR2X1        0.000   0.738    0.038  
      U27                            A v -> Y v     OR2X1        0.204   0.943    0.243  
      U59                            -              NOR2X1       0.000   0.943    0.243  
      U59                            B v -> Y ^     NOR2X1       0.158   1.100    0.400  
      U489                           -              BUFX4        0.000   1.100    0.400  
      U489                           A ^ -> Y ^     BUFX4        0.172   1.273    0.572  
      U690                           -              AOI22X1      0.000   1.273    0.572  
      U690                           B0 ^ -> Y v    AOI22X1      0.073   1.346    0.646  
      U694                           -              NAND4X1      0.000   1.346    0.646  
      U694                           A v -> Y ^     NAND4X1      0.054   1.400    0.700  
      U695                           -              AOI21X1      0.000   1.400    0.700  
      U695                           B0 ^ -> Y v    AOI21X1      0.034   1.434    0.734  
      U154                           -              NAND3X1      0.000   1.434    0.734  
      U154                           B v -> Y ^     NAND3X1      0.031   1.465    0.765  
      f32_mux_1_data_reg_3_          -              SDFFRX1      0.000   1.465    0.765  
      ------------------------------------------------------------------------------------
     Clock Rise Edge                      0.000
     = Beginpoint Arrival Time            0.000
     Other End Path:
      ----------------------------------------------------------------------------
      Instance               Arc            Cell         Retime  Arrival  Required  
                                                         Delay   Time     Time  
      ----------------------------------------------------------------------------
      -                      clk ^          -            -       0.000    0.700  
      clk_gate_mux           -              TLATNTSCAX4  0.000   0.000    0.700  
      clk_gate_mux           CK ^ -> ECK ^  TLATNTSCAX4  0.000   0.000    0.700  
      f32_mux_1_data_reg_3_  -              SDFFRX1      0.000   0.000    0.700  
      ----------------------------------------------------------------------------
Path 13: VIOLATED Setup Check with Pin f32_mux_1_data_reg_2_/CK 
Endpoint:   f32_mux_1_data_reg_2_/D (^) checked with  leading edge of 'clk'
Beginpoint: o_reg_addr_reg_6_/Q     (^) triggered by  leading edge of 'clk'
Path Groups: {clk}
Retime Analysis { Data Path-Slew SI }
Other End Arrival Time          0.000
- Setup                         0.235
+ Phase Shift                   1.000
= Required Time                 0.765
- Arrival Time                  1.465
= Slack Time                   -0.700
= Slack Time(original)         -0.735
     Clock Rise Edge                      0.000
     = Beginpoint Arrival Time            0.000
     Timing Path:
      ------------------------------------------------------------------------------------
      Instance                       Arc            Cell         Retime  Arrival  Required  
                                                                 Delay   Time     Time  
      ------------------------------------------------------------------------------------
      -                              clk ^          -            -       0.000    -0.700  
      clk_gate_addr                  -              TLATNTSCAX4  0.000   0.000    -0.700  
      clk_gate_addr                  CK ^ -> ECK ^  TLATNTSCAX4  0.000   0.000    -0.700  
      o_reg_addr_reg_6_              -              SDFFRX1      0.000   0.000    -0.700  
      o_reg_addr_reg_6_              CK ^ -> Q ^    SDFFRX1      0.309   0.309    -0.391  
      o_reg_addr_reg_6__scan_iso_or  -              AND2X1       0.000   0.309    -0.391  
      o_reg_addr_reg_6__scan_iso_or  A ^ -> Y ^     AND2X1       0.156   0.465    -0.236  
      U195                           -              INVX2        0.000   0.465    -0.236  
      U195                           A ^ -> Y v     INVX2        0.069   0.534    -0.166  
      U62                            -              NOR2X2       0.000   0.534    -0.166  
      U62                            B v -> Y ^     NOR2X2       0.068   0.602    -0.099  
      U32                            -              NAND3X1      0.000   0.602    -0.099  
      U32                            B ^ -> Y v     NAND3X1      0.137   0.738    0.038  
      U27                            -              OR2X1        0.000   0.738    0.038  
      U27                            A v -> Y v     OR2X1        0.204   0.943    0.243  
      U59                            -              NOR2X1       0.000   0.943    0.243  
      U59                            B v -> Y ^     NOR2X1       0.158   1.100    0.400  
      U489                           -              BUFX4        0.000   1.100    0.400  
      U489                           A ^ -> Y ^     BUFX4        0.172   1.273    0.572  
      U702                           -              AOI22X1      0.000   1.273    0.572  
      U702                           B0 ^ -> Y v    AOI22X1      0.073   1.346    0.646  
      U706                           -              NAND4X1      0.000   1.346    0.646  
      U706                           A v -> Y ^     NAND4X1      0.054   1.400    0.700  
      U707                           -              AOI21X1      0.000   1.400    0.700  
      U707                           B0 ^ -> Y v    AOI21X1      0.034   1.434    0.734  
      U156                           -              NAND3X1      0.000   1.434    0.734  
      U156                           B v -> Y ^     NAND3X1      0.031   1.465    0.765  
      f32_mux_1_data_reg_2_          -              SDFFRX1      0.000   1.465    0.765  
      ------------------------------------------------------------------------------------
     Clock Rise Edge                      0.000
     = Beginpoint Arrival Time            0.000
     Other End Path:
      ----------------------------------------------------------------------------
      Instance               Arc            Cell         Retime  Arrival  Required  
                                                         Delay   Time     Time  
      ----------------------------------------------------------------------------
      -                      clk ^          -            -       0.000    0.700  
      clk_gate_mux           -              TLATNTSCAX4  0.000   0.000    0.700  
      clk_gate_mux           CK ^ -> ECK ^  TLATNTSCAX4  0.000   0.000    0.700  
      f32_mux_1_data_reg_2_  -              SDFFRX1      0.000   0.000    0.700  
      ----------------------------------------------------------------------------
Path 14: VIOLATED Setup Check with Pin f32_mux_1_data_reg_21_/CK 
Endpoint:   f32_mux_1_data_reg_21_/D (^) checked with  leading edge of 'clk'
Beginpoint: o_reg_addr_reg_6_/Q      (^) triggered by  leading edge of 'clk'
Path Groups: {clk}
Retime Analysis { Data Path-Slew SI }
Other End Arrival Time          0.000
- Setup                         0.235
+ Phase Shift                   1.000
= Required Time                 0.765
- Arrival Time                  1.465
= Slack Time                   -0.700
= Slack Time(original)         -0.735
     Clock Rise Edge                      0.000
     = Beginpoint Arrival Time            0.000
     Timing Path:
      ------------------------------------------------------------------------------------
      Instance                       Arc            Cell         Retime  Arrival  Required  
                                                                 Delay   Time     Time  
      ------------------------------------------------------------------------------------
      -                              clk ^          -            -       0.000    -0.700  
      clk_gate_addr                  -              TLATNTSCAX4  0.000   0.000    -0.700  
      clk_gate_addr                  CK ^ -> ECK ^  TLATNTSCAX4  0.000   0.000    -0.700  
      o_reg_addr_reg_6_              -              SDFFRX1      0.000   0.000    -0.700  
      o_reg_addr_reg_6_              CK ^ -> Q ^    SDFFRX1      0.309   0.309    -0.391  
      o_reg_addr_reg_6__scan_iso_or  -              AND2X1       0.000   0.309    -0.391  
      o_reg_addr_reg_6__scan_iso_or  A ^ -> Y ^     AND2X1       0.156   0.465    -0.236  
      U195                           -              INVX2        0.000   0.465    -0.236  
      U195                           A ^ -> Y v     INVX2        0.069   0.534    -0.166  
      U62                            -              NOR2X2       0.000   0.534    -0.166  
      U62                            B v -> Y ^     NOR2X2       0.068   0.602    -0.099  
      U32                            -              NAND3X1      0.000   0.602    -0.099  
      U32                            B ^ -> Y v     NAND3X1      0.137   0.738    0.038  
      U27                            -              OR2X1        0.000   0.738    0.038  
      U27                            A v -> Y v     OR2X1        0.204   0.943    0.243  
      U59                            -              NOR2X1       0.000   0.943    0.243  
      U59                            B v -> Y ^     NOR2X1       0.158   1.100    0.400  
      U489                           -              BUFX4        0.000   1.100    0.400  
      U489                           A ^ -> Y ^     BUFX4        0.172   1.273    0.572  
      U619                           -              AOI22X1      0.000   1.273    0.572  
      U619                           B0 ^ -> Y v    AOI22X1      0.073   1.346    0.646  
      U623                           -              NAND4X1      0.000   1.346    0.646  
      U623                           A v -> Y ^     NAND4X1      0.054   1.400    0.700  
      U624                           -              AOI21X1      0.000   1.400    0.700  
      U624                           B0 ^ -> Y v    AOI21X1      0.034   1.434    0.734  
      U119                           -              NAND3X1      0.000   1.434    0.734  
      U119                           B v -> Y ^     NAND3X1      0.031   1.465    0.765  
      f32_mux_1_data_reg_21_         -              SDFFRX1      0.000   1.465    0.765  
      ------------------------------------------------------------------------------------
     Clock Rise Edge                      0.000
     = Beginpoint Arrival Time            0.000
     Other End Path:
      -----------------------------------------------------------------------------
      Instance                Arc            Cell         Retime  Arrival  Required  
                                                          Delay   Time     Time  
      -----------------------------------------------------------------------------
      -                       clk ^          -            -       0.000    0.700  
      clk_gate_mux            -              TLATNTSCAX4  0.000   0.000    0.700  
      clk_gate_mux            CK ^ -> ECK ^  TLATNTSCAX4  0.000   0.000    0.700  
      f32_mux_1_data_reg_21_  -              SDFFRX1      0.000   0.000    0.700  
      -----------------------------------------------------------------------------
Path 15: VIOLATED Setup Check with Pin f32_mux_1_data_reg_8_/CK 
Endpoint:   f32_mux_1_data_reg_8_/D (^) checked with  leading edge of 'clk'
Beginpoint: o_reg_addr_reg_6_/Q     (^) triggered by  leading edge of 'clk'
Path Groups: {clk}
Retime Analysis { Data Path-Slew SI }
Other End Arrival Time          0.000
- Setup                         0.235
+ Phase Shift                   1.000
= Required Time                 0.765
- Arrival Time                  1.465
= Slack Time                   -0.700
= Slack Time(original)         -0.735
     Clock Rise Edge                      0.000
     = Beginpoint Arrival Time            0.000
     Timing Path:
      ------------------------------------------------------------------------------------
      Instance                       Arc            Cell         Retime  Arrival  Required  
                                                                 Delay   Time     Time  
      ------------------------------------------------------------------------------------
      -                              clk ^          -            -       0.000    -0.700  
      clk_gate_addr                  -              TLATNTSCAX4  0.000   0.000    -0.700  
      clk_gate_addr                  CK ^ -> ECK ^  TLATNTSCAX4  0.000   0.000    -0.700  
      o_reg_addr_reg_6_              -              SDFFRX1      0.000   0.000    -0.700  
      o_reg_addr_reg_6_              CK ^ -> Q ^    SDFFRX1      0.309   0.309    -0.391  
      o_reg_addr_reg_6__scan_iso_or  -              AND2X1       0.000   0.309    -0.391  
      o_reg_addr_reg_6__scan_iso_or  A ^ -> Y ^     AND2X1       0.156   0.465    -0.236  
      U195                           -              INVX2        0.000   0.465    -0.236  
      U195                           A ^ -> Y v     INVX2        0.069   0.534    -0.166  
      U62                            -              NOR2X2       0.000   0.534    -0.166  
      U62                            B v -> Y ^     NOR2X2       0.068   0.602    -0.099  
      U32                            -              NAND3X1      0.000   0.602    -0.099  
      U32                            B ^ -> Y v     NAND3X1      0.137   0.738    0.038  
      U27                            -              OR2X1        0.000   0.738    0.038  
      U27                            A v -> Y v     OR2X1        0.204   0.943    0.243  
      U59                            -              NOR2X1       0.000   0.943    0.243  
      U59                            B v -> Y ^     NOR2X1       0.158   1.100    0.400  
      U489                           -              BUFX4        0.000   1.100    0.400  
      U489                           A ^ -> Y ^     BUFX4        0.172   1.273    0.572  
      U541                           -              AOI22X1      0.000   1.273    0.572  
      U541                           B0 ^ -> Y v    AOI22X1      0.073   1.346    0.646  
      U545                           -              NAND4X1      0.000   1.346    0.646  
      U545                           A v -> Y ^     NAND4X1      0.054   1.400    0.700  
      U546                           -              AOI21X1      0.000   1.400    0.700  
      U546                           B0 ^ -> Y v    AOI21X1      0.034   1.434    0.734  
      U145                           -              NAND3X1      0.000   1.434    0.734  
      U145                           B v -> Y ^     NAND3X1      0.031   1.465    0.765  
      f32_mux_1_data_reg_8_          -              SDFFRX1      0.000   1.465    0.765  
      ------------------------------------------------------------------------------------
     Clock Rise Edge                      0.000
     = Beginpoint Arrival Time            0.000
     Other End Path:
      ----------------------------------------------------------------------------
      Instance               Arc            Cell         Retime  Arrival  Required  
                                                         Delay   Time     Time  
      ----------------------------------------------------------------------------
      -                      clk ^          -            -       0.000    0.700  
      clk_gate_mux           -              TLATNTSCAX4  0.000   0.000    0.700  
      clk_gate_mux           CK ^ -> ECK ^  TLATNTSCAX4  0.000   0.000    0.700  
      f32_mux_1_data_reg_8_  -              SDFFRX1      0.000   0.000    0.700  
      ----------------------------------------------------------------------------
Path 16: VIOLATED Setup Check with Pin f32_mux_1_data_reg_7_/CK 
Endpoint:   f32_mux_1_data_reg_7_/D (^) checked with  leading edge of 'clk'
Beginpoint: o_reg_addr_reg_6_/Q     (^) triggered by  leading edge of 'clk'
Path Groups: {clk}
Retime Analysis { Data Path-Slew SI }
Other End Arrival Time          0.000
- Setup                         0.235
+ Phase Shift                   1.000
= Required Time                 0.765
- Arrival Time                  1.465
= Slack Time                   -0.700
= Slack Time(original)         -0.735
     Clock Rise Edge                      0.000
     = Beginpoint Arrival Time            0.000
     Timing Path:
      ------------------------------------------------------------------------------------
      Instance                       Arc            Cell         Retime  Arrival  Required  
                                                                 Delay   Time     Time  
      ------------------------------------------------------------------------------------
      -                              clk ^          -            -       0.000    -0.700  
      clk_gate_addr                  -              TLATNTSCAX4  0.000   0.000    -0.700  
      clk_gate_addr                  CK ^ -> ECK ^  TLATNTSCAX4  0.000   0.000    -0.700  
      o_reg_addr_reg_6_              -              SDFFRX1      0.000   0.000    -0.700  
      o_reg_addr_reg_6_              CK ^ -> Q ^    SDFFRX1      0.309   0.309    -0.391  
      o_reg_addr_reg_6__scan_iso_or  -              AND2X1       0.000   0.309    -0.391  
      o_reg_addr_reg_6__scan_iso_or  A ^ -> Y ^     AND2X1       0.156   0.465    -0.236  
      U195                           -              INVX2        0.000   0.465    -0.236  
      U195                           A ^ -> Y v     INVX2        0.069   0.534    -0.166  
      U62                            -              NOR2X2       0.000   0.534    -0.166  
      U62                            B v -> Y ^     NOR2X2       0.068   0.602    -0.099  
      U32                            -              NAND3X1      0.000   0.602    -0.099  
      U32                            B ^ -> Y v     NAND3X1      0.137   0.738    0.038  
      U27                            -              OR2X1        0.000   0.738    0.038  
      U27                            A v -> Y v     OR2X1        0.204   0.943    0.243  
      U59                            -              NOR2X1       0.000   0.943    0.243  
      U59                            B v -> Y ^     NOR2X1       0.158   1.100    0.400  
      U489                           -              BUFX4        0.000   1.100    0.400  
      U489                           A ^ -> Y ^     BUFX4        0.172   1.273    0.572  
      U513                           -              AOI22X1      0.000   1.273    0.572  
      U513                           B0 ^ -> Y v    AOI22X1      0.073   1.346    0.646  
      U517                           -              NAND4X1      0.000   1.346    0.646  
      U517                           A v -> Y ^     NAND4X1      0.054   1.400    0.700  
      U518                           -              AOI21X1      0.000   1.400    0.700  
      U518                           B0 ^ -> Y v    AOI21X1      0.034   1.434    0.734  
      U147                           -              NAND3X1      0.000   1.434    0.734  
      U147                           B v -> Y ^     NAND3X1      0.031   1.465    0.765  
      f32_mux_1_data_reg_7_          -              SDFFRX1      0.000   1.465    0.765  
      ------------------------------------------------------------------------------------
     Clock Rise Edge                      0.000
     = Beginpoint Arrival Time            0.000
     Other End Path:
      ----------------------------------------------------------------------------
      Instance               Arc            Cell         Retime  Arrival  Required  
                                                         Delay   Time     Time  
      ----------------------------------------------------------------------------
      -                      clk ^          -            -       0.000    0.700  
      clk_gate_mux           -              TLATNTSCAX4  0.000   0.000    0.700  
      clk_gate_mux           CK ^ -> ECK ^  TLATNTSCAX4  0.000   0.000    0.700  
      f32_mux_1_data_reg_7_  -              SDFFRX1      0.000   0.000    0.700  
      ----------------------------------------------------------------------------
Path 17: VIOLATED Setup Check with Pin f32_mux_1_data_reg_22_/CK 
Endpoint:   f32_mux_1_data_reg_22_/D (^) checked with  leading edge of 'clk'
Beginpoint: o_reg_addr_reg_6_/Q      (^) triggered by  leading edge of 'clk'
Path Groups: {clk}
Retime Analysis { Data Path-Slew SI }
Other End Arrival Time          0.000
- Setup                         0.235
+ Phase Shift                   1.000
= Required Time                 0.765
- Arrival Time                  1.465
= Slack Time                   -0.700
= Slack Time(original)         -0.735
     Clock Rise Edge                      0.000
     = Beginpoint Arrival Time            0.000
     Timing Path:
      ------------------------------------------------------------------------------------
      Instance                       Arc            Cell         Retime  Arrival  Required  
                                                                 Delay   Time     Time  
      ------------------------------------------------------------------------------------
      -                              clk ^          -            -       0.000    -0.700  
      clk_gate_addr                  -              TLATNTSCAX4  0.000   0.000    -0.700  
      clk_gate_addr                  CK ^ -> ECK ^  TLATNTSCAX4  0.000   0.000    -0.700  
      o_reg_addr_reg_6_              -              SDFFRX1      0.000   0.000    -0.700  
      o_reg_addr_reg_6_              CK ^ -> Q ^    SDFFRX1      0.309   0.309    -0.391  
      o_reg_addr_reg_6__scan_iso_or  -              AND2X1       0.000   0.309    -0.391  
      o_reg_addr_reg_6__scan_iso_or  A ^ -> Y ^     AND2X1       0.156   0.465    -0.236  
      U195                           -              INVX2        0.000   0.465    -0.236  
      U195                           A ^ -> Y v     INVX2        0.069   0.534    -0.166  
      U62                            -              NOR2X2       0.000   0.534    -0.166  
      U62                            B v -> Y ^     NOR2X2       0.068   0.602    -0.099  
      U32                            -              NAND3X1      0.000   0.602    -0.099  
      U32                            B ^ -> Y v     NAND3X1      0.137   0.738    0.038  
      U27                            -              OR2X1        0.000   0.738    0.038  
      U27                            A v -> Y v     OR2X1        0.204   0.943    0.243  
      U59                            -              NOR2X1       0.000   0.943    0.243  
      U59                            B v -> Y ^     NOR2X1       0.158   1.100    0.400  
      U489                           -              BUFX4        0.000   1.100    0.400  
      U489                           A ^ -> Y ^     BUFX4        0.172   1.273    0.572  
      U490                           -              AOI22X1      0.000   1.273    0.572  
      U490                           B0 ^ -> Y v    AOI22X1      0.073   1.346    0.646  
      U494                           -              NAND4X1      0.000   1.346    0.646  
      U494                           A v -> Y ^     NAND4X1      0.054   1.400    0.700  
      U495                           -              AOI21X1      0.000   1.400    0.700  
      U495                           B0 ^ -> Y v    AOI21X1      0.034   1.434    0.734  
      U117                           -              NAND3X1      0.000   1.434    0.734  
      U117                           B v -> Y ^     NAND3X1      0.031   1.465    0.765  
      f32_mux_1_data_reg_22_         -              SDFFRX1      0.000   1.465    0.765  
      ------------------------------------------------------------------------------------
     Clock Rise Edge                      0.000
     = Beginpoint Arrival Time            0.000
     Other End Path:
      -----------------------------------------------------------------------------
      Instance                Arc            Cell         Retime  Arrival  Required  
                                                          Delay   Time     Time  
      -----------------------------------------------------------------------------
      -                       clk ^          -            -       0.000    0.700  
      clk_gate_mux            -              TLATNTSCAX4  0.000   0.000    0.700  
      clk_gate_mux            CK ^ -> ECK ^  TLATNTSCAX4  0.000   0.000    0.700  
      f32_mux_1_data_reg_22_  -              SDFFRX1      0.000   0.000    0.700  
      -----------------------------------------------------------------------------
Path 18: VIOLATED Setup Check with Pin f32_mux_1_data_reg_19_/CK 
Endpoint:   f32_mux_1_data_reg_19_/D (^) checked with  leading edge of 'clk'
Beginpoint: o_reg_addr_reg_6_/Q      (^) triggered by  leading edge of 'clk'
Path Groups: {clk}
Retime Analysis { Data Path-Slew SI }
Other End Arrival Time          0.000
- Setup                         0.235
+ Phase Shift                   1.000
= Required Time                 0.765
- Arrival Time                  1.465
= Slack Time                   -0.700
= Slack Time(original)         -0.735
     Clock Rise Edge                      0.000
     = Beginpoint Arrival Time            0.000
     Timing Path:
      ------------------------------------------------------------------------------------
      Instance                       Arc            Cell         Retime  Arrival  Required  
                                                                 Delay   Time     Time  
      ------------------------------------------------------------------------------------
      -                              clk ^          -            -       0.000    -0.700  
      clk_gate_addr                  -              TLATNTSCAX4  0.000   0.000    -0.700  
      clk_gate_addr                  CK ^ -> ECK ^  TLATNTSCAX4  0.000   0.000    -0.700  
      o_reg_addr_reg_6_              -              SDFFRX1      0.000   0.000    -0.700  
      o_reg_addr_reg_6_              CK ^ -> Q ^    SDFFRX1      0.309   0.309    -0.391  
      o_reg_addr_reg_6__scan_iso_or  -              AND2X1       0.000   0.309    -0.391  
      o_reg_addr_reg_6__scan_iso_or  A ^ -> Y ^     AND2X1       0.156   0.465    -0.236  
      U195                           -              INVX2        0.000   0.465    -0.236  
      U195                           A ^ -> Y v     INVX2        0.069   0.534    -0.166  
      U62                            -              NOR2X2       0.000   0.534    -0.166  
      U62                            B v -> Y ^     NOR2X2       0.068   0.602    -0.099  
      U32                            -              NAND3X1      0.000   0.602    -0.099  
      U32                            B ^ -> Y v     NAND3X1      0.137   0.738    0.038  
      U27                            -              OR2X1        0.000   0.738    0.038  
      U27                            A v -> Y v     OR2X1        0.204   0.943    0.243  
      U59                            -              NOR2X1       0.000   0.943    0.243  
      U59                            B v -> Y ^     NOR2X1       0.158   1.100    0.400  
      U489                           -              BUFX4        0.000   1.100    0.400  
      U489                           A ^ -> Y ^     BUFX4        0.172   1.273    0.572  
      U584                           -              AOI22X1      0.000   1.273    0.572  
      U584                           B0 ^ -> Y v    AOI22X1      0.073   1.346    0.646  
      U588                           -              NAND4X1      0.000   1.346    0.646  
      U588                           A v -> Y ^     NAND4X1      0.054   1.400    0.700  
      U589                           -              AOI21X1      0.000   1.400    0.700  
      U589                           B0 ^ -> Y v    AOI21X1      0.034   1.434    0.734  
      U123                           -              NAND3X1      0.000   1.434    0.734  
      U123                           B v -> Y ^     NAND3X1      0.031   1.465    0.765  
      f32_mux_1_data_reg_19_         -              SDFFRX1      0.000   1.465    0.765  
      ------------------------------------------------------------------------------------
     Clock Rise Edge                      0.000
     = Beginpoint Arrival Time            0.000
     Other End Path:
      -----------------------------------------------------------------------------
      Instance                Arc            Cell         Retime  Arrival  Required  
                                                          Delay   Time     Time  
      -----------------------------------------------------------------------------
      -                       clk ^          -            -       0.000    0.700  
      clk_gate_mux            -              TLATNTSCAX4  0.000   0.000    0.700  
      clk_gate_mux            CK ^ -> ECK ^  TLATNTSCAX4  0.000   0.000    0.700  
      f32_mux_1_data_reg_19_  -              SDFFRX1      0.000   0.000    0.700  
      -----------------------------------------------------------------------------
Path 19: VIOLATED Setup Check with Pin f32_mux_1_data_reg_6_/CK 
Endpoint:   f32_mux_1_data_reg_6_/D (^) checked with  leading edge of 'clk'
Beginpoint: o_reg_addr_reg_6_/Q     (^) triggered by  leading edge of 'clk'
Path Groups: {clk}
Retime Analysis { Data Path-Slew SI }
Other End Arrival Time          0.000
- Setup                         0.235
+ Phase Shift                   1.000
= Required Time                 0.765
- Arrival Time                  1.465
= Slack Time                   -0.700
= Slack Time(original)         -0.735
     Clock Rise Edge                      0.000
     = Beginpoint Arrival Time            0.000
     Timing Path:
      ------------------------------------------------------------------------------------
      Instance                       Arc            Cell         Retime  Arrival  Required  
                                                                 Delay   Time     Time  
      ------------------------------------------------------------------------------------
      -                              clk ^          -            -       0.000    -0.700  
      clk_gate_addr                  -              TLATNTSCAX4  0.000   0.000    -0.700  
      clk_gate_addr                  CK ^ -> ECK ^  TLATNTSCAX4  0.000   0.000    -0.700  
      o_reg_addr_reg_6_              -              SDFFRX1      0.000   0.000    -0.700  
      o_reg_addr_reg_6_              CK ^ -> Q ^    SDFFRX1      0.309   0.309    -0.391  
      o_reg_addr_reg_6__scan_iso_or  -              AND2X1       0.000   0.309    -0.391  
      o_reg_addr_reg_6__scan_iso_or  A ^ -> Y ^     AND2X1       0.156   0.465    -0.236  
      U195                           -              INVX2        0.000   0.465    -0.236  
      U195                           A ^ -> Y v     INVX2        0.069   0.534    -0.166  
      U62                            -              NOR2X2       0.000   0.534    -0.166  
      U62                            B v -> Y ^     NOR2X2       0.068   0.602    -0.099  
      U32                            -              NAND3X1      0.000   0.602    -0.099  
      U32                            B ^ -> Y v     NAND3X1      0.137   0.738    0.038  
      U27                            -              OR2X1        0.000   0.738    0.038  
      U27                            A v -> Y v     OR2X1        0.204   0.943    0.243  
      U59                            -              NOR2X1       0.000   0.943    0.243  
      U59                            B v -> Y ^     NOR2X1       0.158   1.100    0.400  
      U489                           -              BUFX4        0.000   1.100    0.400  
      U489                           A ^ -> Y ^     BUFX4        0.172   1.273    0.572  
      U501                           -              AOI22X1      0.000   1.273    0.572  
      U501                           B0 ^ -> Y v    AOI22X1      0.073   1.346    0.646  
      U505                           -              NAND4X1      0.000   1.346    0.646  
      U505                           A v -> Y ^     NAND4X1      0.054   1.400    0.700  
      U506                           -              AOI21X1      0.000   1.400    0.700  
      U506                           B0 ^ -> Y v    AOI21X1      0.034   1.434    0.734  
      U149                           -              NAND3X1      0.000   1.434    0.734  
      U149                           B v -> Y ^     NAND3X1      0.031   1.465    0.765  
      f32_mux_1_data_reg_6_          -              SDFFRX1      0.000   1.465    0.765  
      ------------------------------------------------------------------------------------
     Clock Rise Edge                      0.000
     = Beginpoint Arrival Time            0.000
     Other End Path:
      ----------------------------------------------------------------------------
      Instance               Arc            Cell         Retime  Arrival  Required  
                                                         Delay   Time     Time  
      ----------------------------------------------------------------------------
      -                      clk ^          -            -       0.000    0.700  
      clk_gate_mux           -              TLATNTSCAX4  0.000   0.000    0.700  
      clk_gate_mux           CK ^ -> ECK ^  TLATNTSCAX4  0.000   0.000    0.700  
      f32_mux_1_data_reg_6_  -              SDFFRX1      0.000   0.000    0.700  
      ----------------------------------------------------------------------------
Path 20: VIOLATED Setup Check with Pin f32_mux_1_data_reg_4_/CK 
Endpoint:   f32_mux_1_data_reg_4_/D (^) checked with  leading edge of 'clk'
Beginpoint: o_reg_addr_reg_6_/Q     (^) triggered by  leading edge of 'clk'
Path Groups: {clk}
Retime Analysis { Data Path-Slew SI }
Other End Arrival Time          0.000
- Setup                         0.235
+ Phase Shift                   1.000
= Required Time                 0.765
- Arrival Time                  1.465
= Slack Time                   -0.700
= Slack Time(original)         -0.735
     Clock Rise Edge                      0.000
     = Beginpoint Arrival Time            0.000
     Timing Path:
      ------------------------------------------------------------------------------------
      Instance                       Arc            Cell         Retime  Arrival  Required  
                                                                 Delay   Time     Time  
      ------------------------------------------------------------------------------------
      -                              clk ^          -            -       0.000    -0.700  
      clk_gate_addr                  -              TLATNTSCAX4  0.000   0.000    -0.700  
      clk_gate_addr                  CK ^ -> ECK ^  TLATNTSCAX4  0.000   0.000    -0.700  
      o_reg_addr_reg_6_              -              SDFFRX1      0.000   0.000    -0.700  
      o_reg_addr_reg_6_              CK ^ -> Q ^    SDFFRX1      0.309   0.309    -0.391  
      o_reg_addr_reg_6__scan_iso_or  -              AND2X1       0.000   0.309    -0.391  
      o_reg_addr_reg_6__scan_iso_or  A ^ -> Y ^     AND2X1       0.156   0.465    -0.236  
      U195                           -              INVX2        0.000   0.465    -0.236  
      U195                           A ^ -> Y v     INVX2        0.069   0.534    -0.166  
      U62                            -              NOR2X2       0.000   0.534    -0.166  
      U62                            B v -> Y ^     NOR2X2       0.068   0.602    -0.099  
      U32                            -              NAND3X1      0.000   0.602    -0.099  
      U32                            B ^ -> Y v     NAND3X1      0.137   0.738    0.038  
      U27                            -              OR2X1        0.000   0.738    0.038  
      U27                            A v -> Y v     OR2X1        0.204   0.943    0.243  
      U59                            -              NOR2X1       0.000   0.943    0.243  
      U59                            B v -> Y ^     NOR2X1       0.158   1.100    0.400  
      U489                           -              BUFX4        0.000   1.100    0.400  
      U489                           A ^ -> Y ^     BUFX4        0.172   1.273    0.572  
      U714                           -              AOI22X1      0.000   1.273    0.572  
      U714                           B0 ^ -> Y v    AOI22X1      0.073   1.346    0.646  
      U717                           -              NAND4X1      0.000   1.346    0.646  
      U717                           A v -> Y ^     NAND4X1      0.054   1.400    0.700  
      U718                           -              AOI21X1      0.000   1.400    0.700  
      U718                           B0 ^ -> Y v    AOI21X1      0.034   1.434    0.734  
      U152                           -              NAND3X1      0.000   1.434    0.734  
      U152                           B v -> Y ^     NAND3X1      0.031   1.465    0.765  
      f32_mux_1_data_reg_4_          -              SDFFRX1      0.000   1.465    0.765  
      ------------------------------------------------------------------------------------
     Clock Rise Edge                      0.000
     = Beginpoint Arrival Time            0.000
     Other End Path:
      ----------------------------------------------------------------------------
      Instance               Arc            Cell         Retime  Arrival  Required  
                                                         Delay   Time     Time  
      ----------------------------------------------------------------------------
      -                      clk ^          -            -       0.000    0.700  
      clk_gate_mux           -              TLATNTSCAX4  0.000   0.000    0.700  
      clk_gate_mux           CK ^ -> ECK ^  TLATNTSCAX4  0.000   0.000    0.700  
      f32_mux_1_data_reg_4_  -              SDFFRX1      0.000   0.000    0.700  
      ----------------------------------------------------------------------------
Path 21: VIOLATED Setup Check with Pin f32_mux_1_data_reg_1_/CK 
Endpoint:   f32_mux_1_data_reg_1_/D (^) checked with  leading edge of 'clk'
Beginpoint: o_reg_addr_reg_6_/Q     (^) triggered by  leading edge of 'clk'
Path Groups: {clk}
Retime Analysis { Data Path-Slew SI }
Other End Arrival Time          0.000
- Setup                         0.235
+ Phase Shift                   1.000
= Required Time                 0.765
- Arrival Time                  1.465
= Slack Time                   -0.700
= Slack Time(original)         -0.735
     Clock Rise Edge                      0.000
     = Beginpoint Arrival Time            0.000
     Timing Path:
      ------------------------------------------------------------------------------------
      Instance                       Arc            Cell         Retime  Arrival  Required  
                                                                 Delay   Time     Time  
      ------------------------------------------------------------------------------------
      -                              clk ^          -            -       0.000    -0.700  
      clk_gate_addr                  -              TLATNTSCAX4  0.000   0.000    -0.700  
      clk_gate_addr                  CK ^ -> ECK ^  TLATNTSCAX4  0.000   0.000    -0.700  
      o_reg_addr_reg_6_              -              SDFFRX1      0.000   0.000    -0.700  
      o_reg_addr_reg_6_              CK ^ -> Q ^    SDFFRX1      0.309   0.309    -0.391  
      o_reg_addr_reg_6__scan_iso_or  -              AND2X1       0.000   0.309    -0.391  
      o_reg_addr_reg_6__scan_iso_or  A ^ -> Y ^     AND2X1       0.156   0.465    -0.236  
      U195                           -              INVX2        0.000   0.465    -0.236  
      U195                           A ^ -> Y v     INVX2        0.069   0.534    -0.166  
      U62                            -              NOR2X2       0.000   0.534    -0.166  
      U62                            B v -> Y ^     NOR2X2       0.068   0.602    -0.099  
      U32                            -              NAND3X1      0.000   0.602    -0.099  
      U32                            B ^ -> Y v     NAND3X1      0.137   0.738    0.038  
      U27                            -              OR2X1        0.000   0.738    0.038  
      U27                            A v -> Y v     OR2X1        0.204   0.943    0.243  
      U59                            -              NOR2X1       0.000   0.943    0.243  
      U59                            B v -> Y ^     NOR2X1       0.158   1.100    0.400  
      U489                           -              BUFX4        0.000   1.100    0.400  
      U489                           A ^ -> Y ^     BUFX4        0.172   1.273    0.572  
      U525                           -              AOI22X1      0.000   1.273    0.572  
      U525                           B0 ^ -> Y v    AOI22X1      0.073   1.346    0.646  
      U529                           -              NAND4X1      0.000   1.346    0.646  
      U529                           A v -> Y ^     NAND4X1      0.054   1.400    0.700  
      U530                           -              AOI21X1      0.000   1.400    0.700  
      U530                           B0 ^ -> Y v    AOI21X1      0.034   1.434    0.734  
      U158                           -              NAND3X1      0.000   1.434    0.734  
      U158                           B v -> Y ^     NAND3X1      0.031   1.465    0.765  
      f32_mux_1_data_reg_1_          -              SDFFRX1      0.000   1.465    0.765  
      ------------------------------------------------------------------------------------
     Clock Rise Edge                      0.000
     = Beginpoint Arrival Time            0.000
     Other End Path:
      ----------------------------------------------------------------------------
      Instance               Arc            Cell         Retime  Arrival  Required  
                                                         Delay   Time     Time  
      ----------------------------------------------------------------------------
      -                      clk ^          -            -       0.000    0.700  
      clk_gate_mux           -              TLATNTSCAX4  0.000   0.000    0.700  
      clk_gate_mux           CK ^ -> ECK ^  TLATNTSCAX4  0.000   0.000    0.700  
      f32_mux_1_data_reg_1_  -              SDFFRX1      0.000   0.000    0.700  
      ----------------------------------------------------------------------------
Path 22: VIOLATED Setup Check with Pin f32_mux_1_data_reg_31_/CK 
Endpoint:   f32_mux_1_data_reg_31_/D (^) checked with  leading edge of 'clk'
Beginpoint: o_reg_addr_reg_6_/Q      (^) triggered by  leading edge of 'clk'
Path Groups: {clk}
Retime Analysis { Data Path-Slew SI }
Other End Arrival Time          0.000
- Setup                         0.234
+ Phase Shift                   1.000
= Required Time                 0.766
- Arrival Time                  1.471
= Slack Time                   -0.705
= Slack Time(original)         -0.729
     Clock Rise Edge                      0.000
     = Beginpoint Arrival Time            0.000
     Timing Path:
      ------------------------------------------------------------------------------------
      Instance                       Arc            Cell         Retime  Arrival  Required  
                                                                 Delay   Time     Time  
      ------------------------------------------------------------------------------------
      -                              clk ^          -            -       0.000    -0.705  
      clk_gate_addr                  -              TLATNTSCAX4  0.000   0.000    -0.705  
      clk_gate_addr                  CK ^ -> ECK ^  TLATNTSCAX4  0.000   0.000    -0.705  
      o_reg_addr_reg_6_              -              SDFFRX1      0.000   0.000    -0.705  
      o_reg_addr_reg_6_              CK ^ -> Q ^    SDFFRX1      0.309   0.309    -0.397  
      o_reg_addr_reg_6__scan_iso_or  -              AND2X1       0.000   0.309    -0.397  
      o_reg_addr_reg_6__scan_iso_or  A ^ -> Y ^     AND2X1       0.156   0.465    -0.241  
      U195                           -              INVX2        0.000   0.465    -0.241  
      U195                           A ^ -> Y v     INVX2        0.069   0.534    -0.172  
      U62                            -              NOR2X2       0.000   0.534    -0.172  
      U62                            B v -> Y ^     NOR2X2       0.068   0.602    -0.104  
      U456                           -              NAND3X2      0.000   0.602    -0.104  
      U456                           B ^ -> Y v     NAND3X2      0.194   0.796    0.090  
      U8                             -              NOR3X2       0.000   0.796    0.090  
      U8                             A v -> Y ^     NOR3X2       0.235   1.030    0.325  
      U24                            -              BUFX4        0.000   1.030    0.325  
      U24                            A ^ -> Y ^     BUFX4        0.185   1.215    0.510  
      U54                            -              AO22X1       0.000   1.215    0.510  
      U54                            A0 ^ -> Y ^    AO22X1       0.181   1.396    0.691  
      U579                           -              AOI211X1     0.000   1.396    0.691  
      U579                           B0 ^ -> Y v    AOI211X1     0.042   1.439    0.733  
      U107                           -              NAND3X1      0.000   1.439    0.733  
      U107                           C v -> Y ^     NAND3X1      0.032   1.471    0.766  
      f32_mux_1_data_reg_31_         -              SDFFRX1      0.000   1.471    0.766  
      ------------------------------------------------------------------------------------
     Clock Rise Edge                      0.000
     = Beginpoint Arrival Time            0.000
     Other End Path:
      -----------------------------------------------------------------------------
      Instance                Arc            Cell         Retime  Arrival  Required  
                                                          Delay   Time     Time  
      -----------------------------------------------------------------------------
      -                       clk ^          -            -       0.000    0.705  
      clk_gate_mux            -              TLATNTSCAX4  0.000   0.000    0.705  
      clk_gate_mux            CK ^ -> ECK ^  TLATNTSCAX4  0.000   0.000    0.705  
      f32_mux_1_data_reg_31_  -              SDFFRX1      0.000   0.000    0.705  
      -----------------------------------------------------------------------------
Path 23: VIOLATED Setup Check with Pin f32_mux_1_data_reg_26_/CK 
Endpoint:   f32_mux_1_data_reg_26_/D (^) checked with  leading edge of 'clk'
Beginpoint: o_reg_addr_reg_6_/Q      (^) triggered by  leading edge of 'clk'
Path Groups: {clk}
Retime Analysis { Data Path-Slew SI }
Other End Arrival Time          0.000
- Setup                         0.234
+ Phase Shift                   1.000
= Required Time                 0.766
- Arrival Time                  1.471
= Slack Time                   -0.705
= Slack Time(original)         -0.729
     Clock Rise Edge                      0.000
     = Beginpoint Arrival Time            0.000
     Timing Path:
      ------------------------------------------------------------------------------------
      Instance                       Arc            Cell         Retime  Arrival  Required  
                                                                 Delay   Time     Time  
      ------------------------------------------------------------------------------------
      -                              clk ^          -            -       0.000    -0.705  
      clk_gate_addr                  -              TLATNTSCAX4  0.000   0.000    -0.705  
      clk_gate_addr                  CK ^ -> ECK ^  TLATNTSCAX4  0.000   0.000    -0.705  
      o_reg_addr_reg_6_              -              SDFFRX1      0.000   0.000    -0.705  
      o_reg_addr_reg_6_              CK ^ -> Q ^    SDFFRX1      0.309   0.309    -0.397  
      o_reg_addr_reg_6__scan_iso_or  -              AND2X1       0.000   0.309    -0.397  
      o_reg_addr_reg_6__scan_iso_or  A ^ -> Y ^     AND2X1       0.156   0.465    -0.241  
      U195                           -              INVX2        0.000   0.465    -0.241  
      U195                           A ^ -> Y v     INVX2        0.069   0.534    -0.172  
      U62                            -              NOR2X2       0.000   0.534    -0.172  
      U62                            B v -> Y ^     NOR2X2       0.068   0.602    -0.104  
      U456                           -              NAND3X2      0.000   0.602    -0.104  
      U456                           B ^ -> Y v     NAND3X2      0.194   0.796    0.090  
      U8                             -              NOR3X2       0.000   0.796    0.090  
      U8                             A v -> Y ^     NOR3X2       0.235   1.030    0.325  
      U24                            -              BUFX4        0.000   1.030    0.325  
      U24                            A ^ -> Y ^     BUFX4        0.185   1.215    0.510  
      U56                            -              AO22X1       0.000   1.215    0.510  
      U56                            A0 ^ -> Y ^    AO22X1       0.181   1.396    0.691  
      U567                           -              AOI211X1     0.000   1.396    0.691  
      U567                           B0 ^ -> Y v    AOI211X1     0.042   1.439    0.733  
      U112                           -              NAND3X1      0.000   1.439    0.733  
      U112                           C v -> Y ^     NAND3X1      0.032   1.471    0.766  
      f32_mux_1_data_reg_26_         -              SDFFRX1      0.000   1.471    0.766  
      ------------------------------------------------------------------------------------
     Clock Rise Edge                      0.000
     = Beginpoint Arrival Time            0.000
     Other End Path:
      -----------------------------------------------------------------------------
      Instance                Arc            Cell         Retime  Arrival  Required  
                                                          Delay   Time     Time  
      -----------------------------------------------------------------------------
      -                       clk ^          -            -       0.000    0.705  
      clk_gate_mux            -              TLATNTSCAX4  0.000   0.000    0.705  
      clk_gate_mux            CK ^ -> ECK ^  TLATNTSCAX4  0.000   0.000    0.705  
      f32_mux_1_data_reg_26_  -              SDFFRX1      0.000   0.000    0.705  
      -----------------------------------------------------------------------------
Path 24: VIOLATED Setup Check with Pin f32_mux_1_data_reg_25_/CK 
Endpoint:   f32_mux_1_data_reg_25_/D (^) checked with  leading edge of 'clk'
Beginpoint: o_reg_addr_reg_6_/Q      (^) triggered by  leading edge of 'clk'
Path Groups: {clk}
Retime Analysis { Data Path-Slew SI }
Other End Arrival Time          0.000
- Setup                         0.234
+ Phase Shift                   1.000
= Required Time                 0.766
- Arrival Time                  1.471
= Slack Time                   -0.705
= Slack Time(original)         -0.729
     Clock Rise Edge                      0.000
     = Beginpoint Arrival Time            0.000
     Timing Path:
      ------------------------------------------------------------------------------------
      Instance                       Arc            Cell         Retime  Arrival  Required  
                                                                 Delay   Time     Time  
      ------------------------------------------------------------------------------------
      -                              clk ^          -            -       0.000    -0.705  
      clk_gate_addr                  -              TLATNTSCAX4  0.000   0.000    -0.705  
      clk_gate_addr                  CK ^ -> ECK ^  TLATNTSCAX4  0.000   0.000    -0.705  
      o_reg_addr_reg_6_              -              SDFFRX1      0.000   0.000    -0.705  
      o_reg_addr_reg_6_              CK ^ -> Q ^    SDFFRX1      0.309   0.309    -0.397  
      o_reg_addr_reg_6__scan_iso_or  -              AND2X1       0.000   0.309    -0.397  
      o_reg_addr_reg_6__scan_iso_or  A ^ -> Y ^     AND2X1       0.156   0.465    -0.241  
      U195                           -              INVX2        0.000   0.465    -0.241  
      U195                           A ^ -> Y v     INVX2        0.069   0.534    -0.172  
      U62                            -              NOR2X2       0.000   0.534    -0.172  
      U62                            B v -> Y ^     NOR2X2       0.068   0.602    -0.104  
      U456                           -              NAND3X2      0.000   0.602    -0.104  
      U456                           B ^ -> Y v     NAND3X2      0.194   0.796    0.090  
      U8                             -              NOR3X2       0.000   0.796    0.090  
      U8                             A v -> Y ^     NOR3X2       0.235   1.030    0.325  
      U24                            -              BUFX4        0.000   1.030    0.325  
      U24                            A ^ -> Y ^     BUFX4        0.185   1.215    0.510  
      U57                            -              AO22X1       0.000   1.215    0.510  
      U57                            A0 ^ -> Y ^    AO22X1       0.181   1.396    0.691  
      U562                           -              AOI211X1     0.000   1.396    0.691  
      U562                           B0 ^ -> Y v    AOI211X1     0.042   1.439    0.733  
      U113                           -              NAND3X1      0.000   1.439    0.733  
      U113                           C v -> Y ^     NAND3X1      0.032   1.471    0.766  
      f32_mux_1_data_reg_25_         -              SDFFRX1      0.000   1.471    0.766  
      ------------------------------------------------------------------------------------
     Clock Rise Edge                      0.000
     = Beginpoint Arrival Time            0.000
     Other End Path:
      -----------------------------------------------------------------------------
      Instance                Arc            Cell         Retime  Arrival  Required  
                                                          Delay   Time     Time  
      -----------------------------------------------------------------------------
      -                       clk ^          -            -       0.000    0.705  
      clk_gate_mux            -              TLATNTSCAX4  0.000   0.000    0.705  
      clk_gate_mux            CK ^ -> ECK ^  TLATNTSCAX4  0.000   0.000    0.705  
      f32_mux_1_data_reg_25_  -              SDFFRX1      0.000   0.000    0.705  
      -----------------------------------------------------------------------------
Path 25: VIOLATED Setup Check with Pin f32_mux_1_data_reg_24_/CK 
Endpoint:   f32_mux_1_data_reg_24_/D (^) checked with  leading edge of 'clk'
Beginpoint: o_reg_addr_reg_6_/Q      (^) triggered by  leading edge of 'clk'
Path Groups: {clk}
Retime Analysis { Data Path-Slew SI }
Other End Arrival Time          0.000
- Setup                         0.234
+ Phase Shift                   1.000
= Required Time                 0.766
- Arrival Time                  1.471
= Slack Time                   -0.705
= Slack Time(original)         -0.729
     Clock Rise Edge                      0.000
     = Beginpoint Arrival Time            0.000
     Timing Path:
      ------------------------------------------------------------------------------------
      Instance                       Arc            Cell         Retime  Arrival  Required  
                                                                 Delay   Time     Time  
      ------------------------------------------------------------------------------------
      -                              clk ^          -            -       0.000    -0.705  
      clk_gate_addr                  -              TLATNTSCAX4  0.000   0.000    -0.705  
      clk_gate_addr                  CK ^ -> ECK ^  TLATNTSCAX4  0.000   0.000    -0.705  
      o_reg_addr_reg_6_              -              SDFFRX1      0.000   0.000    -0.705  
      o_reg_addr_reg_6_              CK ^ -> Q ^    SDFFRX1      0.309   0.309    -0.397  
      o_reg_addr_reg_6__scan_iso_or  -              AND2X1       0.000   0.309    -0.397  
      o_reg_addr_reg_6__scan_iso_or  A ^ -> Y ^     AND2X1       0.156   0.465    -0.241  
      U195                           -              INVX2        0.000   0.465    -0.241  
      U195                           A ^ -> Y v     INVX2        0.069   0.534    -0.172  
      U62                            -              NOR2X2       0.000   0.534    -0.172  
      U62                            B v -> Y ^     NOR2X2       0.068   0.602    -0.104  
      U456                           -              NAND3X2      0.000   0.602    -0.104  
      U456                           B ^ -> Y v     NAND3X2      0.194   0.796    0.090  
      U8                             -              NOR3X2       0.000   0.796    0.090  
      U8                             A v -> Y ^     NOR3X2       0.235   1.030    0.325  
      U24                            -              BUFX4        0.000   1.030    0.325  
      U24                            A ^ -> Y ^     BUFX4        0.185   1.215    0.510  
      U58                            -              AO22X1       0.000   1.215    0.510  
      U58                            A0 ^ -> Y ^    AO22X1       0.181   1.396    0.691  
      U573                           -              AOI211X1     0.000   1.396    0.691  
      U573                           B0 ^ -> Y v    AOI211X1     0.042   1.439    0.733  
      U114                           -              NAND3X1      0.000   1.439    0.733  
      U114                           C v -> Y ^     NAND3X1      0.032   1.471    0.766  
      f32_mux_1_data_reg_24_         -              SDFFRX1      0.000   1.471    0.766  
      ------------------------------------------------------------------------------------
     Clock Rise Edge                      0.000
     = Beginpoint Arrival Time            0.000
     Other End Path:
      -----------------------------------------------------------------------------
      Instance                Arc            Cell         Retime  Arrival  Required  
                                                          Delay   Time     Time  
      -----------------------------------------------------------------------------
      -                       clk ^          -            -       0.000    0.705  
      clk_gate_mux            -              TLATNTSCAX4  0.000   0.000    0.705  
      clk_gate_mux            CK ^ -> ECK ^  TLATNTSCAX4  0.000   0.000    0.705  
      f32_mux_1_data_reg_24_  -              SDFFRX1      0.000   0.000    0.705  
      -----------------------------------------------------------------------------
Path 26: VIOLATED Setup Check with Pin f32_mux_0_data_reg_19_/CK 
Endpoint:   f32_mux_0_data_reg_19_/D (^) checked with  leading edge of 'clk'
Beginpoint: o_reg_addr_reg_2_/Q      (^) triggered by  leading edge of 'clk'
Path Groups: {clk}
Retime Analysis { Data Path-Slew SI }
Other End Arrival Time          0.000
- Setup                         0.234
+ Phase Shift                   1.000
= Required Time                 0.766
- Arrival Time                  1.436
= Slack Time                   -0.670
= Slack Time(original)         -0.704
     Clock Rise Edge                      0.000
     = Beginpoint Arrival Time            0.000
     Timing Path:
      ------------------------------------------------------------------------------------
      Instance                       Arc            Cell         Retime  Arrival  Required  
                                                                 Delay   Time     Time  
      ------------------------------------------------------------------------------------
      -                              clk ^          -            -       0.000    -0.670  
      clk_gate_addr                  -              TLATNTSCAX4  0.000   0.000    -0.670  
      clk_gate_addr                  CK ^ -> ECK ^  TLATNTSCAX4  0.000   0.000    -0.670  
      o_reg_addr_reg_2_              -              SDFFRX1      0.000   0.000    -0.670  
      o_reg_addr_reg_2_              CK ^ -> Q ^    SDFFRX1      0.309   0.309    -0.361  
      o_reg_addr_reg_2__scan_iso_or  -              AND2X1       0.000   0.309    -0.361  
      o_reg_addr_reg_2__scan_iso_or  A ^ -> Y ^     AND2X1       0.149   0.458    -0.212  
      U43                            -              NAND2BX1     0.000   0.458    -0.212  
      U43                            B ^ -> Y v     NAND2BX1     0.256   0.714    0.044  
      U35                            -              NOR2X1       0.000   0.714    0.044  
      U35                            A v -> Y ^     NOR2X1       0.182   0.896    0.226  
      U9                             -              AND2X4       0.000   0.896    0.226  
      U9                             A ^ -> Y ^     AND2X4       0.181   1.077    0.407  
      U52                            -              BUFX2        0.000   1.077    0.407  
      U52                            A ^ -> Y ^     BUFX2        0.123   1.200    0.530  
      U811                           -              AOI22X1      0.000   1.200    0.530  
      U811                           B0 ^ -> Y v    AOI22X1      0.071   1.271    0.601  
      U812_INV                       -              INVX1        0.000   1.271    0.601  
      U812_INV                       A v -> Y ^     INVX1        0.040   1.310    0.641  
      U812                           -              AO21X1       0.000   1.310    0.641  
      U812                           B0 ^ -> Y ^    AO21X1       0.068   1.378    0.709  
      U813                           -              AOI21X1      0.000   1.378    0.709  
      U813                           B0 ^ -> Y v    AOI21X1      0.028   1.407    0.737  
      U97                            -              NAND3X1      0.000   1.407    0.737  
      U97                            C v -> Y ^     NAND3X1      0.029   1.436    0.766  
      f32_mux_0_data_reg_19_         -              SDFFRX1      0.000   1.436    0.766  
      ------------------------------------------------------------------------------------
     Clock Rise Edge                      0.000
     = Beginpoint Arrival Time            0.000
     Other End Path:
      -----------------------------------------------------------------------------
      Instance                Arc            Cell         Retime  Arrival  Required  
                                                          Delay   Time     Time  
      -----------------------------------------------------------------------------
      -                       clk ^          -            -       0.000    0.670  
      clk_gate_mux            -              TLATNTSCAX4  0.000   0.000    0.670  
      clk_gate_mux            CK ^ -> ECK ^  TLATNTSCAX4  0.000   0.000    0.670  
      f32_mux_0_data_reg_19_  -              SDFFRX1      0.000   0.000    0.670  
      -----------------------------------------------------------------------------
Path 27: VIOLATED Setup Check with Pin f32_mux_0_data_reg_20_/CK 
Endpoint:   f32_mux_0_data_reg_20_/D (^) checked with  leading edge of 'clk'
Beginpoint: o_reg_addr_reg_2_/Q      (^) triggered by  leading edge of 'clk'
Path Groups: {clk}
Retime Analysis { Data Path-Slew SI }
Other End Arrival Time          0.000
- Setup                         0.234
+ Phase Shift                   1.000
= Required Time                 0.766
- Arrival Time                  1.436
= Slack Time                   -0.670
= Slack Time(original)         -0.704
     Clock Rise Edge                      0.000
     = Beginpoint Arrival Time            0.000
     Timing Path:
      ------------------------------------------------------------------------------------
      Instance                       Arc            Cell         Retime  Arrival  Required  
                                                                 Delay   Time     Time  
      ------------------------------------------------------------------------------------
      -                              clk ^          -            -       0.000    -0.670  
      clk_gate_addr                  -              TLATNTSCAX4  0.000   0.000    -0.670  
      clk_gate_addr                  CK ^ -> ECK ^  TLATNTSCAX4  0.000   0.000    -0.670  
      o_reg_addr_reg_2_              -              SDFFRX1      0.000   0.000    -0.670  
      o_reg_addr_reg_2_              CK ^ -> Q ^    SDFFRX1      0.309   0.309    -0.361  
      o_reg_addr_reg_2__scan_iso_or  -              AND2X1       0.000   0.309    -0.361  
      o_reg_addr_reg_2__scan_iso_or  A ^ -> Y ^     AND2X1       0.149   0.458    -0.212  
      U43                            -              NAND2BX1     0.000   0.458    -0.212  
      U43                            B ^ -> Y v     NAND2BX1     0.256   0.714    0.044  
      U35                            -              NOR2X1       0.000   0.714    0.044  
      U35                            A v -> Y ^     NOR2X1       0.182   0.896    0.226  
      U9                             -              AND2X4       0.000   0.896    0.226  
      U9                             A ^ -> Y ^     AND2X4       0.181   1.077    0.407  
      U52                            -              BUFX2        0.000   1.077    0.407  
      U52                            A ^ -> Y ^     BUFX2        0.123   1.200    0.530  
      U820                           -              AOI22X1      0.000   1.200    0.530  
      U820                           B0 ^ -> Y v    AOI22X1      0.071   1.271    0.601  
      U821_INV                       -              INVX1        0.000   1.271    0.601  
      U821_INV                       A v -> Y ^     INVX1        0.040   1.310    0.641  
      U821                           -              AO21X1       0.000   1.310    0.641  
      U821                           B0 ^ -> Y ^    AO21X1       0.068   1.378    0.709  
      U822                           -              AOI21X1      0.000   1.378    0.709  
      U822                           B0 ^ -> Y v    AOI21X1      0.028   1.407    0.737  
      U98                            -              NAND3X1      0.000   1.407    0.737  
      U98                            C v -> Y ^     NAND3X1      0.029   1.436    0.766  
      f32_mux_0_data_reg_20_         -              SDFFRX1      0.000   1.436    0.766  
      ------------------------------------------------------------------------------------
     Clock Rise Edge                      0.000
     = Beginpoint Arrival Time            0.000
     Other End Path:
      -----------------------------------------------------------------------------
      Instance                Arc            Cell         Retime  Arrival  Required  
                                                          Delay   Time     Time  
      -----------------------------------------------------------------------------
      -                       clk ^          -            -       0.000    0.670  
      clk_gate_mux            -              TLATNTSCAX4  0.000   0.000    0.670  
      clk_gate_mux            CK ^ -> ECK ^  TLATNTSCAX4  0.000   0.000    0.670  
      f32_mux_0_data_reg_20_  -              SDFFRX1      0.000   0.000    0.670  
      -----------------------------------------------------------------------------
Path 28: VIOLATED Setup Check with Pin f32_mux_0_data_reg_21_/CK 
Endpoint:   f32_mux_0_data_reg_21_/D (^) checked with  leading edge of 'clk'
Beginpoint: o_reg_addr_reg_2_/Q      (^) triggered by  leading edge of 'clk'
Path Groups: {clk}
Retime Analysis { Data Path-Slew SI }
Other End Arrival Time          0.000
- Setup                         0.234
+ Phase Shift                   1.000
= Required Time                 0.766
- Arrival Time                  1.436
= Slack Time                   -0.670
= Slack Time(original)         -0.704
     Clock Rise Edge                      0.000
     = Beginpoint Arrival Time            0.000
     Timing Path:
      ------------------------------------------------------------------------------------
      Instance                       Arc            Cell         Retime  Arrival  Required  
                                                                 Delay   Time     Time  
      ------------------------------------------------------------------------------------
      -                              clk ^          -            -       0.000    -0.670  
      clk_gate_addr                  -              TLATNTSCAX4  0.000   0.000    -0.670  
      clk_gate_addr                  CK ^ -> ECK ^  TLATNTSCAX4  0.000   0.000    -0.670  
      o_reg_addr_reg_2_              -              SDFFRX1      0.000   0.000    -0.670  
      o_reg_addr_reg_2_              CK ^ -> Q ^    SDFFRX1      0.309   0.309    -0.361  
      o_reg_addr_reg_2__scan_iso_or  -              AND2X1       0.000   0.309    -0.361  
      o_reg_addr_reg_2__scan_iso_or  A ^ -> Y ^     AND2X1       0.149   0.458    -0.212  
      U43                            -              NAND2BX1     0.000   0.458    -0.212  
      U43                            B ^ -> Y v     NAND2BX1     0.256   0.714    0.044  
      U35                            -              NOR2X1       0.000   0.714    0.044  
      U35                            A v -> Y ^     NOR2X1       0.182   0.896    0.226  
      U9                             -              AND2X4       0.000   0.896    0.226  
      U9                             A ^ -> Y ^     AND2X4       0.181   1.077    0.407  
      U52                            -              BUFX2        0.000   1.077    0.407  
      U52                            A ^ -> Y ^     BUFX2        0.123   1.200    0.530  
      U443                           -              AOI22X1      0.000   1.200    0.530  
      U443                           B0 ^ -> Y v    AOI22X1      0.071   1.271    0.601  
      U186_INV                       -              INVX1        0.000   1.271    0.601  
      U186_INV                       A v -> Y ^     INVX1        0.040   1.310    0.641  
      U186                           -              AO21X1       0.000   1.310    0.641  
      U186                           B0 ^ -> Y ^    AO21X1       0.068   1.378    0.709  
      U444                           -              AOI21X1      0.000   1.378    0.709  
      U444                           B0 ^ -> Y v    AOI21X1      0.028   1.407    0.737  
      U99                            -              NAND3X1      0.000   1.407    0.737  
      U99                            C v -> Y ^     NAND3X1      0.029   1.436    0.766  
      f32_mux_0_data_reg_21_         -              SDFFRX1      0.000   1.436    0.766  
      ------------------------------------------------------------------------------------
     Clock Rise Edge                      0.000
     = Beginpoint Arrival Time            0.000
     Other End Path:
      -----------------------------------------------------------------------------
      Instance                Arc            Cell         Retime  Arrival  Required  
                                                          Delay   Time     Time  
      -----------------------------------------------------------------------------
      -                       clk ^          -            -       0.000    0.670  
      clk_gate_mux            -              TLATNTSCAX4  0.000   0.000    0.670  
      clk_gate_mux            CK ^ -> ECK ^  TLATNTSCAX4  0.000   0.000    0.670  
      f32_mux_0_data_reg_21_  -              SDFFRX1      0.000   0.000    0.670  
      -----------------------------------------------------------------------------
Path 29: VIOLATED Setup Check with Pin f32_mux_0_data_reg_22_/CK 
Endpoint:   f32_mux_0_data_reg_22_/D (^) checked with  leading edge of 'clk'
Beginpoint: o_reg_addr_reg_2_/Q      (^) triggered by  leading edge of 'clk'
Path Groups: {clk}
Retime Analysis { Data Path-Slew SI }
Other End Arrival Time          0.000
- Setup                         0.234
+ Phase Shift                   1.000
= Required Time                 0.766
- Arrival Time                  1.436
= Slack Time                   -0.670
= Slack Time(original)         -0.704
     Clock Rise Edge                      0.000
     = Beginpoint Arrival Time            0.000
     Timing Path:
      ------------------------------------------------------------------------------------
      Instance                       Arc            Cell         Retime  Arrival  Required  
                                                                 Delay   Time     Time  
      ------------------------------------------------------------------------------------
      -                              clk ^          -            -       0.000    -0.670  
      clk_gate_addr                  -              TLATNTSCAX4  0.000   0.000    -0.670  
      clk_gate_addr                  CK ^ -> ECK ^  TLATNTSCAX4  0.000   0.000    -0.670  
      o_reg_addr_reg_2_              -              SDFFRX1      0.000   0.000    -0.670  
      o_reg_addr_reg_2_              CK ^ -> Q ^    SDFFRX1      0.309   0.309    -0.361  
      o_reg_addr_reg_2__scan_iso_or  -              AND2X1       0.000   0.309    -0.361  
      o_reg_addr_reg_2__scan_iso_or  A ^ -> Y ^     AND2X1       0.149   0.458    -0.212  
      U43                            -              NAND2BX1     0.000   0.458    -0.212  
      U43                            B ^ -> Y v     NAND2BX1     0.256   0.714    0.044  
      U35                            -              NOR2X1       0.000   0.714    0.044  
      U35                            A v -> Y ^     NOR2X1       0.182   0.896    0.226  
      U9                             -              AND2X4       0.000   0.896    0.226  
      U9                             A ^ -> Y ^     AND2X4       0.181   1.077    0.407  
      U52                            -              BUFX2        0.000   1.077    0.407  
      U52                            A ^ -> Y ^     BUFX2        0.123   1.200    0.530  
      U452                           -              AOI22X1      0.000   1.200    0.530  
      U452                           B0 ^ -> Y v    AOI22X1      0.071   1.271    0.601  
      U453_INV                       -              INVX1        0.000   1.271    0.601  
      U453_INV                       A v -> Y ^     INVX1        0.040   1.310    0.641  
      U453                           -              AO21X1       0.000   1.310    0.641  
      U453                           B0 ^ -> Y ^    AO21X1       0.068   1.378    0.709  
      U454                           -              AOI21X1      0.000   1.378    0.709  
      U454                           B0 ^ -> Y v    AOI21X1      0.028   1.407    0.737  
      U100                           -              NAND3X1      0.000   1.407    0.737  
      U100                           C v -> Y ^     NAND3X1      0.029   1.436    0.766  
      f32_mux_0_data_reg_22_         -              SDFFRX1      0.000   1.436    0.766  
      ------------------------------------------------------------------------------------
     Clock Rise Edge                      0.000
     = Beginpoint Arrival Time            0.000
     Other End Path:
      -----------------------------------------------------------------------------
      Instance                Arc            Cell         Retime  Arrival  Required  
                                                          Delay   Time     Time  
      -----------------------------------------------------------------------------
      -                       clk ^          -            -       0.000    0.670  
      clk_gate_mux            -              TLATNTSCAX4  0.000   0.000    0.670  
      clk_gate_mux            CK ^ -> ECK ^  TLATNTSCAX4  0.000   0.000    0.670  
      f32_mux_0_data_reg_22_  -              SDFFRX1      0.000   0.000    0.670  
      -----------------------------------------------------------------------------
Path 30: VIOLATED Setup Check with Pin f32_mux_0_data_reg_23_/CK 
Endpoint:   f32_mux_0_data_reg_23_/D (^) checked with  leading edge of 'clk'
Beginpoint: o_reg_addr_reg_2_/Q      (^) triggered by  leading edge of 'clk'
Path Groups: {clk}
Retime Analysis { Data Path-Slew SI }
Other End Arrival Time          0.000
- Setup                         0.234
+ Phase Shift                   1.000
= Required Time                 0.766
- Arrival Time                  1.436
= Slack Time                   -0.670
= Slack Time(original)         -0.704
     Clock Rise Edge                      0.000
     = Beginpoint Arrival Time            0.000
     Timing Path:
      ------------------------------------------------------------------------------------
      Instance                       Arc            Cell         Retime  Arrival  Required  
                                                                 Delay   Time     Time  
      ------------------------------------------------------------------------------------
      -                              clk ^          -            -       0.000    -0.670  
      clk_gate_addr                  -              TLATNTSCAX4  0.000   0.000    -0.670  
      clk_gate_addr                  CK ^ -> ECK ^  TLATNTSCAX4  0.000   0.000    -0.670  
      o_reg_addr_reg_2_              -              SDFFRX1      0.000   0.000    -0.670  
      o_reg_addr_reg_2_              CK ^ -> Q ^    SDFFRX1      0.309   0.309    -0.361  
      o_reg_addr_reg_2__scan_iso_or  -              AND2X1       0.000   0.309    -0.361  
      o_reg_addr_reg_2__scan_iso_or  A ^ -> Y ^     AND2X1       0.149   0.458    -0.212  
      U43                            -              NAND2BX1     0.000   0.458    -0.212  
      U43                            B ^ -> Y v     NAND2BX1     0.256   0.714    0.044  
      U35                            -              NOR2X1       0.000   0.714    0.044  
      U35                            A v -> Y ^     NOR2X1       0.182   0.896    0.226  
      U9                             -              AND2X4       0.000   0.896    0.226  
      U9                             A ^ -> Y ^     AND2X4       0.181   1.077    0.407  
      U52                            -              BUFX2        0.000   1.077    0.407  
      U52                            A ^ -> Y ^     BUFX2        0.123   1.200    0.530  
      U793                           -              AOI22X1      0.000   1.200    0.530  
      U793                           B0 ^ -> Y v    AOI22X1      0.071   1.271    0.601  
      U794_INV                       -              INVX1        0.000   1.271    0.601  
      U794_INV                       A v -> Y ^     INVX1        0.040   1.310    0.641  
      U794                           -              AO21X1       0.000   1.310    0.641  
      U794                           B0 ^ -> Y ^    AO21X1       0.068   1.378    0.709  
      U102                           -              AOI21X1      0.000   1.378    0.709  
      U102                           B0 ^ -> Y v    AOI21X1      0.028   1.407    0.737  
      U101                           -              NAND3X1      0.000   1.407    0.737  
      U101                           C v -> Y ^     NAND3X1      0.029   1.436    0.766  
      f32_mux_0_data_reg_23_         -              SDFFRX1      0.000   1.436    0.766  
      ------------------------------------------------------------------------------------
     Clock Rise Edge                      0.000
     = Beginpoint Arrival Time            0.000
     Other End Path:
      -----------------------------------------------------------------------------
      Instance                Arc            Cell         Retime  Arrival  Required  
                                                          Delay   Time     Time  
      -----------------------------------------------------------------------------
      -                       clk ^          -            -       0.000    0.670  
      clk_gate_mux            -              TLATNTSCAX4  0.000   0.000    0.670  
      clk_gate_mux            CK ^ -> ECK ^  TLATNTSCAX4  0.000   0.000    0.670  
      f32_mux_0_data_reg_23_  -              SDFFRX1      0.000   0.000    0.670  
      -----------------------------------------------------------------------------
Path 31: VIOLATED Setup Check with Pin f32_mux_0_data_reg_15_/CK 
Endpoint:   f32_mux_0_data_reg_15_/D (^) checked with  leading edge of 'clk'
Beginpoint: o_reg_addr_reg_2_/Q      (^) triggered by  leading edge of 'clk'
Path Groups: {clk}
Retime Analysis { Data Path-Slew SI }
Other End Arrival Time          0.000
- Setup                         0.236
+ Phase Shift                   1.000
= Required Time                 0.764
- Arrival Time                  1.447
= Slack Time                   -0.683
= Slack Time(original)         -0.700
     Clock Rise Edge                      0.000
     = Beginpoint Arrival Time            0.000
     Timing Path:
      ------------------------------------------------------------------------------------
      Instance                       Arc            Cell         Retime  Arrival  Required  
                                                                 Delay   Time     Time  
      ------------------------------------------------------------------------------------
      -                              clk ^          -            -       0.000    -0.683  
      clk_gate_addr                  -              TLATNTSCAX4  0.000   0.000    -0.683  
      clk_gate_addr                  CK ^ -> ECK ^  TLATNTSCAX4  0.000   0.000    -0.683  
      o_reg_addr_reg_2_              -              SDFFRX1      0.000   0.000    -0.683  
      o_reg_addr_reg_2_              CK ^ -> Q ^    SDFFRX1      0.309   0.309    -0.374  
      o_reg_addr_reg_2__scan_iso_or  -              AND2X1       0.000   0.309    -0.374  
      o_reg_addr_reg_2__scan_iso_or  A ^ -> Y ^     AND2X1       0.149   0.458    -0.225  
      U43                            -              NAND2BX1     0.000   0.458    -0.225  
      U43                            B ^ -> Y v     NAND2BX1     0.256   0.714    0.031  
      U6                             -              NOR2X2       0.000   0.714    0.031  
      U6                             A v -> Y ^     NOR2X2       0.229   0.942    0.260  
      U204                           -              NOR2BX2      0.000   0.942    0.260  
      U204                           AN ^ -> Y ^    NOR2BX2      0.257   1.200    0.517  
      U295                           -              AOI22X1      0.000   1.200    0.517  
      U295                           B0 ^ -> Y v    AOI22X1      0.122   1.322    0.639  
      U297                           -              AND4X1       0.000   1.322    0.639  
      U297                           C v -> Y v     AND4X1       0.100   1.422    0.739  
      U78                            -              OAI21X1      0.000   1.422    0.739  
      U78                            B0 v -> Y ^    OAI21X1      0.025   1.447    0.764  
      f32_mux_0_data_reg_15_         -              SDFFRX1      0.000   1.447    0.764  
      ------------------------------------------------------------------------------------
     Clock Rise Edge                      0.000
     = Beginpoint Arrival Time            0.000
     Other End Path:
      -----------------------------------------------------------------------------
      Instance                Arc            Cell         Retime  Arrival  Required  
                                                          Delay   Time     Time  
      -----------------------------------------------------------------------------
      -                       clk ^          -            -       0.000    0.683  
      clk_gate_mux            -              TLATNTSCAX4  0.000   0.000    0.683  
      clk_gate_mux            CK ^ -> ECK ^  TLATNTSCAX4  0.000   0.000    0.683  
      f32_mux_0_data_reg_15_  -              SDFFRX1      0.000   0.000    0.683  
      -----------------------------------------------------------------------------
Path 32: VIOLATED Setup Check with Pin f32_mux_0_data_reg_14_/CK 
Endpoint:   f32_mux_0_data_reg_14_/D (^) checked with  leading edge of 'clk'
Beginpoint: o_reg_addr_reg_2_/Q      (^) triggered by  leading edge of 'clk'
Path Groups: {clk}
Retime Analysis { Data Path-Slew SI }
Other End Arrival Time          0.000
- Setup                         0.236
+ Phase Shift                   1.000
= Required Time                 0.764
- Arrival Time                  1.447
= Slack Time                   -0.683
= Slack Time(original)         -0.700
     Clock Rise Edge                      0.000
     = Beginpoint Arrival Time            0.000
     Timing Path:
      ------------------------------------------------------------------------------------
      Instance                       Arc            Cell         Retime  Arrival  Required  
                                                                 Delay   Time     Time  
      ------------------------------------------------------------------------------------
      -                              clk ^          -            -       0.000    -0.683  
      clk_gate_addr                  -              TLATNTSCAX4  0.000   0.000    -0.683  
      clk_gate_addr                  CK ^ -> ECK ^  TLATNTSCAX4  0.000   0.000    -0.683  
      o_reg_addr_reg_2_              -              SDFFRX1      0.000   0.000    -0.683  
      o_reg_addr_reg_2_              CK ^ -> Q ^    SDFFRX1      0.309   0.309    -0.374  
      o_reg_addr_reg_2__scan_iso_or  -              AND2X1       0.000   0.309    -0.374  
      o_reg_addr_reg_2__scan_iso_or  A ^ -> Y ^     AND2X1       0.149   0.458    -0.225  
      U43                            -              NAND2BX1     0.000   0.458    -0.225  
      U43                            B ^ -> Y v     NAND2BX1     0.256   0.714    0.031  
      U6                             -              NOR2X2       0.000   0.714    0.031  
      U6                             A v -> Y ^     NOR2X2       0.229   0.942    0.260  
      U204                           -              NOR2BX2      0.000   0.942    0.260  
      U204                           AN ^ -> Y ^    NOR2BX2      0.257   1.200    0.517  
      U382                           -              AOI22X1      0.000   1.200    0.517  
      U382                           B0 ^ -> Y v    AOI22X1      0.122   1.322    0.639  
      U384                           -              AND4X1       0.000   1.322    0.639  
      U384                           C v -> Y v     AND4X1       0.100   1.422    0.739  
      U79                            -              OAI21X1      0.000   1.422    0.739  
      U79                            B0 v -> Y ^    OAI21X1      0.025   1.447    0.764  
      f32_mux_0_data_reg_14_         -              SDFFRX1      0.000   1.447    0.764  
      ------------------------------------------------------------------------------------
     Clock Rise Edge                      0.000
     = Beginpoint Arrival Time            0.000
     Other End Path:
      -----------------------------------------------------------------------------
      Instance                Arc            Cell         Retime  Arrival  Required  
                                                          Delay   Time     Time  
      -----------------------------------------------------------------------------
      -                       clk ^          -            -       0.000    0.683  
      clk_gate_mux            -              TLATNTSCAX4  0.000   0.000    0.683  
      clk_gate_mux            CK ^ -> ECK ^  TLATNTSCAX4  0.000   0.000    0.683  
      f32_mux_0_data_reg_14_  -              SDFFRX1      0.000   0.000    0.683  
      -----------------------------------------------------------------------------
Path 33: VIOLATED Setup Check with Pin f32_mux_0_data_reg_13_/CK 
Endpoint:   f32_mux_0_data_reg_13_/D (^) checked with  leading edge of 'clk'
Beginpoint: o_reg_addr_reg_2_/Q      (^) triggered by  leading edge of 'clk'
Path Groups: {clk}
Retime Analysis { Data Path-Slew SI }
Other End Arrival Time          0.000
- Setup                         0.236
+ Phase Shift                   1.000
= Required Time                 0.764
- Arrival Time                  1.447
= Slack Time                   -0.683
= Slack Time(original)         -0.700
     Clock Rise Edge                      0.000
     = Beginpoint Arrival Time            0.000
     Timing Path:
      ------------------------------------------------------------------------------------
      Instance                       Arc            Cell         Retime  Arrival  Required  
                                                                 Delay   Time     Time  
      ------------------------------------------------------------------------------------
      -                              clk ^          -            -       0.000    -0.683  
      clk_gate_addr                  -              TLATNTSCAX4  0.000   0.000    -0.683  
      clk_gate_addr                  CK ^ -> ECK ^  TLATNTSCAX4  0.000   0.000    -0.683  
      o_reg_addr_reg_2_              -              SDFFRX1      0.000   0.000    -0.683  
      o_reg_addr_reg_2_              CK ^ -> Q ^    SDFFRX1      0.309   0.309    -0.374  
      o_reg_addr_reg_2__scan_iso_or  -              AND2X1       0.000   0.309    -0.374  
      o_reg_addr_reg_2__scan_iso_or  A ^ -> Y ^     AND2X1       0.149   0.458    -0.225  
      U43                            -              NAND2BX1     0.000   0.458    -0.225  
      U43                            B ^ -> Y v     NAND2BX1     0.256   0.714    0.031  
      U6                             -              NOR2X2       0.000   0.714    0.031  
      U6                             A v -> Y ^     NOR2X2       0.229   0.942    0.260  
      U204                           -              NOR2BX2      0.000   0.942    0.260  
      U204                           AN ^ -> Y ^    NOR2BX2      0.257   1.200    0.517  
      U372                           -              AOI22X1      0.000   1.200    0.517  
      U372                           B0 ^ -> Y v    AOI22X1      0.122   1.322    0.639  
      U374                           -              AND4X1       0.000   1.322    0.639  
      U374                           C v -> Y v     AND4X1       0.100   1.422    0.739  
      U80                            -              OAI21X1      0.000   1.422    0.739  
      U80                            B0 v -> Y ^    OAI21X1      0.025   1.447    0.764  
      f32_mux_0_data_reg_13_         -              SDFFRX1      0.000   1.447    0.764  
      ------------------------------------------------------------------------------------
     Clock Rise Edge                      0.000
     = Beginpoint Arrival Time            0.000
     Other End Path:
      -----------------------------------------------------------------------------
      Instance                Arc            Cell         Retime  Arrival  Required  
                                                          Delay   Time     Time  
      -----------------------------------------------------------------------------
      -                       clk ^          -            -       0.000    0.683  
      clk_gate_mux            -              TLATNTSCAX4  0.000   0.000    0.683  
      clk_gate_mux            CK ^ -> ECK ^  TLATNTSCAX4  0.000   0.000    0.683  
      f32_mux_0_data_reg_13_  -              SDFFRX1      0.000   0.000    0.683  
      -----------------------------------------------------------------------------
Path 34: VIOLATED Setup Check with Pin f32_mux_0_data_reg_12_/CK 
Endpoint:   f32_mux_0_data_reg_12_/D (^) checked with  leading edge of 'clk'
Beginpoint: o_reg_addr_reg_2_/Q      (^) triggered by  leading edge of 'clk'
Path Groups: {clk}
Retime Analysis { Data Path-Slew SI }
Other End Arrival Time          0.000
- Setup                         0.236
+ Phase Shift                   1.000
= Required Time                 0.764
- Arrival Time                  1.447
= Slack Time                   -0.683
= Slack Time(original)         -0.700
     Clock Rise Edge                      0.000
     = Beginpoint Arrival Time            0.000
     Timing Path:
      ------------------------------------------------------------------------------------
      Instance                       Arc            Cell         Retime  Arrival  Required  
                                                                 Delay   Time     Time  
      ------------------------------------------------------------------------------------
      -                              clk ^          -            -       0.000    -0.683  
      clk_gate_addr                  -              TLATNTSCAX4  0.000   0.000    -0.683  
      clk_gate_addr                  CK ^ -> ECK ^  TLATNTSCAX4  0.000   0.000    -0.683  
      o_reg_addr_reg_2_              -              SDFFRX1      0.000   0.000    -0.683  
      o_reg_addr_reg_2_              CK ^ -> Q ^    SDFFRX1      0.309   0.309    -0.374  
      o_reg_addr_reg_2__scan_iso_or  -              AND2X1       0.000   0.309    -0.374  
      o_reg_addr_reg_2__scan_iso_or  A ^ -> Y ^     AND2X1       0.149   0.458    -0.225  
      U43                            -              NAND2BX1     0.000   0.458    -0.225  
      U43                            B ^ -> Y v     NAND2BX1     0.256   0.714    0.031  
      U6                             -              NOR2X2       0.000   0.714    0.031  
      U6                             A v -> Y ^     NOR2X2       0.229   0.942    0.260  
      U204                           -              NOR2BX2      0.000   0.942    0.260  
      U204                           AN ^ -> Y ^    NOR2BX2      0.257   1.200    0.517  
      U362                           -              AOI22X1      0.000   1.200    0.517  
      U362                           B0 ^ -> Y v    AOI22X1      0.122   1.322    0.639  
      U364                           -              AND4X1       0.000   1.322    0.639  
      U364                           C v -> Y v     AND4X1       0.100   1.422    0.739  
      U81                            -              OAI21X1      0.000   1.422    0.739  
      U81                            B0 v -> Y ^    OAI21X1      0.025   1.447    0.764  
      f32_mux_0_data_reg_12_         -              SDFFRX1      0.000   1.447    0.764  
      ------------------------------------------------------------------------------------
     Clock Rise Edge                      0.000
     = Beginpoint Arrival Time            0.000
     Other End Path:
      -----------------------------------------------------------------------------
      Instance                Arc            Cell         Retime  Arrival  Required  
                                                          Delay   Time     Time  
      -----------------------------------------------------------------------------
      -                       clk ^          -            -       0.000    0.683  
      clk_gate_mux            -              TLATNTSCAX4  0.000   0.000    0.683  
      clk_gate_mux            CK ^ -> ECK ^  TLATNTSCAX4  0.000   0.000    0.683  
      f32_mux_0_data_reg_12_  -              SDFFRX1      0.000   0.000    0.683  
      -----------------------------------------------------------------------------
Path 35: VIOLATED Setup Check with Pin f32_mux_0_data_reg_11_/CK 
Endpoint:   f32_mux_0_data_reg_11_/D (^) checked with  leading edge of 'clk'
Beginpoint: o_reg_addr_reg_2_/Q      (^) triggered by  leading edge of 'clk'
Path Groups: {clk}
Retime Analysis { Data Path-Slew SI }
Other End Arrival Time          0.000
- Setup                         0.236
+ Phase Shift                   1.000
= Required Time                 0.764
- Arrival Time                  1.447
= Slack Time                   -0.683
= Slack Time(original)         -0.700
     Clock Rise Edge                      0.000
     = Beginpoint Arrival Time            0.000
     Timing Path:
      ------------------------------------------------------------------------------------
      Instance                       Arc            Cell         Retime  Arrival  Required  
                                                                 Delay   Time     Time  
      ------------------------------------------------------------------------------------
      -                              clk ^          -            -       0.000    -0.683  
      clk_gate_addr                  -              TLATNTSCAX4  0.000   0.000    -0.683  
      clk_gate_addr                  CK ^ -> ECK ^  TLATNTSCAX4  0.000   0.000    -0.683  
      o_reg_addr_reg_2_              -              SDFFRX1      0.000   0.000    -0.683  
      o_reg_addr_reg_2_              CK ^ -> Q ^    SDFFRX1      0.309   0.309    -0.374  
      o_reg_addr_reg_2__scan_iso_or  -              AND2X1       0.000   0.309    -0.374  
      o_reg_addr_reg_2__scan_iso_or  A ^ -> Y ^     AND2X1       0.149   0.458    -0.225  
      U43                            -              NAND2BX1     0.000   0.458    -0.225  
      U43                            B ^ -> Y v     NAND2BX1     0.256   0.714    0.031  
      U6                             -              NOR2X2       0.000   0.714    0.031  
      U6                             A v -> Y ^     NOR2X2       0.229   0.942    0.260  
      U204                           -              NOR2BX2      0.000   0.942    0.260  
      U204                           AN ^ -> Y ^    NOR2BX2      0.257   1.200    0.517  
      U304                           -              AOI22X1      0.000   1.200    0.517  
      U304                           B0 ^ -> Y v    AOI22X1      0.122   1.322    0.639  
      U306                           -              AND4X1       0.000   1.322    0.639  
      U306                           C v -> Y v     AND4X1       0.100   1.422    0.739  
      U82                            -              OAI21X1      0.000   1.422    0.739  
      U82                            B0 v -> Y ^    OAI21X1      0.025   1.447    0.764  
      f32_mux_0_data_reg_11_         -              SDFFRX1      0.000   1.447    0.764  
      ------------------------------------------------------------------------------------
     Clock Rise Edge                      0.000
     = Beginpoint Arrival Time            0.000
     Other End Path:
      -----------------------------------------------------------------------------
      Instance                Arc            Cell         Retime  Arrival  Required  
                                                          Delay   Time     Time  
      -----------------------------------------------------------------------------
      -                       clk ^          -            -       0.000    0.683  
      clk_gate_mux            -              TLATNTSCAX4  0.000   0.000    0.683  
      clk_gate_mux            CK ^ -> ECK ^  TLATNTSCAX4  0.000   0.000    0.683  
      f32_mux_0_data_reg_11_  -              SDFFRX1      0.000   0.000    0.683  
      -----------------------------------------------------------------------------
Path 36: VIOLATED Setup Check with Pin f32_mux_0_data_reg_10_/CK 
Endpoint:   f32_mux_0_data_reg_10_/D (^) checked with  leading edge of 'clk'
Beginpoint: o_reg_addr_reg_2_/Q      (^) triggered by  leading edge of 'clk'
Path Groups: {clk}
Retime Analysis { Data Path-Slew SI }
Other End Arrival Time          0.000
- Setup                         0.236
+ Phase Shift                   1.000
= Required Time                 0.764
- Arrival Time                  1.447
= Slack Time                   -0.683
= Slack Time(original)         -0.700
     Clock Rise Edge                      0.000
     = Beginpoint Arrival Time            0.000
     Timing Path:
      ------------------------------------------------------------------------------------
      Instance                       Arc            Cell         Retime  Arrival  Required  
                                                                 Delay   Time     Time  
      ------------------------------------------------------------------------------------
      -                              clk ^          -            -       0.000    -0.683  
      clk_gate_addr                  -              TLATNTSCAX4  0.000   0.000    -0.683  
      clk_gate_addr                  CK ^ -> ECK ^  TLATNTSCAX4  0.000   0.000    -0.683  
      o_reg_addr_reg_2_              -              SDFFRX1      0.000   0.000    -0.683  
      o_reg_addr_reg_2_              CK ^ -> Q ^    SDFFRX1      0.309   0.309    -0.374  
      o_reg_addr_reg_2__scan_iso_or  -              AND2X1       0.000   0.309    -0.374  
      o_reg_addr_reg_2__scan_iso_or  A ^ -> Y ^     AND2X1       0.149   0.458    -0.225  
      U43                            -              NAND2BX1     0.000   0.458    -0.225  
      U43                            B ^ -> Y v     NAND2BX1     0.256   0.714    0.031  
      U6                             -              NOR2X2       0.000   0.714    0.031  
      U6                             A v -> Y ^     NOR2X2       0.229   0.942    0.260  
      U204                           -              NOR2BX2      0.000   0.942    0.260  
      U204                           AN ^ -> Y ^    NOR2BX2      0.257   1.200    0.517  
      U392                           -              AOI22X1      0.000   1.200    0.517  
      U392                           B0 ^ -> Y v    AOI22X1      0.122   1.322    0.639  
      U394                           -              AND4X1       0.000   1.322    0.639  
      U394                           C v -> Y v     AND4X1       0.100   1.422    0.739  
      U83                            -              OAI21X1      0.000   1.422    0.739  
      U83                            B0 v -> Y ^    OAI21X1      0.025   1.447    0.764  
      f32_mux_0_data_reg_10_         -              SDFFRX1      0.000   1.447    0.764  
      ------------------------------------------------------------------------------------
     Clock Rise Edge                      0.000
     = Beginpoint Arrival Time            0.000
     Other End Path:
      -----------------------------------------------------------------------------
      Instance                Arc            Cell         Retime  Arrival  Required  
                                                          Delay   Time     Time  
      -----------------------------------------------------------------------------
      -                       clk ^          -            -       0.000    0.683  
      clk_gate_mux            -              TLATNTSCAX4  0.000   0.000    0.683  
      clk_gate_mux            CK ^ -> ECK ^  TLATNTSCAX4  0.000   0.000    0.683  
      f32_mux_0_data_reg_10_  -              SDFFRX1      0.000   0.000    0.683  
      -----------------------------------------------------------------------------
Path 37: VIOLATED Setup Check with Pin f32_mux_0_data_reg_9_/CK 
Endpoint:   f32_mux_0_data_reg_9_/D (^) checked with  leading edge of 'clk'
Beginpoint: o_reg_addr_reg_2_/Q     (^) triggered by  leading edge of 'clk'
Path Groups: {clk}
Retime Analysis { Data Path-Slew SI }
Other End Arrival Time          0.000
- Setup                         0.236
+ Phase Shift                   1.000
= Required Time                 0.764
- Arrival Time                  1.447
= Slack Time                   -0.683
= Slack Time(original)         -0.700
     Clock Rise Edge                      0.000
     = Beginpoint Arrival Time            0.000
     Timing Path:
      ------------------------------------------------------------------------------------
      Instance                       Arc            Cell         Retime  Arrival  Required  
                                                                 Delay   Time     Time  
      ------------------------------------------------------------------------------------
      -                              clk ^          -            -       0.000    -0.683  
      clk_gate_addr                  -              TLATNTSCAX4  0.000   0.000    -0.683  
      clk_gate_addr                  CK ^ -> ECK ^  TLATNTSCAX4  0.000   0.000    -0.683  
      o_reg_addr_reg_2_              -              SDFFRX1      0.000   0.000    -0.683  
      o_reg_addr_reg_2_              CK ^ -> Q ^    SDFFRX1      0.309   0.309    -0.374  
      o_reg_addr_reg_2__scan_iso_or  -              AND2X1       0.000   0.309    -0.374  
      o_reg_addr_reg_2__scan_iso_or  A ^ -> Y ^     AND2X1       0.149   0.458    -0.225  
      U43                            -              NAND2BX1     0.000   0.458    -0.225  
      U43                            B ^ -> Y v     NAND2BX1     0.256   0.714    0.031  
      U6                             -              NOR2X2       0.000   0.714    0.031  
      U6                             A v -> Y ^     NOR2X2       0.229   0.942    0.260  
      U204                           -              NOR2BX2      0.000   0.942    0.260  
      U204                           AN ^ -> Y ^    NOR2BX2      0.257   1.200    0.517  
      U323                           -              AOI22X1      0.000   1.200    0.517  
      U323                           B0 ^ -> Y v    AOI22X1      0.122   1.322    0.639  
      U325                           -              AND4X1       0.000   1.322    0.639  
      U325                           C v -> Y v     AND4X1       0.100   1.422    0.739  
      U84                            -              OAI21X1      0.000   1.422    0.739  
      U84                            B0 v -> Y ^    OAI21X1      0.025   1.447    0.764  
      f32_mux_0_data_reg_9_          -              SDFFRX1      0.000   1.447    0.764  
      ------------------------------------------------------------------------------------
     Clock Rise Edge                      0.000
     = Beginpoint Arrival Time            0.000
     Other End Path:
      ----------------------------------------------------------------------------
      Instance               Arc            Cell         Retime  Arrival  Required  
                                                         Delay   Time     Time  
      ----------------------------------------------------------------------------
      -                      clk ^          -            -       0.000    0.683  
      clk_gate_mux           -              TLATNTSCAX4  0.000   0.000    0.683  
      clk_gate_mux           CK ^ -> ECK ^  TLATNTSCAX4  0.000   0.000    0.683  
      f32_mux_0_data_reg_9_  -              SDFFRX1      0.000   0.000    0.683  
      ----------------------------------------------------------------------------
Path 38: VIOLATED Setup Check with Pin f32_mux_0_data_reg_8_/CK 
Endpoint:   f32_mux_0_data_reg_8_/D (^) checked with  leading edge of 'clk'
Beginpoint: o_reg_addr_reg_2_/Q     (^) triggered by  leading edge of 'clk'
Path Groups: {clk}
Retime Analysis { Data Path-Slew SI }
Other End Arrival Time          0.000
- Setup                         0.236
+ Phase Shift                   1.000
= Required Time                 0.764
- Arrival Time                  1.447
= Slack Time                   -0.683
= Slack Time(original)         -0.700
     Clock Rise Edge                      0.000
     = Beginpoint Arrival Time            0.000
     Timing Path:
      ------------------------------------------------------------------------------------
      Instance                       Arc            Cell         Retime  Arrival  Required  
                                                                 Delay   Time     Time  
      ------------------------------------------------------------------------------------
      -                              clk ^          -            -       0.000    -0.683  
      clk_gate_addr                  -              TLATNTSCAX4  0.000   0.000    -0.683  
      clk_gate_addr                  CK ^ -> ECK ^  TLATNTSCAX4  0.000   0.000    -0.683  
      o_reg_addr_reg_2_              -              SDFFRX1      0.000   0.000    -0.683  
      o_reg_addr_reg_2_              CK ^ -> Q ^    SDFFRX1      0.309   0.309    -0.374  
      o_reg_addr_reg_2__scan_iso_or  -              AND2X1       0.000   0.309    -0.374  
      o_reg_addr_reg_2__scan_iso_or  A ^ -> Y ^     AND2X1       0.149   0.458    -0.225  
      U43                            -              NAND2BX1     0.000   0.458    -0.225  
      U43                            B ^ -> Y v     NAND2BX1     0.256   0.714    0.031  
      U6                             -              NOR2X2       0.000   0.714    0.031  
      U6                             A v -> Y ^     NOR2X2       0.229   0.942    0.260  
      U204                           -              NOR2BX2      0.000   0.942    0.260  
      U204                           AN ^ -> Y ^    NOR2BX2      0.257   1.200    0.517  
      U343                           -              AOI22X1      0.000   1.200    0.517  
      U343                           B0 ^ -> Y v    AOI22X1      0.122   1.322    0.639  
      U345                           -              AND4X1       0.000   1.322    0.639  
      U345                           C v -> Y v     AND4X1       0.100   1.422    0.739  
      U85                            -              OAI21X1      0.000   1.422    0.739  
      U85                            B0 v -> Y ^    OAI21X1      0.025   1.447    0.764  
      f32_mux_0_data_reg_8_          -              SDFFRX1      0.000   1.447    0.764  
      ------------------------------------------------------------------------------------
     Clock Rise Edge                      0.000
     = Beginpoint Arrival Time            0.000
     Other End Path:
      ----------------------------------------------------------------------------
      Instance               Arc            Cell         Retime  Arrival  Required  
                                                         Delay   Time     Time  
      ----------------------------------------------------------------------------
      -                      clk ^          -            -       0.000    0.683  
      clk_gate_mux           -              TLATNTSCAX4  0.000   0.000    0.683  
      clk_gate_mux           CK ^ -> ECK ^  TLATNTSCAX4  0.000   0.000    0.683  
      f32_mux_0_data_reg_8_  -              SDFFRX1      0.000   0.000    0.683  
      ----------------------------------------------------------------------------
Path 39: VIOLATED Setup Check with Pin f32_mux_0_data_reg_7_/CK 
Endpoint:   f32_mux_0_data_reg_7_/D (^) checked with  leading edge of 'clk'
Beginpoint: o_reg_addr_reg_2_/Q     (^) triggered by  leading edge of 'clk'
Path Groups: {clk}
Retime Analysis { Data Path-Slew SI }
Other End Arrival Time          0.000
- Setup                         0.236
+ Phase Shift                   1.000
= Required Time                 0.764
- Arrival Time                  1.447
= Slack Time                   -0.683
= Slack Time(original)         -0.700
     Clock Rise Edge                      0.000
     = Beginpoint Arrival Time            0.000
     Timing Path:
      ------------------------------------------------------------------------------------
      Instance                       Arc            Cell         Retime  Arrival  Required  
                                                                 Delay   Time     Time  
      ------------------------------------------------------------------------------------
      -                              clk ^          -            -       0.000    -0.683  
      clk_gate_addr                  -              TLATNTSCAX4  0.000   0.000    -0.683  
      clk_gate_addr                  CK ^ -> ECK ^  TLATNTSCAX4  0.000   0.000    -0.683  
      o_reg_addr_reg_2_              -              SDFFRX1      0.000   0.000    -0.683  
      o_reg_addr_reg_2_              CK ^ -> Q ^    SDFFRX1      0.309   0.309    -0.374  
      o_reg_addr_reg_2__scan_iso_or  -              AND2X1       0.000   0.309    -0.374  
      o_reg_addr_reg_2__scan_iso_or  A ^ -> Y ^     AND2X1       0.149   0.458    -0.225  
      U43                            -              NAND2BX1     0.000   0.458    -0.225  
      U43                            B ^ -> Y v     NAND2BX1     0.256   0.714    0.031  
      U6                             -              NOR2X2       0.000   0.714    0.031  
      U6                             A v -> Y ^     NOR2X2       0.229   0.942    0.260  
      U204                           -              NOR2BX2      0.000   0.942    0.260  
      U204                           AN ^ -> Y ^    NOR2BX2      0.257   1.200    0.517  
      U183                           -              AOI22X1      0.000   1.200    0.517  
      U183                           B0 ^ -> Y v    AOI22X1      0.122   1.322    0.639  
      U315                           -              AND4X1       0.000   1.322    0.639  
      U315                           C v -> Y v     AND4X1       0.100   1.422    0.739  
      U86                            -              OAI21X1      0.000   1.422    0.739  
      U86                            B0 v -> Y ^    OAI21X1      0.025   1.447    0.764  
      f32_mux_0_data_reg_7_          -              SDFFRX1      0.000   1.447    0.764  
      ------------------------------------------------------------------------------------
     Clock Rise Edge                      0.000
     = Beginpoint Arrival Time            0.000
     Other End Path:
      ----------------------------------------------------------------------------
      Instance               Arc            Cell         Retime  Arrival  Required  
                                                         Delay   Time     Time  
      ----------------------------------------------------------------------------
      -                      clk ^          -            -       0.000    0.683  
      clk_gate_mux           -              TLATNTSCAX4  0.000   0.000    0.683  
      clk_gate_mux           CK ^ -> ECK ^  TLATNTSCAX4  0.000   0.000    0.683  
      f32_mux_0_data_reg_7_  -              SDFFRX1      0.000   0.000    0.683  
      ----------------------------------------------------------------------------
Path 40: VIOLATED Setup Check with Pin f32_mux_0_data_reg_6_/CK 
Endpoint:   f32_mux_0_data_reg_6_/D (^) checked with  leading edge of 'clk'
Beginpoint: o_reg_addr_reg_2_/Q     (^) triggered by  leading edge of 'clk'
Path Groups: {clk}
Retime Analysis { Data Path-Slew SI }
Other End Arrival Time          0.000
- Setup                         0.236
+ Phase Shift                   1.000
= Required Time                 0.764
- Arrival Time                  1.447
= Slack Time                   -0.683
= Slack Time(original)         -0.700
     Clock Rise Edge                      0.000
     = Beginpoint Arrival Time            0.000
     Timing Path:
      ------------------------------------------------------------------------------------
      Instance                       Arc            Cell         Retime  Arrival  Required  
                                                                 Delay   Time     Time  
      ------------------------------------------------------------------------------------
      -                              clk ^          -            -       0.000    -0.683  
      clk_gate_addr                  -              TLATNTSCAX4  0.000   0.000    -0.683  
      clk_gate_addr                  CK ^ -> ECK ^  TLATNTSCAX4  0.000   0.000    -0.683  
      o_reg_addr_reg_2_              -              SDFFRX1      0.000   0.000    -0.683  
      o_reg_addr_reg_2_              CK ^ -> Q ^    SDFFRX1      0.309   0.309    -0.374  
      o_reg_addr_reg_2__scan_iso_or  -              AND2X1       0.000   0.309    -0.374  
      o_reg_addr_reg_2__scan_iso_or  A ^ -> Y ^     AND2X1       0.149   0.458    -0.225  
      U43                            -              NAND2BX1     0.000   0.458    -0.225  
      U43                            B ^ -> Y v     NAND2BX1     0.256   0.714    0.031  
      U6                             -              NOR2X2       0.000   0.714    0.031  
      U6                             A v -> Y ^     NOR2X2       0.229   0.942    0.260  
      U204                           -              NOR2BX2      0.000   0.942    0.260  
      U204                           AN ^ -> Y ^    NOR2BX2      0.257   1.200    0.517  
      U333                           -              AOI22X1      0.000   1.200    0.517  
      U333                           B0 ^ -> Y v    AOI22X1      0.122   1.322    0.639  
      U335                           -              AND4X1       0.000   1.322    0.639  
      U335                           C v -> Y v     AND4X1       0.100   1.422    0.739  
      U87                            -              OAI21X1      0.000   1.422    0.739  
      U87                            B0 v -> Y ^    OAI21X1      0.025   1.447    0.764  
      f32_mux_0_data_reg_6_          -              SDFFRX1      0.000   1.447    0.764  
      ------------------------------------------------------------------------------------
     Clock Rise Edge                      0.000
     = Beginpoint Arrival Time            0.000
     Other End Path:
      ----------------------------------------------------------------------------
      Instance               Arc            Cell         Retime  Arrival  Required  
                                                         Delay   Time     Time  
      ----------------------------------------------------------------------------
      -                      clk ^          -            -       0.000    0.683  
      clk_gate_mux           -              TLATNTSCAX4  0.000   0.000    0.683  
      clk_gate_mux           CK ^ -> ECK ^  TLATNTSCAX4  0.000   0.000    0.683  
      f32_mux_0_data_reg_6_  -              SDFFRX1      0.000   0.000    0.683  
      ----------------------------------------------------------------------------
Path 41: VIOLATED Setup Check with Pin f32_mux_0_data_reg_5_/CK 
Endpoint:   f32_mux_0_data_reg_5_/D (^) checked with  leading edge of 'clk'
Beginpoint: o_reg_addr_reg_2_/Q     (^) triggered by  leading edge of 'clk'
Path Groups: {clk}
Retime Analysis { Data Path-Slew SI }
Other End Arrival Time          0.000
- Setup                         0.236
+ Phase Shift                   1.000
= Required Time                 0.764
- Arrival Time                  1.447
= Slack Time                   -0.683
= Slack Time(original)         -0.700
     Clock Rise Edge                      0.000
     = Beginpoint Arrival Time            0.000
     Timing Path:
      ------------------------------------------------------------------------------------
      Instance                       Arc            Cell         Retime  Arrival  Required  
                                                                 Delay   Time     Time  
      ------------------------------------------------------------------------------------
      -                              clk ^          -            -       0.000    -0.683  
      clk_gate_addr                  -              TLATNTSCAX4  0.000   0.000    -0.683  
      clk_gate_addr                  CK ^ -> ECK ^  TLATNTSCAX4  0.000   0.000    -0.683  
      o_reg_addr_reg_2_              -              SDFFRX1      0.000   0.000    -0.683  
      o_reg_addr_reg_2_              CK ^ -> Q ^    SDFFRX1      0.309   0.309    -0.374  
      o_reg_addr_reg_2__scan_iso_or  -              AND2X1       0.000   0.309    -0.374  
      o_reg_addr_reg_2__scan_iso_or  A ^ -> Y ^     AND2X1       0.149   0.458    -0.225  
      U43                            -              NAND2BX1     0.000   0.458    -0.225  
      U43                            B ^ -> Y v     NAND2BX1     0.256   0.714    0.031  
      U6                             -              NOR2X2       0.000   0.714    0.031  
      U6                             A v -> Y ^     NOR2X2       0.229   0.942    0.260  
      U204                           -              NOR2BX2      0.000   0.942    0.260  
      U204                           AN ^ -> Y ^    NOR2BX2      0.257   1.200    0.517  
      U353                           -              AOI22X1      0.000   1.200    0.517  
      U353                           B0 ^ -> Y v    AOI22X1      0.122   1.322    0.639  
      U354                           -              AND4X1       0.000   1.322    0.639  
      U354                           C v -> Y v     AND4X1       0.100   1.422    0.739  
      U88                            -              OAI21X1      0.000   1.422    0.739  
      U88                            B0 v -> Y ^    OAI21X1      0.025   1.447    0.764  
      f32_mux_0_data_reg_5_          -              SDFFRX1      0.000   1.447    0.764  
      ------------------------------------------------------------------------------------
     Clock Rise Edge                      0.000
     = Beginpoint Arrival Time            0.000
     Other End Path:
      ----------------------------------------------------------------------------
      Instance               Arc            Cell         Retime  Arrival  Required  
                                                         Delay   Time     Time  
      ----------------------------------------------------------------------------
      -                      clk ^          -            -       0.000    0.683  
      clk_gate_mux           -              TLATNTSCAX4  0.000   0.000    0.683  
      clk_gate_mux           CK ^ -> ECK ^  TLATNTSCAX4  0.000   0.000    0.683  
      f32_mux_0_data_reg_5_  -              SDFFRX1      0.000   0.000    0.683  
      ----------------------------------------------------------------------------
Path 42: VIOLATED Setup Check with Pin f32_mux_0_data_reg_4_/CK 
Endpoint:   f32_mux_0_data_reg_4_/D (^) checked with  leading edge of 'clk'
Beginpoint: o_reg_addr_reg_2_/Q     (^) triggered by  leading edge of 'clk'
Path Groups: {clk}
Retime Analysis { Data Path-Slew SI }
Other End Arrival Time          0.000
- Setup                         0.236
+ Phase Shift                   1.000
= Required Time                 0.764
- Arrival Time                  1.447
= Slack Time                   -0.683
= Slack Time(original)         -0.700
     Clock Rise Edge                      0.000
     = Beginpoint Arrival Time            0.000
     Timing Path:
      ------------------------------------------------------------------------------------
      Instance                       Arc            Cell         Retime  Arrival  Required  
                                                                 Delay   Time     Time  
      ------------------------------------------------------------------------------------
      -                              clk ^          -            -       0.000    -0.683  
      clk_gate_addr                  -              TLATNTSCAX4  0.000   0.000    -0.683  
      clk_gate_addr                  CK ^ -> ECK ^  TLATNTSCAX4  0.000   0.000    -0.683  
      o_reg_addr_reg_2_              -              SDFFRX1      0.000   0.000    -0.683  
      o_reg_addr_reg_2_              CK ^ -> Q ^    SDFFRX1      0.309   0.309    -0.374  
      o_reg_addr_reg_2__scan_iso_or  -              AND2X1       0.000   0.309    -0.374  
      o_reg_addr_reg_2__scan_iso_or  A ^ -> Y ^     AND2X1       0.149   0.458    -0.225  
      U43                            -              NAND2BX1     0.000   0.458    -0.225  
      U43                            B ^ -> Y v     NAND2BX1     0.256   0.714    0.031  
      U6                             -              NOR2X2       0.000   0.714    0.031  
      U6                             A v -> Y ^     NOR2X2       0.229   0.942    0.260  
      U204                           -              NOR2BX2      0.000   0.942    0.260  
      U204                           AN ^ -> Y ^    NOR2BX2      0.257   1.200    0.517  
      U260                           -              AOI22X1      0.000   1.200    0.517  
      U260                           B0 ^ -> Y v    AOI22X1      0.122   1.322    0.639  
      U262                           -              AND4X1       0.000   1.322    0.639  
      U262                           C v -> Y v     AND4X1       0.100   1.422    0.739  
      U89                            -              OAI21X1      0.000   1.422    0.739  
      U89                            B0 v -> Y ^    OAI21X1      0.025   1.447    0.764  
      f32_mux_0_data_reg_4_          -              SDFFRX1      0.000   1.447    0.764  
      ------------------------------------------------------------------------------------
     Clock Rise Edge                      0.000
     = Beginpoint Arrival Time            0.000
     Other End Path:
      ----------------------------------------------------------------------------
      Instance               Arc            Cell         Retime  Arrival  Required  
                                                         Delay   Time     Time  
      ----------------------------------------------------------------------------
      -                      clk ^          -            -       0.000    0.683  
      clk_gate_mux           -              TLATNTSCAX4  0.000   0.000    0.683  
      clk_gate_mux           CK ^ -> ECK ^  TLATNTSCAX4  0.000   0.000    0.683  
      f32_mux_0_data_reg_4_  -              SDFFRX1      0.000   0.000    0.683  
      ----------------------------------------------------------------------------
Path 43: VIOLATED Setup Check with Pin f32_mux_0_data_reg_3_/CK 
Endpoint:   f32_mux_0_data_reg_3_/D (^) checked with  leading edge of 'clk'
Beginpoint: o_reg_addr_reg_2_/Q     (^) triggered by  leading edge of 'clk'
Path Groups: {clk}
Retime Analysis { Data Path-Slew SI }
Other End Arrival Time          0.000
- Setup                         0.236
+ Phase Shift                   1.000
= Required Time                 0.764
- Arrival Time                  1.447
= Slack Time                   -0.683
= Slack Time(original)         -0.700
     Clock Rise Edge                      0.000
     = Beginpoint Arrival Time            0.000
     Timing Path:
      ------------------------------------------------------------------------------------
      Instance                       Arc            Cell         Retime  Arrival  Required  
                                                                 Delay   Time     Time  
      ------------------------------------------------------------------------------------
      -                              clk ^          -            -       0.000    -0.683  
      clk_gate_addr                  -              TLATNTSCAX4  0.000   0.000    -0.683  
      clk_gate_addr                  CK ^ -> ECK ^  TLATNTSCAX4  0.000   0.000    -0.683  
      o_reg_addr_reg_2_              -              SDFFRX1      0.000   0.000    -0.683  
      o_reg_addr_reg_2_              CK ^ -> Q ^    SDFFRX1      0.309   0.309    -0.374  
      o_reg_addr_reg_2__scan_iso_or  -              AND2X1       0.000   0.309    -0.374  
      o_reg_addr_reg_2__scan_iso_or  A ^ -> Y ^     AND2X1       0.149   0.458    -0.225  
      U43                            -              NAND2BX1     0.000   0.458    -0.225  
      U43                            B ^ -> Y v     NAND2BX1     0.256   0.714    0.031  
      U6                             -              NOR2X2       0.000   0.714    0.031  
      U6                             A v -> Y ^     NOR2X2       0.229   0.942    0.260  
      U204                           -              NOR2BX2      0.000   0.942    0.260  
      U204                           AN ^ -> Y ^    NOR2BX2      0.257   1.200    0.517  
      U251                           -              AOI22X1      0.000   1.200    0.517  
      U251                           B0 ^ -> Y v    AOI22X1      0.122   1.322    0.639  
      U253                           -              AND4X1       0.000   1.322    0.639  
      U253                           C v -> Y v     AND4X1       0.100   1.422    0.739  
      U90                            -              OAI21X1      0.000   1.422    0.739  
      U90                            B0 v -> Y ^    OAI21X1      0.025   1.447    0.764  
      f32_mux_0_data_reg_3_          -              SDFFRX1      0.000   1.447    0.764  
      ------------------------------------------------------------------------------------
     Clock Rise Edge                      0.000
     = Beginpoint Arrival Time            0.000
     Other End Path:
      ----------------------------------------------------------------------------
      Instance               Arc            Cell         Retime  Arrival  Required  
                                                         Delay   Time     Time  
      ----------------------------------------------------------------------------
      -                      clk ^          -            -       0.000    0.683  
      clk_gate_mux           -              TLATNTSCAX4  0.000   0.000    0.683  
      clk_gate_mux           CK ^ -> ECK ^  TLATNTSCAX4  0.000   0.000    0.683  
      f32_mux_0_data_reg_3_  -              SDFFRX1      0.000   0.000    0.683  
      ----------------------------------------------------------------------------
Path 44: VIOLATED Setup Check with Pin f32_mux_1_data_reg_0_/CK 
Endpoint:   f32_mux_1_data_reg_0_/D (^) checked with  leading edge of 'clk'
Beginpoint: o_reg_addr_reg_2_/Q     (^) triggered by  leading edge of 'clk'
Path Groups: {clk}
Retime Analysis { Data Path-Slew SI }
Other End Arrival Time          0.000
- Setup                         0.235
+ Phase Shift                   1.000
= Required Time                 0.765
- Arrival Time                  1.403
= Slack Time                   -0.638
= Slack Time(original)         -0.653
     Clock Rise Edge                      0.000
     = Beginpoint Arrival Time            0.000
     Timing Path:
      ------------------------------------------------------------------------------------
      Instance                       Arc            Cell         Retime  Arrival  Required  
                                                                 Delay   Time     Time  
      ------------------------------------------------------------------------------------
      -                              clk ^          -            -       0.000    -0.638  
      clk_gate_addr                  -              TLATNTSCAX4  0.000   0.000    -0.638  
      clk_gate_addr                  CK ^ -> ECK ^  TLATNTSCAX4  0.000   0.000    -0.638  
      o_reg_addr_reg_2_              -              SDFFRX1      0.000   0.000    -0.638  
      o_reg_addr_reg_2_              CK ^ -> Q ^    SDFFRX1      0.309   0.309    -0.329  
      o_reg_addr_reg_2__scan_iso_or  -              AND2X1       0.000   0.309    -0.329  
      o_reg_addr_reg_2__scan_iso_or  A ^ -> Y ^     AND2X1       0.149   0.458    -0.180  
      U43                            -              NAND2BX1     0.000   0.458    -0.180  
      U43                            B ^ -> Y v     NAND2BX1     0.256   0.714    0.075  
      U31                            -              NOR2X2       0.000   0.714    0.075  
      U31                            A v -> Y ^     NOR2X2       0.206   0.919    0.281  
      U466                           -              AND2X2       0.000   0.919    0.281  
      U466                           B ^ -> Y ^     AND2X2       0.232   1.151    0.513  
      U663                           -              AOI22X1      0.000   1.151    0.513  
      U663                           B0 ^ -> Y v    AOI22X1      0.093   1.244    0.606  
      U664                           -              NAND4X1      0.000   1.244    0.606  
      U664                           D v -> Y ^     NAND4X1      0.049   1.293    0.654  
      U670                           -              AOI21X1      0.000   1.293    0.654  
      U670                           A1 ^ -> Y v    AOI21X1      0.064   1.357    0.719  
      U159                           -              NAND3X1      0.000   1.357    0.719  
      U159                           B v -> Y ^     NAND3X1      0.046   1.403    0.765  
      f32_mux_1_data_reg_0_          -              SDFFRX1      0.000   1.403    0.765  
      ------------------------------------------------------------------------------------
     Clock Rise Edge                      0.000
     = Beginpoint Arrival Time            0.000
     Other End Path:
      ----------------------------------------------------------------------------
      Instance               Arc            Cell         Retime  Arrival  Required  
                                                         Delay   Time     Time  
      ----------------------------------------------------------------------------
      -                      clk ^          -            -       0.000    0.638  
      clk_gate_mux           -              TLATNTSCAX4  0.000   0.000    0.638  
      clk_gate_mux           CK ^ -> ECK ^  TLATNTSCAX4  0.000   0.000    0.638  
      f32_mux_1_data_reg_0_  -              SDFFRX1      0.000   0.000    0.638  
      ----------------------------------------------------------------------------
Path 45: VIOLATED Setup Check with Pin f32_mux_1_data_reg_9_/CK 
Endpoint:   f32_mux_1_data_reg_9_/D (^) checked with  leading edge of 'clk'
Beginpoint: o_reg_addr_reg_2_/Q     (^) triggered by  leading edge of 'clk'
Path Groups: {clk}
Retime Analysis { Data Path-Slew SI }
Other End Arrival Time          0.000
- Setup                         0.235
+ Phase Shift                   1.000
= Required Time                 0.765
- Arrival Time                  1.403
= Slack Time                   -0.638
= Slack Time(original)         -0.653
     Clock Rise Edge                      0.000
     = Beginpoint Arrival Time            0.000
     Timing Path:
      ------------------------------------------------------------------------------------
      Instance                       Arc            Cell         Retime  Arrival  Required  
                                                                 Delay   Time     Time  
      ------------------------------------------------------------------------------------
      -                              clk ^          -            -       0.000    -0.638  
      clk_gate_addr                  -              TLATNTSCAX4  0.000   0.000    -0.638  
      clk_gate_addr                  CK ^ -> ECK ^  TLATNTSCAX4  0.000   0.000    -0.638  
      o_reg_addr_reg_2_              -              SDFFRX1      0.000   0.000    -0.638  
      o_reg_addr_reg_2_              CK ^ -> Q ^    SDFFRX1      0.309   0.309    -0.329  
      o_reg_addr_reg_2__scan_iso_or  -              AND2X1       0.000   0.309    -0.329  
      o_reg_addr_reg_2__scan_iso_or  A ^ -> Y ^     AND2X1       0.149   0.458    -0.180  
      U43                            -              NAND2BX1     0.000   0.458    -0.180  
      U43                            B ^ -> Y v     NAND2BX1     0.256   0.714    0.075  
      U31                            -              NOR2X2       0.000   0.714    0.075  
      U31                            A v -> Y ^     NOR2X2       0.206   0.919    0.281  
      U466                           -              AND2X2       0.000   0.919    0.281  
      U466                           B ^ -> Y ^     AND2X2       0.232   1.151    0.513  
      U746                           -              AOI22X1      0.000   1.151    0.513  
      U746                           B0 ^ -> Y v    AOI22X1      0.093   1.244    0.606  
      U747                           -              NAND4X1      0.000   1.244    0.606  
      U747                           D v -> Y ^     NAND4X1      0.049   1.293    0.654  
      U753                           -              AOI21X1      0.000   1.293    0.654  
      U753                           A1 ^ -> Y v    AOI21X1      0.064   1.357    0.719  
      U143                           -              NAND3X1      0.000   1.357    0.719  
      U143                           B v -> Y ^     NAND3X1      0.046   1.403    0.765  
      f32_mux_1_data_reg_9_          -              SDFFRX1      0.000   1.403    0.765  
      ------------------------------------------------------------------------------------
     Clock Rise Edge                      0.000
     = Beginpoint Arrival Time            0.000
     Other End Path:
      ----------------------------------------------------------------------------
      Instance               Arc            Cell         Retime  Arrival  Required  
                                                         Delay   Time     Time  
      ----------------------------------------------------------------------------
      -                      clk ^          -            -       0.000    0.638  
      clk_gate_mux           -              TLATNTSCAX4  0.000   0.000    0.638  
      clk_gate_mux           CK ^ -> ECK ^  TLATNTSCAX4  0.000   0.000    0.638  
      f32_mux_1_data_reg_9_  -              SDFFRX1      0.000   0.000    0.638  
      ----------------------------------------------------------------------------
Path 46: VIOLATED Setup Check with Pin f32_mux_1_data_reg_23_/CK 
Endpoint:   f32_mux_1_data_reg_23_/D (^) checked with  leading edge of 'clk'
Beginpoint: o_reg_addr_reg_2_/Q      (^) triggered by  leading edge of 'clk'
Path Groups: {clk}
Retime Analysis { Data Path-Slew SI }
Other End Arrival Time          0.000
- Setup                         0.235
+ Phase Shift                   1.000
= Required Time                 0.765
- Arrival Time                  1.403
= Slack Time                   -0.638
= Slack Time(original)         -0.653
     Clock Rise Edge                      0.000
     = Beginpoint Arrival Time            0.000
     Timing Path:
      ------------------------------------------------------------------------------------
      Instance                       Arc            Cell         Retime  Arrival  Required  
                                                                 Delay   Time     Time  
      ------------------------------------------------------------------------------------
      -                              clk ^          -            -       0.000    -0.638  
      clk_gate_addr                  -              TLATNTSCAX4  0.000   0.000    -0.638  
      clk_gate_addr                  CK ^ -> ECK ^  TLATNTSCAX4  0.000   0.000    -0.638  
      o_reg_addr_reg_2_              -              SDFFRX1      0.000   0.000    -0.638  
      o_reg_addr_reg_2_              CK ^ -> Q ^    SDFFRX1      0.309   0.309    -0.329  
      o_reg_addr_reg_2__scan_iso_or  -              AND2X1       0.000   0.309    -0.329  
      o_reg_addr_reg_2__scan_iso_or  A ^ -> Y ^     AND2X1       0.149   0.458    -0.180  
      U43                            -              NAND2BX1     0.000   0.458    -0.180  
      U43                            B ^ -> Y v     NAND2BX1     0.256   0.714    0.075  
      U31                            -              NOR2X2       0.000   0.714    0.075  
      U31                            A v -> Y ^     NOR2X2       0.206   0.919    0.281  
      U466                           -              AND2X2       0.000   0.919    0.281  
      U466                           B ^ -> Y ^     AND2X2       0.232   1.151    0.513  
      U467                           -              AOI22X1      0.000   1.151    0.513  
      U467                           B0 ^ -> Y v    AOI22X1      0.093   1.244    0.606  
      U468                           -              NAND4X1      0.000   1.244    0.606  
      U468                           D v -> Y ^     NAND4X1      0.049   1.293    0.654  
      U480                           -              AOI21X1      0.000   1.293    0.654  
      U480                           A1 ^ -> Y v    AOI21X1      0.064   1.357    0.719  
      U115                           -              NAND3X1      0.000   1.357    0.719  
      U115                           B v -> Y ^     NAND3X1      0.046   1.403    0.765  
      f32_mux_1_data_reg_23_         -              SDFFRX1      0.000   1.403    0.765  
      ------------------------------------------------------------------------------------
     Clock Rise Edge                      0.000
     = Beginpoint Arrival Time            0.000
     Other End Path:
      -----------------------------------------------------------------------------
      Instance                Arc            Cell         Retime  Arrival  Required  
                                                          Delay   Time     Time  
      -----------------------------------------------------------------------------
      -                       clk ^          -            -       0.000    0.638  
      clk_gate_mux            -              TLATNTSCAX4  0.000   0.000    0.638  
      clk_gate_mux            CK ^ -> ECK ^  TLATNTSCAX4  0.000   0.000    0.638  
      f32_mux_1_data_reg_23_  -              SDFFRX1      0.000   0.000    0.638  
      -----------------------------------------------------------------------------
Path 47: VIOLATED Setup Check with Pin f32_mux_0_data_reg_24_/CK 
Endpoint:   f32_mux_0_data_reg_24_/D (^) checked with  leading edge of 'clk'
Beginpoint: o_reg_addr_reg_2_/Q      (^) triggered by  leading edge of 'clk'
Path Groups: {clk}
Retime Analysis { Data Path-Slew SI }
Other End Arrival Time          0.000
- Setup                         0.249
+ Phase Shift                   1.000
= Required Time                 0.751
- Arrival Time                  1.383
= Slack Time                   -0.633
= Slack Time(original)         -0.647
     Clock Rise Edge                      0.000
     = Beginpoint Arrival Time            0.000
     Timing Path:
      ------------------------------------------------------------------------------------
      Instance                       Arc            Cell         Retime  Arrival  Required  
                                                                 Delay   Time     Time  
      ------------------------------------------------------------------------------------
      -                              clk ^          -            -       0.000    -0.633  
      clk_gate_addr                  -              TLATNTSCAX4  0.000   0.000    -0.633  
      clk_gate_addr                  CK ^ -> ECK ^  TLATNTSCAX4  0.000   0.000    -0.633  
      o_reg_addr_reg_2_              -              SDFFRX1      0.000   0.000    -0.633  
      o_reg_addr_reg_2_              CK ^ -> Q ^    SDFFRX1      0.309   0.309    -0.324  
      o_reg_addr_reg_2__scan_iso_or  -              AND2X1       0.000   0.309    -0.324  
      o_reg_addr_reg_2__scan_iso_or  A ^ -> Y ^     AND2X1       0.149   0.458    -0.175  
      U43                            -              NAND2BX1     0.000   0.458    -0.175  
      U43                            B ^ -> Y v     NAND2BX1     0.256   0.714    0.081  
      U197                           -              NOR2X2       0.000   0.714    0.081  
      U197                           A v -> Y ^     NOR2X2       0.203   0.916    0.283  
      U21                            -              BUFX2        0.000   0.916    0.283  
      U21                            A ^ -> Y ^     BUFX2        0.175   1.091    0.458  
      U208                           -              AO22X1       0.000   1.091    0.458  
      U208                           A0 ^ -> Y ^    AO22X1       0.199   1.290    0.657  
      U209                           -              AOI21X1      0.000   1.290    0.657  
      U209                           B0 ^ -> Y v    AOI21X1      0.036   1.326    0.693  
      U212                           -              OAI211X1     0.000   1.326    0.693  
      U212                           A1 v -> Y ^    OAI211X1     0.057   1.383    0.751  
      f32_mux_0_data_reg_24_         -              SDFFRX1      0.000   1.383    0.751  
      ------------------------------------------------------------------------------------
     Clock Rise Edge                      0.000
     = Beginpoint Arrival Time            0.000
     Other End Path:
      -----------------------------------------------------------------------------
      Instance                Arc            Cell         Retime  Arrival  Required  
                                                          Delay   Time     Time  
      -----------------------------------------------------------------------------
      -                       clk ^          -            -       0.000    0.633  
      clk_gate_mux            -              TLATNTSCAX4  0.000   0.000    0.633  
      clk_gate_mux            CK ^ -> ECK ^  TLATNTSCAX4  0.000   0.000    0.633  
      f32_mux_0_data_reg_24_  -              SDFFRX1      0.000   0.000    0.633  
      -----------------------------------------------------------------------------
Path 48: VIOLATED Setup Check with Pin f32_mux_0_data_reg_25_/CK 
Endpoint:   f32_mux_0_data_reg_25_/D (^) checked with  leading edge of 'clk'
Beginpoint: o_reg_addr_reg_2_/Q      (^) triggered by  leading edge of 'clk'
Path Groups: {clk}
Retime Analysis { Data Path-Slew SI }
Other End Arrival Time          0.000
- Setup                         0.249
+ Phase Shift                   1.000
= Required Time                 0.751
- Arrival Time                  1.383
= Slack Time                   -0.633
= Slack Time(original)         -0.647
     Clock Rise Edge                      0.000
     = Beginpoint Arrival Time            0.000
     Timing Path:
      ------------------------------------------------------------------------------------
      Instance                       Arc            Cell         Retime  Arrival  Required  
                                                                 Delay   Time     Time  
      ------------------------------------------------------------------------------------
      -                              clk ^          -            -       0.000    -0.633  
      clk_gate_addr                  -              TLATNTSCAX4  0.000   0.000    -0.633  
      clk_gate_addr                  CK ^ -> ECK ^  TLATNTSCAX4  0.000   0.000    -0.633  
      o_reg_addr_reg_2_              -              SDFFRX1      0.000   0.000    -0.633  
      o_reg_addr_reg_2_              CK ^ -> Q ^    SDFFRX1      0.309   0.309    -0.324  
      o_reg_addr_reg_2__scan_iso_or  -              AND2X1       0.000   0.309    -0.324  
      o_reg_addr_reg_2__scan_iso_or  A ^ -> Y ^     AND2X1       0.149   0.458    -0.175  
      U43                            -              NAND2BX1     0.000   0.458    -0.175  
      U43                            B ^ -> Y v     NAND2BX1     0.256   0.714    0.081  
      U197                           -              NOR2X2       0.000   0.714    0.081  
      U197                           A v -> Y ^     NOR2X2       0.203   0.916    0.283  
      U21                            -              BUFX2        0.000   0.916    0.283  
      U21                            A ^ -> Y ^     BUFX2        0.175   1.091    0.458  
      U218                           -              AO22X1       0.000   1.091    0.458  
      U218                           A0 ^ -> Y ^    AO22X1       0.199   1.290    0.657  
      U219                           -              AOI21X1      0.000   1.290    0.657  
      U219                           B0 ^ -> Y v    AOI21X1      0.036   1.326    0.693  
      U222                           -              OAI211X1     0.000   1.326    0.693  
      U222                           A1 v -> Y ^    OAI211X1     0.057   1.383    0.751  
      f32_mux_0_data_reg_25_         -              SDFFRX1      0.000   1.383    0.751  
      ------------------------------------------------------------------------------------
     Clock Rise Edge                      0.000
     = Beginpoint Arrival Time            0.000
     Other End Path:
      -----------------------------------------------------------------------------
      Instance                Arc            Cell         Retime  Arrival  Required  
                                                          Delay   Time     Time  
      -----------------------------------------------------------------------------
      -                       clk ^          -            -       0.000    0.633  
      clk_gate_mux            -              TLATNTSCAX4  0.000   0.000    0.633  
      clk_gate_mux            CK ^ -> ECK ^  TLATNTSCAX4  0.000   0.000    0.633  
      f32_mux_0_data_reg_25_  -              SDFFRX1      0.000   0.000    0.633  
      -----------------------------------------------------------------------------
Path 49: VIOLATED Setup Check with Pin f32_mux_0_data_reg_26_/CK 
Endpoint:   f32_mux_0_data_reg_26_/D (^) checked with  leading edge of 'clk'
Beginpoint: o_reg_addr_reg_2_/Q      (^) triggered by  leading edge of 'clk'
Path Groups: {clk}
Retime Analysis { Data Path-Slew SI }
Other End Arrival Time          0.000
- Setup                         0.249
+ Phase Shift                   1.000
= Required Time                 0.751
- Arrival Time                  1.383
= Slack Time                   -0.633
= Slack Time(original)         -0.647
     Clock Rise Edge                      0.000
     = Beginpoint Arrival Time            0.000
     Timing Path:
      ------------------------------------------------------------------------------------
      Instance                       Arc            Cell         Retime  Arrival  Required  
                                                                 Delay   Time     Time  
      ------------------------------------------------------------------------------------
      -                              clk ^          -            -       0.000    -0.633  
      clk_gate_addr                  -              TLATNTSCAX4  0.000   0.000    -0.633  
      clk_gate_addr                  CK ^ -> ECK ^  TLATNTSCAX4  0.000   0.000    -0.633  
      o_reg_addr_reg_2_              -              SDFFRX1      0.000   0.000    -0.633  
      o_reg_addr_reg_2_              CK ^ -> Q ^    SDFFRX1      0.309   0.309    -0.324  
      o_reg_addr_reg_2__scan_iso_or  -              AND2X1       0.000   0.309    -0.324  
      o_reg_addr_reg_2__scan_iso_or  A ^ -> Y ^     AND2X1       0.149   0.458    -0.175  
      U43                            -              NAND2BX1     0.000   0.458    -0.175  
      U43                            B ^ -> Y v     NAND2BX1     0.256   0.714    0.081  
      U197                           -              NOR2X2       0.000   0.714    0.081  
      U197                           A v -> Y ^     NOR2X2       0.203   0.916    0.283  
      U21                            -              BUFX2        0.000   0.916    0.283  
      U21                            A ^ -> Y ^     BUFX2        0.175   1.091    0.458  
      U213                           -              AO22X1       0.000   1.091    0.458  
      U213                           A0 ^ -> Y ^    AO22X1       0.199   1.290    0.657  
      U214                           -              AOI21X1      0.000   1.290    0.657  
      U214                           B0 ^ -> Y v    AOI21X1      0.036   1.326    0.693  
      U217                           -              OAI211X1     0.000   1.326    0.693  
      U217                           A1 v -> Y ^    OAI211X1     0.057   1.383    0.751  
      f32_mux_0_data_reg_26_         -              SDFFRX1      0.000   1.383    0.751  
      ------------------------------------------------------------------------------------
     Clock Rise Edge                      0.000
     = Beginpoint Arrival Time            0.000
     Other End Path:
      -----------------------------------------------------------------------------
      Instance                Arc            Cell         Retime  Arrival  Required  
                                                          Delay   Time     Time  
      -----------------------------------------------------------------------------
      -                       clk ^          -            -       0.000    0.633  
      clk_gate_mux            -              TLATNTSCAX4  0.000   0.000    0.633  
      clk_gate_mux            CK ^ -> ECK ^  TLATNTSCAX4  0.000   0.000    0.633  
      f32_mux_0_data_reg_26_  -              SDFFRX1      0.000   0.000    0.633  
      -----------------------------------------------------------------------------
Path 50: VIOLATED Setup Check with Pin f32_mux_0_data_reg_0_/CK 
Endpoint:   f32_mux_0_data_reg_0_/D (^) checked with  leading edge of 'clk'
Beginpoint: o_reg_addr_reg_2_/Q     (^) triggered by  leading edge of 'clk'
Path Groups: {clk}
Retime Analysis { Data Path-Slew SI }
Other End Arrival Time          0.000
- Setup                         0.232
+ Phase Shift                   1.000
= Required Time                 0.768
- Arrival Time                  1.385
= Slack Time                   -0.617
= Slack Time(original)         -0.646
     Clock Rise Edge                      0.000
     = Beginpoint Arrival Time            0.000
     Timing Path:
      ------------------------------------------------------------------------------------
      Instance                       Arc            Cell         Retime  Arrival  Required  
                                                                 Delay   Time     Time  
      ------------------------------------------------------------------------------------
      -                              clk ^          -            -       0.000    -0.617  
      clk_gate_addr                  -              TLATNTSCAX4  0.000   0.000    -0.617  
      clk_gate_addr                  CK ^ -> ECK ^  TLATNTSCAX4  0.000   0.000    -0.617  
      o_reg_addr_reg_2_              -              SDFFRX1      0.000   0.000    -0.617  
      o_reg_addr_reg_2_              CK ^ -> Q ^    SDFFRX1      0.309   0.309    -0.308  
      o_reg_addr_reg_2__scan_iso_or  -              AND2X1       0.000   0.309    -0.308  
      o_reg_addr_reg_2__scan_iso_or  A ^ -> Y ^     AND2X1       0.149   0.458    -0.159  
      U43                            -              NAND2BX1     0.000   0.458    -0.159  
      U43                            B ^ -> Y v     NAND2BX1     0.256   0.714    0.097  
      U31                            -              NOR2X2       0.000   0.714    0.097  
      U31                            A v -> Y ^     NOR2X2       0.206   0.919    0.302  
      U28                            -              BUFX4        0.000   0.919    0.302  
      U28                            A ^ -> Y ^     BUFX4        0.152   1.072    0.455  
      U835                           -              AOI22X1      0.000   1.072    0.455  
      U835                           B0 ^ -> Y v    AOI22X1      0.076   1.148    0.531  
      U836                           -              OAI211X1     0.000   1.148    0.531  
      U836                           C0 v -> Y ^    OAI211X1     0.047   1.195    0.578  
      U844                           -              OAI31X1      0.000   1.195    0.578  
      U844                           A0 ^ -> Y v    OAI31X1      0.083   1.277    0.660  
      U845_INV                       -              INVX1        0.000   1.277    0.660  
      U845_INV                       A v -> Y ^     INVX1        0.041   1.319    0.702  
      U845                           -              AO21X1       0.000   1.319    0.702  
      U845                           B0 ^ -> Y ^    AO21X1       0.066   1.385    0.768  
      f32_mux_0_data_reg_0_          -              SDFFRX1      0.000   1.385    0.768  
      ------------------------------------------------------------------------------------
     Clock Rise Edge                      0.000
     = Beginpoint Arrival Time            0.000
     Other End Path:
      ----------------------------------------------------------------------------
      Instance               Arc            Cell         Retime  Arrival  Required  
                                                         Delay   Time     Time  
      ----------------------------------------------------------------------------
      -                      clk ^          -            -       0.000    0.617  
      clk_gate_mux           -              TLATNTSCAX4  0.000   0.000    0.617  
      clk_gate_mux           CK ^ -> ECK ^  TLATNTSCAX4  0.000   0.000    0.617  
      f32_mux_0_data_reg_0_  -              SDFFRX1      0.000   0.000    0.617  
      ----------------------------------------------------------------------------

