Cadence Genus(TM) Synthesis Solution.
Copyright 2021 Cadence Design Systems, Inc. All rights reserved worldwide.
Cadence and the Cadence logo are registered trademarks and Genus is a trademark
of Cadence Design Systems, Inc. in the United States and other countries.

Version: 20.11-s111_1, built Mon Apr 26 02:27:38 PDT 2021
Options: 
Date:    Thu Apr 03 16:48:00 2025
Host:    APL10.kletech.ac.in (x86_64 w/Linux 4.18.0-425.3.1.el8.x86_64) (6cores*12cpus*1physical cpu*12th Gen Intel(R) Core(TM) i5-12500 18432KB) (32404152KB)
PID:     176877
OS:      Red Hat Enterprise Linux release 8.10 (Ootpa)

Checkout succeeded: Genus_Synthesis/EF29107615D411912BD3
	License file: 5280@14.139.1.126
	License Server: 5280@14.139.1.126
Checking out license: Genus_Synthesis


***********************************************************************************************************
***********************************************************************************************************



Loading tool scripts...
Finished loading tool scripts (7 seconds elapsed).

WARNING: This version of the tool is 1438 days old.
@genus:root: 1> source run.tcl
Sourcing './run.tcl' (Thu Apr 03 16:48:19 IST 2025)...
#@ Begin verbose source ./run.tcl
@file(run.tcl) 3: if {[file exists /proc/cpuinfo]} {
    sh grep "model name" /proc/cpuinfo
    sh grep "cpu MHz" /proc/cpuinfo
}
model name	: 12th Gen Intel(R) Core(TM) i5-12500
model name	: 12th Gen Intel(R) Core(TM) i5-12500
model name	: 12th Gen Intel(R) Core(TM) i5-12500
model name	: 12th Gen Intel(R) Core(TM) i5-12500
model name	: 12th Gen Intel(R) Core(TM) i5-12500
model name	: 12th Gen Intel(R) Core(TM) i5-12500
model name	: 12th Gen Intel(R) Core(TM) i5-12500
model name	: 12th Gen Intel(R) Core(TM) i5-12500
model name	: 12th Gen Intel(R) Core(TM) i5-12500
model name	: 12th Gen Intel(R) Core(TM) i5-12500
model name	: 12th Gen Intel(R) Core(TM) i5-12500
model name	: 12th Gen Intel(R) Core(TM) i5-12500
cpu MHz		: 3000.000
cpu MHz		: 3000.000
cpu MHz		: 3000.000
cpu MHz		: 3000.000
cpu MHz		: 1179.022
cpu MHz		: 3000.000
cpu MHz		: 3000.000
cpu MHz		: 3000.000
cpu MHz		: 3000.000
cpu MHz		: 3000.000
cpu MHz		: 3000.000
cpu MHz		: 3000.000
@file(run.tcl) 8: puts "Hostname : [info hostname]"
Hostname : localhost
@file(run.tcl) 14: set DESIGN mcrb
@file(run.tcl) 15: set GEN_EFF medium
@file(run.tcl) 16: set MAP_OPT_EFF high
@file(run.tcl) 17: set DATE [clock format [clock seconds] -format "%b%d-%T"]
@file(run.tcl) 18: set _OUTPUTS_PATH outputs_${DATE}
@file(run.tcl) 19: set _REPORTS_PATH reports_${DATE}
@file(run.tcl) 20: set _LOG_PATH logs_${DATE}
@file(run.tcl) 22: set_db / .init_lib_search_path {. ../TECHFILES}
  Setting attribute of root '/': 'init_lib_search_path' = . ../TECHFILES
@file(run.tcl) 23: set_db / .init_hdl_search_path {. ../RTL}
  Setting attribute of root '/': 'init_hdl_search_path' = . ../RTL
@file(run.tcl) 24: set_db / .information_level 7
  Setting attribute of root '/': 'information_level' = 7
@file(run.tcl) 30: read_lib ../TECHFILES/NangateOpenCellLibrary_slow_conditional_ccs.lib

Threads Configured:3
Info    : An unsupported construct was detected in this library. [LBR-40]
        : Unknown Liberty attribute 'library_features' encountered. Ignoring (File /home/01fe21bec223/DFT_TESSENT/GENUS/work_/../TECHFILES/NangateOpenCellLibrary_slow_conditional_ccs.lib, Line 48)
        : Check to see if this construct is really needed for synthesis. Many liberty constructs are not actually required.
Info    : An unsupported construct was detected in this library. [LBR-40]
        : Unknown Liberty attribute 'is_filler_cell' encountered. Ignoring (File /home/01fe21bec223/DFT_TESSENT/GENUS/work_/../TECHFILES/NangateOpenCellLibrary_slow_conditional_ccs.lib, Line 264723)
Info    : An unsupported construct was detected in this library. [LBR-40]
        : Unknown Liberty attribute 'is_filler_cell' encountered. Ignoring (File /home/01fe21bec223/DFT_TESSENT/GENUS/work_/../TECHFILES/NangateOpenCellLibrary_slow_conditional_ccs.lib, Line 264740)
Info    : An unsupported construct was detected in this library. [LBR-40]
        : Unknown Liberty attribute 'is_filler_cell' encountered. Ignoring (File /home/01fe21bec223/DFT_TESSENT/GENUS/work_/../TECHFILES/NangateOpenCellLibrary_slow_conditional_ccs.lib, Line 264757)
Info    : An unsupported construct was detected in this library. [LBR-40]
        : Unknown Liberty attribute 'is_filler_cell' encountered. Ignoring (File /home/01fe21bec223/DFT_TESSENT/GENUS/work_/../TECHFILES/NangateOpenCellLibrary_slow_conditional_ccs.lib, Line 264774)
Info    : An unsupported construct was detected in this library. [LBR-40]
        : Unknown Liberty attribute 'is_filler_cell' encountered. Ignoring (File /home/01fe21bec223/DFT_TESSENT/GENUS/work_/../TECHFILES/NangateOpenCellLibrary_slow_conditional_ccs.lib, Line 264791)
Info    : An unsupported construct was detected in this library. [LBR-40]
        : Unknown Liberty attribute 'is_filler_cell' encountered. Ignoring (File /home/01fe21bec223/DFT_TESSENT/GENUS/work_/../TECHFILES/NangateOpenCellLibrary_slow_conditional_ccs.lib, Line 264808)

  Message Summary for Library NangateOpenCellLibrary_slow_conditional_ccs.lib:
  ****************************************************************************
  An unsupported construct was detected in this library. [LBR-40]: 7
  ****************************************************************************
 
            Reading file '/home/01fe21bec223/DFT_TESSENT/GENUS/work_/../TECHFILES/NangateOpenCellLibrary_slow_conditional_ccs.lib'
Info    : Created nominal operating condition. [LBR-412]
        : Operating condition '_nominal_' was created for the PVT values (1.000000, 0.950000, 125.000000) in library 'NangateOpenCellLibrary_slow_conditional_ccs.lib'.
        : The nominal operating condition is represented, either by the nominal PVT values specified in the library source (via nom_process,nom_voltage and nom_temperature respectively), or by the default PVT values (1.0,1.0,1.0).
        Cell 'ANTENNA_X1' has no outputs.
Warning : Library cell has no output pins defined. [LBR-9]
        : Library cell 'ANTENNA_X1' must have an output pin.
        : Add the missing output pin(s), then reload the library. Else the library cell will be marked as timing model i.e. unusable. Timing_model means that the cell does not have any defined function. If there is no output pin, Genus will mark library cell as unusable i.e. the attribute 'usable' will be marked to 'false' on the libcell. Therefore, the cell is not used for mapping and it will not be picked up from the library for synthesis. If you query the attribute 'unusable_reason' on the libcell; result will be: 'Library cell has no output pins.'Note: The message LBR-9 is only for the logical pins and not for the power_ground pins. Genus will depend upon the output function defined in the pin group (output pin) of the cell, to use it for mapping. The pg_pin will not have any function defined.
        Cell 'ANTENNA_X1' has no outputs.
Warning : Library cell has no output pins defined. [LBR-9]
        : Library cell 'ANTENNA_X1' must have an output pin.
        Cell 'FILLCELL_X1' has no outputs.
Warning : Library cell has no output pins defined. [LBR-9]
        : Library cell 'FILLCELL_X1' must have an output pin.
        Cell 'FILLCELL_X1' has no outputs.
Warning : Library cell has no output pins defined. [LBR-9]
        : Library cell 'FILLCELL_X1' must have an output pin.
        Cell 'FILLCELL_X16' has no outputs.
Warning : Library cell has no output pins defined. [LBR-9]
        : Library cell 'FILLCELL_X16' must have an output pin.
        Cell 'FILLCELL_X16' has no outputs.
Warning : Library cell has no output pins defined. [LBR-9]
        : Library cell 'FILLCELL_X16' must have an output pin.
        Cell 'FILLCELL_X2' has no outputs.
Warning : Library cell has no output pins defined. [LBR-9]
        : Library cell 'FILLCELL_X2' must have an output pin.
        Cell 'FILLCELL_X2' has no outputs.
Warning : Library cell has no output pins defined. [LBR-9]
        : Library cell 'FILLCELL_X2' must have an output pin.
        Cell 'FILLCELL_X32' has no outputs.
Warning : Library cell has no output pins defined. [LBR-9]
        : Library cell 'FILLCELL_X32' must have an output pin.
        Cell 'FILLCELL_X32' has no outputs.
Warning : Library cell has no output pins defined. [LBR-9]
        : Library cell 'FILLCELL_X32' must have an output pin.
        Cell 'FILLCELL_X4' has no outputs.
Warning : Library cell has no output pins defined. [LBR-9]
        : Library cell 'FILLCELL_X4' must have an output pin.
        Cell 'FILLCELL_X4' has no outputs.
Warning : Library cell has no output pins defined. [LBR-9]
        : Library cell 'FILLCELL_X4' must have an output pin.
        Cell 'FILLCELL_X8' has no outputs.
Warning : Library cell has no output pins defined. [LBR-9]
        : Library cell 'FILLCELL_X8' must have an output pin.
        Cell 'FILLCELL_X8' has no outputs.
Warning : Library cell has no output pins defined. [LBR-9]
        : Library cell 'FILLCELL_X8' must have an output pin.
@file(run.tcl) 36: read_hdl ../RTL/mcrb.v
            Reading Verilog file '../RTL/mcrb.v'
@file(run.tcl) 37: elaborate $DESIGN
Info    : Both 'pos_unate' and 'neg_unate' timing_sense arcs have been processed. [LBR-162]
        : Non_unate 'timing_sense' inferred between pin 'CI' and 'S' in libcell 'FA_X1'.
        : Setting the 'timing_sense' to non_unate.
Info    : Both 'pos_unate' and 'neg_unate' timing_sense arcs have been processed. [LBR-162]
        : Non_unate 'timing_sense' inferred between pin 'B' and 'S' in libcell 'FA_X1'.
Info    : Both 'pos_unate' and 'neg_unate' timing_sense arcs have been processed. [LBR-162]
        : Non_unate 'timing_sense' inferred between pin 'A' and 'S' in libcell 'FA_X1'.
Info    : Both 'pos_unate' and 'neg_unate' timing_sense arcs have been processed. [LBR-162]
        : Non_unate 'timing_sense' inferred between pin 'B' and 'S' in libcell 'HA_X1'.
Info    : Both 'pos_unate' and 'neg_unate' timing_sense arcs have been processed. [LBR-162]
        : Non_unate 'timing_sense' inferred between pin 'A' and 'S' in libcell 'HA_X1'.
Info    : Both 'pos_unate' and 'neg_unate' timing_sense arcs have been processed. [LBR-162]
        : Non_unate 'timing_sense' inferred between pin 'S' and 'Z' in libcell 'MUX2_X1'.
Info    : Both 'pos_unate' and 'neg_unate' timing_sense arcs have been processed. [LBR-162]
        : Non_unate 'timing_sense' inferred between pin 'S' and 'Z' in libcell 'MUX2_X2'.
Info    : Mismatch in unateness between 'timing_sense' attribute and the function. [LBR-155]
        : 'timing_sense' attribute between pin 'D' and 'Q' in libcell 'TLAT_X1' is 'pos_unate', but unateness determined from function is 'non_unate'.
        : The 'timing_sense' attribute will be respected.
Info    : Both 'pos_unate' and 'neg_unate' timing_sense arcs have been processed. [LBR-162]
        : Non_unate 'timing_sense' inferred between pin 'B' and 'ZN' in libcell 'XNOR2_X1'.
Info    : Both 'pos_unate' and 'neg_unate' timing_sense arcs have been processed. [LBR-162]
        : Non_unate 'timing_sense' inferred between pin 'A' and 'ZN' in libcell 'XNOR2_X1'.
Info    : Both 'pos_unate' and 'neg_unate' timing_sense arcs have been processed. [LBR-162]
        : Non_unate 'timing_sense' inferred between pin 'B' and 'ZN' in libcell 'XNOR2_X2'.
Info    : Both 'pos_unate' and 'neg_unate' timing_sense arcs have been processed. [LBR-162]
        : Non_unate 'timing_sense' inferred between pin 'A' and 'ZN' in libcell 'XNOR2_X2'.
Info    : Both 'pos_unate' and 'neg_unate' timing_sense arcs have been processed. [LBR-162]
        : Non_unate 'timing_sense' inferred between pin 'B' and 'Z' in libcell 'XOR2_X1'.
Info    : Both 'pos_unate' and 'neg_unate' timing_sense arcs have been processed. [LBR-162]
        : Non_unate 'timing_sense' inferred between pin 'A' and 'Z' in libcell 'XOR2_X1'.
Info    : Both 'pos_unate' and 'neg_unate' timing_sense arcs have been processed. [LBR-162]
        : Non_unate 'timing_sense' inferred between pin 'B' and 'Z' in libcell 'XOR2_X2'.
Info    : Both 'pos_unate' and 'neg_unate' timing_sense arcs have been processed. [LBR-162]
        : Non_unate 'timing_sense' inferred between pin 'A' and 'Z' in libcell 'XOR2_X2'.
Warning : Non-monotonic wireload model found. [LBR-81]
        : 'Length' table in wireload model '3K_hvratio_1_2' is non-monotonic.
        : Non-monotonic wireload models can cause problems during synthesis and/or mapping.  Raising some of the points in the curve to give it a monotonic shape.
Warning : Non-monotonic wireload model found. [LBR-81]
        : 'Length' table in wireload model '3K_hvratio_1_2' is non-monotonic.
Warning : Non-monotonic wireload model found. [LBR-81]
        : 'Length' table in wireload model '3K_hvratio_1_2' is non-monotonic.
          INLINE_INFO: Skipping marking small hierarchies inline as the variable 'hdl_dissolve_primitive_instance_hierarchy_threshold' has not been set to a positive value.
Info    : Elaborating Design. [ELAB-1]
        : Elaborating top-level block 'mcrb' from file '../RTL/mcrb.v'.
Info    : Common subexpression eliminated. [CDFG-738]
        : Eliminated '+' in file '../RTL/mcrb.v' on line 23.
Info    : Common subexpression kept. [CDFG-739]
        : Kept '+' in file '../RTL/mcrb.v' on line 21.
Info    : Done Elaborating Design. [ELAB-3]
        : Done elaborating 'mcrb'.
Checking for analog nets...
Check completed for analog nets.
Checking for source RTL...
Check completed for source RTL.
Running Unified Mux Engine Tricks...
Completed Unified Mux Engine Tricks
--------------------------------------------------------
| Trick             | Accepts | Rejects | Runtime (ms) | 
--------------------------------------------------------
| ume_constant_bmux |       0 |       0 |         0.00 | 
--------------------------------------------------------
Starting clip mux common data inputs [v1.0] (stage: post_elab, startdef: mcrb, recur: true)
Completed clip mux common data inputs (accepts: 0, rejects: 0, runtime: 0.000s)
Starting clip the non-user hierarchies [v2.0] (stage: post_elab, startdef: mcrb, recur: true)
Completed clip the non-user hierarchies (accepts: 0, rejects: 0, runtime: 0.000s)
        Applying wireload models.
        Computing net loads.
UM:   flow.cputime  flow.realtime  timing.setup.tns  timing.setup.wns  snapshot
UM:*                                                                   elaborate
@file(run.tcl) 38: puts "Runtime & Memory after 'read_hdl'"
Runtime & Memory after 'read_hdl'
@file(run.tcl) 39: time_info Elaboration
stamp 'Elaboration' being created for table 'default'

  Total Time (Wall) |  Stage Time (Wall)  |   % (Wall)   |    Date - Time     |  Memory   | Stage
--------------------+---------------------+--------------+--------------------+-----------+----------------------
 00:00:02(00:00:00) |  00:00:00(00:00:00) |   0.0(  0.0) |   16:48:06 (Apr03) |  189.7 MB | init
--------------------+---------------------+--------------+--------------------+-----------+----------------------
 00:00:05(00:00:14) |  00:00:03(00:00:14) | 100.0(100.0) |   16:48:20 (Apr03) |  289.1 MB | Elaboration
--------------------+---------------------+--------------+--------------------+-----------+----------------------
Number of threads: 8 * 1   (id: default, time_info v1.57)
Info: (*N*) indicates data that was populated from previously saved time_info database
Info: CPU time includes time of parent + longest thread
@file(run.tcl) 41: check_design -unresolved


 	 Check Design Report (c)
	 ------------------- 

  Unresolved References & Empty Modules
  ------------------------------------- 
No unresolved references in design 'mcrb'

No empty modules in design 'mcrb'

  Done Checking the design.
@file(run.tcl) 47: read_sdc ../SDC/mcrb.sdc
Error   : Unknown TCL command in the SDC file. [SDC-234] [read_sdc]
        : Invalid command 'mc_rb_ef1_sclk_i'
        : The 'read_sdc' command encountered a problem while trying to evaluate a command in the SDC file.
Error   : Could not interpret SDC command. [SDC-202] [read_sdc]
        : The 'read_sdc' command encountered an error while processing this command on line '3' of the SDC file '../SDC/mcrb.sdc': set_input_delay 0.5 -clock [get_clocks sclk] [remove_from_collection [all_inputs] [get_ports
mc_rb_ef1_sclk_i]].
        : The 'read_sdc' command encountered a problem while trying to evaluate an SDC command. This SDC command will be added to the Tcl variable $::dc::sdc_failed_commands.
            Reading file '/home/01fe21bec223/DFT_TESSENT/GENUS/work_/../SDC/mcrb.sdc'
Statistics for commands executed by read_sdc:
 "all_inputs"               - successful      1 , failed      0 (runtime  0.00)
 "all_outputs"              - successful      1 , failed      0 (runtime  0.00)
 "create_clock"             - successful      1 , failed      0 (runtime  0.00)
 "get_clocks"               - successful      2 , failed      0 (runtime  0.00)
 "get_ports"                - successful      2 , failed      0 (runtime  0.00)
 "remove_from_collection"   - successful      1 , failed      0 (runtime  0.00)
 "set_input_delay"          - successful      1 , failed      0 (runtime  0.00)
 "set_output_delay"         - successful      1 , failed      0 (runtime  0.00)
Warning : One or more commands failed when these constraints were applied. [SDC-209]
        : The 'read_sdc' command encountered a problem while processing commands.
        : You can examine the failed commands or save them to a file by querying the Tcl variable $::dc::sdc_failed_commands.
read_sdc completed in 00:00:00 (hh:mm:ss)
@file(run.tcl) 49: puts "The number of exceptions is [llength [vfind "design:$DESIGN" -exception *]]"
The number of exceptions is 1
@file(run.tcl) 51: if {![file exists ${_LOG_PATH}]} {
    file mkdir ${_LOG_PATH}
    puts "Creating directory ${_LOG_PATH}"
}
Creating directory logs_Apr03-16:48:20
@file(run.tcl) 56: if {![file exists ${_OUTPUTS_PATH}]} {
    file mkdir ${_OUTPUTS_PATH}
    puts "Creating directory ${_OUTPUTS_PATH}"
}
Creating directory outputs_Apr03-16:48:20
@file(run.tcl) 61: if {![file exists ${_REPORTS_PATH}]} {
    file mkdir ${_REPORTS_PATH}
    puts "Creating directory ${_REPORTS_PATH}"
}
Creating directory reports_Apr03-16:48:20
@file(run.tcl) 66: check_timing_intent
        Applying wireload models.
        Computing net loads.
        Tracing clock networks.
Info    : Multimode clock gating check is disabled. [TIM-1000]
        Levelizing the circuit.
        Computing delays.
        Computing arrivals and requireds.
============================================================
  Generated by:           Genus(TM) Synthesis Solution 20.11-s111_1
  Generated on:           Apr 03 2025  04:48:20 pm
  Module:                 mcrb
  Technology library:     NangateOpenCellLibrary revision 1.0
  Operating conditions:   slow (balanced_tree)
  Wireload mode:          enclosed
  Area mode:              timing library
============================================================

-------------------------------------------------------------------------------
Inputs without external driver/transition

The following primary inputs have no external driver or input transition set.   
As a result the transition on the ports will be assumed as zero. The            
'external_driver' attribute is used to add and external driver or the           
'fixed_slew' attribute to add an external transition.                           

port:mcrb/gctl_rclk_orst_n_i
port:mcrb/mc_rb_ef1_svld_i
port:mcrb/mc_rb_fuse_vld_i
-------------------------------------------------------------------------------

-------------------------------------------------------------------------------
Outputs without external load

The following primary outputs have no external load set. As a result the load   
on the ports will be assumed as zero. The 'external_pin_cap' attribute is used  
to add and external pin cap.                                                    

port:mcrb/skew_addr_cntr_o[0]
port:mcrb/skew_addr_cntr_o[1]
port:mcrb/skew_addr_cntr_o[2]
  ... 2 other warnings in this category.
 Use the -verbose option for more details.
-------------------------------------------------------------------------------


Lint summary
 Unconnected/logic driven clocks                                  0
 Sequential data pins driven by a clock signal                    0
 Sequential clock pins without clock waveform                     0
 Sequential clock pins with multiple clock waveforms              0
 Generated clocks without clock waveform                          0
 Generated clocks with incompatible options                       0
 Generated clocks with multi-master clock                         0
 Paths constrained with different clocks                          0
 Loop-breaking cells for combinational feedback                   0
 Nets with multiple drivers                                       0
 Timing exceptions with no effect                                 0
 Suspicious multi_cycle exceptions                                0
 Pins/ports with conflicting case constants                       0
 Inputs without clocked external delays                           0
 Outputs without clocked external delays                          0
 Inputs without external driver/transition                        3
 Outputs without external load                                    5
 Exceptions with invalid timing start-/endpoints                  0

                                                  Total:          8

@file(run.tcl) 72: if {[llength [all_registers]] > 0} {
    define_cost_group -name I2C -design $DESIGN
    define_cost_group -name C2O -design $DESIGN
    define_cost_group -name C2C -design $DESIGN
    path_group -from [all_registers] -to [all_registers] -group C2C -name C2C
    path_group -from [all_registers] -to [all_outputs] -group C2O -name C2O
    path_group -from [all_inputs] -to [all_registers] -group I2C -name I2C
}
@file(run.tcl) 81: define_cost_group -name I2O -design $DESIGN
@file(run.tcl) 82: path_group -from [all_inputs] -to [all_outputs] -group I2O -name I2O
@file(run.tcl) 84: foreach cg [vfind / -cost_group *] {
    report_timing -group [list $cg] >> $_REPORTS_PATH/${DESIGN}_pretim.rpt
}
        Computing arrivals and requireds.
@file(run.tcl) 92: set_db / .dft_scan_style muxed_scan
  Setting attribute of root '/': 'dft_scan_style' = muxed_scan
@file(run.tcl) 93: set_db / .dft_prefix DFT_
  Setting attribute of root '/': 'dft_prefix' = DFT_
@file(run.tcl) 94: set_db / .dft_identify_top_level_test_clocks true
  Setting attribute of root '/': 'dft_identify_top_level_test_clocks' = true
@file(run.tcl) 95: set_db / .dft_identify_test_signals true
  Setting attribute of root '/': 'dft_identify_test_signals' = true
@file(run.tcl) 96: set_db / .dft_identify_internal_test_clocks false
  Setting attribute of root '/': 'dft_identify_internal_test_clocks' = false
@file(run.tcl) 97: set_db / .use_scan_seqs_for_non_dft false
  Setting attribute of root '/': 'use_scan_seqs_for_non_dft' = false
@file(run.tcl) 98: set_db "design:$DESIGN" .dft_scan_map_mode tdrc_pass
  Setting attribute of design 'mcrb': 'dft_scan_map_mode' = tdrc_pass
@file(run.tcl) 99: set_db "design:$DESIGN" .dft_connect_shift_enable_during_mapping tie_off
  Setting attribute of design 'mcrb': 'dft_connect_shift_enable_during_mapping' = tie_off
@file(run.tcl) 100: set_db "design:$DESIGN" .dft_connect_scan_data_pins_during_mapping loopback
  Setting attribute of design 'mcrb': 'dft_connect_scan_data_pins_during_mapping' = loopback
@file(run.tcl) 101: set_db "design:$DESIGN" .dft_scan_output_preference auto
  Setting attribute of design 'mcrb': 'dft_scan_output_preference' = auto
@file(run.tcl) 102: set_db "design:$DESIGN" .dft_lockup_element_type preferred_level_sensitive
  Setting attribute of design 'mcrb': 'dft_lockup_element_type' = preferred_level_sensitive
@file(run.tcl) 103: set_db "design:$DESIGN" .dft_mix_clock_edges_in_scan_chains true
  Setting attribute of design 'mcrb': 'dft_mix_clock_edges_in_scan_chains' = true
@file(run.tcl) 105: define_shift_enable -name se -active high -create_port se
Info    : Created DFT port. [DFT-130]
        : Created shift enable port 'se' in module 'mcrb'.
        : A port for DFT purposes was created.
Info    : Added DFT object. [DFT-100]
        : Added shift enable signal 'se'.
@file(run.tcl) 106: define_test_mode -name tm -active high -create_port test_mode
Info    : Created DFT port. [DFT-130]
        : Created test mode port 'test_mode' in module 'mcrb'.
Info    : Added DFT object. [DFT-100]
        : Added test mode signal 'tm'.
@file(run.tcl) 108: define_scan_chain -name top_chain -sdi scan_in -sdo scan_out -shift_enable se -create_ports
Info    : Added DFT object. [DFT-100]
        : Added scan chain 'top_chain'.
Info    : Created DFT port. [DFT-130]
        : Created scan data input port 'scan_in' in module 'mcrb'.
Info    : Created DFT port. [DFT-130]
        : Created scan data output port 'scan_out' in module 'mcrb'.
Info    : Added scan chain. [DFT-151]
        : scan chain successfully defined.
@file(run.tcl) 111: check_dft_rules > $_REPORTS_PATH/${DESIGN}-tdrcs
  Checking DFT rules for 'mcrb' module under 'muxed_scan' style

Info    : Mismatch in unateness between 'timing_sense' attribute and the function. [LBR-155]
        : 'timing_sense' attribute between pin 'D' and 'Q' in libcell 'TLAT_X1' is 'pos_unate', but unateness determined from function is 'non_unate'.
Warning : Non-monotonic wireload model found. [LBR-81]
        : 'Length' table in wireload model '3K_hvratio_1_2' is non-monotonic.
Warning : Non-monotonic wireload model found. [LBR-81]
        : 'Length' table in wireload model '3K_hvratio_1_2' is non-monotonic.
Warning : Non-monotonic wireload model found. [LBR-81]
        : 'Length' table in wireload model '3K_hvratio_1_2' is non-monotonic.
Info    : Added DFT object. [DFT-100]
        : Added test clock domain 'mc_rb_ef1_sclk_i'.
Info    : Added DFT object. [DFT-100]
        : Added test clock 'mc_rb_ef1_sclk_i'.
Info    : Auto detection of Async control signal. By default, all Async set and reset control signals of flops are identified automatically and an automatically generated test signal is added to the DFT setup, if no test signal is defined for them, yet. [DFT-303]
        : Setting PI async signal 'gctl_rclk_orst_n_i' to level '1' in test mode

        : If you do not want Async set and reset signals to be defined as test signals automatically, set the attribute dft_identify_test_signals to false.
Info    : Added DFT object. [DFT-100]
        : Added test mode signal 'gctl_rclk_orst_n_i'.
Detected 0 DFT rule violation(s)
    ... see the log file for more details
  Number of user specified non-Scan registers:   0
      Number of registers that fail DFT rules:   0
      Number of registers that pass DFT rules:   6
  Percentage of total registers that are scannable: 100%
@file(run.tcl) 112: report_scan_registers > $_REPORTS_PATH/${DESIGN}-DFTregs
@file(run.tcl) 113: report_scan_setup > $_REPORTS_PATH/${DESIGN}-DFTsetup_tdrc
@file(run.tcl) 119: set_db / .syn_generic_effort $GEN_EFF
  Setting attribute of root '/': 'syn_generic_effort' = medium
@file(run.tcl) 120: syn_generic
      Running additional step before syn_gen...

Info    : Pin/ port would be skipped from undriven handling (controlled by root attribute "hdl_unconnected_value"). [ELABUTL-135]
        : Port 'scan_out' in module 'mcrb'
##Generic Timing Info for library domain: _default_ typical gate delay: 133.0 ps std_slew: 19.0 ps std_load: 1.8 fF
Starting mux data reorder optimization [v1.0] (stage: pre_to_gen_setup, startdef: mcrb, recur: true)
Completed mux data reorder optimization (accepts: 0, rejects: 0, runtime: 0.000s)
Info    : Synthesizing. [SYNTH-1]
        : Synthesizing 'mcrb' to generic gates using 'medium' effort.
PBS_Generic-Start - Elapsed_Time 0, CPU_Time 0.0
stamp 'PBS_Generic-Start' being created for table 'pbs_debug'

  Total Time (Wall) |  Stage Time (Wall)  |   % (Wall)   |    Date - Time     |  Memory   | Stage
--------------------+---------------------+--------------+--------------------+-----------+----------------------
 00:00:04(00:00:14) |  00:00:00(00:00:00) |   0.0(  0.0) |   16:48:20 (Apr03) |  289.1 MB | PBS_Generic-Start
--------------------+---------------------+--------------+--------------------+-----------+----------------------
Number of threads: 8 * 1   (id: pbs_debug, time_info v1.57)
Info: (*N*) indicates data that was populated from previously saved time_info database
Info: CPU time includes time of parent + longest thread
        Applying wireload models.
        Computing net loads.
TNS Restructuring config: no_value at stage: generic applied.
Info    : Partition Based Synthesis execution skipped. [PHYS-752]
        : Design size is less than the partition size '100000' for distributed generic optimization to kick in.
Starting mux data reorder optimization [v1.0] (stage: pre_to_gen_setup, startdef: mcrb, recur: true)
Completed mux data reorder optimization (accepts: 0, rejects: 0, runtime: 0.000s)
Starting mux data reorder optimization [v1.0] (stage: post_to_gen_setup, startdef: mcrb, recur: true)
Completed mux data reorder optimization (accepts: 0, rejects: 0, runtime: 0.000s)
Running Unified Mux Engine Tricks...
Completed Unified Mux Engine Tricks
--------------------------------------------
| Trick | Accepts | Rejects | Runtime (ms) | 
--------------------------------------------
--------------------------------------------
Starting infer macro optimization [v1.0] (stage: pre_rtlopt, startdef: mcrb, recur: true)
Completed infer macro optimization (accepts: 0, rejects: 0, runtime: 0.000s)
Starting decode mux sandwich optimization [v2.0] (stage: pre_rtlopt, startdef: mcrb, recur: true)
Completed decode mux sandwich optimization (accepts: 0, rejects: 0, runtime: 0.000s)
Starting decode mux optimization [v1.0] (stage: pre_rtlopt, startdef: mcrb, recur: true)
Completed decode mux optimization (accepts: 0, rejects: 0, runtime: 0.000s)
Starting chop wide muxes [v1.0] (stage: pre_rtlopt, startdef: mcrb, recur: true)
Completed chop wide muxes (accepts: 0, rejects: 0, runtime: 0.000s)
Starting common data mux cascade opt [v1.0] (stage: pre_rtlopt, startdef: mcrb, recur: true)
Completed common data mux cascade opt (accepts: 0, rejects: 0, runtime: 0.000s)
Starting mux input consolidation [v1.0] (stage: pre_rtlopt, startdef: mcrb, recur: true)
Completed mux input consolidation (accepts: 0, rejects: 0, runtime: 0.000s)
Starting priority mux optimization [v1.0] (stage: pre_rtlopt, startdef: mcrb, recur: true)
Completed priority mux optimization (accepts: 0, rejects: 0, runtime: 0.003s)
Starting constant-data mux optimization [v1.0] (stage: pre_rtlopt, startdef: mcrb, recur: true)
Completed constant-data mux optimization (accepts: 0, rejects: 0, runtime: 0.000s)
Starting chain-to-tree inequality transform [v2.0] (stage: pre_rtlopt, startdef: mcrb, recur: true)
Completed chain-to-tree inequality transform (accepts: 0, rejects: 0, runtime: 0.000s)
Starting reconvergence optimization [v1.0] (stage: pre_rtlopt, startdef: mcrb, recur: true)
Completed reconvergence optimization (accepts: 0, rejects: 0, runtime: 0.000s)
Starting logic restructure optimization [v1.0] (stage: pre_rtlopt, startdef: mcrb, recur: true)
Completed logic restructure optimization (accepts: 0, rejects: 0, runtime: 0.000s)
Starting common select mux optimization [v1.0] (stage: pre_rtlopt, startdef: mcrb, recur: true)
Completed common select mux optimization (accepts: 0, rejects: 0, runtime: 0.000s)
Starting identity transform [v3.0] (stage: pre_rtlopt, startdef: mcrb, recur: true)
Completed identity transform (accepts: 0, rejects: 0, runtime: 0.000s)
Starting reduce operator chain [v1.0] (stage: pre_rtlopt, startdef: mcrb, recur: true)
Completed reduce operator chain (accepts: 0, rejects: 0, runtime: 0.000s)
Starting common data mux cascade opt [v1.0] (stage: pre_rtlopt, startdef: mcrb, recur: true)
Completed common data mux cascade opt (accepts: 0, rejects: 0, runtime: 0.000s)
Starting mux input consolidation [v1.0] (stage: pre_rtlopt, startdef: mcrb, recur: true)
Completed mux input consolidation (accepts: 0, rejects: 0, runtime: 0.000s)
Starting optimize datapath elements [v1.0] (stage: pre_rtlopt, startdef: mcrb, recur: true)
Completed optimize datapath elements (accepts: 0, rejects: 0, runtime: 0.000s)
Starting clip mux common data inputs [v1.0] (stage: pre_rtlopt, startdef: mcrb, recur: true)
Completed clip mux common data inputs (accepts: 0, rejects: 0, runtime: 0.000s)
Starting clip the non-user hierarchies [v2.0] (stage: pre_rtlopt, startdef: mcrb, recur: true)
Completed clip the non-user hierarchies (accepts: 0, rejects: 0, runtime: 0.000s)
Running Unified Mux Engine Tricks...
Completed Unified Mux Engine Tricks
--------------------------------------------
| Trick | Accepts | Rejects | Runtime (ms) | 
--------------------------------------------
--------------------------------------------
Number of big hc bmuxes before = 0
Info    : Pre-processed datapath logic. [DPOPT-6]
        : No pre-processing optimizations applied to datapath logic in 'mcrb'.
Info    : Optimizing datapath logic. [DPOPT-1]
        : Optimizing datapath logic in 'mcrb'.
Info    : Optimized a mux chain. [DPOPT-10]
        : Created Flattened Mux 'F_mux_skew_addr_cntr_20_14' in design 'CDN_DP_region_0_0'.
	The following set of instances are flattened ( mux_skew_addr_cntr_20_14 mux_skew_addr_cntr_22_14 ).

Info    : Implementing datapath configurations. [DPOPT-3]
        : Implementing datapath configurations for 'CDN_DP_region_0_0'
CSAGen Prep Share:0 Re-Write:0 Speculation: 0
MaxCSA: Successfully built Maximal CSA Expression Expr0
      Timing increment_unsigned...
      Timing geq_unsigned_6_rtlopto_model_19...
      Timing increment_unsigned_20...
      Timing leq_unsigned_4_rtlopto_model_21...
      Timing geq_unsigned_6_rtlopto_model_29...
      Timing increment_unsigned_30...
      Timing leq_unsigned_4_rtlopto_model_31...
      Timing geq_unsigned_6_rtlopto_model_39...
      Timing increment_unsigned_40...
      Timing leq_unsigned_4_rtlopto_model_41...
      Timing geq_unsigned_6_rtlopto_model_49...
      Timing increment_unsigned_50...
      Timing leq_unsigned_4_rtlopto_model_51...
      Timing geq_unsigned_6_rtlopto_model_59...
      Timing increment_unsigned_60...
      Timing leq_unsigned_4_rtlopto_model_61...
      Timing geq_unsigned_6_rtlopto_model_69...
      Timing increment_unsigned_70...
      Timing leq_unsigned_4_rtlopto_model_71...
CDN_DP_region_0_0 level = 0 loads = 0 drivers = 0
CDN_DP_region_0_0_c0 in mcrb: area: 36696600 ,dp = 3 mux = 1 sg = slow         worst_clk_period: 0.0000 
    wns: 0  norm_wns:  0.0000 
    fail_endp: 0 
    tns:  0  tns_per_endp:  0.0000   norm_tns_per_endp:  0.0000 
    tns_sense_max:  0.0000  tns_sense_avg:  0.0000   tns_sense_num: 0
 skipped
CDN_DP_region_0_0_c1 in mcrb: area: 31737600 ,dp = 3 mux = 1 sg = fast         worst_clk_period: 0.0000 
    wns: 0  norm_wns:  0.0000 
    fail_endp: 0 
    tns:  0  tns_per_endp:  0.0000   norm_tns_per_endp:  0.0000 
    tns_sense_max:  0.0000  tns_sense_avg:  0.0000   tns_sense_num: 0
 is current best
CDN_DP_region_0_0_c2 in mcrb: area: 31737600 ,dp = 3 mux = 1 sg = very_slow    worst_clk_period: 0.0000 
    wns: 0  norm_wns:  0.0000 
    fail_endp: 0 
    tns:  0  tns_per_endp:  0.0000   norm_tns_per_endp:  0.0000 
    tns_sense_max:  0.0000  tns_sense_avg:  0.0000   tns_sense_num: 0
 is current best
CDN_DP_region_0_0_c3 in mcrb: area: 31737600 ,dp = 3 mux = 1 sg = very_fast    worst_clk_period: 0.0000 
    wns: 0  norm_wns:  0.0000 
    fail_endp: 0 
    tns:  0  tns_per_endp:  0.0000   norm_tns_per_endp:  0.0000 
    tns_sense_max:  0.0000  tns_sense_avg:  0.0000   tns_sense_num: 0
 is current best
CDN_DP_region_0_0_c4 in mcrb: area: 31737600 ,dp = 3 mux = 1 sg = very_fast    worst_clk_period: 0.0000 
    wns: 0  norm_wns:  0.0000 
    fail_endp: 0 
    tns:  0  tns_per_endp:  0.0000   norm_tns_per_endp:  0.0000 
    tns_sense_max:  0.0000  tns_sense_avg:  0.0000   tns_sense_num: 0
 is current best
CDN_DP_region_0_0_c5 in mcrb: area: 31737600 ,dp = 3 mux = 1 sg = very_fast    worst_clk_period: 0.0000 
    wns: 0  norm_wns:  0.0000 
    fail_endp: 0 
    tns:  0  tns_per_endp:  0.0000   norm_tns_per_endp:  0.0000 
    tns_sense_max:  0.0000  tns_sense_avg:  0.0000   tns_sense_num: 0
 is current best
CDN_DP_region_0_0_c6 in mcrb: area: 31737600 ,dp = 3 mux = 1 sg = very_fast    worst_clk_period: 0.0000 
    wns: 0  norm_wns:  0.0000 
    fail_endp: 0 
    tns:  0  tns_per_endp:  0.0000   norm_tns_per_endp:  0.0000 
    tns_sense_max:  0.0000  tns_sense_avg:  0.0000   tns_sense_num: 0
 is current best
CDN_DP_region_0_0_c7 in mcrb: area: 125462700 ,dp = 3 mux = 1 sg = very_fast    worst_clk_period: 0.0000 
    wns: 0  norm_wns:  0.0000 
    fail_endp: 0 
    tns:  0  tns_per_endp:  0.0000   norm_tns_per_endp:  0.0000 
    tns_sense_max:  0.0000  tns_sense_avg:  0.0000   tns_sense_num: 0

Best config: CDN_DP_region_0_0_c6 in mcrb: area: 31737600 ,dp = 3 mux = 1 sg = very_fast    worst_clk_period: 0.0000 
    wns: 0  norm_wns:  0.0000 
    fail_endp: 0 
    tns:  0  tns_per_endp:  0.0000   norm_tns_per_endp:  0.0000 
    tns_sense_max:  0.0000  tns_sense_avg:  0.0000   tns_sense_num: 0
  Smallest config area : 31737600.  Fastest config wns;  0
##>+----------------------------------------------------------------------------------------------------------------------------------------------------------------+
##>Summary table of configs (Best config is CDN_DP_region_0_0_c6)
##>+----------------------------------------------------------------------------------------------------------------------------------------------------------------+
##>                     0                  1                  2                  3                  4                  5                  6                  7            
##>+----------------------------------------------------------------------------------------------------------------------------------------------------------------+
##>           Area         36696600           31737600           31737600           31737600           31737600           31737600           31737600          125462700  
##>            WNS         +3270.80           +3410.60           +3410.60           +3410.60           +3410.60           +3410.60           +3410.60           +2596.90  
##>            TNS                0                  0                  0                  0                  0                  0                  0                  0  
##>    Num Rewrite                0                  0                  0                  0                  0                  0                  0                  0  
##>     Num Factor                0                  0                  0                  0                  0                  0                  0                  0  
##>      Num Share                0                  0                  0                  0                  0                  0                  0                  0  
##>   Num CmultCse                0                  0                  0                  0                  0                  0                  0                  0  
##>   Num Downsize                0                  0                  0                  0                  0                  0                  0                  0  
##>  Num Speculate                0                  0                  0                  0                  0                  0                  0                  0  
##>     Runtime(s)                0                  0                  0                  0                  0                  0                  0                  0  
+----------------------------------------------------------------------------------------------------------------------------------------------------------------+
##>
##>
##>+------------------------------------------------------------------------------------------------------------------------------------------------------------+
##>Optimization Step DEBUG Table for config CDN_DP_region_0_0_c6
##>
##>                          Step                        Area   ( % Chg)        WNS (Change)        TNS (Change)          Runtime (s)        Comment                   
##>+------------------------------------------------------------------------------------------------------------------------------------------------------------+
##>createMaxCarrySave              START               36696600 (      )    107377453.20 (        )             0 (        )              
##> datapath_rewrite_one_def       START               36696600 ( +0.00)    107377453.20 (   +0.00)             0 (       0)              
##>  fast_cse_elim                 START               36696600 ( +0.00)    107377453.20 (   +0.00)             0 (       0)              
##>                                  END               36696600 ( +0.00)    107377453.20 (   +0.00)             0 (       0)           0  
##>  fast_cse_elim                 START               36696600 ( +0.00)    107377453.20 (   +0.00)             0 (       0)              
##>                                  END               36696600 ( +0.00)    107377453.20 (   +0.00)             0 (       0)           0  
##>                                  END               36696600 ( +0.00)    107377453.20 (   +0.00)             0 (       0)           0  
##> dpopt_share_one_def            START               36696600 ( +0.00)    107377453.20 (   +0.00)             0 (       0)              
##>                                  END               36696600 ( +0.00)    107377453.20 (   +0.00)             0 (       0)           0  
##> csa_opto                       START               36696600 ( +0.00)    214748364.70 (+107370911.50)             0 (       0)              
##>                                  END               37192500 ( +1.35)    214748364.70 (   +0.00)             0 (       0)           0  
##>                                  END               37192500 ( +1.35)    214748364.70 (+107370911.50)             0 (       0)           0  
##>canonicalize_by_names           START               37192500 ( +0.00)    214748364.70 (   +0.00)             0 (       0)              
##>                                  END               37192500 ( +0.00)    214748364.70 (   +0.00)             0 (       0)           0  
##>datapath_rewrite_post_csa_one_  START               37192500 ( +0.00)    214748364.70 (   +0.00)             0 (       0)              
##>                                  END               37192500 ( +0.00)    214748364.70 (   +0.00)             0 (       0)           0  
##>datapath_csa_factoring_one_gde  START               37192500 ( +0.00)    214748364.70 (   +0.00)             0 (       0)              
##>                                  END               37192500 ( +0.00)    214748364.70 (   +0.00)             0 (       0)           0  
##>dpopt_share_one_def             START               37192500 ( +0.00)    214748364.70 (   +0.00)             0 (       0)              
##>                                  END               37192500 ( +0.00)    214748364.70 (   +0.00)             0 (       0)           0  
##>datapath_rewrite_post_share     START               37192500 ( +0.00)    214748364.70 (   +0.00)             0 (       0)              
##>                                  END               37192500 ( +0.00)    214748364.70 (   +0.00)             0 (       0)           0  
##>dp_combine_const_mult_with_com  START               37192500 ( +0.00)    214748364.70 (   +0.00)             0 (       0)              
##>                                  END               37192500 ( +0.00)    214748364.70 (   +0.00)             0 (       0)           0  
##>dp_operator_level_decompositio  START               37192500 ( +0.00)    214748364.70 (   +0.00)             0 (       0)              
##>                                  END               37192500 ( +0.00)    214748364.70 (   +0.00)             0 (       0)           0  
##>selective_flatten_dp_config     START               37192500 ( +0.00)    214748364.70 (   +0.00)             0 (       0)              
##>                                  END               37192500 ( +0.00)    214748364.70 (   +0.00)             0 (       0)           0  
##>createMaxCarrySave              START               37192500 ( +0.00)    214748364.70 (   +0.00)             0 (       0)              
##> datapath_rewrite_one_def       START               37192500 ( +0.00)    214748364.70 (   +0.00)             0 (       0)              
##>  fast_cse_elim                 START               37192500 ( +0.00)    214748364.70 (   +0.00)             0 (       0)              
##>                                  END               37192500 ( +0.00)    214748364.70 (   +0.00)             0 (       0)           0  
##>  fast_cse_elim                 START               37192500 ( +0.00)    214748364.70 (   +0.00)             0 (       0)              
##>                                  END               37192500 ( +0.00)    214748364.70 (   +0.00)             0 (       0)           0  
##>                                  END               37192500 ( +0.00)    214748364.70 (   +0.00)             0 (       0)           0  
##> dpopt_share_one_def            START               37192500 ( +0.00)    214748364.70 (   +0.00)             0 (       0)              
##>                                  END               37192500 ( +0.00)    214748364.70 (   +0.00)             0 (       0)           0  
##> csa_opto                       START               37192500 ( +0.00)    214748364.70 (   +0.00)             0 (       0)              
##>                                  END               37192500 ( +0.00)    214748364.70 (   +0.00)             0 (       0)           0  
##>                                  END               37192500 ( +0.00)    214748364.70 (   +0.00)             0 (       0)           0  
##>context_based_simplify          START               37192500 ( +0.00)    214748364.70 (   +0.00)             0 (       0)              
##>                                  END               31737600 (-14.67)    214748364.70 (   +0.00)             0 (       0)           0  
##>group_csa_final_adder_dp        START               31737600 ( +0.00)    214748364.70 (   +0.00)             0 (       0)              
##>                                  END               31737600 ( +0.00)    214748364.70 (   +0.00)             0 (       0)           0  
##>dpopt_flatten_critical_muxes_i  START               31737600 ( +0.00)    214748364.70 (   +0.00)             0 (       0)              
##>                                  END               31737600 ( +0.00)    214748364.70 (   +0.00)             0 (       0)           0  
##>create_score                    START               31737600 ( +0.00)     3410.60 (-214744954.10)             0 (       0)              
##>                                  END               31737600 ( +0.00)     3410.60 (   +0.00)             0 (       0)           0  
##>+------------------------------------------------------------------------------------------------------------------------------------------------------------+
Committed config: CDN_DP_region_0_0_c6
Info    : Done implementing datapath configurations. [DPOPT-4]
        : Selected 'very_fast' configuration 6 for module 'CDN_DP_region_0_0'.
          Optimizations applied to 'very_fast' configuration:
            rewriting(0), factoring(0), sharing(0), cmultcse(0), downsizing(0), speculation(0)
Info    : Done optimizing datapath logic. [DPOPT-2]
        : Done optimizing datapath logic in 'mcrb'.
      Removing temporary intermediate hierarchies under mcrb
Number of big hc bmuxes after = 0
Starting logic reduction [v1.0] (stage: post_rtlopt, startdef: mcrb, recur: true)
Completed logic reduction (accepts: 0, rejects: 0, runtime: 0.001s)
Starting mux data reorder optimization [v1.0] (stage: post_rtlopt, startdef: mcrb, recur: true)
Completed mux data reorder optimization (accepts: 0, rejects: 0, runtime: 0.000s)
              Optimizing muxes in design 'mcrb'.
              Post blast muxes in design 'mcrb'.
Starting mux speculation [v1.0] (stage: post_muxopt, startdef: mcrb, recur: true)
Starting speculation optimization
Completed speculation optimization (accepts:0)
Completed mux speculation (accepts: 0, rejects: 0, runtime: 0.002s)
==================================
Stage : to_generic 
==================================
  =================
   Message Summary
  =================
--------------------------------------------------------------------------------
|     Id      |  Sev   |Count |                 Message Text                   |
--------------------------------------------------------------------------------
| CDFG-738    |Info    |    1 |Common subexpression eliminated.                |
| CDFG-739    |Info    |    1 |Common subexpression kept.                      |
| CWD-19      |Info    |   14 |An implementation was inferred.                 |
| DFT-100     |Info    |    6 |Added DFT object.                               |
| DFT-130     |Info    |    4 |Created DFT port.                               |
|             |        |      |A port for DFT purposes was created.            |
| DFT-151     |Info    |    1 |Added scan chain.                               |
| DFT-303     |Info    |    1 |Auto detection of Async control signal. By      |
|             |        |      | default, all Async set and reset control       |
|             |        |      | signals of flops are identified automatically  |
|             |        |      | and an automatically generated test signal is  |
|             |        |      | added to the DFT setup, if no test signal is   |
|             |        |      | defined for them, yet.                         |
|             |        |      |If you do not want Async set and reset signals  |
|             |        |      | to be defined as test signals automatically,   |
|             |        |      | set the attribute dft_identify_test_signals to |
|             |        |      | false.                                         |
| DPOPT-1     |Info    |    1 |Optimizing datapath logic.                      |
| DPOPT-2     |Info    |    1 |Done optimizing datapath logic.                 |
| DPOPT-3     |Info    |    1 |Implementing datapath configurations.           |
| DPOPT-4     |Info    |    1 |Done implementing datapath configurations.      |
| DPOPT-6     |Info    |    1 |Pre-processed datapath logic.                   |
| DPOPT-10    |Info    |    1 |Optimized a mux chain.                          |
| ELAB-1      |Info    |    1 |Elaborating Design.                             |
| ELAB-3      |Info    |    1 |Done Elaborating Design.                        |
| ELABUTL-135 |Info    |    1 |Pin/ port would be skipped from undriven        |
|             |        |      | handling                                       |
|             |        |      | (controlled by root attribute "hdl_unconnected |
|             |        |      | _value").                                      |
| GB-6        |Info    |    2 |A datapath component has been ungrouped.        |
| LBR-9       |Warning |   14 |Library cell has no output pins defined.        |
|             |        |      |Add the missing output pin(s)                   |
|             |        |      | , then reload the library. Else the library    |
|             |        |      | cell will be marked as timing model i.e.       |
|             |        |      | unusable. Timing_model means that the cell     |
|             |        |      | does not have any defined function. If there   |
|             |        |      | is no output pin, Genus will mark library cell |
|             |        |      | as unusable i.e. the attribute 'usable' will   |
|             |        |      | be marked to 'false' on the libcell.           |
|             |        |      | Therefore, the cell is not used for mapping    |
|             |        |      | and it will not be picked up from the library  |
|             |        |      | for synthesis. If you query the attribute      |
|             |        |      | 'unusable_reason' on the libcell; result will  |
|             |        |      | be: 'Library cell has no output pins.'Note:    |
|             |        |      | The message LBR-9 is only for the logical pins |
|             |        |      | and not for the power_ground pins. Genus will  |
|             |        |      | depend upon the output function defined in the |
|             |        |      | pin group (output pin)                         |
|             |        |      | of the cell, to use it for mapping. The pg_pin |
|             |        |      | will not have any function defined.            |
| LBR-40      |Info    |    7 |An unsupported construct was detected in this   |
|             |        |      | library.                                       |
|             |        |      |Check to see if this construct is really needed |
|             |        |      | for synthesis. Many liberty constructs are not |
|             |        |      | actually required.                             |
| LBR-81      |Warning |    6 |Non-monotonic wireload model found.             |
|             |        |      |Non-monotonic wireload models can cause         |
|             |        |      | problems during synthesis and/or mapping.      |
|             |        |      | Raising some of the points in the curve to     |
|             |        |      | give it a monotonic shape.                     |
| LBR-155     |Info    |    2 |Mismatch in unateness between 'timing_sense'    |
|             |        |      | attribute and the function.                    |
|             |        |      |The 'timing_sense' attribute will be respected. |
| LBR-162     |Info    |   15 |Both 'pos_unate' and 'neg_unate' timing_sense   |
|             |        |      | arcs have been processed.                      |
|             |        |      |Setting the 'timing_sense' to non_unate.        |
| LBR-412     |Info    |    1 |Created nominal operating condition.            |
|             |        |      |The nominal operating condition is represented, |
|             |        |      | either by the nominal PVT values specified in  |
|             |        |      | the library source                             |
|             |        |      | (via nom_process,nom_voltage and nom_temperatu |
|             |        |      | re respectively)                               |
|             |        |      | , or by the default PVT values (1.0,1.0,1.0).  |
| PHYS-752    |Info    |    1 |Partition Based Synthesis execution skipped.    |
| SDC-202     |Error   |    1 |Could not interpret SDC command.                |
|             |        |      |The 'read_sdc' command encountered a problem    |
|             |        |      | while trying to evaluate an SDC command. This  |
|             |        |      | SDC command will be added to the Tcl variable  |
|             |        |      | $::dc::sdc_failed_commands.                    |
| SDC-209     |Warning |    1 |One or more commands failed when these          |
|             |        |      | constraints were applied.                      |
|             |        |      |You can examine the failed commands or save     |
|             |        |      | them to a file by querying the Tcl variable    |
|             |        |      | $::dc::sdc_failed_commands.                    |
| SDC-234     |Error   |    1 |Unknown TCL command in the SDC file.            |
|             |        |      |The 'read_sdc' command encountered a problem    |
|             |        |      | while trying to evaluate a command in the SDC  |
|             |        |      | file.                                          |
| SYNTH-1     |Info    |    1 |Synthesizing.                                   |
| TIM-1000    |Info    |    1 |Multimode clock gating check is disabled.       |
--------------------------------------------------------------------------------
Mapper: Libraries have:
	domain _default_: 96 combo usable cells and 20 sequential usable cells
      Mapping 'mcrb'...
        Preparing the circuit
          Pruning unused logic
Multi-threaded constant propagation [1|0] ...
          Analyzing hierarchical boundaries
          Aggressive hierarchical optimization: disabled
          Propagating constants
new_area=38184300  new_slack=3477.30  new_is_better=0
        Done preparing the circuit
          Structuring (delay-based) mcrb...
            Starting partial collapsing (xors only) mcrb
            Finished partial collapsing.
            Starting partial collapsing  mcrb
            Finished partial collapsing.
            Starting redundancy-removal...
            Finished redundancy-removal...
          Done structuring (delay-based) mcrb
Multi-threaded Virtual Mapping    (8 threads, 8 of 12 CPUs usable)
==================================
Stage : first_condense 
==================================
  =================
   Message Summary
  =================
---------------------------------------------------------------
|  Id  |Sev  |Count |              Message Text               |
---------------------------------------------------------------
| GB-6 |Info |    3 |A datapath component has been ungrouped. |
---------------------------------------------------------------
 
Global mapping target info
==========================
Cost Group 'C2O' target slack:   133 ps
Target path end-point (Port: mcrb/skew_addr_cntr_o[4])

          Pin                      Type         Fanout Load Arrival   
                                                       (fF)   (ps)    
----------------------------------------------------------------------
(clock sclk)              <<<  launch                             0 R 
skew_addr_cntr_reg[4]/clk                                             
skew_addr_cntr_reg[4]/q   (u)  unmapped_d_flop       5  7.9           
skew_addr_cntr_o[4]       <<<  interconnect                           
                               out port                               
(mcrb.sdc_line_5)              ext delay                              
- - - - - - - - - - - - - - - - - - - - - - - - - - - - - - - - - - - 
(clock sclk)                   capture                         5000 R 
----------------------------------------------------------------------
Cost Group   : 'C2O' (path_group 'C2O')
Start-point  : skew_addr_cntr_reg[4]/clk
End-point    : skew_addr_cntr_o[4]

(u) : Net has unmapped pin(s).

The global mapper estimates a slack for this path of 2883ps.
 
Cost Group 'I2C' target slack:   127 ps
Target path end-point (Pin: skew_addr_cntr_reg[3]/d)

          Pin                       Type          Fanout Load Arrival   
                                                         (fF)   (ps)    
------------------------------------------------------------------------
(clock sclk)              <<<  launch                               0 R 
(mcrb.sdc_line_3)              ext delay                                
mc_rb_ef1_svld_i          (u)  in port                 1  1.6           
g223/in_1                                                               
g223/z                    (u)  unmapped_complex2       1  1.6           
g201/in_0                                                               
g201/z                    (u)  unmapped_complex2       5  9.5           
g227/in_1                                                               
g227/z                    (u)  unmapped_and2           1  1.9           
skew_addr_cntr_reg[3]/d   <<<  unmapped_d_flop                          
skew_addr_cntr_reg[3]/clk      setup                                    
- - - - - - - - - - - - - - - - - - - - - - - - - - - - - - - - - - - - 
(clock sclk)                   capture                           5000 R 
------------------------------------------------------------------------
Cost Group   : 'I2C' (path_group 'I2C')
Start-point  : mc_rb_ef1_svld_i
End-point    : skew_addr_cntr_reg[3]/d

(u) : Net has unmapped pin(s).

The global mapper estimates a slack for this path of 3906ps.
 
Cost Group 'C2C' target slack:   127 ps
Target path end-point (Pin: skew_addr_cntr_reg[4]/d)

          Pin                       Type          Fanout Load Arrival   
                                                         (fF)   (ps)    
------------------------------------------------------------------------
(clock sclk)              <<<  launch                               0 R 
skew_addr_cntr_reg[1]/clk                                               
skew_addr_cntr_reg[1]/q   (u)  unmapped_d_flop         5  7.9           
g221/in_1                                                               
g221/z                    (u)  unmapped_nand2          3  4.8           
g215/in_0                                                               
g215/z                    (u)  unmapped_complex2       3  4.8           
g206/in_1                                                               
g206/z                    (u)  unmapped_complex2       2  3.2           
g203/in_1                                                               
g203/z                    (u)  unmapped_or2            1  1.6           
g204/in_1                                                               
g204/z                    (u)  unmapped_nand2          1  1.9           
g225/in_0                                                               
g225/z                    (u)  unmapped_and2           1  1.9           
skew_addr_cntr_reg[4]/d   <<<  unmapped_d_flop                          
skew_addr_cntr_reg[4]/clk      setup                                    
- - - - - - - - - - - - - - - - - - - - - - - - - - - - - - - - - - - - 
(clock sclk)                   capture                           5000 R 
------------------------------------------------------------------------
Cost Group   : 'C2C' (path_group 'C2C')
Start-point  : skew_addr_cntr_reg[1]/clk
End-point    : skew_addr_cntr_reg[4]/d

(u) : Net has unmapped pin(s).

The global mapper estimates a slack for this path of 2623ps.
 
          Performing post-condense optimization ...


State Retention Synthesis Status
================================

Category                        Flops   Percentage
--------------------------------------------------
Total instances                     6        100.0
Excluded from State Retention       6        100.0
    - Will not convert              6        100.0
      - Preserved                   0          0.0
      - Power intent excluded       6        100.0
    - Could not convert             0          0.0
      - Scan type                   0          0.0
      - No suitable cell            0          0.0
State Retention instances           0          0.0
--------------------------------------------------

PBS_Generic_Opt-Post - Elapsed_Time 1, CPU_Time 0.9899699999999996
stamp 'PBS_Generic_Opt-Post' being created for table 'pbs_debug'

  Total Time (Wall) |  Stage Time (Wall)  |   % (Wall)   |    Date - Time     |  Memory   | Stage
--------------------+---------------------+--------------+--------------------+-----------+----------------------
 00:00:04(00:00:14) |  00:00:00(00:00:00) |   0.0(  0.0) |   16:48:20 (Apr03) |  289.1 MB | PBS_Generic-Start
--------------------+---------------------+--------------+--------------------+-----------+----------------------
 00:00:05(00:00:15) |  00:00:00(00:00:01) | 100.0(100.0) |   16:48:21 (Apr03) |  289.1 MB | PBS_Generic_Opt-Post
--------------------+---------------------+--------------+--------------------+-----------+----------------------
Number of threads: 8 * 1   (id: pbs_debug, time_info v1.57)
Info: (*N*) indicates data that was populated from previously saved time_info database
Info: CPU time includes time of parent + longest thread
        Applying wireload models.
        Computing net loads.
PBS_Generic-Postgen HBO Optimizations - Elapsed_Time 0, CPU_Time 0.0
stamp 'PBS_Generic-Postgen HBO Optimizations' being created for table 'pbs_debug'

  Total Time (Wall) |  Stage Time (Wall)  |   % (Wall)   |    Date - Time     |  Memory   | Stage
--------------------+---------------------+--------------+--------------------+-----------+----------------------
 00:00:04(00:00:14) |  00:00:00(00:00:00) |   0.0(  0.0) |   16:48:20 (Apr03) |  289.1 MB | PBS_Generic-Start
--------------------+---------------------+--------------+--------------------+-----------+----------------------
 00:00:05(00:00:15) |  00:00:00(00:00:01) | 100.0(100.0) |   16:48:21 (Apr03) |  289.1 MB | PBS_Generic_Opt-Post
--------------------+---------------------+--------------+--------------------+-----------+----------------------
 00:00:05(00:00:15) |  00:00:00(00:00:00) |   0.0(  0.0) |   16:48:21 (Apr03) |  289.1 MB | PBS_Generic-Postgen HBO Optimizations
--------------------+---------------------+--------------+--------------------+-----------+----------------------
Number of threads: 8 * 1   (id: pbs_debug, time_info v1.57)
Info: (*N*) indicates data that was populated from previously saved time_info database
Info: CPU time includes time of parent + longest thread
##>=================== Cadence Confidential (Generic-Logical) ===================
##>=================== Cadence Confidential (Generic-Logical) ===================
##>Main Thread Summary:
##>----------------------------------------------------------------------------------------
##>STEP                           Elapsed       WNS       TNS     Insts      Area    Memory
##>----------------------------------------------------------------------------------------
##>G:Initial                            0         -         -        75        87       289
##>G:Setup                              0         -         -         -         -         -
##>G:Launch ST                          0         -         -         -         -         -
##>G:Design Partition                   0         -         -         -         -         -
##>G:Create Partition Netlists          0         -         -         -         -         -
##>G:Init Power                         0         -         -         -         -         -
##>G:Budgeting                          0         -         -         -         -         -
##>G:Derenv-DB                          0         -         -         -         -         -
##>G:Debug Outputs                      0         -         -         -         -         -
##>G:ST loading                         0         -         -         -         -         -
##>G:Distributed                        0         -         -         -         -         -
##>G:Timer                              0         -         -         -         -         -
##>G:Assembly                           0         -         -         -         -         -
##>G:DFT                                0         -         -         -         -         -
##>G:Const Prop                         0         -         -        35        49       289
##>G:Misc                               1
##>----------------------------------------------------------------------------------------
##>Total Elapsed                        1
##>========================================================================================
Info    : Done synthesizing. [SYNTH-2]
        : Done synthesizing 'mcrb' to generic gates.
        Applying wireload models.
        Computing net loads.
      flow.cputime  flow.realtime  timing.setup.tns  timing.setup.wns  snapshot
UM:*                                                                   syn_gen
@file(run.tcl) 121: puts "Runtime & Memory after 'syn_generic'"
Runtime & Memory after 'syn_generic'
@file(run.tcl) 122: time_info GENERIC
stamp 'GENERIC' being created for table 'default'

  Total Time (Wall) |  Stage Time (Wall)  |   % (Wall)   |    Date - Time     |  Memory   | Stage
--------------------+---------------------+--------------+--------------------+-----------+----------------------
 00:00:02(00:00:00) |  00:00:00(00:00:00) |   0.0(  0.0) |   16:48:06 (Apr03) |  189.7 MB | init
--------------------+---------------------+--------------+--------------------+-----------+----------------------
 00:00:05(00:00:14) |  00:00:03(00:00:14) |  75.2( 93.3) |   16:48:20 (Apr03) |  289.1 MB | Elaboration
--------------------+---------------------+--------------+--------------------+-----------+----------------------
 00:00:05(00:00:15) |  00:00:00(00:00:01) |  24.8(  6.7) |   16:48:21 (Apr03) |  289.1 MB | GENERIC
--------------------+---------------------+--------------+--------------------+-----------+----------------------
Number of threads: 8 * 1   (id: default, time_info v1.57)
Info: (*N*) indicates data that was populated from previously saved time_info database
Info: CPU time includes time of parent + longest thread
@file(run.tcl) 123: report_dp > $_REPORTS_PATH/generic/${DESIGN}_datapath.rpt
Beginning report datapath command
Warning : The filename, column and line number information will not be available in the report. [RPT_DP-100]
        : The attribute for getting HDL filename and line number is not set.
        : You must set the 'hdl_track_filename_row_col' attribute to 'true' (before elaborate) to enable filename, column, and line number tracking in the datapath report.
        Applying wireload models.
        Computing net loads.
@file(run.tcl) 124: write_snapshot -outdir $_REPORTS_PATH -tag generic
%# Begin write_snapshot (04/03 16:48:21, mem=1072.78M)
%# Begin qos_stats (04/03 16:48:21, mem=1072.78M)
        Computing arrivals and requireds.
%# End qos_stats (04/03 16:48:21, total cpu=13:30:00, real=13:30:00, peak res=289.10M, current mem=1072.78M)


Working Directory = /home/01fe21bec223/DFT_TESSENT/GENUS/work_
QoS Summary for mcrb
================================================================================
Metric                          generic        
================================================================================
Slack (ps):                     3,482
  R2R (ps):                     3,482
  I2R (ps):                     3,934
  R2O (ps):                     3,875
  I2O (ps):                  no_value
  CG  (ps):                  no_value
TNS (ps):                           0
  R2R (ps):                         0
  I2R (ps):                         0
  R2O (ps):                         0
  I2O (ps):                  no_value
  CG  (ps):                  no_value
Failing Paths:                      0
Cell Area:                         50
Total Cell Area:                   50
Leaf Instances:                    35
Total Instances:                   35
Utilization (%):                 0.00
Tot. Net Length (um):        no_value
Avg. Net Length (um):        no_value
Route Overflow H (%):        no_value
Route Overflow V (%):        no_value
MBCI(%) (bits/gate) :            0.00
Norm Cong Hotspot Area:
  Max Cong:                  no_value
  Tot Cong:                  no_value
================================================================================
CPU  Runtime (h:m:s):        00:30:04
Real Runtime (h:m:s):        00:30:15
CPU  Elapsed (h:m:s):        00:30:06
Real Elapsed (h:m:s):        00:30:17
Memory (MB):                  1072.78
================================================================================
================================================================================
Flow Settings:
================================================================================
Total Runtime (h:m:s): 00:30:15
Total Memory (MB):     1072.78
Executable Version:    20.11-s111_1
================================================================================
Total Cell Area =  Cell Area + Physical Cell Area
Total Instances =  Leaf Instances + Physical Instances




Warning : The details given in report might be incorrect or incomplete. [RPT-80]
        : The design design:mcrb should be mapped to get accurate area details.
        : Map the design using syn_map before using the '-detail' option of the 'report_area' command.
Info    : Joules engine is used. [RPT-16]
        : Joules engine is being used for the command report_gates -power.
Warning : Did not find power models when running power analysis on a generic netlist. [PA-17]
        : Design design:mcrb has no power models available.
        : The power analysis results on a generic netlist are more accurate when detailed power models are used. Use command 'build_rtl_power_models' to build detailed power models.
Only 11 violating paths found
Info   : ACTP-0001 [ACTPInfo] Activity propagation started for stim#0 netlist
       : mcrb
Info   : ACTP-0009 [ACTPInfo] Activity Propagation Progress Report :   1%   2%   3%   4%   5%   6%   7%   8%   9%  10%  11%  12%  13%  14%  15%  16%  17%  18%  19%  20%  21%  22%  23%  24%  25%  26%  27%  28%  29%  30%  31%  32%  33%  34%  35%  36%  37%  38%  39%  40%  41%  42%  43%  44%  45%  46%  47%  48%  49%  50%  51%  52%  53%  54%  55%  56%  57%  58%  59%  60%  61%  62%  63%  64%  65%  66%  67%  68%  69%  70%  71%  72%  73%  74%  75%  76%  77%  78%  79%  80%  81%  82%  83%  84%  85%  86%  87%  88%  89%  90%  91%  92%  93%  94%  95%  96%  97%  98% 100%
Info   : ACTP-0001 Activity propagation ended for stim#0
Info   : PWRA-0001 [PwrInfo] compute_power effective options 
       : -mode : vectorless
       : -skip_propagation : 1
       : -frequency_scaling_factor : 1.0
       : -use_clock_freq : stim
       : -stim :/stim#0
       : -fromGenus : 1
Info   : ACTP-0001 Timing initialization started
Info   : ACTP-0001 Timing initialization ended
Info   : PWRA-0002 [PwrInfo] Skipping activity propagation due to -skip_ap
       : option....
Warning: PWRA-0302 [PwrWarn] Frequency scaling is not applicable for vectorless
       : flow. Ignoring frequency scaling.
Warning: PWRA-0304 [PwrWarn] -stim option is not applicable with vectorless mode
       : of power analysis, ignored this option.
Info   : PWRA-0002 Started 'vectorless' power computation.
Info   : PWRA-0002 Finished power computation.
Info   : PWRA-0007 [PwrInfo] Completed successfully.
       : Info=6, Warn=2, Error=0, Fatal=0
Finished exporting design database to file 'reports_Apr03-16:48:20/generic_mcrb.db' for 'mcrb' (command execution time mm:ss cpu = 00:00, real = 00:00).
Finished generating snapshot at stage generic (command execution time mm:ss cpu = 00:00, real = 00:00).
%# End write_snapshot (04/03 16:48:21, total cpu=13:30:00, real=13:30:00, peak res=289.10M, current mem=1073.79M)
@file(run.tcl) 125: report_summary -directory $_REPORTS_PATH


Working Directory = /home/01fe21bec223/DFT_TESSENT/GENUS/work_
QoS Summary for mcrb
================================================================================
Metric                          generic        
================================================================================
Slack (ps):                     3,482
  R2R (ps):                     3,482
  I2R (ps):                     3,934
  R2O (ps):                     3,875
  I2O (ps):                  no_value
  CG  (ps):                  no_value
TNS (ps):                           0
  R2R (ps):                         0
  I2R (ps):                         0
  R2O (ps):                         0
  I2O (ps):                  no_value
  CG  (ps):                  no_value
Failing Paths:                      0
Cell Area:                         50
Total Cell Area:                   50
Leaf Instances:                    35
Total Instances:                   35
Utilization (%):                 0.00
Tot. Net Length (um):        no_value
Avg. Net Length (um):        no_value
Route Overflow H (%):        no_value
Route Overflow V (%):        no_value
MBCI(%) (bits/gate) :            0.00
Norm Cong Hotspot Area:
  Max Cong:                  no_value
  Tot Cong:                  no_value
================================================================================
CPU  Runtime (h:m:s):        00:30:04
Real Runtime (h:m:s):        00:30:15
CPU  Elapsed (h:m:s):        00:30:06
Real Elapsed (h:m:s):        00:30:17
Memory (MB):                  1072.78
================================================================================
================================================================================
Flow Settings:
================================================================================
Total Runtime (h:m:s): 00:30:15
Total Memory (MB):     1073.79
Executable Version:    20.11-s111_1
================================================================================
Total Cell Area =  Cell Area + Physical Cell Area
Total Instances =  Leaf Instances + Physical Instances




@file(run.tcl) 131: set_db / .syn_map_effort $MAP_OPT_EFF
  Setting attribute of root '/': 'syn_map_effort' = high
@file(run.tcl) 132: syn_map
##Generic Timing Info for library domain: _default_ typical gate delay: 133.0 ps std_slew: 19.0 ps std_load: 1.8 fF
Info    : Mapping. [SYNTH-4]
        : Mapping 'mcrb' using 'high' effort.
Mapper: Libraries have:
	domain _default_: 96 combo usable cells and 20 sequential usable cells
Configuring mapper costing (none)
TNS Restructuring config: no_value at stage: map applied.
PBS_TechMap-Start - Elapsed_Time 0, CPU_Time 0.0
stamp 'PBS_TechMap-Start' being created for table 'pbs_debug'

  Total Time (Wall) |  Stage Time (Wall)  |   % (Wall)   |    Date - Time     |  Memory   | Stage
--------------------+---------------------+--------------+--------------------+-----------+----------------------
 00:00:04(00:00:14) |  00:00:00(00:00:00) |   0.0(  0.0) |   16:48:20 (Apr03) |  289.1 MB | PBS_Generic-Start
--------------------+---------------------+--------------+--------------------+-----------+----------------------
 00:00:05(00:00:15) |  00:00:00(00:00:01) | 100.0(100.0) |   16:48:21 (Apr03) |  289.1 MB | PBS_Generic_Opt-Post
--------------------+---------------------+--------------+--------------------+-----------+----------------------
 00:00:05(00:00:15) |  00:00:00(00:00:00) |   0.0(  0.0) |   16:48:21 (Apr03) |  289.1 MB | PBS_Generic-Postgen HBO Optimizations
--------------------+---------------------+--------------+--------------------+-----------+----------------------
 00:00:05(00:00:15) |  00:00:00(00:00:00) |   0.0(  0.0) |   16:48:21 (Apr03) |  289.1 MB | PBS_TechMap-Start
--------------------+---------------------+--------------+--------------------+-----------+----------------------
Number of threads: 8 * 1   (id: pbs_debug, time_info v1.57)
Info: (*N*) indicates data that was populated from previously saved time_info database
Info: CPU time includes time of parent + longest thread
        Applying wireload models.
        Computing net loads.
PBS_TechMap-Premap HBO Optimizations - Elapsed_Time 0, CPU_Time 0.0
stamp 'PBS_TechMap-Premap HBO Optimizations' being created for table 'pbs_debug'

  Total Time (Wall) |  Stage Time (Wall)  |   % (Wall)   |    Date - Time     |  Memory   | Stage
--------------------+---------------------+--------------+--------------------+-----------+----------------------
 00:00:04(00:00:14) |  00:00:00(00:00:00) |   0.0(  0.0) |   16:48:20 (Apr03) |  289.1 MB | PBS_Generic-Start
--------------------+---------------------+--------------+--------------------+-----------+----------------------
 00:00:05(00:00:15) |  00:00:00(00:00:01) | 100.0(100.0) |   16:48:21 (Apr03) |  289.1 MB | PBS_Generic_Opt-Post
--------------------+---------------------+--------------+--------------------+-----------+----------------------
 00:00:05(00:00:15) |  00:00:00(00:00:00) |   0.0(  0.0) |   16:48:21 (Apr03) |  289.1 MB | PBS_Generic-Postgen HBO Optimizations
--------------------+---------------------+--------------+--------------------+-----------+----------------------
 00:00:05(00:00:15) |  00:00:00(00:00:00) |   0.0(  0.0) |   16:48:21 (Apr03) |  289.1 MB | PBS_TechMap-Start
--------------------+---------------------+--------------+--------------------+-----------+----------------------
 00:00:05(00:00:15) |  00:00:00(00:00:00) |   0.0(  0.0) |   16:48:21 (Apr03) |  289.1 MB | PBS_TechMap-Premap HBO Optimizations
--------------------+---------------------+--------------+--------------------+-----------+----------------------
Number of threads: 8 * 1   (id: pbs_debug, time_info v1.57)
Info: (*N*) indicates data that was populated from previously saved time_info database
Info: CPU time includes time of parent + longest thread
Info    : Partition Based Synthesis execution skipped. [PHYS-752]
        : Design size is less than the partition size '100000' for distributed mapping optimization to kick in.
Mapper: Libraries have:
	domain _default_: 96 combo usable cells and 20 sequential usable cells
      Mapping 'mcrb'...
        Preparing the circuit
          Pruning unused logic
          Analyzing hierarchical boundaries
          Aggressive hierarchical optimization: disabled
          Propagating constants
        Done preparing the circuit
          Structuring (delay-based) mcrb...
            Starting redundancy-removal...
            Finished redundancy-removal...
          Done structuring (delay-based) mcrb
Multi-threaded Virtual Mapping    (8 threads, 8 of 12 CPUs usable)
 
Global mapping target info
==========================
Cost Group 'C2O' target slack:   133 ps
Target path end-point (Port: mcrb/skew_addr_cntr_o[4])

          Pin                      Type         Fanout Load Arrival   
                                                       (fF)   (ps)    
----------------------------------------------------------------------
(clock sclk)              <<<  launch                             0 R 
skew_addr_cntr_reg[4]/clk                                             
skew_addr_cntr_reg[4]/q   (u)  unmapped_d_flop       5  7.9           
skew_addr_cntr_o[4]       <<<  interconnect                           
                               out port                               
(mcrb.sdc_line_5)              ext delay                              
- - - - - - - - - - - - - - - - - - - - - - - - - - - - - - - - - - - 
(clock sclk)                   capture                         5000 R 
----------------------------------------------------------------------
Cost Group   : 'C2O' (path_group 'C2O')
Start-point  : skew_addr_cntr_reg[4]/clk
End-point    : skew_addr_cntr_o[4]

(u) : Net has unmapped pin(s).

The global mapper estimates a slack for this path of 2883ps.
 
Cost Group 'I2C' target slack:   127 ps
Target path end-point (Pin: skew_addr_cntr_reg[3]/d)

          Pin                       Type          Fanout Load Arrival   
                                                         (fF)   (ps)    
------------------------------------------------------------------------
(clock sclk)              <<<  launch                               0 R 
(mcrb.sdc_line_3)              ext delay                                
mc_rb_ef1_svld_i          (u)  in port                 1  1.6           
g312/in_1                                                               
g312/z                    (u)  unmapped_complex2       1  1.6           
g298/in_1                                                               
g298/z                    (u)  unmapped_complex2       5  9.5           
g318/in_1                                                               
g318/z                    (u)  unmapped_and2           1  1.9           
skew_addr_cntr_reg[3]/d   <<<  unmapped_d_flop                          
skew_addr_cntr_reg[3]/clk      setup                                    
- - - - - - - - - - - - - - - - - - - - - - - - - - - - - - - - - - - - 
(clock sclk)                   capture                           5000 R 
------------------------------------------------------------------------
Cost Group   : 'I2C' (path_group 'I2C')
Start-point  : mc_rb_ef1_svld_i
End-point    : skew_addr_cntr_reg[3]/d

(u) : Net has unmapped pin(s).

The global mapper estimates a slack for this path of 3906ps.
 
Cost Group 'C2C' target slack:   127 ps
Target path end-point (Pin: skew_addr_cntr_reg[4]/d)

          Pin                       Type          Fanout Load Arrival   
                                                         (fF)   (ps)    
------------------------------------------------------------------------
(clock sclk)              <<<  launch                               0 R 
skew_addr_cntr_reg[1]/clk                                               
skew_addr_cntr_reg[1]/q   (u)  unmapped_d_flop         5  7.9           
g221/in_1                                                               
g221/z                    (u)  unmapped_nand2          3  4.8           
g230/in_0                                                               
g230/z                    (u)  unmapped_complex2       3  4.8           
g266/in_1                                                               
g266/z                    (u)  unmapped_complex2       2  3.2           
g300/in_0                                                               
g300/z                    (u)  unmapped_or2            1  1.6           
g301/in_1                                                               
g301/z                    (u)  unmapped_nand2          1  1.9           
g319/in_0                                                               
g319/z                    (u)  unmapped_and2           1  1.9           
skew_addr_cntr_reg[4]/d   <<<  unmapped_d_flop                          
skew_addr_cntr_reg[4]/clk      setup                                    
- - - - - - - - - - - - - - - - - - - - - - - - - - - - - - - - - - - - 
(clock sclk)                   capture                           5000 R 
------------------------------------------------------------------------
Cost Group   : 'C2C' (path_group 'C2C')
Start-point  : skew_addr_cntr_reg[1]/clk
End-point    : skew_addr_cntr_reg[4]/d

(u) : Net has unmapped pin(s).

The global mapper estimates a slack for this path of 2592ps.
 
          Restructuring (delay-based) mcrb...
          Done restructuring (delay-based) mcrb
        Optimizing component mcrb...
Multi-threaded Virtual Mapping    (8 threads, 8 of 12 CPUs usable)
Multi-threaded Technology Mapping (8 threads, 8 of 12 CPUs usable)
 
Global mapping timing result
============================
        Applying wireload models.
        Computing net loads.
        Tracing clock networks.
        Levelizing the circuit.
        Computing delays.
        Computing arrivals and requireds.
          Pin                    Type       Fanout Load Slew Delay Arrival   
                                                   (fF) (ps)  (ps)   (ps)    
-----------------------------------------------------------------------------
(clock sclk)                  launch                                     0 R 
skew_addr_cntr_reg[0]/CK                                   0    +0       0 R 
skew_addr_cntr_reg[0]/Q       DFFR_X2            5  6.2   81  +650     650 F 
skew_addr_cntr_o[0]      <<<  interconnect                81    +0     650 F 
                              out port                          +0     650 F 
(mcrb.sdc_line_5_5_1)         ext delay                       +500    1150 F 
- - - - - - - - - - - - - - - - - - - - - - - - - - - - - - - - - - - - - - -
(clock sclk)                  capture                                 5000 R 
-----------------------------------------------------------------------------
Cost Group   : 'C2O' (path_group 'C2O')
Timing slack :    3850ps 
Start-point  : skew_addr_cntr_reg[0]/CK
End-point    : skew_addr_cntr_o[0]

          Pin                  Type      Fanout Load Slew Delay Arrival   
                                                (fF) (ps)  (ps)   (ps)    
--------------------------------------------------------------------------
(clock sclk)                  launch                                  0 R 
(mcrb.sdc_line_3)             ext delay                    +500     500 R 
mc_rb_ef1_svld_i              in port         1  2.2    0    +0     500 R 
g425/A                                                       +0     500   
g425/ZN                       INV_X4          1  1.5    6   +11     511 F 
g416/B1                                                      +0     511   
g416/ZN                       AOI221_X2       5  8.0  432  +584    1095 R 
g404/A2                                                      +0    1095   
g404/ZN                       NOR2_X2         1  1.2   90  +119    1214 F 
skew_addr_cntr_reg[4]/D  <<<  DFFR_X2                        +0    1214   
skew_addr_cntr_reg[4]/CK      setup                     0  +318    1533 R 
- - - - - - - - - - - - - - - - - - - - - - - - - - - - - - - - - - - - - 
(clock sclk)                  capture                              5000 R 
--------------------------------------------------------------------------
Cost Group   : 'I2C' (path_group 'I2C')
Timing slack :    3467ps 
Start-point  : mc_rb_ef1_svld_i
End-point    : skew_addr_cntr_reg[4]/D

          Pin                  Type      Fanout Load Slew Delay Arrival   
                                                (fF) (ps)  (ps)   (ps)    
--------------------------------------------------------------------------
(clock sclk)                  launch                                  0 R 
skew_addr_cntr_reg[2]/CK                                0    +0       0 R 
skew_addr_cntr_reg[2]/Q       DFFR_X2         4  4.7   73  +632     632 F 
g422/A2                                                      +0     632   
g422/ZN                       NOR2_X2         2  3.5  147  +236     868 R 
g417/B2                                                      +0     868   
g417/ZN                       AOI21_X2        1  1.4   48   +97     965 F 
g416/A                                                       +0     965   
g416/ZN                       AOI221_X2       5  8.0  432  +609    1573 R 
g404/A2                                                      +0    1573   
g404/ZN                       NOR2_X2         1  1.2   90  +119    1693 F 
skew_addr_cntr_reg[4]/D  <<<  DFFR_X2                        +0    1693   
skew_addr_cntr_reg[4]/CK      setup                     0  +318    2011 R 
- - - - - - - - - - - - - - - - - - - - - - - - - - - - - - - - - - - - - 
(clock sclk)                  capture                              5000 R 
--------------------------------------------------------------------------
Cost Group   : 'C2C' (path_group 'C2C')
Timing slack :    2989ps 
Start-point  : skew_addr_cntr_reg[2]/CK
End-point    : skew_addr_cntr_reg[4]/D

 
 
Global mapping status
=====================
                                   Group   
                                  Tot Wrst 
                           Total  Weighted 
Operation                   Area   Slacks  
 global_map                   60        0 

    Cost Group            Target    Slack    Diff.  Constr.
-----------------------------------------------------------
           C2C               127     2989              5000 
           I2C               127     3467              5000 
           C2O               133     3850              5000 

 
Global incremental target info
==============================
Cost Group 'C2O' target slack:    89 ps
Target path end-point (Port: mcrb/skew_addr_cntr_o[4])

          Pin                    Type       Fanout Load Arrival   
                                                   (fF)   (ps)    
------------------------------------------------------------------
(clock sclk)             <<<  launch                          0 R 
skew_addr_cntr_reg[4]/CK                                          
skew_addr_cntr_reg[4]/Q       DFFR_X2            4  5.2           
skew_addr_cntr_o[4]      <<<  interconnect                        
                              out port                            
(mcrb.sdc_line_5)             ext delay                           
- - - - - - - - - - - - - - - - - - - - - - - - - - - - - - - - - 
(clock sclk)                  capture                      5000 R 
------------------------------------------------------------------
Cost Group   : 'C2O' (path_group 'C2O')
Start-point  : skew_addr_cntr_reg[4]/CK
End-point    : skew_addr_cntr_o[4]

The global mapper estimates a slack for this path of 2842ps.
 
Cost Group 'I2C' target slack:    84 ps
Target path end-point (Pin: skew_addr_cntr_reg[4]/D (DFFR_X2/D))

          Pin                  Type      Fanout Load Arrival   
                                                (fF)   (ps)    
---------------------------------------------------------------
(clock sclk)             <<<  launch                       0 R 
(mcrb.sdc_line_3)             ext delay                        
mc_rb_ef1_svld_i              in port         1  2.2           
g425/A                                                         
g425/ZN                       INV_X4          1  1.5           
g416/B1                                                        
g416/ZN                       AOI221_X2       5  8.0           
g404/A2                                                        
g404/ZN                       NOR2_X2         1  1.2           
skew_addr_cntr_reg[4]/D  <<<  DFFR_X2                          
skew_addr_cntr_reg[4]/CK      setup                            
- - - - - - - - - - - - - - - - - - - - - - - - - - - - - - - -
(clock sclk)                  capture                   5000 R 
---------------------------------------------------------------
Cost Group   : 'I2C' (path_group 'I2C')
Start-point  : mc_rb_ef1_svld_i
End-point    : skew_addr_cntr_reg[4]/D

The global mapper estimates a slack for this path of 3597ps.
 
Cost Group 'C2C' target slack:    84 ps
Target path end-point (Pin: skew_addr_cntr_reg[4]/D (DFFR_X2/D))

          Pin                  Type      Fanout Load Arrival   
                                                (fF)   (ps)    
---------------------------------------------------------------
(clock sclk)             <<<  launch                       0 R 
skew_addr_cntr_reg[2]/CK                                       
skew_addr_cntr_reg[2]/Q       DFFR_X2         4  4.7           
g422/A2                                                        
g422/ZN                       NOR2_X2         2  3.5           
g417/B2                                                        
g417/ZN                       AOI21_X2        1  1.4           
g416/A                                                         
g416/ZN                       AOI221_X2       5  8.0           
g404/A2                                                        
g404/ZN                       NOR2_X2         1  1.2           
skew_addr_cntr_reg[4]/D  <<<  DFFR_X2                          
skew_addr_cntr_reg[4]/CK      setup                            
- - - - - - - - - - - - - - - - - - - - - - - - - - - - - - - -
(clock sclk)                  capture                   5000 R 
---------------------------------------------------------------
Cost Group   : 'C2C' (path_group 'C2C')
Start-point  : skew_addr_cntr_reg[2]/CK
End-point    : skew_addr_cntr_reg[4]/D

The global mapper estimates a slack for this path of 2092ps.
 
 
Global incremental timing result
================================
        Applying wireload models.
        Computing net loads.
        Tracing clock networks.
        Levelizing the circuit.
        Computing delays.
        Computing arrivals and requireds.
          Pin                    Type       Fanout Load Slew Delay Arrival   
                                                   (fF) (ps)  (ps)   (ps)    
-----------------------------------------------------------------------------
(clock sclk)                  launch                                     0 R 
skew_addr_cntr_reg[0]/CK                                   0    +0       0 R 
skew_addr_cntr_reg[0]/Q       DFFR_X2            5  6.0   80  +647     647 F 
skew_addr_cntr_o[0]      <<<  interconnect                80    +0     647 F 
                              out port                          +0     647 F 
(mcrb.sdc_line_5_5_1)         ext delay                       +500    1147 F 
- - - - - - - - - - - - - - - - - - - - - - - - - - - - - - - - - - - - - - -
(clock sclk)                  capture                                 5000 R 
-----------------------------------------------------------------------------
Cost Group   : 'C2O' (path_group 'C2O')
Timing slack :    3853ps 
Start-point  : skew_addr_cntr_reg[0]/CK
End-point    : skew_addr_cntr_o[0]

          Pin                  Type      Fanout Load Slew Delay Arrival   
                                                (fF) (ps)  (ps)   (ps)    
--------------------------------------------------------------------------
(clock sclk)                  launch                                  0 R 
(mcrb.sdc_line_3)             ext delay                    +500     500 R 
mc_rb_ef1_svld_i              in port         1  2.2    0    +0     500 R 
g425/A                                                       +0     500   
g425/ZN                       INV_X4          1  1.4    6   +10     510 F 
g416/C1                                                      +0     510   
g416/ZN                       AOI221_X2       5  8.0  432  +454     965 R 
g404/A2                                                      +0     965   
g404/ZN                       NOR2_X2         1  1.2   90  +119    1084 F 
skew_addr_cntr_reg[4]/D  <<<  DFFR_X2                        +0    1084   
skew_addr_cntr_reg[4]/CK      setup                     0  +318    1402 R 
- - - - - - - - - - - - - - - - - - - - - - - - - - - - - - - - - - - - - 
(clock sclk)                  capture                              5000 R 
--------------------------------------------------------------------------
Cost Group   : 'I2C' (path_group 'I2C')
Timing slack :    3598ps 
Start-point  : mc_rb_ef1_svld_i
End-point    : skew_addr_cntr_reg[4]/D

          Pin                  Type      Fanout Load Slew Delay Arrival   
                                                (fF) (ps)  (ps)   (ps)    
--------------------------------------------------------------------------
(clock sclk)                  launch                                  0 R 
skew_addr_cntr_reg[2]/CK                                0    +0       0 R 
skew_addr_cntr_reg[2]/Q       DFFR_X1         4  4.7   91  +626     626 F 
g422/A2                                                      +0     626   
g422/ZN                       NOR2_X2         2  3.3  142  +239     865 R 
g417/B2                                                      +0     865   
g417/ZN                       AOI21_X2        1  1.4   47   +95     960 F 
g416/A                                                       +0     960   
g416/ZN                       AOI221_X2       5  8.0  432  +608    1568 R 
g404/A2                                                      +0    1568   
g404/ZN                       NOR2_X2         1  1.2   90  +119    1688 F 
skew_addr_cntr_reg[4]/D  <<<  DFFR_X2                        +0    1688   
skew_addr_cntr_reg[4]/CK      setup                     0  +318    2006 R 
- - - - - - - - - - - - - - - - - - - - - - - - - - - - - - - - - - - - - 
(clock sclk)                  capture                              5000 R 
--------------------------------------------------------------------------
Cost Group   : 'C2C' (path_group 'C2C')
Timing slack :    2994ps 
Start-point  : skew_addr_cntr_reg[2]/CK
End-point    : skew_addr_cntr_reg[4]/D

 
==================================
Stage : global_incr_map 
==================================
  =================
   Message Summary
  =================
--------------------------------------------------------------------------------
|     Id     |  Sev   |Count |                  Message Text                   |
--------------------------------------------------------------------------------
| PHYS-752   |Info    |    1 |Partition Based Synthesis execution skipped.     |
| RPT_DP-100 |Warning |    1 |The filename, column and line number information |
|            |        |      | will not be available in the report.            |
|            |        |      |You must set the 'hdl_track_filename_row_col'    |
|            |        |      | attribute to 'true' (before elaborate)          |
|            |        |      | to enable filename, column, and line number     |
|            |        |      | tracking in the datapath report.                |
| SYNTH-2    |Info    |    1 |Done synthesizing.                               |
| SYNTH-4    |Info    |    1 |Mapping.                                         |
--------------------------------------------------------------------------------
 
Global incremental optimization status
======================================
                                   Group   
                                  Tot Wrst 
                           Total  Weighted 
Operation                   Area   Slacks  
 global_incr                  60        0 

    Cost Group            Target    Slack    Diff.  Constr.
-----------------------------------------------------------
           C2C                84     2994              5000 
           I2C                84     3598              5000 
           C2O                89     3853              5000 


Scan mapping status report
==========================
    Scan mapping: converting flip-flops that pass TDRC.
      Scan connection mode: 'loopback'.
      Scan shift-enable connection mode: 'tie_off'.
Warning : Could not find a scan-equivalent cell. [DFT-510]
        : Library-cell 'lib_cell:default_emulate_libset_max/NangateOpenCellLibrary/DFFR_X2' cannot be scanned.
        : A scan-equivalent cell was not found. A potential scan-equivalent library cell is considered not usable if it has a 'dont_use' or a 'dont_touch' attribute set to true in the .lib files. In this case, set the attribute 'preserve' to false on the scan library cell and set the attribute 'avoid' to false on the scan library cell to make the cell usable.  A potential scan-equivalent library cell is excluded if it does not follow the Scan Cell Requirements described in the 'Library Guide'. This requires fixing the library.
Warning : Could not find a scan-equivalent cell. [DFT-510]
        : Library-cell 'lib_cell:default_emulate_libset_max/NangateOpenCellLibrary/DFFR_X1' cannot be scanned.
    Category                               Number    Percentage
    -----------------------------------------------------------
    Scan flip-flops mapped for DFT             0          0.00%
    Flip-flops not mapped for DFT
         non-DFT scan flip-flops               0          0.00%
         flip-flops not scan replaceable       6        100.00%
         flip-flops not targeted for DFT       0          0.00%
    -----------------------------------------------------------
                                  Totals       6        100.00%
    
 
Scan synthesis status
=====================
                                   Group   
                                  Tot Wrst 
                           Total  Weighted 
Operation                   Area   Slacks  
 scan_map                     60        0 
          Performing post-mapping optimization ...


State Retention Synthesis Status
================================

Category                        Flops   Percentage
--------------------------------------------------
Total instances                     6        100.0
Excluded from State Retention       6        100.0
    - Will not convert              6        100.0
      - Preserved                   0          0.0
      - Power intent excluded       6        100.0
    - Could not convert             0          0.0
      - Scan type                   0          0.0
      - No suitable cell            0          0.0
State Retention instances           0          0.0
--------------------------------------------------

Info    : Relaxed some design requirements on sequential instances to run synthesis successfully. [MAP-32]
        : One or more of the following design requirements relaxed on 6 sequential instance(s): non_scannable_flops_ok.
Synthesis requirements have been relaxed on the following sequential instance(s):
'skew_addr_cntr_reg[4] (non_scannable_flops_ok)', 
'skew_addr_cntr_reg[3] (non_scannable_flops_ok)', 
'skew_addr_cntr_reg[1] (non_scannable_flops_ok)', 
'skew_addr_cntr_reg[2] (non_scannable_flops_ok)', 
'skew_addr_cntr_reg[0] (non_scannable_flops_ok)', 
'mc_rb_fuse_vld_q_reg (non_scannable_flops_ok)' 
        : To see the list of relaxed sequential instances, set the 'information_level' attribute to 2 or above. If the message is truncated set the message attribute 'truncate' to false to see the complete list.
Information related to mapping of instance skew_addr_cntr_reg[4]
Synthesis requirements have been relaxed on this instance skew_addr_cntr_reg[4] (non_scannable_flops_ok)
Information related to mapping of instance skew_addr_cntr_reg[3]
Synthesis requirements have been relaxed on this instance skew_addr_cntr_reg[3] (non_scannable_flops_ok)
Information related to mapping of instance skew_addr_cntr_reg[1]
Synthesis requirements have been relaxed on this instance skew_addr_cntr_reg[1] (non_scannable_flops_ok)
Information related to mapping of instance skew_addr_cntr_reg[2]
Synthesis requirements have been relaxed on this instance skew_addr_cntr_reg[2] (non_scannable_flops_ok)
Information related to mapping of instance skew_addr_cntr_reg[0]
Synthesis requirements have been relaxed on this instance skew_addr_cntr_reg[0] (non_scannable_flops_ok)
Information related to mapping of instance mc_rb_fuse_vld_q_reg
Synthesis requirements have been relaxed on this instance mc_rb_fuse_vld_q_reg (non_scannable_flops_ok)
INFO: skipping constant propagation
PBS_Techmap-Global Mapping - Elapsed_Time 0, CPU_Time -0.018645999999999496
stamp 'PBS_Techmap-Global Mapping' being created for table 'pbs_debug'

  Total Time (Wall) |  Stage Time (Wall)  |   % (Wall)   |    Date - Time     |  Memory   | Stage
--------------------+---------------------+--------------+--------------------+-----------+----------------------
 00:00:04(00:00:14) |  00:00:00(00:00:00) |   0.0(  0.0) |   16:48:20 (Apr03) |  289.1 MB | PBS_Generic-Start
--------------------+---------------------+--------------+--------------------+-----------+----------------------
 00:00:05(00:00:15) |  00:00:00(00:00:01) | 101.9(100.0) |   16:48:21 (Apr03) |  289.1 MB | PBS_Generic_Opt-Post
--------------------+---------------------+--------------+--------------------+-----------+----------------------
 00:00:05(00:00:15) |  00:00:00(00:00:00) |   0.0(  0.0) |   16:48:21 (Apr03) |  289.1 MB | PBS_Generic-Postgen HBO Optimizations
--------------------+---------------------+--------------+--------------------+-----------+----------------------
 00:00:05(00:00:15) |  00:00:00(00:00:00) |   0.0(  0.0) |   16:48:21 (Apr03) |  289.1 MB | PBS_TechMap-Start
--------------------+---------------------+--------------+--------------------+-----------+----------------------
 00:00:05(00:00:15) |  00:00:00(00:00:00) |   0.0(  0.0) |   16:48:21 (Apr03) |  289.1 MB | PBS_TechMap-Premap HBO Optimizations
--------------------+---------------------+--------------+--------------------+-----------+----------------------
 00:00:05(00:00:15) |  00:00:00(00:00:00) |  -1.9(  0.0) |   16:48:21 (Apr03) |  289.1 MB | PBS_Techmap-Global Mapping
--------------------+---------------------+--------------+--------------------+-----------+----------------------
Number of threads: 8 * 1   (id: pbs_debug, time_info v1.57)
Info: (*N*) indicates data that was populated from previously saved time_info database
Info: CPU time includes time of parent + longest thread
Info    : Command 'commit_power_intent' cannot proceed as there is no power intent loaded. [CPI-506]
        : Command 'commit_power_intent' requires a valid power_intent to be loaded.
Info    : Forcing flat compare. [CFM-212]
        : No hierarchies found in design.
Info    : Added DFT object. [DFT-100]
        : Added formal_verification_constraint 'wdl_cons_0'.
Info    : Added DFT object. [DFT-100]
        : Added formal_verification_constraint 'wdl_cons_1'.
Warning : Multiple LEC pin constraints added to the dofile. [CFM-209]
        : Multiple LEC pin constraints are added for the revised design in LEC script 'fv/mcrb/rtl_to_fv_map.do'.
        : The constraints needed to disable test mode are not trivial. It is possible that some valid functional modes will be excluded from the formal verification process. Review the constraints to ensure they are all expected and appropriate.
Info    : Wrote formal verification information. [CFM-5]
        : Wrote 'fv/mcrb/fv_map.fv.json' for netlist 'fv/mcrb/fv_map.v.gz'.
Info    : Wrote dofile. [CFM-1]
        : Dofile is 'fv/mcrb/rtl_to_fv_map.do'.
        : Alias mapping flow is enabled.
        Applying wireload models.
        Computing net loads.
PBS_TechMap-Datapath Postmap Operations - Elapsed_Time 1, CPU_Time 1.0
stamp 'PBS_TechMap-Datapath Postmap Operations' being created for table 'pbs_debug'

  Total Time (Wall) |  Stage Time (Wall)  |   % (Wall)   |    Date - Time     |  Memory   | Stage
--------------------+---------------------+--------------+--------------------+-----------+----------------------
 00:00:04(00:00:14) |  00:00:00(00:00:00) |   0.0(  0.0) |   16:48:20 (Apr03) |  289.1 MB | PBS_Generic-Start
--------------------+---------------------+--------------+--------------------+-----------+----------------------
 00:00:05(00:00:15) |  00:00:00(00:00:01) |  50.2( 50.0) |   16:48:21 (Apr03) |  289.1 MB | PBS_Generic_Opt-Post
--------------------+---------------------+--------------+--------------------+-----------+----------------------
 00:00:05(00:00:15) |  00:00:00(00:00:00) |   0.0(  0.0) |   16:48:21 (Apr03) |  289.1 MB | PBS_Generic-Postgen HBO Optimizations
--------------------+---------------------+--------------+--------------------+-----------+----------------------
 00:00:05(00:00:15) |  00:00:00(00:00:00) |   0.0(  0.0) |   16:48:21 (Apr03) |  289.1 MB | PBS_TechMap-Start
--------------------+---------------------+--------------+--------------------+-----------+----------------------
 00:00:05(00:00:15) |  00:00:00(00:00:00) |   0.0(  0.0) |   16:48:21 (Apr03) |  289.1 MB | PBS_TechMap-Premap HBO Optimizations
--------------------+---------------------+--------------+--------------------+-----------+----------------------
 00:00:05(00:00:15) |  00:00:00(00:00:00) |  -0.9(  0.0) |   16:48:21 (Apr03) |  289.1 MB | PBS_Techmap-Global Mapping
--------------------+---------------------+--------------+--------------------+-----------+----------------------
 00:00:06(00:00:16) |  00:00:01(00:00:01) |  50.7( 50.0) |   16:48:22 (Apr03) |  289.1 MB | PBS_TechMap-Datapath Postmap Operations
--------------------+---------------------+--------------+--------------------+-----------+----------------------
Number of threads: 8 * 1   (id: pbs_debug, time_info v1.57)
Info: (*N*) indicates data that was populated from previously saved time_info database
Info: CPU time includes time of parent + longest thread
PBS_TechMap-Postmap HBO Optimizations - Elapsed_Time 0, CPU_Time -0.0002780000000006666
stamp 'PBS_TechMap-Postmap HBO Optimizations' being created for table 'pbs_debug'

  Total Time (Wall) |  Stage Time (Wall)  |   % (Wall)   |    Date - Time     |  Memory   | Stage
--------------------+---------------------+--------------+--------------------+-----------+----------------------
 00:00:04(00:00:14) |  00:00:00(00:00:00) |   0.0(  0.0) |   16:48:20 (Apr03) |  289.1 MB | PBS_Generic-Start
--------------------+---------------------+--------------+--------------------+-----------+----------------------
 00:00:05(00:00:15) |  00:00:00(00:00:01) |  50.2( 50.0) |   16:48:21 (Apr03) |  289.1 MB | PBS_Generic_Opt-Post
--------------------+---------------------+--------------+--------------------+-----------+----------------------
 00:00:05(00:00:15) |  00:00:00(00:00:00) |   0.0(  0.0) |   16:48:21 (Apr03) |  289.1 MB | PBS_Generic-Postgen HBO Optimizations
--------------------+---------------------+--------------+--------------------+-----------+----------------------
 00:00:05(00:00:15) |  00:00:00(00:00:00) |   0.0(  0.0) |   16:48:21 (Apr03) |  289.1 MB | PBS_TechMap-Start
--------------------+---------------------+--------------+--------------------+-----------+----------------------
 00:00:05(00:00:15) |  00:00:00(00:00:00) |   0.0(  0.0) |   16:48:21 (Apr03) |  289.1 MB | PBS_TechMap-Premap HBO Optimizations
--------------------+---------------------+--------------+--------------------+-----------+----------------------
 00:00:05(00:00:15) |  00:00:00(00:00:00) |  -0.9(  0.0) |   16:48:21 (Apr03) |  289.1 MB | PBS_Techmap-Global Mapping
--------------------+---------------------+--------------+--------------------+-----------+----------------------
 00:00:06(00:00:16) |  00:00:01(00:00:01) |  50.7( 50.0) |   16:48:22 (Apr03) |  289.1 MB | PBS_TechMap-Datapath Postmap Operations
--------------------+---------------------+--------------+--------------------+-----------+----------------------
 00:00:06(00:00:16) |  00:00:00(00:00:00) |  -0.0(  0.0) |   16:48:22 (Apr03) |  289.1 MB | PBS_TechMap-Postmap HBO Optimizations
--------------------+---------------------+--------------+--------------------+-----------+----------------------
Number of threads: 8 * 1   (id: pbs_debug, time_info v1.57)
Info: (*N*) indicates data that was populated from previously saved time_info database
Info: CPU time includes time of parent + longest thread
 Doing ConstProp on design:mcrb ... 

IOPT-REDREM: Performing redundancy removal: Detected 0 redundant wires. CPU time 0.000 seconds.

PBS_TechMap-Postmap Clock Gating - Elapsed_Time 0, CPU_Time 0.0
stamp 'PBS_TechMap-Postmap Clock Gating' being created for table 'pbs_debug'

  Total Time (Wall) |  Stage Time (Wall)  |   % (Wall)   |    Date - Time     |  Memory   | Stage
--------------------+---------------------+--------------+--------------------+-----------+----------------------
 00:00:04(00:00:14) |  00:00:00(00:00:00) |   0.0(  0.0) |   16:48:20 (Apr03) |  289.1 MB | PBS_Generic-Start
--------------------+---------------------+--------------+--------------------+-----------+----------------------
 00:00:05(00:00:15) |  00:00:00(00:00:01) |  50.2( 50.0) |   16:48:21 (Apr03) |  289.1 MB | PBS_Generic_Opt-Post
--------------------+---------------------+--------------+--------------------+-----------+----------------------
 00:00:05(00:00:15) |  00:00:00(00:00:00) |   0.0(  0.0) |   16:48:21 (Apr03) |  289.1 MB | PBS_Generic-Postgen HBO Optimizations
--------------------+---------------------+--------------+--------------------+-----------+----------------------
 00:00:05(00:00:15) |  00:00:00(00:00:00) |   0.0(  0.0) |   16:48:21 (Apr03) |  289.1 MB | PBS_TechMap-Start
--------------------+---------------------+--------------+--------------------+-----------+----------------------
 00:00:05(00:00:15) |  00:00:00(00:00:00) |   0.0(  0.0) |   16:48:21 (Apr03) |  289.1 MB | PBS_TechMap-Premap HBO Optimizations
--------------------+---------------------+--------------+--------------------+-----------+----------------------
 00:00:05(00:00:15) |  00:00:00(00:00:00) |  -0.9(  0.0) |   16:48:21 (Apr03) |  289.1 MB | PBS_Techmap-Global Mapping
--------------------+---------------------+--------------+--------------------+-----------+----------------------
 00:00:06(00:00:16) |  00:00:01(00:00:01) |  50.7( 50.0) |   16:48:22 (Apr03) |  289.1 MB | PBS_TechMap-Datapath Postmap Operations
--------------------+---------------------+--------------+--------------------+-----------+----------------------
 00:00:06(00:00:16) |  00:00:00(00:00:00) |  -0.0(  0.0) |   16:48:22 (Apr03) |  289.1 MB | PBS_TechMap-Postmap HBO Optimizations
--------------------+---------------------+--------------+--------------------+-----------+----------------------
 00:00:06(00:00:16) |  00:00:00(00:00:00) |   0.0(  0.0) |   16:48:22 (Apr03) |  289.1 MB | PBS_TechMap-Postmap Clock Gating
--------------------+---------------------+--------------+--------------------+-----------+----------------------
Number of threads: 8 * 1   (id: pbs_debug, time_info v1.57)
Info: (*N*) indicates data that was populated from previously saved time_info database
Info: CPU time includes time of parent + longest thread
-------------------------------------------------------------------------------
 hi_fo_buf                    60        0         0         0        0

           Trick     Calls     Accepts   Attempts    Time(secs) 
-----------------------------------------------------------
       hi_fo_buf         0  (        0 /        0 )  0.00

 
Incremental optimization status
===============================
                                   Group   
                                  Tot Wrst     Total - - DRC Totals - -
                           Total  Weighted      Neg      Max       Max 
Operation                   Area   Slacks      Slack    Trans      Cap 
 init_delay                   60        0         0         0        0

           Trick     Calls     Accepts   Attempts    Time(secs) 
-----------------------------------------------------------
       crit_upsz         0  (        0 /        0 )  0.00
    plc_bal_star         0  (        0 /        0 )  0.00
     drc_buftimb         0  (        0 /        0 )  0.00
          plc_st         0  (        0 /        0 )  0.00
    plc_st_fence         0  (        0 /        0 )  0.00
        plc_star         0  (        0 /        0 )  0.00
      plc_laf_st         0  (        0 /        0 )  0.00
 plc_laf_st_fence         0  (        0 /        0 )  0.00
     drc_buftims         0  (        0 /        0 )  0.00
            fopt         0  (        0 /        0 )  0.00
   plc_laf_lo_st         0  (        0 /        0 )  0.00
       plc_lo_st         0  (        0 /        0 )  0.00
        mb_split         0  (        0 /        0 )  0.00

 
Local TNS optimization status
=============================
                                   Group   
                                  Tot Wrst     Total - - DRC Totals - -
                           Total  Weighted      Neg      Max       Max 
Operation                   Area   Slacks      Slack    Trans      Cap 
 init_tns                     60        0         0         0        0

           Trick     Calls     Accepts   Attempts    Time(secs) 
-----------------------------------------------------------
    plc_bal_star         0  (        0 /        0 )  0.00
     drc_buftimb         0  (        0 /        0 )  0.00
     drc_buftims         0  (        0 /        0 )  0.00
       crit_upsz         0  (        0 /        0 )  0.00
   plc_laf_lo_st         0  (        0 /        0 )  0.00
       plc_lo_st         0  (        0 /        0 )  0.00
            fopt         0  (        0 /        0 )  0.00
       crit_dnsz         0  (        0 /        0 )  0.00
             dup         0  (        0 /        0 )  0.00
        setup_dn         0  (        0 /        0 )  0.00
        mb_split         0  (        0 /        0 )  0.00

PBS_TechMap-Postmap Cleanup - Elapsed_Time 0, CPU_Time -0.0002779999999997784
stamp 'PBS_TechMap-Postmap Cleanup' being created for table 'pbs_debug'

  Total Time (Wall) |  Stage Time (Wall)  |   % (Wall)   |    Date - Time     |  Memory   | Stage
--------------------+---------------------+--------------+--------------------+-----------+----------------------
 00:00:04(00:00:14) |  00:00:00(00:00:00) |   0.0(  0.0) |   16:48:20 (Apr03) |  289.1 MB | PBS_Generic-Start
--------------------+---------------------+--------------+--------------------+-----------+----------------------
 00:00:05(00:00:15) |  00:00:00(00:00:01) |  50.2( 50.0) |   16:48:21 (Apr03) |  289.1 MB | PBS_Generic_Opt-Post
--------------------+---------------------+--------------+--------------------+-----------+----------------------
 00:00:05(00:00:15) |  00:00:00(00:00:00) |   0.0(  0.0) |   16:48:21 (Apr03) |  289.1 MB | PBS_Generic-Postgen HBO Optimizations
--------------------+---------------------+--------------+--------------------+-----------+----------------------
 00:00:05(00:00:15) |  00:00:00(00:00:00) |   0.0(  0.0) |   16:48:21 (Apr03) |  289.1 MB | PBS_TechMap-Start
--------------------+---------------------+--------------+--------------------+-----------+----------------------
 00:00:05(00:00:15) |  00:00:00(00:00:00) |   0.0(  0.0) |   16:48:21 (Apr03) |  289.1 MB | PBS_TechMap-Premap HBO Optimizations
--------------------+---------------------+--------------+--------------------+-----------+----------------------
 00:00:05(00:00:15) |  00:00:00(00:00:00) |  -0.9(  0.0) |   16:48:21 (Apr03) |  289.1 MB | PBS_Techmap-Global Mapping
--------------------+---------------------+--------------+--------------------+-----------+----------------------
 00:00:06(00:00:16) |  00:00:01(00:00:01) |  50.7( 50.0) |   16:48:22 (Apr03) |  289.1 MB | PBS_TechMap-Datapath Postmap Operations
--------------------+---------------------+--------------+--------------------+-----------+----------------------
 00:00:06(00:00:16) |  00:00:00(00:00:00) |  -0.0(  0.0) |   16:48:22 (Apr03) |  289.1 MB | PBS_TechMap-Postmap HBO Optimizations
--------------------+---------------------+--------------+--------------------+-----------+----------------------
 00:00:06(00:00:16) |  00:00:00(00:00:00) |   0.0(  0.0) |   16:48:22 (Apr03) |  289.1 MB | PBS_TechMap-Postmap Clock Gating
--------------------+---------------------+--------------+--------------------+-----------+----------------------
 00:00:06(00:00:16) |  00:00:00(00:00:00) |  -0.0(  0.0) |   16:48:22 (Apr03) |  289.1 MB | PBS_TechMap-Postmap Cleanup
--------------------+---------------------+--------------+--------------------+-----------+----------------------
Number of threads: 8 * 1   (id: pbs_debug, time_info v1.57)
Info: (*N*) indicates data that was populated from previously saved time_info database
Info: CPU time includes time of parent + longest thread
PBS_Techmap-Post_MBCI - Elapsed_Time 0, CPU_Time 0.0
stamp 'PBS_Techmap-Post_MBCI' being created for table 'pbs_debug'

  Total Time (Wall) |  Stage Time (Wall)  |   % (Wall)   |    Date - Time     |  Memory   | Stage
--------------------+---------------------+--------------+--------------------+-----------+----------------------
 00:00:04(00:00:14) |  00:00:00(00:00:00) |   0.0(  0.0) |   16:48:20 (Apr03) |  289.1 MB | PBS_Generic-Start
--------------------+---------------------+--------------+--------------------+-----------+----------------------
 00:00:05(00:00:15) |  00:00:00(00:00:01) |  50.2( 50.0) |   16:48:21 (Apr03) |  289.1 MB | PBS_Generic_Opt-Post
--------------------+---------------------+--------------+--------------------+-----------+----------------------
 00:00:05(00:00:15) |  00:00:00(00:00:00) |   0.0(  0.0) |   16:48:21 (Apr03) |  289.1 MB | PBS_Generic-Postgen HBO Optimizations
--------------------+---------------------+--------------+--------------------+-----------+----------------------
 00:00:05(00:00:15) |  00:00:00(00:00:00) |   0.0(  0.0) |   16:48:21 (Apr03) |  289.1 MB | PBS_TechMap-Start
--------------------+---------------------+--------------+--------------------+-----------+----------------------
 00:00:05(00:00:15) |  00:00:00(00:00:00) |   0.0(  0.0) |   16:48:21 (Apr03) |  289.1 MB | PBS_TechMap-Premap HBO Optimizations
--------------------+---------------------+--------------+--------------------+-----------+----------------------
 00:00:05(00:00:15) |  00:00:00(00:00:00) |  -0.9(  0.0) |   16:48:21 (Apr03) |  289.1 MB | PBS_Techmap-Global Mapping
--------------------+---------------------+--------------+--------------------+-----------+----------------------
 00:00:06(00:00:16) |  00:00:01(00:00:01) |  50.7( 50.0) |   16:48:22 (Apr03) |  289.1 MB | PBS_TechMap-Datapath Postmap Operations
--------------------+---------------------+--------------+--------------------+-----------+----------------------
 00:00:06(00:00:16) |  00:00:00(00:00:00) |  -0.0(  0.0) |   16:48:22 (Apr03) |  289.1 MB | PBS_TechMap-Postmap HBO Optimizations
--------------------+---------------------+--------------+--------------------+-----------+----------------------
 00:00:06(00:00:16) |  00:00:00(00:00:00) |   0.0(  0.0) |   16:48:22 (Apr03) |  289.1 MB | PBS_TechMap-Postmap Clock Gating
--------------------+---------------------+--------------+--------------------+-----------+----------------------
 00:00:06(00:00:16) |  00:00:00(00:00:00) |  -0.0(  0.0) |   16:48:22 (Apr03) |  289.1 MB | PBS_TechMap-Postmap Cleanup
--------------------+---------------------+--------------+--------------------+-----------+----------------------
 00:00:06(00:00:16) |  00:00:00(00:00:00) |   0.0(  0.0) |   16:48:22 (Apr03) |  289.1 MB | PBS_Techmap-Post_MBCI
--------------------+---------------------+--------------+--------------------+-----------+----------------------
Number of threads: 8 * 1   (id: pbs_debug, time_info v1.57)
Info: (*N*) indicates data that was populated from previously saved time_info database
Info: CPU time includes time of parent + longest thread
##>=================== Cadence Confidential (Mapping-Logical) ===================
##>Main Thread Summary:
##>----------------------------------------------------------------------------------------
##>STEP                           Elapsed       WNS       TNS     Insts      Area    Memory
##>----------------------------------------------------------------------------------------
##>M:Initial                            0         -         -        35        49       289
##>M:Pre Cleanup                        0         -         -        35        49       289
##>M:Setup                              0         -         -         -         -         -
##>M:Launch ST                          0         -         -         -         -         -
##>M:Design Partition                   0         -         -         -         -         -
##>M:Create Partition Netlists          0         -         -         -         -         -
##>M:Init Power                         0         -         -         -         -         -
##>M:Budgeting                          0         -         -         -         -         -
##>M:Derenv-DB                          0         -         -         -         -         -
##>M:Debug Outputs                      0         -         -         -         -         -
##>M:ST loading                         0         -         -         -         -         -
##>M:Distributed                        0         -         -         -         -         -
##>M:Timer                              0         -         -         -         -         -
##>M:Assembly                           0         -         -         -         -         -
##>M:DFT                                0         -         -         -         -         -
##>M:DP Operations                      1         -         -        23        51       289
##>M:Const Prop                         0      2993         0        23        51       289
##>M:Cleanup                            0      2993         0        23        51       289
##>M:MBCI                               0         -         -        23        51       289
##>M:Const Gate Removal                 0         -         -         -         -         -
##>M:Misc                               0
##>----------------------------------------------------------------------------------------
##>Total Elapsed                        1
##>========================================================================================
Info    : Relaxed some design requirements on sequential instances to run synthesis successfully. [MAP-32]
        : One or more of the following design requirements relaxed on 6 sequential instance(s): non_scannable_flops_ok.
Synthesis requirements have been relaxed on the following sequential instance(s):
'skew_addr_cntr_reg[4] (non_scannable_flops_ok)', 
'skew_addr_cntr_reg[3] (non_scannable_flops_ok)', 
'skew_addr_cntr_reg[1] (non_scannable_flops_ok)', 
'skew_addr_cntr_reg[2] (non_scannable_flops_ok)', 
'skew_addr_cntr_reg[0] (non_scannable_flops_ok)', 
'mc_rb_fuse_vld_q_reg (non_scannable_flops_ok)' 
Information related to mapping of instance skew_addr_cntr_reg[4]
Synthesis requirements have been relaxed on this instance skew_addr_cntr_reg[4] (non_scannable_flops_ok)
Information related to mapping of instance skew_addr_cntr_reg[3]
Synthesis requirements have been relaxed on this instance skew_addr_cntr_reg[3] (non_scannable_flops_ok)
Information related to mapping of instance skew_addr_cntr_reg[1]
Synthesis requirements have been relaxed on this instance skew_addr_cntr_reg[1] (non_scannable_flops_ok)
Information related to mapping of instance skew_addr_cntr_reg[2]
Synthesis requirements have been relaxed on this instance skew_addr_cntr_reg[2] (non_scannable_flops_ok)
Information related to mapping of instance skew_addr_cntr_reg[0]
Synthesis requirements have been relaxed on this instance skew_addr_cntr_reg[0] (non_scannable_flops_ok)
Information related to mapping of instance mc_rb_fuse_vld_q_reg
Synthesis requirements have been relaxed on this instance mc_rb_fuse_vld_q_reg (non_scannable_flops_ok)
Info    : Done mapping. [SYNTH-5]
        : Done mapping 'mcrb'.
        Applying wireload models.
        Computing net loads.
      flow.cputime  flow.realtime  timing.setup.tns  timing.setup.wns  snapshot
UM:*                                                                   syn_map
@file(run.tcl) 133: puts "Runtime & Memory after 'syn_map'"
Runtime & Memory after 'syn_map'
@file(run.tcl) 134: time_info MAPPED
stamp 'MAPPED' being created for table 'default'

  Total Time (Wall) |  Stage Time (Wall)  |   % (Wall)   |    Date - Time     |  Memory   | Stage
--------------------+---------------------+--------------+--------------------+-----------+----------------------
 00:00:02(00:00:00) |  00:00:00(00:00:00) |   0.0(  0.0) |   16:48:06 (Apr03) |  189.7 MB | init
--------------------+---------------------+--------------+--------------------+-----------+----------------------
 00:00:05(00:00:14) |  00:00:03(00:00:14) |  60.4( 87.5) |   16:48:20 (Apr03) |  289.1 MB | Elaboration
--------------------+---------------------+--------------+--------------------+-----------+----------------------
 00:00:05(00:00:15) |  00:00:00(00:00:01) |  19.9(  6.2) |   16:48:21 (Apr03) |  289.1 MB | GENERIC
--------------------+---------------------+--------------+--------------------+-----------+----------------------
 00:00:06(00:00:16) |  00:00:00(00:00:01) |  19.7(  6.2) |   16:48:22 (Apr03) |  289.1 MB | MAPPED
--------------------+---------------------+--------------+--------------------+-----------+----------------------
Number of threads: 8 * 1   (id: default, time_info v1.57)
Info: (*N*) indicates data that was populated from previously saved time_info database
Info: CPU time includes time of parent + longest thread
@file(run.tcl) 135: write_snapshot -outdir $_REPORTS_PATH -tag map
%# Begin write_snapshot (04/03 16:48:22, mem=1112.27M)
%# Begin qos_stats (04/03 16:48:22, mem=1112.27M)
        Computing arrivals and requireds.
%# End qos_stats (04/03 16:48:22, total cpu=13:30:00, real=13:30:00, peak res=289.10M, current mem=1112.27M)


Working Directory = /home/01fe21bec223/DFT_TESSENT/GENUS/work_
QoS Summary for mcrb
================================================================================
Metric                          generic         map            
================================================================================
Slack (ps):                     3,482           2,994
  R2R (ps):                     3,482           2,994
  I2R (ps):                     3,934           3,598
  R2O (ps):                     3,875           3,853
  I2O (ps):                  no_value        no_value
  CG  (ps):                  no_value        no_value
TNS (ps):                           0               0
  R2R (ps):                         0               0
  I2R (ps):                         0               0
  R2O (ps):                         0               0
  I2O (ps):                  no_value        no_value
  CG  (ps):                  no_value        no_value
Failing Paths:                      0               0
Cell Area:                         50              60
Total Cell Area:                   50              60
Leaf Instances:                    35              23
Total Instances:                   35              23
Utilization (%):                 0.00            0.00
Tot. Net Length (um):        no_value        no_value
Avg. Net Length (um):        no_value        no_value
Route Overflow H (%):        no_value        no_value
Route Overflow V (%):        no_value        no_value
MBCI(%) (bits/gate) :            0.00            0.00
Norm Cong Hotspot Area:
  Max Cong:                  no_value        no_value
  Tot Cong:                  no_value        no_value
================================================================================
CPU  Runtime (h:m:s):        00:30:04        00:30:01
Real Runtime (h:m:s):        00:30:15        00:30:01
CPU  Elapsed (h:m:s):        00:30:06        00:30:07
Real Elapsed (h:m:s):        00:30:17        00:30:18
Memory (MB):                  1072.78         1112.27
================================================================================
================================================================================
Flow Settings:
================================================================================
Total Runtime (h:m:s): 00:30:16
Total Memory (MB):     1120.27
Executable Version:    20.11-s111_1
================================================================================
Total Cell Area =  Cell Area + Physical Cell Area
Total Instances =  Leaf Instances + Physical Instances




Only 11 violating paths found
Info    : Joules engine is used. [RPT-16]
        : Joules engine is being used for the command report_gates -power.
Info   : ACTP-0001 [ACTPInfo] Activity propagation started for stim#0 netlist
       : mcrb
Info   : ACTP-0009 [ACTPInfo] Activity Propagation Progress Report :   1%   3%   4%   6%   7%   9%  11%  12%  14%  15%  17%  19%  20%  22%  23%  25%  26%  28%  30%  31%  33%  34%  36%  38%  39%  41%  42%  44%  46%  47%  49%  50%  52%  53%  55%  57%  58%  60%  61%  63%  65%  66%  68%  69%  71%  73%  74%  76%  77%  79%  80%  82%  84%  85%  87%  88%  90%  92%  93%  95%  96%  98% 100%
Info   : ACTP-0001 Activity propagation ended for stim#0
Info   : PWRA-0001 [PwrInfo] compute_power effective options 
       : -mode : vectorless
       : -skip_propagation : 1
       : -frequency_scaling_factor : 1.0
       : -use_clock_freq : stim
       : -stim :/stim#0
       : -fromGenus : 1
Info   : ACTP-0001 Timing initialization started
Info   : ACTP-0001 Timing initialization ended
Info   : PWRA-0002 [PwrInfo] Skipping activity propagation due to -skip_ap
       : option....
Warning: PWRA-0302 [PwrWarn] Frequency scaling is not applicable for vectorless
       : flow. Ignoring frequency scaling.
Warning: PWRA-0304 [PwrWarn] -stim option is not applicable with vectorless mode
       : of power analysis, ignored this option.
Info   : PWRA-0002 Started 'vectorless' power computation.
Info   : PWRA-0002 Finished power computation.
Info   : PWRA-0007 [PwrInfo] Completed successfully.
       : Info=6, Warn=2, Error=0, Fatal=0
Finished exporting design database to file 'reports_Apr03-16:48:20/map_mcrb.db' for 'mcrb' (command execution time mm:ss cpu = 00:00, real = 00:00).
Finished generating snapshot at stage map (command execution time mm:ss cpu = 00:00, real = 00:00).
%# End write_snapshot (04/03 16:48:22, total cpu=13:30:00, real=13:30:00, peak res=289.10M, current mem=1121.28M)
@file(run.tcl) 136: report_summary -directory $_REPORTS_PATH


Working Directory = /home/01fe21bec223/DFT_TESSENT/GENUS/work_
QoS Summary for mcrb
================================================================================
Metric                          generic         map            
================================================================================
Slack (ps):                     3,482           2,994
  R2R (ps):                     3,482           2,994
  I2R (ps):                     3,934           3,598
  R2O (ps):                     3,875           3,853
  I2O (ps):                  no_value        no_value
  CG  (ps):                  no_value        no_value
TNS (ps):                           0               0
  R2R (ps):                         0               0
  I2R (ps):                         0               0
  R2O (ps):                         0               0
  I2O (ps):                  no_value        no_value
  CG  (ps):                  no_value        no_value
Failing Paths:                      0               0
Cell Area:                         50              60
Total Cell Area:                   50              60
Leaf Instances:                    35              23
Total Instances:                   35              23
Utilization (%):                 0.00            0.00
Tot. Net Length (um):        no_value        no_value
Avg. Net Length (um):        no_value        no_value
Route Overflow H (%):        no_value        no_value
Route Overflow V (%):        no_value        no_value
MBCI(%) (bits/gate) :            0.00            0.00
Norm Cong Hotspot Area:
  Max Cong:                  no_value        no_value
  Tot Cong:                  no_value        no_value
================================================================================
CPU  Runtime (h:m:s):        00:30:04        00:30:01
Real Runtime (h:m:s):        00:30:15        00:30:01
CPU  Elapsed (h:m:s):        00:30:06        00:30:07
Real Elapsed (h:m:s):        00:30:17        00:30:18
Memory (MB):                  1072.78         1112.27
================================================================================
================================================================================
Flow Settings:
================================================================================
Total Runtime (h:m:s): 00:30:16
Total Memory (MB):     1121.28
Executable Version:    20.11-s111_1
================================================================================
Total Cell Area =  Cell Area + Physical Cell Area
Total Instances =  Leaf Instances + Physical Instances




@file(run.tcl) 137: report_dp > $_REPORTS_PATH/map/${DESIGN}_datapath.rpt
Beginning report datapath command
Warning : The filename, column and line number information will not be available in the report. [RPT_DP-100]
        : The attribute for getting HDL filename and line number is not set.
@file(run.tcl) 139: foreach cg [vfind / -cost_group *] {
    report_timing -group [list $cg] > $_REPORTS_PATH/${DESIGN}_[vbasename $cg]_post_map.rpt
}
@file(run.tcl) 143: write_do_lec -revised_design fv_map -logfile ${_LOG_PATH}/rtl2intermediate.lec.log > ${_OUTPUTS_PATH}/rtl2intermediate.lec.do
Info    : Forcing flat compare. [CFM-212]
        : No hierarchies found in design.
Info    : Added DFT object. [DFT-100]
        : Added formal_verification_constraint 'wdl_cons_0'.
Info    : Added DFT object. [DFT-100]
        : Added formal_verification_constraint 'wdl_cons_1'.
Warning : Multiple LEC pin constraints added to the dofile. [CFM-209]
        : Multiple LEC pin constraints are added for the revised design in LEC script 'outputs_Apr03-16:48:20/rtl2intermediate.lec.do'.
Info    : Wrote dofile. [CFM-1]
        : Dofile is 'outputs_Apr03-16:48:20/rtl2intermediate.lec.do'.
        : Alias mapping flow is enabled.
@file(run.tcl) 149: set_db / .syn_opt_effort $MAP_OPT_EFF
  Setting attribute of root '/': 'syn_opt_effort' = high
@file(run.tcl) 150: syn_opt

Scan mapping status report
==========================
    Scan mapping: converting flip-flops that pass TDRC.
      Scan connection mode: 'loopback'.
      Scan shift-enable connection mode: 'tie_off'.
Warning : Could not find a scan-equivalent cell. [DFT-510]
        : Library-cell 'lib_cell:default_emulate_libset_max/NangateOpenCellLibrary/DFFR_X1' cannot be scanned.
Warning : Could not find a scan-equivalent cell. [DFT-510]
        : Library-cell 'lib_cell:default_emulate_libset_max/NangateOpenCellLibrary/DFFR_X1' cannot be scanned.
Warning : Could not find a scan-equivalent cell. [DFT-510]
        : Library-cell 'lib_cell:default_emulate_libset_max/NangateOpenCellLibrary/DFFR_X1' cannot be scanned.
Warning : Could not find a scan-equivalent cell. [DFT-510]
        : Library-cell 'lib_cell:default_emulate_libset_max/NangateOpenCellLibrary/DFFR_X1' cannot be scanned.
Warning : Could not find a scan-equivalent cell. [DFT-510]
        : Library-cell 'lib_cell:default_emulate_libset_max/NangateOpenCellLibrary/DFFR_X1' cannot be scanned.
Warning : Could not find a scan-equivalent cell. [DFT-510]
        : Library-cell 'lib_cell:default_emulate_libset_max/NangateOpenCellLibrary/DFFR_X1' cannot be scanned.
Warning : Could not find a scan-equivalent cell. [DFT-510]
        : Library-cell 'lib_cell:default_emulate_libset_max/NangateOpenCellLibrary/DFFR_X2' cannot be scanned.
Warning : Could not find a scan-equivalent cell. [DFT-510]
        : Library-cell 'lib_cell:default_emulate_libset_max/NangateOpenCellLibrary/DFFR_X1' cannot be scanned.
    Category                               Number    Percentage
    -----------------------------------------------------------
    Scan flip-flops mapped for DFT             0          0.00%
    Flip-flops not mapped for DFT
         non-DFT scan flip-flops               0          0.00%
         flip-flops not scan replaceable       6        100.00%
         flip-flops not targeted for DFT       0          0.00%
    -----------------------------------------------------------
                                  Totals       6        100.00%
    
Info    : Incrementally optimizing. [SYNTH-7]
        : Incrementally optimizing 'mcrb' using 'high' effort.
 
Incremental optimization status
===============================
                                   Group   
                                  Tot Wrst     Total - - DRC Totals - -
                           Total  Weighted      Neg      Max       Max 
Operation                   Area   Slacks      Slack    Trans      Cap 
 init_iopt                    60        0         0         0        0
IOPT-REDREM: Performing redundancy removal: Detected 0 redundant wires. CPU time 0.000 seconds.

-------------------------------------------------------------------------------
 const_prop                   60        0         0         0        0
-------------------------------------------------------------------------------
 hi_fo_buf                    60        0         0         0        0

           Trick     Calls     Accepts   Attempts    Time(secs) 
-----------------------------------------------------------
       hi_fo_buf         0  (        0 /        0 )  0.00

 
Incremental optimization status
===============================
                                   Group   
                                  Tot Wrst     Total - - DRC Totals - -
                           Total  Weighted      Neg      Max       Max 
Operation                   Area   Slacks      Slack    Trans      Cap 
 init_delay                   60        0         0         0        0

           Trick     Calls     Accepts   Attempts    Time(secs) 
-----------------------------------------------------------
        crit_msz         0  (        0 /        0 )  0.00
       crit_upsz         0  (        0 /        0 )  0.00
       crit_slew         0  (        0 /        0 )  0.00
        setup_dn         0  (        0 /        0 )  0.00
    plc_bal_star         0  (        0 /        0 )  0.00
     drc_buftimb         0  (        0 /        0 )  0.00
          plc_st         0  (        0 /        0 )  0.00
    plc_st_fence         0  (        0 /        0 )  0.00
        plc_star         0  (        0 /        0 )  0.00
      plc_laf_st         0  (        0 /        0 )  0.00
 plc_laf_st_fence         0  (        0 /        0 )  0.00
     drc_buftims         0  (        0 /        0 )  0.00
   plc_laf_lo_st         0  (        0 /        0 )  0.00
       plc_lo_st         0  (        0 /        0 )  0.00
            fopt         0  (        0 /        0 )  0.00
       crit_swap         0  (        0 /        0 )  0.00
       mux2_swap         0  (        0 /        0 )  0.00
       crit_dnsz         0  (        0 /        0 )  0.00
       load_swap         0  (        0 /        0 )  0.00
            fopt         0  (        0 /        0 )  0.00
        setup_dn         0  (        0 /        0 )  0.00
       load_isol         0  (        0 /        0 )  0.00
       load_isol         0  (        0 /        0 )  0.00
        move_for         0  (        0 /        0 )  0.00
        move_for         0  (        0 /        0 )  0.00
          rem_bi         0  (        0 /        0 )  0.00
         offload         0  (        0 /        0 )  0.00
          rem_bi         0  (        0 /        0 )  0.00
         offload         0  (        0 /        0 )  0.00
           phase         0  (        0 /        0 )  0.00
        in_phase         0  (        0 /        0 )  0.00
       merge_bit         0  (        0 /        0 )  0.00
     merge_idrvr         0  (        0 /        0 )  0.00
     merge_iload         0  (        0 /        0 )  0.00
    merge_idload         0  (        0 /        0 )  0.00
      merge_drvr         0  (        0 /        0 )  0.00
      merge_load         0  (        0 /        0 )  0.00
          decomp         0  (        0 /        0 )  0.00
        p_decomp         0  (        0 /        0 )  0.00
        levelize         0  (        0 /        0 )  0.00
        mb_split         0  (        0 /        0 )  0.00
             dup         0  (        0 /        0 )  0.00
      mux_retime         0  (        0 /        0 )  0.00
         buf2inv         0  (        0 /        0 )  0.00
             exp         0  (        0 /        0 )  0.00
       gate_deco         0  (        0 /        0 )  0.00
       gcomp_tim         0  (        0 /        0 )  0.00
  inv_pair_2_buf         0  (        0 /        0 )  0.00


           Trick     Calls     Accepts   Attempts    Time(secs) 
-----------------------------------------------------------
         crr_220         0  (        0 /        0 )  0.00
        crr_glob         0  (        0 /        0 )  0.00
         crr_200         0  (        0 /        0 )  0.00
        crr_glob         0  (        0 /        0 )  0.00
         crr_300         0  (        0 /        0 )  0.00
        crr_glob         0  (        0 /        0 )  0.00
         crr_400         0  (        0 /        0 )  0.00
        crr_glob         0  (        0 /        0 )  0.00
         crr_111         0  (        0 /        0 )  0.00
        crr_glob         0  (        0 /        0 )  0.00
         crr_210         0  (        0 /        0 )  0.00
        crr_glob         0  (        0 /        0 )  0.00
         crr_110         0  (        0 /        0 )  0.00
        crr_glob         0  (        0 /        0 )  0.00
         crr_101         0  (        0 /        0 )  0.00
        crr_glob         0  (        0 /        0 )  0.00
         crr_201         0  (        0 /        0 )  0.00
        crr_glob         0  (        0 /        0 )  0.00
         crr_211         0  (        0 /        0 )  0.00
        crr_glob         0  (        0 /        0 )  0.00
        crit_msz         0  (        0 /        0 )  0.00
       crit_upsz         0  (        0 /        0 )  0.00
       crit_slew         0  (        0 /        0 )  0.00
        setup_dn         0  (        0 /        0 )  0.00
    plc_bal_star         0  (        0 /        0 )  0.00
     drc_buftimb         0  (        0 /        0 )  0.00
          plc_st         0  (        0 /        0 )  0.00
    plc_st_fence         0  (        0 /        0 )  0.00
        plc_star         0  (        0 /        0 )  0.00
      plc_laf_st         0  (        0 /        0 )  0.00
 plc_laf_st_fence         0  (        0 /        0 )  0.00
     drc_buftims         0  (        0 /        0 )  0.00
       plc_lo_st         0  (        0 /        0 )  0.00
            fopt         0  (        0 /        0 )  0.00
       crit_swap         0  (        0 /        0 )  0.00
       mux2_swap         0  (        0 /        0 )  0.00
       crit_dnsz         0  (        0 /        0 )  0.00
       load_swap         0  (        0 /        0 )  0.00
            fopt         0  (        0 /        0 )  0.00
        setup_dn         0  (        0 /        0 )  0.00
       load_isol         0  (        0 /        0 )  0.00
       load_isol         0  (        0 /        0 )  0.00
        move_for         0  (        0 /        0 )  0.00
        move_for         0  (        0 /        0 )  0.00
          rem_bi         0  (        0 /        0 )  0.00
         offload         0  (        0 /        0 )  0.00
          rem_bi         0  (        0 /        0 )  0.00
         offload         0  (        0 /        0 )  0.00
       merge_bit         0  (        0 /        0 )  0.00
     merge_idrvr         0  (        0 /        0 )  0.00
     merge_iload         0  (        0 /        0 )  0.00
    merge_idload         0  (        0 /        0 )  0.00
      merge_drvr         0  (        0 /        0 )  0.00
      merge_load         0  (        0 /        0 )  0.00
           phase         0  (        0 /        0 )  0.00
          decomp         0  (        0 /        0 )  0.00
        p_decomp         0  (        0 /        0 )  0.00
        levelize         0  (        0 /        0 )  0.00
        mb_split         0  (        0 /        0 )  0.00
        in_phase         0  (        0 /        0 )  0.00
             dup         0  (        0 /        0 )  0.00
      mux_retime         0  (        0 /        0 )  0.00
         buf2inv         0  (        0 /        0 )  0.00
             exp         0  (        0 /        0 )  0.00
       gate_deco         0  (        0 /        0 )  0.00
       gcomp_tim         0  (        0 /        0 )  0.00
  inv_pair_2_buf         0  (        0 /        0 )  0.00
 init_drc                     60        0         0         0        0

           Trick     Calls     Accepts   Attempts    Time(secs) 
-----------------------------------------------------------
          plc_st         0  (        0 /        0 )  0.00
        plc_star         0  (        0 /        0 )  0.00
        drc_bufs         0  (        0 /        0 )  0.00
        drc_fopt         0  (        0 /        0 )  0.00
        drc_bufb         0  (        0 /        0 )  0.00
      simple_buf         0  (        0 /        0 )  0.00
             dup         0  (        0 /        0 )  0.00
       crit_dnsz         0  (        0 /        0 )  0.00
       crit_upsz         0  (        0 /        0 )  0.00
       crit_slew         0  (        0 /        0 )  0.00


           Trick     Calls     Accepts   Attempts    Time(secs) 
-----------------------------------------------------------
          plc_st         0  (        0 /        0 )  0.00
        plc_star         0  (        0 /        0 )  0.00
      drc_buf_sp         0  (        0 /        0 )  0.00
        drc_bufs         0  (        0 /        0 )  0.00
        drc_fopt         0  (        0 /        0 )  0.00
        drc_bufb         0  (        0 /        0 )  0.00
      simple_buf         0  (        0 /        0 )  0.00
             dup         0  (        0 /        0 )  0.00
       crit_dnsz         0  (        0 /        0 )  0.00
       crit_upsz         0  (        0 /        0 )  0.00


           Trick     Calls     Accepts   Attempts    Time(secs) 
-----------------------------------------------------------
          plc_st         0  (        0 /        0 )  0.00
        plc_star         0  (        0 /        0 )  0.00
      drc_buf_sp         0  (        0 /        0 )  0.00
        drc_bufs         0  (        0 /        0 )  0.00
        drc_fopt         0  (        0 /        0 )  0.00
        drc_bufb         0  (        0 /        0 )  0.00
             dup         0  (        0 /        0 )  0.00
       crit_dnsz         0  (        0 /        0 )  0.00
       crit_upsz         0  (        0 /        0 )  0.00

 init_tns                     60        0         0         0        0

           Trick     Calls     Accepts   Attempts    Time(secs) 
-----------------------------------------------------------
            fopt         0  (        0 /        0 )  0.00
    plc_bal_star         0  (        0 /        0 )  0.00
     drc_buftimb         0  (        0 /        0 )  0.00
     drc_buftims         0  (        0 /        0 )  0.00
        crit_msz         0  (        0 /        0 )  0.00
       crit_upsz         0  (        0 /        0 )  0.00
   plc_laf_lo_st         0  (        0 /        0 )  0.00
       plc_lo_st         0  (        0 /        0 )  0.00
       crit_swap         0  (        0 /        0 )  0.00
       mux2_swap         0  (        0 /        0 )  0.00
       crit_dnsz         0  (        0 /        0 )  0.00
       load_swap         0  (        0 /        0 )  0.00
            fopt         0  (        0 /        0 )  0.00
        setup_dn         0  (        0 /        0 )  0.00
       load_isol         0  (        0 /        0 )  0.00
       load_isol         0  (        0 /        0 )  0.00
        move_for         0  (        0 /        0 )  0.00
        move_for         0  (        0 /        0 )  0.00
          rem_bi         0  (        0 /        0 )  0.00
         offload         0  (        0 /        0 )  0.00
          rem_bi         0  (        0 /        0 )  0.00
         offload         0  (        0 /        0 )  0.00
       merge_bit         0  (        0 /        0 )  0.00
     merge_idrvr         0  (        0 /        0 )  0.00
     merge_iload         0  (        0 /        0 )  0.00
    merge_idload         0  (        0 /        0 )  0.00
      merge_drvr         0  (        0 /        0 )  0.00
      merge_load         0  (        0 /        0 )  0.00
           phase         0  (        0 /        0 )  0.00
          decomp         0  (        0 /        0 )  0.00
        p_decomp         0  (        0 /        0 )  0.00
        levelize         0  (        0 /        0 )  0.00
        mb_split         0  (        0 /        0 )  0.00
             dup         0  (        0 /        0 )  0.00
      mux_retime         0  (        0 /        0 )  0.00
       crr_local         0  (        0 /        0 )  0.00
         buf2inv         0  (        0 /        0 )  0.00

 init_area                    60        0         0         0        0

           Trick     Calls     Accepts   Attempts    Time(secs) 
-----------------------------------------------------------
           undup         0  (        0 /        0 )  0.00
         rem_buf         0  (        0 /        0 )  0.00
         rem_inv         0  (        0 /        0 )  0.00
        merge_bi         0  (        0 /        0 )  0.00
      rem_inv_qb         0  (        0 /        0 )  0.00
    seq_res_area         2  (        0 /        0 )  0.02
        io_phase         0  (        0 /        0 )  0.00
       gate_comp         0  (        0 /        0 )  0.00
       gcomp_mog         0  (        0 /        0 )  0.00
       glob_area         6  (        0 /        6 )  0.00
       area_down         0  (        0 /        0 )  0.00
      size_n_buf         0  (        0 /        0 )  0.00
  gate_deco_area         0  (        0 /        0 )  0.00
         rem_buf         0  (        0 /        0 )  0.00
         rem_inv         0  (        0 /        0 )  0.00
        merge_bi         0  (        0 /        0 )  0.00
      rem_inv_qb         0  (        0 /        0 )  0.00

 
Incremental optimization status
===============================
                                   Group   
                                  Tot Wrst     Total - - DRC Totals - -
                           Total  Weighted      Neg      Max       Max 
Operation                   Area   Slacks      Slack    Trans      Cap 
 init_delay                   60        0         0         0        0

           Trick     Calls     Accepts   Attempts    Time(secs) 
-----------------------------------------------------------
        crit_msz         0  (        0 /        0 )  0.00
       crit_upsz         0  (        0 /        0 )  0.00
       crit_slew         0  (        0 /        0 )  0.00
        setup_dn         0  (        0 /        0 )  0.00
    plc_bal_star         0  (        0 /        0 )  0.00
     drc_buftimb         0  (        0 /        0 )  0.00
          plc_st         0  (        0 /        0 )  0.00
    plc_st_fence         0  (        0 /        0 )  0.00
        plc_star         0  (        0 /        0 )  0.00
      plc_laf_st         0  (        0 /        0 )  0.00
 plc_laf_st_fence         0  (        0 /        0 )  0.00
     drc_buftims         0  (        0 /        0 )  0.00
   plc_laf_lo_st         0  (        0 /        0 )  0.00
       plc_lo_st         0  (        0 /        0 )  0.00
            fopt         0  (        0 /        0 )  0.00
       crit_swap         0  (        0 /        0 )  0.00
       mux2_swap         0  (        0 /        0 )  0.00
       crit_dnsz         0  (        0 /        0 )  0.00
       load_swap         0  (        0 /        0 )  0.00
            fopt         0  (        0 /        0 )  0.00
        setup_dn         0  (        0 /        0 )  0.00
       load_isol         0  (        0 /        0 )  0.00
       load_isol         0  (        0 /        0 )  0.00
        move_for         0  (        0 /        0 )  0.00
        move_for         0  (        0 /        0 )  0.00
          rem_bi         0  (        0 /        0 )  0.00
         offload         0  (        0 /        0 )  0.00
          rem_bi         0  (        0 /        0 )  0.00
         offload         0  (        0 /        0 )  0.00
           phase         0  (        0 /        0 )  0.00
        in_phase         0  (        0 /        0 )  0.00
       merge_bit         0  (        0 /        0 )  0.00
     merge_idrvr         0  (        0 /        0 )  0.00
     merge_iload         0  (        0 /        0 )  0.00
    merge_idload         0  (        0 /        0 )  0.00
      merge_drvr         0  (        0 /        0 )  0.00
      merge_load         0  (        0 /        0 )  0.00
          decomp         0  (        0 /        0 )  0.00
        p_decomp         0  (        0 /        0 )  0.00
        levelize         0  (        0 /        0 )  0.00
        mb_split         0  (        0 /        0 )  0.00
             dup         0  (        0 /        0 )  0.00
      mux_retime         0  (        0 /        0 )  0.00
         buf2inv         0  (        0 /        0 )  0.00
             exp         0  (        0 /        0 )  0.00
       gate_deco         0  (        0 /        0 )  0.00
       gcomp_tim         0  (        0 /        0 )  0.00
  inv_pair_2_buf         0  (        0 /        0 )  0.00

 init_drc                     60        0         0         0        0

           Trick     Calls     Accepts   Attempts    Time(secs) 
-----------------------------------------------------------
          plc_st         0  (        0 /        0 )  0.00
        plc_star         0  (        0 /        0 )  0.00
        drc_bufs         0  (        0 /        0 )  0.00
        drc_fopt         0  (        0 /        0 )  0.00
        drc_bufb         0  (        0 /        0 )  0.00
      simple_buf         0  (        0 /        0 )  0.00
             dup         0  (        0 /        0 )  0.00
       crit_dnsz         0  (        0 /        0 )  0.00
       crit_upsz         0  (        0 /        0 )  0.00
       crit_slew         0  (        0 /        0 )  0.00


           Trick     Calls     Accepts   Attempts    Time(secs) 
-----------------------------------------------------------
          plc_st         0  (        0 /        0 )  0.00
        plc_star         0  (        0 /        0 )  0.00
        drc_bufs         0  (        0 /        0 )  0.00
        drc_fopt         0  (        0 /        0 )  0.00
        drc_bufb         0  (        0 /        0 )  0.00
      simple_buf         0  (        0 /        0 )  0.00
             dup         0  (        0 /        0 )  0.00
       crit_dnsz         0  (        0 /        0 )  0.00
       crit_upsz         0  (        0 /        0 )  0.00


           Trick     Calls     Accepts   Attempts    Time(secs) 
-----------------------------------------------------------
          plc_st         0  (        0 /        0 )  0.00
        plc_star         0  (        0 /        0 )  0.00
        drc_bufs         0  (        0 /        0 )  0.00
        drc_fopt         0  (        0 /        0 )  0.00
        drc_bufb         0  (        0 /        0 )  0.00
             dup         0  (        0 /        0 )  0.00
       crit_dnsz         0  (        0 /        0 )  0.00
       crit_upsz         0  (        0 /        0 )  0.00

==================================
Stage : incr_opt 
==================================
  =================
   Message Summary
  =================
--------------------------------------------------------------------------------
|     Id     |  Sev   |Count |                  Message Text                   |
--------------------------------------------------------------------------------
| CFM-1      |Info    |    2 |Wrote dofile.                                    |
| CFM-5      |Info    |    1 |Wrote formal verification information.           |
| CFM-209    |Warning |    2 |Multiple LEC pin constraints added to the        |
|            |        |      | dofile.                                         |
|            |        |      |The constraints needed to disable test mode are  |
|            |        |      | not trivial. It is possible that some valid     |
|            |        |      | functional modes will be excluded from the      |
|            |        |      | formal verification process. Review the         |
|            |        |      | constraints to ensure they are all expected and |
|            |        |      | appropriate.                                    |
| CFM-212    |Info    |    2 |Forcing flat compare.                            |
| CPI-506    |Info    |    1 |Command 'commit_power_intent' cannot proceed as  |
|            |        |      | there is no power intent loaded.                |
| DFT-100    |Info    |    4 |Added DFT object.                                |
| DFT-510    |Warning |   10 |Could not find a scan-equivalent cell.           |
|            |        |      |A scan-equivalent cell was not found. A          |
|            |        |      | potential scan-equivalent library cell is       |
|            |        |      | considered not usable if it has a 'dont_use' or |
|            |        |      | a 'dont_touch' attribute set to true in the     |
|            |        |      | .lib files. In this case, set the attribute     |
|            |        |      | 'preserve' to false on the scan library cell    |
|            |        |      | and set the attribute 'avoid' to false on the   |
|            |        |      | scan library cell to make the cell usable.  A   |
|            |        |      | potential scan-equivalent library cell is       |
|            |        |      | excluded if it does not follow the Scan Cell    |
|            |        |      | Requirements described in the 'Library Guide'.  |
|            |        |      | This requires fixing the library.               |
| MAP-32     |Info    |    2 |Relaxed some design requirements on sequential   |
|            |        |      | instances to run synthesis successfully.        |
|            |        |      |To see the list of relaxed sequential instances, |
|            |        |      | set the 'information_level' attribute to 2 or   |
|            |        |      | above. If the message is truncated set the      |
|            |        |      | message attribute 'truncate' to false to see    |
|            |        |      | the complete list.                              |
| PA-7       |Info    |    4 |Resetting power analysis results.                |
|            |        |      |All computed switching activities are removed.   |
| RPT_DP-100 |Warning |    1 |The filename, column and line number information |
|            |        |      | will not be available in the report.            |
|            |        |      |You must set the 'hdl_track_filename_row_col'    |
|            |        |      | attribute to 'true' (before elaborate)          |
|            |        |      | to enable filename, column, and line number     |
|            |        |      | tracking in the datapath report.                |
| SYNTH-5    |Info    |    1 |Done mapping.                                    |
| SYNTH-7    |Info    |    1 |Incrementally optimizing.                        |
--------------------------------------------------------------------------------
Info    : Done incrementally optimizing. [SYNTH-8]
        : Done incrementally optimizing 'mcrb'.
        Applying wireload models.
        Computing net loads.
      flow.cputime  flow.realtime  timing.setup.tns  timing.setup.wns  snapshot
UM:*                                                                   syn_opt
@file(run.tcl) 151: write_snapshot -outdir $_REPORTS_PATH -tag syn_opt
%# Begin write_snapshot (04/03 16:48:23, mem=1077.26M)
%# Begin qos_stats (04/03 16:48:23, mem=1077.26M)
        Computing arrivals and requireds.
%# End qos_stats (04/03 16:48:23, total cpu=13:30:00, real=13:30:00, peak res=289.10M, current mem=1077.26M)


Working Directory = /home/01fe21bec223/DFT_TESSENT/GENUS/work_
QoS Summary for mcrb
================================================================================
Metric                          generic         map             syn_opt        
================================================================================
Slack (ps):                     3,482           2,994           2,994
  R2R (ps):                     3,482           2,994           2,994
  I2R (ps):                     3,934           3,598           3,598
  R2O (ps):                     3,875           3,853           3,853
  I2O (ps):                  no_value        no_value        no_value
  CG  (ps):                  no_value        no_value        no_value
TNS (ps):                           0               0               0
  R2R (ps):                         0               0               0
  I2R (ps):                         0               0               0
  R2O (ps):                         0               0               0
  I2O (ps):                  no_value        no_value        no_value
  CG  (ps):                  no_value        no_value        no_value
Failing Paths:                      0               0               0
Cell Area:                         50              60              60
Total Cell Area:                   50              60              60
Leaf Instances:                    35              23              23
Total Instances:                   35              23              23
Utilization (%):                 0.00            0.00            0.00
Tot. Net Length (um):        no_value        no_value        no_value
Avg. Net Length (um):        no_value        no_value        no_value
Route Overflow H (%):        no_value        no_value        no_value
Route Overflow V (%):        no_value        no_value        no_value
MBCI(%) (bits/gate) :            0.00            0.00            0.00
Norm Cong Hotspot Area:
  Max Cong:                  no_value        no_value        no_value
  Tot Cong:                  no_value        no_value        no_value
================================================================================
CPU  Runtime (h:m:s):        00:30:04        00:30:01        00:30:00
Real Runtime (h:m:s):        00:30:15        00:30:01        00:30:01
CPU  Elapsed (h:m:s):        00:30:06        00:30:07        00:30:07
Real Elapsed (h:m:s):        00:30:17        00:30:18        00:30:19
Memory (MB):                  1072.78         1112.27         1077.26
================================================================================
================================================================================
Flow Settings:
================================================================================
Total Runtime (h:m:s): 00:30:17
Total Memory (MB):     1077.26
Executable Version:    20.11-s111_1
================================================================================
Total Cell Area =  Cell Area + Physical Cell Area
Total Instances =  Leaf Instances + Physical Instances




Only 11 violating paths found
Info    : Joules engine is used. [RPT-16]
        : Joules engine is being used for the command report_gates -power.
Info   : ACTP-0001 [ACTPInfo] Activity propagation started for stim#0 netlist
       : mcrb
Info   : ACTP-0009 [ACTPInfo] Activity Propagation Progress Report :   1%   3%   4%   6%   7%   9%  11%  12%  14%  15%  17%  19%  20%  22%  23%  25%  26%  28%  30%  31%  33%  34%  36%  38%  39%  41%  42%  44%  46%  47%  49%  50%  52%  53%  55%  57%  58%  60%  61%  63%  65%  66%  68%  69%  71%  73%  74%  76%  77%  79%  80%  82%  84%  85%  87%  88%  90%  92%  93%  95%  96%  98% 100%
Info   : ACTP-0001 Activity propagation ended for stim#0
Info   : PWRA-0001 [PwrInfo] compute_power effective options 
       : -mode : vectorless
       : -skip_propagation : 1
       : -frequency_scaling_factor : 1.0
       : -use_clock_freq : stim
       : -stim :/stim#0
       : -fromGenus : 1
Info   : ACTP-0001 Timing initialization started
Info   : ACTP-0001 Timing initialization ended
Info   : PWRA-0002 [PwrInfo] Skipping activity propagation due to -skip_ap
       : option....
Warning: PWRA-0302 [PwrWarn] Frequency scaling is not applicable for vectorless
       : flow. Ignoring frequency scaling.
Warning: PWRA-0304 [PwrWarn] -stim option is not applicable with vectorless mode
       : of power analysis, ignored this option.
Info   : PWRA-0002 Started 'vectorless' power computation.
Info   : PWRA-0002 Finished power computation.
Info   : PWRA-0007 [PwrInfo] Completed successfully.
       : Info=6, Warn=2, Error=0, Fatal=0
Finished exporting design database to file 'reports_Apr03-16:48:20/syn_opt_mcrb.db' for 'mcrb' (command execution time mm:ss cpu = 00:00, real = 00:00).
Finished generating snapshot at stage syn_opt (command execution time mm:ss cpu = 00:00, real = 00:00).
%# End write_snapshot (04/03 16:48:23, total cpu=13:30:00, real=13:30:00, peak res=289.10M, current mem=1078.27M)
@file(run.tcl) 152: report_summary -directory $_REPORTS_PATH


Working Directory = /home/01fe21bec223/DFT_TESSENT/GENUS/work_
QoS Summary for mcrb
================================================================================
Metric                          generic         map             syn_opt        
================================================================================
Slack (ps):                     3,482           2,994           2,994
  R2R (ps):                     3,482           2,994           2,994
  I2R (ps):                     3,934           3,598           3,598
  R2O (ps):                     3,875           3,853           3,853
  I2O (ps):                  no_value        no_value        no_value
  CG  (ps):                  no_value        no_value        no_value
TNS (ps):                           0               0               0
  R2R (ps):                         0               0               0
  I2R (ps):                         0               0               0
  R2O (ps):                         0               0               0
  I2O (ps):                  no_value        no_value        no_value
  CG  (ps):                  no_value        no_value        no_value
Failing Paths:                      0               0               0
Cell Area:                         50              60              60
Total Cell Area:                   50              60              60
Leaf Instances:                    35              23              23
Total Instances:                   35              23              23
Utilization (%):                 0.00            0.00            0.00
Tot. Net Length (um):        no_value        no_value        no_value
Avg. Net Length (um):        no_value        no_value        no_value
Route Overflow H (%):        no_value        no_value        no_value
Route Overflow V (%):        no_value        no_value        no_value
MBCI(%) (bits/gate) :            0.00            0.00            0.00
Norm Cong Hotspot Area:
  Max Cong:                  no_value        no_value        no_value
  Tot Cong:                  no_value        no_value        no_value
================================================================================
CPU  Runtime (h:m:s):        00:30:04        00:30:01        00:30:00
Real Runtime (h:m:s):        00:30:15        00:30:01        00:30:01
CPU  Elapsed (h:m:s):        00:30:06        00:30:07        00:30:07
Real Elapsed (h:m:s):        00:30:17        00:30:18        00:30:19
Memory (MB):                  1072.78         1112.27         1077.26
================================================================================
================================================================================
Flow Settings:
================================================================================
Total Runtime (h:m:s): 00:30:17
Total Memory (MB):     1078.27
Executable Version:    20.11-s111_1
================================================================================
Total Cell Area =  Cell Area + Physical Cell Area
Total Instances =  Leaf Instances + Physical Instances




@file(run.tcl) 153: puts "Runtime & Memory after 'syn_opt'"
Runtime & Memory after 'syn_opt'
@file(run.tcl) 154: time_info OPT
stamp 'OPT' being created for table 'default'

  Total Time (Wall) |  Stage Time (Wall)  |   % (Wall)   |    Date - Time     |  Memory   | Stage
--------------------+---------------------+--------------+--------------------+-----------+----------------------
 00:00:02(00:00:00) |  00:00:00(00:00:00) |   0.0(  0.0) |   16:48:06 (Apr03) |  189.7 MB | init
--------------------+---------------------+--------------+--------------------+-----------+----------------------
 00:00:05(00:00:14) |  00:00:03(00:00:14) |  60.4( 82.4) |   16:48:20 (Apr03) |  289.1 MB | Elaboration
--------------------+---------------------+--------------+--------------------+-----------+----------------------
 00:00:05(00:00:15) |  00:00:00(00:00:01) |  19.9(  5.9) |   16:48:21 (Apr03) |  289.1 MB | GENERIC
--------------------+---------------------+--------------+--------------------+-----------+----------------------
 00:00:06(00:00:16) |  00:00:00(00:00:01) |  19.7(  5.9) |   16:48:22 (Apr03) |  289.1 MB | MAPPED
--------------------+---------------------+--------------+--------------------+-----------+----------------------
 00:00:06(00:00:17) |  00:00:00(00:00:01) |  -0.0(  5.9) |   16:48:23 (Apr03) |  289.1 MB | OPT
--------------------+---------------------+--------------+--------------------+-----------+----------------------
Number of threads: 8 * 1   (id: default, time_info v1.57)
Info: (*N*) indicates data that was populated from previously saved time_info database
Info: CPU time includes time of parent + longest thread
@file(run.tcl) 156: foreach cg [vfind / -cost_group *] {
    report_timing -group [list $cg] > $_REPORTS_PATH/${DESIGN}_[vbasename $cg]_post_opt.rpt
}
@file(run.tcl) 165: check_dft_rules -advanced
FlexNet Licensing checkout error: Cannot read data from license server system.
 The license server system appears to be running, but is not
responding.  If this persists, notify the System Administrator.
(The license server manager (lmgrd) and vendor daemon processes
should be terminated and restarted.)
Feature:       Modus_DFT_Opt
Hostname:      14.139.1.126
License path:  5280@14.139.1.126:
FlexNet Licensing error:-16,287
For further information, refer to the FlexNet Licensing documentation,
available at "www.flexerasoftware.com".
license file(s):  5280@14.139.1.126
FlexNet Licensing checkout error: Cannot read data from license server system.
 The license server system appears to be running, but is not
responding.  If this persists, notify the System Administrator.
(The license server manager (lmgrd) and vendor daemon processes
should be terminated and restarted.)
Feature:       Modus_DFT_Opt
Hostname:      14.139.1.126
License path:  5280@14.139.1.126:
FlexNet Licensing error:-16,287
For further information, refer to the FlexNet Licensing documentation,
available at "www.flexerasoftware.com".
license file(s):  5280@14.139.1.126
FlexNet Licensing checkout error: Cannot read data from license server system.
 The license server system appears to be running, but is not
responding.  If this persists, notify the System Administrator.
(The license server manager (lmgrd) and vendor daemon processes
should be terminated and restarted.)
Feature:       Modus_DFT_Opt
Hostname:      14.139.1.126
License path:  5280@14.139.1.126:
FlexNet Licensing error:-16,287
For further information, refer to the FlexNet Licensing documentation,
available at "www.flexerasoftware.com".
license file(s):  5280@14.139.1.126
FlexNet Licensing checkout error: Cannot read data from license server system.
 The license server system appears to be running, but is not
responding.  If this persists, notify the System Administrator.
(The license server manager (lmgrd) and vendor daemon processes
should be terminated and restarted.)
Feature:       Modus_DFT_Opt
Hostname:      14.139.1.126
License path:  5280@14.139.1.126:
FlexNet Licensing error:-16,287
For further information, refer to the FlexNet Licensing documentation,
available at "www.flexerasoftware.com".
license file(s):  5280@14.139.1.126
FlexNet Licensing checkout error: Cannot read data from license server system.
 The license server system appears to be running, but is not
responding.  If this persists, notify the System Administrator.
(The license server manager (lmgrd) and vendor daemon processes
should be terminated and restarted.)
Feature:       Modus_LBIST_Opt
Hostname:      14.139.1.126
License path:  5280@14.139.1.126:
FlexNet Licensing error:-16,287
For further information, refer to the FlexNet Licensing documentation,
available at "www.flexerasoftware.com".
license file(s):  5280@14.139.1.126
FlexNet Licensing checkout error: Cannot read data from license server system.
 The license server system appears to be running, but is not
responding.  If this persists, notify the System Administrator.
(The license server manager (lmgrd) and vendor daemon processes
should be terminated and restarted.)
Feature:       Modus_LBIST_Opt
Hostname:      14.139.1.126
License path:  5280@14.139.1.126:
FlexNet Licensing error:-16,287
For further information, refer to the FlexNet Licensing documentation,
available at "www.flexerasoftware.com".
license file(s):  5280@14.139.1.126
FlexNet Licensing checkout error: Cannot read data from license server system.
 The license server system appears to be running, but is not
responding.  If this persists, notify the System Administrator.
(The license server manager (lmgrd) and vendor daemon processes
should be terminated and restarted.)
Feature:       Modus_LBIST_Opt
Hostname:      14.139.1.126
License path:  5280@14.139.1.126:
FlexNet Licensing error:-16,287
For further information, refer to the FlexNet Licensing documentation,
available at "www.flexerasoftware.com".
license file(s):  5280@14.139.1.126
FlexNet Licensing checkout error: Cannot connect to license server system.
 The license server manager (lmgrd) has not been started yet,
 the wrong port@host or license file is being used, or the
 port or hostname in the license file has been changed.
Feature:       Modus_LBIST_Opt
Server name:   14.139.1.126
License path:  5280@14.139.1.126:
FlexNet Licensing error:-15,570.  System Error: 115 "Operation now in progress"
For further information, refer to the FlexNet Licensing documentation,
available at "www.flexerasoftware.com".
license file(s):  5280@14.139.1.126
FlexNet Licensing checkout error: Cannot connect to license server system.
 The license server manager (lmgrd) has not been started yet,
 the wrong port@host or license file is being used, or the
 port or hostname in the license file has been changed.
Feature:       Test_Design_Verification
Server name:   14.139.1.126
License path:  5280@14.139.1.126:
FlexNet Licensing error:-15,570.  System Error: 115 "Operation now in progress"
For further information, refer to the FlexNet Licensing documentation,
available at "www.flexerasoftware.com".
license file(s):  5280@14.139.1.126
FlexNet Licensing checkout error: Cannot connect to license server system.
 The license server manager (lmgrd) has not been started yet,
 the wrong port@host or license file is being used, or the
 port or hostname in the license file has been changed.
Feature:       Test_Design_Verification
Server name:   14.139.1.126
License path:  5280@14.139.1.126:
FlexNet Licensing error:-15,570.  System Error: 115 "Operation now in progress"
For further information, refer to the FlexNet Licensing documentation,
available at "www.flexerasoftware.com".
license file(s):  5280@14.139.1.126
FlexNet Licensing checkout error: Cannot connect to license server system.
 The license server manager (lmgrd) has not been started yet,
 the wrong port@host or license file is being used, or the
 port or hostname in the license file has been changed.
Feature:       Test_Design_Verification
Server name:   14.139.1.126
License path:  5280@14.139.1.126:
FlexNet Licensing error:-15,570.  System Error: 115 "Operation now in progress"
For further information, refer to the FlexNet Licensing documentation,
available at "www.flexerasoftware.com".
license file(s):  5280@14.139.1.126
FlexNet Licensing checkout error: Cannot connect to license server system.
 The license server manager (lmgrd) has not been started yet,
 the wrong port@host or license file is being used, or the
 port or hostname in the license file has been changed.
Feature:       Test_Design_Verification
Server name:   14.139.1.126
License path:  5280@14.139.1.126:
FlexNet Licensing error:-15,570.  System Error: 115 "Operation now in progress"
For further information, refer to the FlexNet Licensing documentation,
available at "www.flexerasoftware.com".
license file(s):  5280@14.139.1.126
FlexNet Licensing checkout error: Cannot connect to license server system.
 The license server manager (lmgrd) has not been started yet,
 the wrong port@host or license file is being used, or the
 port or hostname in the license file has been changed.
Feature:       Enc_Test_LBIST_option
Server name:   14.139.1.126
License path:  5280@14.139.1.126:
FlexNet Licensing error:-15,570.  System Error: 115 "Operation now in progress"
For further information, refer to the FlexNet Licensing documentation,
available at "www.flexerasoftware.com".
license file(s):  5280@14.139.1.126
FlexNet Licensing checkout error: Cannot connect to license server system.
 The license server manager (lmgrd) has not been started yet,
 the wrong port@host or license file is being used, or the
 port or hostname in the license file has been changed.
Feature:       Enc_Test_LBIST_option
Server name:   14.139.1.126
License path:  5280@14.139.1.126:
FlexNet Licensing error:-15,570.  System Error: 115 "Operation now in progress"
For further information, refer to the FlexNet Licensing documentation,
available at "www.flexerasoftware.com".
license file(s):  5280@14.139.1.126
FlexNet Licensing checkout error: Cannot connect to license server system.
 The license server manager (lmgrd) has not been started yet,
 the wrong port@host or license file is being used, or the
 port or hostname in the license file has been changed.
Feature:       Enc_Test_LBIST_option
Server name:   14.139.1.126
License path:  5280@14.139.1.126:
FlexNet Licensing error:-15,570.  System Error: 115 "Operation now in progress"
For further information, refer to the FlexNet Licensing documentation,
available at "www.flexerasoftware.com".
license file(s):  5280@14.139.1.126
FlexNet Licensing checkout error: Cannot connect to license server system.
 The license server manager (lmgrd) has not been started yet,
 the wrong port@host or license file is being used, or the
 port or hostname in the license file has been changed.
Feature:       Enc_Test_LBIST_option
Server name:   14.139.1.126
License path:  5280@14.139.1.126:
FlexNet Licensing error:-15,570.  System Error: 115 "Operation now in progress"
For further information, refer to the FlexNet Licensing documentation,
available at "www.flexerasoftware.com".
license file(s):  5280@14.139.1.126
FlexNet Licensing checkout error: Cannot connect to license server system.
 The license server manager (lmgrd) has not been started yet,
 the wrong port@host or license file is being used, or the
 port or hostname in the license file has been changed.
Feature:       Encounter_Test_Architect
Server name:   14.139.1.126
License path:  5280@14.139.1.126:
FlexNet Licensing error:-15,570.  System Error: 115 "Operation now in progress"
For further information, refer to the FlexNet Licensing documentation,
available at "www.flexerasoftware.com".
license file(s):  5280@14.139.1.126
FlexNet Licensing checkout error: No such feature exists.
Feature:       Encounter_Test_Architect
License path:  5280@14.139.1.126:
FlexNet Licensing error:-5,147.  System Error: 2 "No such file or directory"
For further information, refer to the FlexNet Licensing documentation,
available at "www.flexerasoftware.com".
license file(s):  5280@14.139.1.126
FlexNet Licensing checkout error: No such feature exists.
Feature:       Encounter_Test_Architect
License path:  5280@14.139.1.126:
FlexNet Licensing error:-5,147.  System Error: 2 "No such file or directory"
For further information, refer to the FlexNet Licensing documentation,
available at "www.flexerasoftware.com".
license file(s):  5280@14.139.1.126
Error   : License checkout failed. [TUI-315] [check_dft_rules]
        : No suitable license was found to enable a DFT Modus Opt feature.
        : If the Modus_DFT_Opt license is not available, the tool will additionally attempt to check out the Modus_LBIST_Opt option to enable the feature.
Error   : Could not obtain the required license. [DFT-142] [check_dft_rules]
        : The '-advanced' option for 'check_dft_rules' command requires a Modus_DFT_Opt license.
        : A command or option requires a license that could not be obtained.
#@ End verbose source ./run.tcl
1
@genus:root: 2> 
@genus:root: 2> exit
Normal exit.