Cadence Genus(TM) Synthesis Solution.
Copyright 2021 Cadence Design Systems, Inc. All rights reserved worldwide.
Cadence and the Cadence logo are registered trademarks and Genus is a trademark
of Cadence Design Systems, Inc. in the United States and other countries.

Version: 20.11-s111_1, built Mon Apr 26 02:27:38 PDT 2021
Options: -files run_synthesis.tcl 
Date:    Mon Apr 14 12:54:54 2025
Host:    APL10.kletech.ac.in (x86_64 w/Linux 4.18.0-553.47.1.el8_10.x86_64) (6cores*12cpus*1physical cpu*12th Gen Intel(R) Core(TM) i5-12500 18432KB) (32336152KB)
PID:     14021
OS:      Red Hat Enterprise Linux release 8.10 (Ootpa)

Checkout succeeded: Genus_Synthesis/EF29107615D411912BD3
	License file: 5280@14.139.1.126
	License Server: 5280@14.139.1.126
Checking out license: Genus_Synthesis


***********************************************************************************************************
***********************************************************************************************************



Loading tool scripts...
Finished loading tool scripts (5 seconds elapsed).

#@ Processing -files option
@genus 1> source run_synthesis.tcl
#@ Begin verbose source ./run_synthesis.tcl
@file(run_synthesis.tcl) 1: set DATE [clock format [clock seconds] -format "%b%d-%T"]
@file(run_synthesis.tcl) 2: read_libs ../TECHFILES/NangateOpenCellLibrary_slow_conditional_ccs.lib

Threads Configured:3

  Message Summary for Library NangateOpenCellLibrary_slow_conditional_ccs.lib:
  ****************************************************************************
  An unsupported construct was detected in this library. [LBR-40]: 7
  ****************************************************************************
 
Info    : Created nominal operating condition. [LBR-412]
        : Operating condition '_nominal_' was created for the PVT values (1.000000, 0.950000, 125.000000) in library 'NangateOpenCellLibrary_slow_conditional_ccs.lib'.
        : The nominal operating condition is represented, either by the nominal PVT values specified in the library source (via nom_process,nom_voltage and nom_temperature respectively), or by the default PVT values (1.0,1.0,1.0).
Warning : Library cell has no output pins defined. [LBR-9]
        : Library cell 'ANTENNA_X1' must have an output pin.
        : Add the missing output pin(s), then reload the library. Else the library cell will be marked as timing model i.e. unusable. Timing_model means that the cell does not have any defined function. If there is no output pin, Genus will mark library cell as unusable i.e. the attribute 'usable' will be marked to 'false' on the libcell. Therefore, the cell is not used for mapping and it will not be picked up from the library for synthesis. If you query the attribute 'unusable_reason' on the libcell; result will be: 'Library cell has no output pins.'Note: The message LBR-9 is only for the logical pins and not for the power_ground pins. Genus will depend upon the output function defined in the pin group (output pin) of the cell, to use it for mapping. The pg_pin will not have any function defined.
Warning : Library cell has no output pins defined. [LBR-9]
        : Library cell 'ANTENNA_X1' must have an output pin.
Warning : Library cell has no output pins defined. [LBR-9]
        : Library cell 'FILLCELL_X1' must have an output pin.
Warning : Library cell has no output pins defined. [LBR-9]
        : Library cell 'FILLCELL_X1' must have an output pin.
Warning : Library cell has no output pins defined. [LBR-9]
        : Library cell 'FILLCELL_X16' must have an output pin.
Warning : Library cell has no output pins defined. [LBR-9]
        : Library cell 'FILLCELL_X16' must have an output pin.
Warning : Library cell has no output pins defined. [LBR-9]
        : Library cell 'FILLCELL_X2' must have an output pin.
Warning : Library cell has no output pins defined. [LBR-9]
        : Library cell 'FILLCELL_X2' must have an output pin.
Warning : Library cell has no output pins defined. [LBR-9]
        : Library cell 'FILLCELL_X32' must have an output pin.
Warning : Library cell has no output pins defined. [LBR-9]
        : Library cell 'FILLCELL_X32' must have an output pin.
Warning : Library cell has no output pins defined. [LBR-9]
        : Library cell 'FILLCELL_X4' must have an output pin.
Warning : Library cell has no output pins defined. [LBR-9]
        : Library cell 'FILLCELL_X4' must have an output pin.
Warning : Library cell has no output pins defined. [LBR-9]
        : Library cell 'FILLCELL_X8' must have an output pin.
Warning : Library cell has no output pins defined. [LBR-9]
        : Library cell 'FILLCELL_X8' must have an output pin.
@file(run_synthesis.tcl) 3: read_hdl ../RTL/counter.v
@file(run_synthesis.tcl) 4: elaborate
Warning : Non-monotonic wireload model found. [LBR-81]
        : 'Length' table in wireload model '3K_hvratio_1_2' is non-monotonic.
        : Non-monotonic wireload models can cause problems during synthesis and/or mapping.  Raising some of the points in the curve to give it a monotonic shape.
Warning : Non-monotonic wireload model found. [LBR-81]
        : 'Length' table in wireload model '3K_hvratio_1_2' is non-monotonic.
Warning : Non-monotonic wireload model found. [LBR-81]
        : 'Length' table in wireload model '3K_hvratio_1_2' is non-monotonic.
Info    : Elaborating Design. [ELAB-1]
        : Elaborating top-level block 'counter' from file '../RTL/counter.v'.
Warning : Using default parameter value for module elaboration. [CDFG-818]
        : Elaborating block 'counter' with default parameters value.
Info    : Done Elaborating Design. [ELAB-3]
        : Done elaborating 'counter'.
Checking for analog nets...
Check completed for analog nets.
Checking for source RTL...
Check completed for source RTL.
Running Unified Mux Engine Tricks...
Completed Unified Mux Engine Tricks
--------------------------------------------------------
| Trick             | Accepts | Rejects | Runtime (ms) | 
--------------------------------------------------------
| ume_constant_bmux |       0 |       0 |         0.00 | 
--------------------------------------------------------
Starting clip mux common data inputs [v1.0] (stage: post_elab, startdef: counter, recur: true)
Completed clip mux common data inputs (accepts: 0, rejects: 0, runtime: 0.000s)
Starting clip the non-user hierarchies [v2.0] (stage: post_elab, startdef: counter, recur: true)
Completed clip the non-user hierarchies (accepts: 0, rejects: 0, runtime: 0.000s)
UM:   flow.cputime  flow.realtime  timing.setup.tns  timing.setup.wns  snapshot
UM:*                                                                   elaborate
@file(run_synthesis.tcl) 5: set_top_module
@file(run_synthesis.tcl) 6: check_design -unresolved


 	 Check Design Report (c)
	 ------------------- 

  Unresolved References & Empty Modules
  ------------------------------------- 
No unresolved references in design 'counter'

No empty modules in design 'counter'

  Done Checking the design.
@file(run_synthesis.tcl) 7: create_clock -name clk -period 5 [get_ports clk]
@file(run_synthesis.tcl) 8: if {[llength [all_registers]] > 0} { 
  define_cost_group -name I2C -design counter
  define_cost_group -name C2O -design counter
  define_cost_group -name C2C -design counter
  path_group -from [all_registers] -to [all_registers] -group C2C -name C2C
  path_group -from [all_registers] -to [all_outputs] -group C2O -name C2O
  path_group -from [all_inputs]  -to [all_registers] -group I2C -name I2C
}
@file(run_synthesis.tcl) 16: define_cost_group -name I2O -design counter
@file(run_synthesis.tcl) 17: path_group -from [all_inputs]  -to [all_outputs] -group I2O -name I2O
@file(run_synthesis.tcl) 18: foreach cg [vfind / -cost_group *] {
  report_timing -group [list $cg] >> ./OUTPUTS_${DATE}/REPORTS_${DATE}/counter_pretim.rpt
}
@file(run_synthesis.tcl) 21: set_db syn_generic_effort medium
  Setting attribute of root '/': 'syn_generic_effort' = medium
@file(run_synthesis.tcl) 22: set_db syn_map_effort medium
  Setting attribute of root '/': 'syn_map_effort' = medium
@file(run_synthesis.tcl) 23: set_db syn_opt_effort medium
  Setting attribute of root '/': 'syn_opt_effort' = medium
@file(run_synthesis.tcl) 24: syn_generic
##Generic Timing Info for library domain: _default_ typical gate delay: 133.0 ps std_slew: 19.0 ps std_load: 1.8 fF
Starting mux data reorder optimization [v1.0] (stage: pre_to_gen_setup, startdef: counter, recur: true)
Completed mux data reorder optimization (accepts: 0, rejects: 0, runtime: 0.001s)
Info    : Synthesizing. [SYNTH-1]
        : Synthesizing 'counter' to generic gates using 'medium' effort.
PBS_Generic-Start - Elapsed_Time 0, CPU_Time 0.0
stamp 'PBS_Generic-Start' being created for table 'pbs_debug'

  Total Time (Wall) |  Stage Time (Wall)  |   % (Wall)   |    Date - Time     |  Memory   | Stage
--------------------+---------------------+--------------+--------------------+-----------+----------------------
 00:00:05(00:00:03) |  00:00:00(00:00:00) |   0.0(  0.0) |   12:55:00 (Apr14) |  359.7 MB | PBS_Generic-Start
--------------------+---------------------+--------------+--------------------+-----------+----------------------
Number of threads: 8 * 1   (id: pbs_debug, time_info v1.57)
Info: (*N*) indicates data that was populated from previously saved time_info database
Info: CPU time includes time of parent + longest thread
TNS Restructuring config: no_value at stage: generic applied.
Info    : Partition Based Synthesis execution skipped. [PHYS-752]
        : Design size is less than the partition size '100000' for distributed generic optimization to kick in.
Starting mux data reorder optimization [v1.0] (stage: pre_to_gen_setup, startdef: counter, recur: true)
Completed mux data reorder optimization (accepts: 0, rejects: 0, runtime: 0.000s)
Starting mux data reorder optimization [v1.0] (stage: post_to_gen_setup, startdef: counter, recur: true)
Completed mux data reorder optimization (accepts: 0, rejects: 0, runtime: 0.000s)
Running Unified Mux Engine Tricks...
Completed Unified Mux Engine Tricks
--------------------------------------------
| Trick | Accepts | Rejects | Runtime (ms) | 
--------------------------------------------
--------------------------------------------
Starting infer macro optimization [v1.0] (stage: pre_rtlopt, startdef: counter, recur: true)
Completed infer macro optimization (accepts: 0, rejects: 0, runtime: 0.000s)
Starting decode mux sandwich optimization [v2.0] (stage: pre_rtlopt, startdef: counter, recur: true)
Completed decode mux sandwich optimization (accepts: 0, rejects: 0, runtime: 0.000s)
Starting decode mux optimization [v1.0] (stage: pre_rtlopt, startdef: counter, recur: true)
Completed decode mux optimization (accepts: 0, rejects: 0, runtime: 0.000s)
Starting chop wide muxes [v1.0] (stage: pre_rtlopt, startdef: counter, recur: true)
Completed chop wide muxes (accepts: 0, rejects: 0, runtime: 0.000s)
Starting common data mux cascade opt [v1.0] (stage: pre_rtlopt, startdef: counter, recur: true)
Completed common data mux cascade opt (accepts: 0, rejects: 0, runtime: 0.000s)
Starting mux input consolidation [v1.0] (stage: pre_rtlopt, startdef: counter, recur: true)
Completed mux input consolidation (accepts: 0, rejects: 0, runtime: 0.000s)
Starting priority mux optimization [v1.0] (stage: pre_rtlopt, startdef: counter, recur: true)
Completed priority mux optimization (accepts: 0, rejects: 0, runtime: 0.010s)
Starting constant-data mux optimization [v1.0] (stage: pre_rtlopt, startdef: counter, recur: true)
Completed constant-data mux optimization (accepts: 0, rejects: 0, runtime: 0.000s)
Starting chain-to-tree inequality transform [v2.0] (stage: pre_rtlopt, startdef: counter, recur: true)
Completed chain-to-tree inequality transform (accepts: 0, rejects: 0, runtime: 0.000s)
Starting reconvergence optimization [v1.0] (stage: pre_rtlopt, startdef: counter, recur: true)
Completed reconvergence optimization (accepts: 0, rejects: 0, runtime: 0.000s)
Starting logic restructure optimization [v1.0] (stage: pre_rtlopt, startdef: counter, recur: true)
Completed logic restructure optimization (accepts: 0, rejects: 0, runtime: 0.000s)
Starting common select mux optimization [v1.0] (stage: pre_rtlopt, startdef: counter, recur: true)
Completed common select mux optimization (accepts: 0, rejects: 0, runtime: 0.000s)
Starting identity transform [v3.0] (stage: pre_rtlopt, startdef: counter, recur: true)
Completed identity transform (accepts: 0, rejects: 0, runtime: 0.000s)
Starting reduce operator chain [v1.0] (stage: pre_rtlopt, startdef: counter, recur: true)
Completed reduce operator chain (accepts: 0, rejects: 0, runtime: 0.000s)
Starting common data mux cascade opt [v1.0] (stage: pre_rtlopt, startdef: counter, recur: true)
Completed common data mux cascade opt (accepts: 0, rejects: 0, runtime: 0.000s)
Starting mux input consolidation [v1.0] (stage: pre_rtlopt, startdef: counter, recur: true)
Completed mux input consolidation (accepts: 0, rejects: 0, runtime: 0.000s)
Starting optimize datapath elements [v1.0] (stage: pre_rtlopt, startdef: counter, recur: true)
Completed optimize datapath elements (accepts: 0, rejects: 0, runtime: 0.000s)
Starting clip mux common data inputs [v1.0] (stage: pre_rtlopt, startdef: counter, recur: true)
Completed clip mux common data inputs (accepts: 0, rejects: 0, runtime: 0.000s)
Starting clip the non-user hierarchies [v2.0] (stage: pre_rtlopt, startdef: counter, recur: true)
Completed clip the non-user hierarchies (accepts: 0, rejects: 0, runtime: 0.000s)
Running Unified Mux Engine Tricks...
Completed Unified Mux Engine Tricks
--------------------------------------------
| Trick | Accepts | Rejects | Runtime (ms) | 
--------------------------------------------
--------------------------------------------
Number of big hc bmuxes before = 0
Info    : Pre-processed datapath logic. [DPOPT-6]
        : No pre-processing optimizations applied to datapath logic in 'counter'.
Info    : Optimizing datapath logic. [DPOPT-1]
        : Optimizing datapath logic in 'counter'.
Info    : Implementing datapath configurations. [DPOPT-3]
        : Implementing datapath configurations for 'CDN_DP_region_0_0'
CSAGen Prep Share:0 Re-Write:0 Speculation: 0
MaxCSA: Successfully built Maximal CSA Expression Expr0
CDN_DP_region_0_0 level = 0 loads = 0 drivers = 0
CDN_DP_region_0_0_c0 in counter: area: 233568900 ,dp = 2 mux = 1 sg = slow         worst_clk_period: -4592024818112686007544091371623043813004152832110781083474987530434548819765321140516579626654680392906110065126800729164270879694187219469955113378228855615075034128434092163310164542077600748578610244716643515416258676369934689095608681774610783372403276652660868448931282944.0000 
    wns: 0  norm_wns:  0.0000 
    fail_endp: 0 
    tns:  0  tns_per_endp:  0.0000   norm_tns_per_endp:  0.0000 
    tns_sense_max:  0.0000  tns_sense_avg:  0.0000   tns_sense_num: 0
 skipped
CDN_DP_region_0_0_c1 in counter: area: 195880500 ,dp = 2 mux = 1 sg = fast         worst_clk_period: 0.0000 
    wns: 0  norm_wns:  0.0000 
    fail_endp: 0 
    tns:  0  tns_per_endp:  0.0000   norm_tns_per_endp:  0.0000 
    tns_sense_max:  0.0000  tns_sense_avg:  0.0000   tns_sense_num: 0
 is current best
CDN_DP_region_0_0_c2 in counter: area: 195880500 ,dp = 2 mux = 1 sg = very_slow    worst_clk_period: 0.0000 
    wns: 0  norm_wns:  0.0000 
    fail_endp: 0 
    tns:  0  tns_per_endp:  0.0000   norm_tns_per_endp:  0.0000 
    tns_sense_max:  0.0000  tns_sense_avg:  0.0000   tns_sense_num: 0
 is current best
CDN_DP_region_0_0_c3 in counter: area: 195880500 ,dp = 2 mux = 1 sg = very_fast    worst_clk_period: 0.0000 
    wns: 0  norm_wns:  0.0000 
    fail_endp: 0 
    tns:  0  tns_per_endp:  0.0000   norm_tns_per_endp:  0.0000 
    tns_sense_max:  0.0000  tns_sense_avg:  0.0000   tns_sense_num: 0
 is current best
CDN_DP_region_0_0_c4 in counter: area: 195880500 ,dp = 2 mux = 1 sg = very_fast    worst_clk_period: 0.0000 
    wns: 0  norm_wns:  0.0000 
    fail_endp: 0 
    tns:  0  tns_per_endp:  0.0000   norm_tns_per_endp:  0.0000 
    tns_sense_max:  0.0000  tns_sense_avg:  0.0000   tns_sense_num: 0
 is current best
CDN_DP_region_0_0_c5 in counter: area: 195880500 ,dp = 2 mux = 1 sg = very_fast    worst_clk_period: 0.0000 
    wns: 0  norm_wns:  0.0000 
    fail_endp: 0 
    tns:  0  tns_per_endp:  0.0000   norm_tns_per_endp:  0.0000 
    tns_sense_max:  0.0000  tns_sense_avg:  0.0000   tns_sense_num: 0
 is current best
CDN_DP_region_0_0_c6 in counter: area: 195880500 ,dp = 2 mux = 1 sg = very_fast    worst_clk_period: 0.0000 
    wns: 0  norm_wns:  0.0000 
    fail_endp: 0 
    tns:  0  tns_per_endp:  0.0000   norm_tns_per_endp:  0.0000 
    tns_sense_max:  0.0000  tns_sense_avg:  0.0000   tns_sense_num: 0
 is current best
CDN_DP_region_0_0_c7 in counter: area: 561854700 ,dp = 2 mux = 1 sg = very_fast    worst_clk_period: 0.0000 
    wns: 0  norm_wns:  0.0000 
    fail_endp: 0 
    tns:  0  tns_per_endp:  0.0000   norm_tns_per_endp:  0.0000 
    tns_sense_max:  0.0000  tns_sense_avg:  0.0000   tns_sense_num: 0

Best config: CDN_DP_region_0_0_c6 in counter: area: 195880500 ,dp = 2 mux = 1 sg = very_fast    worst_clk_period: 0.0000 
    wns: 0  norm_wns:  0.0000 
    fail_endp: 0 
    tns:  0  tns_per_endp:  0.0000   norm_tns_per_endp:  0.0000 
    tns_sense_max:  0.0000  tns_sense_avg:  0.0000   tns_sense_num: 0
  Smallest config area : 195880500.  Fastest config wns;  0
##>+----------------------------------------------------------------------------------------------------------------------------------------------------------------+
##>Summary table of configs (Best config is CDN_DP_region_0_0_c6)
##>+----------------------------------------------------------------------------------------------------------------------------------------------------------------+
##>                     0                  1                  2                  3                  4                  5                  6                  7            
##>+----------------------------------------------------------------------------------------------------------------------------------------------------------------+
##>           Area        233568900          195880500          195880500          195880500          195880500          195880500          195880500          561854700  
##>            WNS         +2690.90           +2804.70           +2804.70           +2804.70           +2804.70           +2804.70           +2804.70           +2130.20  
##>            TNS                0                  0                  0                  0                  0                  0                  0                  0  
##>    Num Rewrite                0                  0                  0                  0                  0                  0                  0                  0  
##>     Num Factor                0                  0                  0                  0                  0                  0                  0                  0  
##>      Num Share                0                  0                  0                  0                  0                  0                  0                  0  
##>   Num CmultCse                0                  0                  0                  0                  0                  0                  0                  0  
##>   Num Downsize                0                  0                  0                  0                  0                  0                  0                  0  
##>  Num Speculate                0                  0                  0                  0                  0                  0                  0                  0  
##>     Runtime(s)                0                  0                  0                  0                  0                  0                  0                  0  
+----------------------------------------------------------------------------------------------------------------------------------------------------------------+
##>
##>
##>+------------------------------------------------------------------------------------------------------------------------------------------------------------+
##>Optimization Step DEBUG Table for config CDN_DP_region_0_0_c6
##>
##>                          Step                        Area   ( % Chg)        WNS (Change)        TNS (Change)          Runtime (s)        Comment                   
##>+------------------------------------------------------------------------------------------------------------------------------------------------------------+
##>createMaxCarrySave              START              233568900 (      )    107376873.30 (        )             0 (        )              
##> datapath_rewrite_one_def       START              233568900 ( +0.00)    107376873.30 (   +0.00)             0 (       0)              
##>  fast_cse_elim                 START              233568900 ( +0.00)    107376873.30 (   +0.00)             0 (       0)              
##>                                  END              233568900 ( +0.00)    107376873.30 (   +0.00)             0 (       0)           0  
##>  fast_cse_elim                 START              233568900 ( +0.00)    107376873.30 (   +0.00)             0 (       0)              
##>                                  END              233568900 ( +0.00)    107376873.30 (   +0.00)             0 (       0)           0  
##>                                  END              233568900 ( +0.00)    107376873.30 (   +0.00)             0 (       0)           0  
##> dpopt_share_one_def            START              233568900 ( +0.00)    107376873.30 (   +0.00)             0 (       0)              
##>                                  END              233568900 ( +0.00)    107376873.30 (   +0.00)             0 (       0)           0  
##> csa_opto                       START              233568900 ( +0.00)    214748364.70 (+107371491.40)             0 (       0)              
##>                                  END              217700100 ( -6.79)    214748364.70 (   +0.00)             0 (       0)           0  
##>                                  END              217700100 ( -6.79)    214748364.70 (+107371491.40)             0 (       0)           0  
##>canonicalize_by_names           START              217700100 ( +0.00)    214748364.70 (   +0.00)             0 (       0)              
##>                                  END              217700100 ( +0.00)    214748364.70 (   +0.00)             0 (       0)           0  
##>datapath_rewrite_post_csa_one_  START              217700100 ( +0.00)    214748364.70 (   +0.00)             0 (       0)              
##>                                  END              217700100 ( +0.00)    214748364.70 (   +0.00)             0 (       0)           0  
##>datapath_csa_factoring_one_gde  START              217700100 ( +0.00)    214748364.70 (   +0.00)             0 (       0)              
##>                                  END              217700100 ( +0.00)    214748364.70 (   +0.00)             0 (       0)           0  
##>dpopt_share_one_def             START              217700100 ( +0.00)    214748364.70 (   +0.00)             0 (       0)              
##>                                  END              217700100 ( +0.00)    214748364.70 (   +0.00)             0 (       0)           0  
##>datapath_rewrite_post_share     START              217700100 ( +0.00)    214748364.70 (   +0.00)             0 (       0)              
##>                                  END              217700100 ( +0.00)    214748364.70 (   +0.00)             0 (       0)           0  
##>dp_combine_const_mult_with_com  START              217700100 ( +0.00)    214748364.70 (   +0.00)             0 (       0)              
##>                                  END              217700100 ( +0.00)    214748364.70 (   +0.00)             0 (       0)           0  
##>dp_operator_level_decompositio  START              217700100 ( +0.00)    214748364.70 (   +0.00)             0 (       0)              
##>                                  END              217700100 ( +0.00)    214748364.70 (   +0.00)             0 (       0)           0  
##>selective_flatten_dp_config     START              217700100 ( +0.00)    214748364.70 (   +0.00)             0 (       0)              
##>                                  END              217700100 ( +0.00)    214748364.70 (   +0.00)             0 (       0)           0  
##>createMaxCarrySave              START              217700100 ( +0.00)    214748364.70 (   +0.00)             0 (       0)              
##> datapath_rewrite_one_def       START              217700100 ( +0.00)    214748364.70 (   +0.00)             0 (       0)              
##>  fast_cse_elim                 START              217700100 ( +0.00)    214748364.70 (   +0.00)             0 (       0)              
##>                                  END              217700100 ( +0.00)    214748364.70 (   +0.00)             0 (       0)           0  
##>  fast_cse_elim                 START              217700100 ( +0.00)    214748364.70 (   +0.00)             0 (       0)              
##>                                  END              217700100 ( +0.00)    214748364.70 (   +0.00)             0 (       0)           0  
##>                                  END              217700100 ( +0.00)    214748364.70 (   +0.00)             0 (       0)           0  
##> dpopt_share_one_def            START              217700100 ( +0.00)    214748364.70 (   +0.00)             0 (       0)              
##>                                  END              217700100 ( +0.00)    214748364.70 (   +0.00)             0 (       0)           0  
##> csa_opto                       START              217700100 ( +0.00)    214748364.70 (   +0.00)             0 (       0)              
##>                                  END              217700100 ( +0.00)    214748364.70 (   +0.00)             0 (       0)           0  
##>                                  END              217700100 ( +0.00)    214748364.70 (   +0.00)             0 (       0)           0  
##>context_based_simplify          START              217700100 ( +0.00)    214748364.70 (   +0.00)             0 (       0)              
##>                                  END              195880500 (-10.02)    214748364.70 (   +0.00)             0 (       0)           0  
##>group_csa_final_adder_dp        START              195880500 ( +0.00)    214748364.70 (   +0.00)             0 (       0)              
##>                                  END              195880500 ( +0.00)    214748364.70 (   +0.00)             0 (       0)           0  
##>dpopt_flatten_critical_muxes_i  START              195880500 ( +0.00)    214748364.70 (   +0.00)             0 (       0)              
##>                                  END              195880500 ( +0.00)    214748364.70 (   +0.00)             0 (       0)           0  
##>create_score                    START              195880500 ( +0.00)     2804.70 (-214745560.00)             0 (       0)              
##>                                  END              195880500 ( +0.00)     2804.70 (   +0.00)             0 (       0)           0  
##>+------------------------------------------------------------------------------------------------------------------------------------------------------------+
Committed config: CDN_DP_region_0_0_c6
Info    : Done implementing datapath configurations. [DPOPT-4]
        : Selected 'very_fast' configuration 6 for module 'CDN_DP_region_0_0'.
          Optimizations applied to 'very_fast' configuration:
            rewriting(0), factoring(0), sharing(0), cmultcse(0), downsizing(0), speculation(0)
Info    : Done optimizing datapath logic. [DPOPT-2]
        : Done optimizing datapath logic in 'counter'.
Number of big hc bmuxes after = 0
Starting logic reduction [v1.0] (stage: post_rtlopt, startdef: counter, recur: true)
Completed logic reduction (accepts: 0, rejects: 0, runtime: 0.000s)
Starting mux data reorder optimization [v1.0] (stage: post_rtlopt, startdef: counter, recur: true)
Completed mux data reorder optimization (accepts: 0, rejects: 0, runtime: 0.000s)
Starting mux speculation [v1.0] (stage: post_muxopt, startdef: counter, recur: true)
Starting speculation optimization
Completed speculation optimization (accepts:0)
Completed mux speculation (accepts: 0, rejects: 0, runtime: 0.007s)
==================================
Stage : to_generic 
==================================
  =================
   Message Summary
  =================
--------------------------------------------------------------------------------
|    Id    |  Sev   |Count |                   Message Text                    |
--------------------------------------------------------------------------------
| CDFG-818 |Warning |    1 |Using default parameter value for module           |
|          |        |      | elaboration.                                      |
| CWD-19   |Info    |   15 |An implementation was inferred.                    |
| DPOPT-1  |Info    |    1 |Optimizing datapath logic.                         |
| DPOPT-2  |Info    |    1 |Done optimizing datapath logic.                    |
| DPOPT-3  |Info    |    1 |Implementing datapath configurations.              |
| DPOPT-4  |Info    |    1 |Done implementing datapath configurations.         |
| DPOPT-6  |Info    |    1 |Pre-processed datapath logic.                      |
| DPOPT-10 |Info    |    1 |Optimized a mux chain.                             |
| ELAB-1   |Info    |    1 |Elaborating Design.                                |
| ELAB-3   |Info    |    1 |Done Elaborating Design.                           |
| LBR-9    |Warning |   14 |Library cell has no output pins defined.           |
|          |        |      |Add the missing output pin(s)                      |
|          |        |      | , then reload the library. Else the library cell  |
|          |        |      | will be marked as timing model i.e. unusable.     |
|          |        |      | Timing_model means that the cell does not have    |
|          |        |      | any defined function. If there is no output pin,  |
|          |        |      | Genus will mark library cell as unusable i.e. the |
|          |        |      | attribute 'usable' will be marked to 'false' on   |
|          |        |      | the libcell. Therefore, the cell is not used for  |
|          |        |      | mapping and it will not be picked up from the     |
|          |        |      | library for synthesis. If you query the attribute |
|          |        |      | 'unusable_reason' on the libcell; result will be: |
|          |        |      | 'Library cell has no output pins.'Note: The       |
|          |        |      | message LBR-9 is only for the logical pins and    |
|          |        |      | not for the power_ground pins. Genus will depend  |
|          |        |      | upon the output function defined in the pin group |
|          |        |      | (output pin)                                      |
|          |        |      | of the cell, to use it for mapping. The pg_pin    |
|          |        |      | will not have any function defined.               |
| LBR-40   |Info    |    7 |An unsupported construct was detected in this      |
|          |        |      | library.                                          |
|          |        |      |Check to see if this construct is really needed    |
|          |        |      | for synthesis. Many liberty constructs are not    |
|          |        |      | actually required.                                |
| LBR-81   |Warning |    3 |Non-monotonic wireload model found.                |
|          |        |      |Non-monotonic wireload models can cause problems   |
|          |        |      | during synthesis and/or mapping.  Raising some of |
|          |        |      | the points in the curve to give it a monotonic    |
|          |        |      | shape.                                            |
| LBR-155  |Info    |    1 |Mismatch in unateness between 'timing_sense'       |
|          |        |      | attribute and the function.                       |
|          |        |      |The 'timing_sense' attribute will be respected.    |
| LBR-162  |Info    |   15 |Both 'pos_unate' and 'neg_unate' timing_sense arcs |
|          |        |      | have been processed.                              |
|          |        |      |Setting the 'timing_sense' to non_unate.           |
| LBR-412  |Info    |    1 |Created nominal operating condition.               |
|          |        |      |The nominal operating condition is represented,    |
|          |        |      | either by the nominal PVT values specified in the |
|          |        |      | library source                                    |
|          |        |      | (via nom_process,nom_voltage and nom_temperature  |
|          |        |      | respectively)                                     |
|          |        |      | , or by the default PVT values (1.0,1.0,1.0).     |
| PHYS-752 |Info    |    1 |Partition Based Synthesis execution skipped.       |
| SYNTH-1  |Info    |    1 |Synthesizing.                                      |
| TIM-1000 |Info    |    1 |Multimode clock gating check is disabled.          |
--------------------------------------------------------------------------------
Mapper: Libraries have:
	domain _default_: 96 combo usable cells and 20 sequential usable cells
Multi-threaded constant propagation [1|0] ...
new_area=155712600  new_slack=741.30  new_is_better=0
Multi-threaded Virtual Mapping    (8 threads, 8 of 12 CPUs usable)
 
Global mapping target info
==========================
Cost Group 'C2C' target slack:   144 ps
Target path end-point (Pin: q_reg[27]/d)


State Retention Synthesis Status
================================

Category                        Flops   Percentage
--------------------------------------------------
Total instances                    32        100.0
Excluded from State Retention      32        100.0
    - Will not convert             32        100.0
      - Preserved                   0          0.0
      - Power intent excluded      32        100.0
    - Could not convert             0          0.0
      - Scan type                   0          0.0
      - No suitable cell            0          0.0
State Retention instances           0          0.0
--------------------------------------------------

PBS_Generic_Opt-Post - Elapsed_Time 2, CPU_Time 0.9317130000000002
stamp 'PBS_Generic_Opt-Post' being created for table 'pbs_debug'

  Total Time (Wall) |  Stage Time (Wall)  |   % (Wall)   |    Date - Time     |  Memory   | Stage
--------------------+---------------------+--------------+--------------------+-----------+----------------------
 00:00:05(00:00:03) |  00:00:00(00:00:00) |   0.0(  0.0) |   12:55:00 (Apr14) |  359.7 MB | PBS_Generic-Start
--------------------+---------------------+--------------+--------------------+-----------+----------------------
 00:00:06(00:00:05) |  00:00:00(00:00:02) | 100.0(100.0) |   12:55:02 (Apr14) |  359.7 MB | PBS_Generic_Opt-Post
--------------------+---------------------+--------------+--------------------+-----------+----------------------
Number of threads: 8 * 1   (id: pbs_debug, time_info v1.57)
Info: (*N*) indicates data that was populated from previously saved time_info database
Info: CPU time includes time of parent + longest thread
PBS_Generic-Postgen HBO Optimizations - Elapsed_Time 0, CPU_Time 0.0
stamp 'PBS_Generic-Postgen HBO Optimizations' being created for table 'pbs_debug'

  Total Time (Wall) |  Stage Time (Wall)  |   % (Wall)   |    Date - Time     |  Memory   | Stage
--------------------+---------------------+--------------+--------------------+-----------+----------------------
 00:00:05(00:00:03) |  00:00:00(00:00:00) |   0.0(  0.0) |   12:55:00 (Apr14) |  359.7 MB | PBS_Generic-Start
--------------------+---------------------+--------------+--------------------+-----------+----------------------
 00:00:06(00:00:05) |  00:00:00(00:00:02) | 100.0(100.0) |   12:55:02 (Apr14) |  359.7 MB | PBS_Generic_Opt-Post
--------------------+---------------------+--------------+--------------------+-----------+----------------------
 00:00:06(00:00:05) |  00:00:00(00:00:00) |   0.0(  0.0) |   12:55:02 (Apr14) |  359.7 MB | PBS_Generic-Postgen HBO Optimizations
--------------------+---------------------+--------------+--------------------+-----------+----------------------
Number of threads: 8 * 1   (id: pbs_debug, time_info v1.57)
Info: (*N*) indicates data that was populated from previously saved time_info database
Info: CPU time includes time of parent + longest thread
##>=================== Cadence Confidential (Generic-Logical) ===================
##>=================== Cadence Confidential (Generic-Logical) ===================
##>Main Thread Summary:
##>----------------------------------------------------------------------------------------
##>STEP                           Elapsed       WNS       TNS     Insts      Area    Memory
##>----------------------------------------------------------------------------------------
##>G:Initial                            0         -         -       328       437       359
##>G:Setup                              0         -         -         -         -         -
##>G:Launch ST                          0         -         -         -         -         -
##>G:Design Partition                   0         -         -         -         -         -
##>G:Create Partition Netlists          0         -         -         -         -         -
##>G:Init Power                         0         -         -         -         -         -
##>G:Budgeting                          0         -         -         -         -         -
##>G:Derenv-DB                          0         -         -         -         -         -
##>G:Debug Outputs                      0         -         -         -         -         -
##>G:ST loading                         0         -         -         -         -         -
##>G:Distributed                        0         -         -         -         -         -
##>G:Timer                              0         -         -         -         -         -
##>G:Assembly                           0         -         -         -         -         -
##>G:DFT                                0         -         -         -         -         -
##>G:Const Prop                         0         -         -       248       325       359
##>G:Misc                               2
##>----------------------------------------------------------------------------------------
##>Total Elapsed                        2
##>========================================================================================
Info    : Done synthesizing. [SYNTH-2]
        : Done synthesizing 'counter' to generic gates.
      flow.cputime  flow.realtime  timing.setup.tns  timing.setup.wns  snapshot
UM:*                                                                   syn_gen
@file(run_synthesis.tcl) 25: report_dp > ./OUTPUTS_${DATE}/REPORTS_${DATE}/generic/counter_datapath.rpt
Beginning report datapath command
Warning : The filename, column and line number information will not be available in the report. [RPT_DP-100]
        : The attribute for getting HDL filename and line number is not set.
        : You must set the 'hdl_track_filename_row_col' attribute to 'true' (before elaborate) to enable filename, column, and line number tracking in the datapath report.
@file(run_synthesis.tcl) 26: write_snapshot -outdir ./OUTPUTS_${DATE}/REPORTS_${DATE} -tag generic
%# Begin write_snapshot (04/14 12:55:02, mem=1080.68M)
%# Begin qos_stats (04/14 12:55:02, mem=1080.68M)
%# End qos_stats (04/14 12:55:02, total cpu=13:30:00, real=13:30:00, peak res=359.70M, current mem=1080.68M)


Working Directory = /home/01fe21bec223/DFT_TESSENT/GENUS/work_cntr
QoS Summary for counter
================================================================================
Metric                          generic        
================================================================================
Slack (ps):                     2,784
  R2R (ps):                     2,784
  I2R (ps):                  no_value
  R2O (ps):                  no_value
  I2O (ps):                  no_value
  CG  (ps):                  no_value
TNS (ps):                           0
  R2R (ps):                         0
  I2R (ps):                  no_value
  R2O (ps):                  no_value
  I2O (ps):                  no_value
  CG  (ps):                  no_value
Failing Paths:                      0
Cell Area:                        330
Total Cell Area:                  330
Leaf Instances:                   248
Total Instances:                  248
Utilization (%):                 0.00
Tot. Net Length (um):        no_value
Avg. Net Length (um):        no_value
Route Overflow H (%):        no_value
Route Overflow V (%):        no_value
MBCI(%) (bits/gate) :            0.00
Norm Cong Hotspot Area:
  Max Cong:                  no_value
  Tot Cong:                  no_value
================================================================================
CPU  Runtime (h:m:s):        00:30:04
Real Runtime (h:m:s):        00:30:05
CPU  Elapsed (h:m:s):        00:30:07
Real Elapsed (h:m:s):        00:30:06
Memory (MB):                  1080.68
================================================================================
================================================================================
Flow Settings:
================================================================================
Total Runtime (h:m:s): 00:30:05
Total Memory (MB):     1080.68
Executable Version:    20.11-s111_1
================================================================================
Total Cell Area =  Cell Area + Physical Cell Area
Total Instances =  Leaf Instances + Physical Instances




Warning : The details given in report might be incorrect or incomplete. [RPT-80]
        : The design design:counter should be mapped to get accurate area details.
        : Map the design using syn_map before using the '-detail' option of the 'report_area' command.
Info    : Joules engine is used. [RPT-16]
        : Joules engine is being used for the command report_gates -power.
Warning : Did not find power models when running power analysis on a generic netlist. [PA-17]
        : Design design:counter has no power models available.
        : The power analysis results on a generic netlist are more accurate when detailed power models are used. Use command 'build_rtl_power_models' to build detailed power models.
Info   : ACTP-0001 [ACTPInfo] Activity propagation started for stim#0 netlist
       : counter
Info   : ACTP-0009 [ACTPInfo] Activity Propagation Progress Report :   0%   1%   2%   3%   4%   5%   6%   7%   8%   9%  10%  11%  12%  13%  14%  15%  16%  17%  18%  19%  20%  21%  22%  23%  24%  25%  26%  27%  28%  29%  30%  31%  32%  33%  34%  35%  36%  37%  38%  39%  40%  41%  42%  43%  44%  45%  46%  47%  48%  49%  50%  51%  52%  53%  54%  55%  56%  57%  58%  59%  60%  61%  62%  63%  64%  65%  66%  67%  68%  69%  70%  71%  72%  73%  74%  75%  76%  77%  78%  79%  80%  81%  82%  83%  84%  85%  86%  87%  88%  89%  90%  91%  92%  93%  94%  95%  96%  97%  98%  99% 100%
Info   : ACTP-0001 Activity propagation ended for stim#0
Info   : PWRA-0001 [PwrInfo] compute_power effective options 
       : -mode : vectorless
       : -skip_propagation : 1
       : -frequency_scaling_factor : 1.0
       : -use_clock_freq : stim
       : -stim :/stim#0
       : -fromGenus : 1
Info   : ACTP-0001 Timing initialization started
Info   : ACTP-0001 Timing initialization ended
Info   : PWRA-0002 [PwrInfo] Skipping activity propagation due to -skip_ap
       : option....
Warning: PWRA-0302 [PwrWarn] Frequency scaling is not applicable for vectorless
       : flow. Ignoring frequency scaling.
Warning: PWRA-0304 [PwrWarn] -stim option is not applicable with vectorless mode
       : of power analysis, ignored this option.
Info   : PWRA-0002 Started 'vectorless' power computation.
Only 32 violating paths found
Info   : PWRA-0009 [PwrInfo] Power Computation Progress Report :   0%   1%   2%   3%   4%   5%   6%   7%   8%   9%  10%  11%  12%  13%  14%  15%  16%  17%  18%  19%  20%  21%  22%  23%  24%  25%  26%  27%  28%  29%  30%  31%  32%  33%  34%  35%  36%  37%  38%  39%  40%  41%  42%  43%  44%  45%  46%  47%  48%  49%  50%  51%  52%  53%  54%  55%  56%  57%  58%  59%  60%  61%  62%  63%  64%  65%  66%  67%  68%  69%  70%  71%  72%  73%  74%  75%  76%  77%  78%  79%  80%  81%  82%  83%  84%  85%  86%  87%  88%  89%  90%  91%  92%  93%  94%  95%  96%  97%  98%  99% 100%
Info   : PWRA-0002 Finished power computation.
Info   : PWRA-0007 [PwrInfo] Completed successfully.
       : Info=6, Warn=2, Error=0, Fatal=0
Finished exporting design database to file './OUTPUTS_Apr14-12:55:00/REPORTS_Apr14-12:55:00/generic_counter.db' for 'counter' (command execution time mm:ss cpu = 00:00, real = 00:00).
Finished generating snapshot at stage generic (command execution time mm:ss cpu = 00:00, real = 00:00).
%# End write_snapshot (04/14 12:55:02, total cpu=13:30:00, real=13:30:00, peak res=359.70M, current mem=1081.69M)
@file(run_synthesis.tcl) 27: report_summary -directory ./OUTPUTS_${DATE}/REPORTS_${DATE}


Working Directory = /home/01fe21bec223/DFT_TESSENT/GENUS/work_cntr
QoS Summary for counter
================================================================================
Metric                          generic        
================================================================================
Slack (ps):                     2,784
  R2R (ps):                     2,784
  I2R (ps):                  no_value
  R2O (ps):                  no_value
  I2O (ps):                  no_value
  CG  (ps):                  no_value
TNS (ps):                           0
  R2R (ps):                         0
  I2R (ps):                  no_value
  R2O (ps):                  no_value
  I2O (ps):                  no_value
  CG  (ps):                  no_value
Failing Paths:                      0
Cell Area:                        330
Total Cell Area:                  330
Leaf Instances:                   248
Total Instances:                  248
Utilization (%):                 0.00
Tot. Net Length (um):        no_value
Avg. Net Length (um):        no_value
Route Overflow H (%):        no_value
Route Overflow V (%):        no_value
MBCI(%) (bits/gate) :            0.00
Norm Cong Hotspot Area:
  Max Cong:                  no_value
  Tot Cong:                  no_value
================================================================================
CPU  Runtime (h:m:s):        00:30:04
Real Runtime (h:m:s):        00:30:05
CPU  Elapsed (h:m:s):        00:30:07
Real Elapsed (h:m:s):        00:30:06
Memory (MB):                  1080.68
================================================================================
================================================================================
Flow Settings:
================================================================================
Total Runtime (h:m:s): 00:30:05
Total Memory (MB):     1081.69
Executable Version:    20.11-s111_1
================================================================================
Total Cell Area =  Cell Area + Physical Cell Area
Total Instances =  Leaf Instances + Physical Instances




@file(run_synthesis.tcl) 28: syn_map
##Generic Timing Info for library domain: _default_ typical gate delay: 133.0 ps std_slew: 19.0 ps std_load: 1.8 fF
Info    : Mapping. [SYNTH-4]
        : Mapping 'counter' using 'medium' effort.
Mapper: Libraries have:
	domain _default_: 96 combo usable cells and 20 sequential usable cells
Configuring mapper costing (none)
TNS Restructuring config: no_value at stage: map applied.
PBS_TechMap-Start - Elapsed_Time 0, CPU_Time 0.0
stamp 'PBS_TechMap-Start' being created for table 'pbs_debug'

  Total Time (Wall) |  Stage Time (Wall)  |   % (Wall)   |    Date - Time     |  Memory   | Stage
--------------------+---------------------+--------------+--------------------+-----------+----------------------
 00:00:05(00:00:03) |  00:00:00(00:00:00) |   0.0(  0.0) |   12:55:00 (Apr14) |  359.7 MB | PBS_Generic-Start
--------------------+---------------------+--------------+--------------------+-----------+----------------------
 00:00:06(00:00:05) |  00:00:00(00:00:02) | 100.0(100.0) |   12:55:02 (Apr14) |  359.7 MB | PBS_Generic_Opt-Post
--------------------+---------------------+--------------+--------------------+-----------+----------------------
 00:00:06(00:00:05) |  00:00:00(00:00:00) |   0.0(  0.0) |   12:55:02 (Apr14) |  359.7 MB | PBS_Generic-Postgen HBO Optimizations
--------------------+---------------------+--------------+--------------------+-----------+----------------------
 00:00:06(00:00:05) |  00:00:00(00:00:00) |   0.0(  0.0) |   12:55:02 (Apr14) |  359.7 MB | PBS_TechMap-Start
--------------------+---------------------+--------------+--------------------+-----------+----------------------
Number of threads: 8 * 1   (id: pbs_debug, time_info v1.57)
Info: (*N*) indicates data that was populated from previously saved time_info database
Info: CPU time includes time of parent + longest thread
PBS_TechMap-Premap HBO Optimizations - Elapsed_Time 0, CPU_Time 0.0
stamp 'PBS_TechMap-Premap HBO Optimizations' being created for table 'pbs_debug'

  Total Time (Wall) |  Stage Time (Wall)  |   % (Wall)   |    Date - Time     |  Memory   | Stage
--------------------+---------------------+--------------+--------------------+-----------+----------------------
 00:00:05(00:00:03) |  00:00:00(00:00:00) |   0.0(  0.0) |   12:55:00 (Apr14) |  359.7 MB | PBS_Generic-Start
--------------------+---------------------+--------------+--------------------+-----------+----------------------
 00:00:06(00:00:05) |  00:00:00(00:00:02) | 100.0(100.0) |   12:55:02 (Apr14) |  359.7 MB | PBS_Generic_Opt-Post
--------------------+---------------------+--------------+--------------------+-----------+----------------------
 00:00:06(00:00:05) |  00:00:00(00:00:00) |   0.0(  0.0) |   12:55:02 (Apr14) |  359.7 MB | PBS_Generic-Postgen HBO Optimizations
--------------------+---------------------+--------------+--------------------+-----------+----------------------
 00:00:06(00:00:05) |  00:00:00(00:00:00) |   0.0(  0.0) |   12:55:02 (Apr14) |  359.7 MB | PBS_TechMap-Start
--------------------+---------------------+--------------+--------------------+-----------+----------------------
 00:00:06(00:00:05) |  00:00:00(00:00:00) |   0.0(  0.0) |   12:55:02 (Apr14) |  359.7 MB | PBS_TechMap-Premap HBO Optimizations
--------------------+---------------------+--------------+--------------------+-----------+----------------------
Number of threads: 8 * 1   (id: pbs_debug, time_info v1.57)
Info: (*N*) indicates data that was populated from previously saved time_info database
Info: CPU time includes time of parent + longest thread
Info    : Partition Based Synthesis execution skipped. [PHYS-752]
        : Design size is less than the partition size '100000' for distributed mapping optimization to kick in.
Mapper: Libraries have:
	domain _default_: 96 combo usable cells and 20 sequential usable cells
new_area=155712600  new_slack=727.40  new_is_better=0
Multi-threaded Virtual Mapping    (8 threads, 8 of 12 CPUs usable)
==================================
Stage : first_condense 
==================================
  =================
   Message Summary
  =================
--------------------------------------------------------------------------------
|     Id     |  Sev   |Count |                  Message Text                   |
--------------------------------------------------------------------------------
| PHYS-752   |Info    |    1 |Partition Based Synthesis execution skipped.     |
| RPT_DP-100 |Warning |    1 |The filename, column and line number information |
|            |        |      | will not be available in the report.            |
|            |        |      |You must set the 'hdl_track_filename_row_col'    |
|            |        |      | attribute to 'true' (before elaborate)          |
|            |        |      | to enable filename, column, and line number     |
|            |        |      | tracking in the datapath report.                |
| SYNTH-2    |Info    |    1 |Done synthesizing.                               |
| SYNTH-4    |Info    |    1 |Mapping.                                         |
--------------------------------------------------------------------------------
 
Global mapping target info
==========================
Cost Group 'C2C' target slack:   144 ps
Target path end-point (Pin: q_reg[31]/d)

Multi-threaded Technology Mapping (8 threads, 8 of 12 CPUs usable)
 
Global mapping status
=====================
                                   Group   
                                  Tot Wrst 
                           Total  Weighted 
Operation                   Area   Slacks  
 global_map                  368        0 

    Cost Group            Target    Slack    Diff.  Constr.
-----------------------------------------------------------
           C2C               144     1702              5000 

 
Global incremental target info
==============================
Cost Group 'C2C' target slack:    96 ps
Target path end-point (Pin: q_reg[31]/D (DFF_X2/D))

==================================
Stage : global_incr_map 
==================================
  =================
   Message Summary
  =================
---------------------------------------------------------------------
|  Id  |Sev  |Count |                 Message Text                  |
---------------------------------------------------------------------
| PA-7 |Info |    4 |Resetting power analysis results.              |
|      |     |      |All computed switching activities are removed. |
---------------------------------------------------------------------
 
Global incremental optimization status
======================================
                                   Group   
                                  Tot Wrst 
                           Total  Weighted 
Operation                   Area   Slacks  
 global_incr                 337        0 

    Cost Group            Target    Slack    Diff.  Constr.
-----------------------------------------------------------
           C2C                96     1692              5000 


State Retention Synthesis Status
================================

Category                        Flops   Percentage
--------------------------------------------------
Total instances                    32        100.0
Excluded from State Retention      32        100.0
    - Will not convert             32        100.0
      - Preserved                   0          0.0
      - Power intent excluded      32        100.0
    - Could not convert             0          0.0
      - Scan type                   0          0.0
      - No suitable cell            0          0.0
State Retention instances           0          0.0
--------------------------------------------------

INFO: skipping constant propagation
PBS_Techmap-Global Mapping - Elapsed_Time 0, CPU_Time 0.8362259999999999
stamp 'PBS_Techmap-Global Mapping' being created for table 'pbs_debug'

  Total Time (Wall) |  Stage Time (Wall)  |   % (Wall)   |    Date - Time     |  Memory   | Stage
--------------------+---------------------+--------------+--------------------+-----------+----------------------
 00:00:05(00:00:03) |  00:00:00(00:00:00) |   0.0(  0.0) |   12:55:00 (Apr14) |  359.7 MB | PBS_Generic-Start
--------------------+---------------------+--------------+--------------------+-----------+----------------------
 00:00:06(00:00:05) |  00:00:00(00:00:02) |  52.7(100.0) |   12:55:02 (Apr14) |  359.7 MB | PBS_Generic_Opt-Post
--------------------+---------------------+--------------+--------------------+-----------+----------------------
 00:00:06(00:00:05) |  00:00:00(00:00:00) |   0.0(  0.0) |   12:55:02 (Apr14) |  359.7 MB | PBS_Generic-Postgen HBO Optimizations
--------------------+---------------------+--------------+--------------------+-----------+----------------------
 00:00:06(00:00:05) |  00:00:00(00:00:00) |   0.0(  0.0) |   12:55:02 (Apr14) |  359.7 MB | PBS_TechMap-Start
--------------------+---------------------+--------------+--------------------+-----------+----------------------
 00:00:06(00:00:05) |  00:00:00(00:00:00) |   0.0(  0.0) |   12:55:02 (Apr14) |  359.7 MB | PBS_TechMap-Premap HBO Optimizations
--------------------+---------------------+--------------+--------------------+-----------+----------------------
 00:00:07(00:00:05) |  00:00:00(00:00:00) |  47.3(  0.0) |   12:55:02 (Apr14) |  359.7 MB | PBS_Techmap-Global Mapping
--------------------+---------------------+--------------+--------------------+-----------+----------------------
Number of threads: 8 * 1   (id: pbs_debug, time_info v1.57)
Info: (*N*) indicates data that was populated from previously saved time_info database
Info: CPU time includes time of parent + longest thread
Info    : Command 'commit_power_intent' cannot proceed as there is no power intent loaded. [CPI-506]
        : Command 'commit_power_intent' requires a valid power_intent to be loaded.
Info    : Forcing flat compare. [CFM-212]
        : The design hierarchies are too small to qualify for hierarchical comparison. Set the attribute wlec_hier_comp_threshold accordingly for hier compare
Info    : Wrote formal verification information. [CFM-5]
        : Wrote 'fv/counter/fv_map.fv.json' for netlist 'fv/counter/fv_map.v.gz'.
Info    : Wrote dofile. [CFM-1]
        : Dofile is 'fv/counter/rtl_to_fv_map.do'.
        : Alias mapping flow is enabled.
PBS_TechMap-Datapath Postmap Operations - Elapsed_Time 1, CPU_Time 0.0
stamp 'PBS_TechMap-Datapath Postmap Operations' being created for table 'pbs_debug'

  Total Time (Wall) |  Stage Time (Wall)  |   % (Wall)   |    Date - Time     |  Memory   | Stage
--------------------+---------------------+--------------+--------------------+-----------+----------------------
 00:00:05(00:00:03) |  00:00:00(00:00:00) |   0.0(  0.0) |   12:55:00 (Apr14) |  359.7 MB | PBS_Generic-Start
--------------------+---------------------+--------------+--------------------+-----------+----------------------
 00:00:06(00:00:05) |  00:00:00(00:00:02) |  52.7( 66.7) |   12:55:02 (Apr14) |  359.7 MB | PBS_Generic_Opt-Post
--------------------+---------------------+--------------+--------------------+-----------+----------------------
 00:00:06(00:00:05) |  00:00:00(00:00:00) |   0.0(  0.0) |   12:55:02 (Apr14) |  359.7 MB | PBS_Generic-Postgen HBO Optimizations
--------------------+---------------------+--------------+--------------------+-----------+----------------------
 00:00:06(00:00:05) |  00:00:00(00:00:00) |   0.0(  0.0) |   12:55:02 (Apr14) |  359.7 MB | PBS_TechMap-Start
--------------------+---------------------+--------------+--------------------+-----------+----------------------
 00:00:06(00:00:05) |  00:00:00(00:00:00) |   0.0(  0.0) |   12:55:02 (Apr14) |  359.7 MB | PBS_TechMap-Premap HBO Optimizations
--------------------+---------------------+--------------+--------------------+-----------+----------------------
 00:00:07(00:00:05) |  00:00:00(00:00:00) |  47.3(  0.0) |   12:55:02 (Apr14) |  359.7 MB | PBS_Techmap-Global Mapping
--------------------+---------------------+--------------+--------------------+-----------+----------------------
 00:00:07(00:00:06) |  00:00:00(00:00:01) |   0.0( 33.3) |   12:55:03 (Apr14) |  359.7 MB | PBS_TechMap-Datapath Postmap Operations
--------------------+---------------------+--------------+--------------------+-----------+----------------------
Number of threads: 8 * 1   (id: pbs_debug, time_info v1.57)
Info: (*N*) indicates data that was populated from previously saved time_info database
Info: CPU time includes time of parent + longest thread
PBS_TechMap-Postmap HBO Optimizations - Elapsed_Time 0, CPU_Time -0.0007690000000000197
stamp 'PBS_TechMap-Postmap HBO Optimizations' being created for table 'pbs_debug'

  Total Time (Wall) |  Stage Time (Wall)  |   % (Wall)   |    Date - Time     |  Memory   | Stage
--------------------+---------------------+--------------+--------------------+-----------+----------------------
 00:00:05(00:00:03) |  00:00:00(00:00:00) |   0.0(  0.0) |   12:55:00 (Apr14) |  359.7 MB | PBS_Generic-Start
--------------------+---------------------+--------------+--------------------+-----------+----------------------
 00:00:06(00:00:05) |  00:00:00(00:00:02) |  52.7( 66.7) |   12:55:02 (Apr14) |  359.7 MB | PBS_Generic_Opt-Post
--------------------+---------------------+--------------+--------------------+-----------+----------------------
 00:00:06(00:00:05) |  00:00:00(00:00:00) |   0.0(  0.0) |   12:55:02 (Apr14) |  359.7 MB | PBS_Generic-Postgen HBO Optimizations
--------------------+---------------------+--------------+--------------------+-----------+----------------------
 00:00:06(00:00:05) |  00:00:00(00:00:00) |   0.0(  0.0) |   12:55:02 (Apr14) |  359.7 MB | PBS_TechMap-Start
--------------------+---------------------+--------------+--------------------+-----------+----------------------
 00:00:06(00:00:05) |  00:00:00(00:00:00) |   0.0(  0.0) |   12:55:02 (Apr14) |  359.7 MB | PBS_TechMap-Premap HBO Optimizations
--------------------+---------------------+--------------+--------------------+-----------+----------------------
 00:00:07(00:00:05) |  00:00:00(00:00:00) |  47.3(  0.0) |   12:55:02 (Apr14) |  359.7 MB | PBS_Techmap-Global Mapping
--------------------+---------------------+--------------+--------------------+-----------+----------------------
 00:00:07(00:00:06) |  00:00:00(00:00:01) |   0.0( 33.3) |   12:55:03 (Apr14) |  359.7 MB | PBS_TechMap-Datapath Postmap Operations
--------------------+---------------------+--------------+--------------------+-----------+----------------------
 00:00:07(00:00:06) |  00:00:00(00:00:00) |  -0.0(  0.0) |   12:55:03 (Apr14) |  359.7 MB | PBS_TechMap-Postmap HBO Optimizations
--------------------+---------------------+--------------+--------------------+-----------+----------------------
Number of threads: 8 * 1   (id: pbs_debug, time_info v1.57)
Info: (*N*) indicates data that was populated from previously saved time_info database
Info: CPU time includes time of parent + longest thread
 Doing ConstProp on design:counter ... 

IOPT-REDREM: Performing redundancy removal: Detected 0 redundant wires. CPU time 0.003 seconds.

PBS_TechMap-Postmap Clock Gating - Elapsed_Time 0, CPU_Time 0.0
stamp 'PBS_TechMap-Postmap Clock Gating' being created for table 'pbs_debug'

  Total Time (Wall) |  Stage Time (Wall)  |   % (Wall)   |    Date - Time     |  Memory   | Stage
--------------------+---------------------+--------------+--------------------+-----------+----------------------
 00:00:05(00:00:03) |  00:00:00(00:00:00) |   0.0(  0.0) |   12:55:00 (Apr14) |  359.7 MB | PBS_Generic-Start
--------------------+---------------------+--------------+--------------------+-----------+----------------------
 00:00:06(00:00:05) |  00:00:00(00:00:02) |  52.7( 66.7) |   12:55:02 (Apr14) |  359.7 MB | PBS_Generic_Opt-Post
--------------------+---------------------+--------------+--------------------+-----------+----------------------
 00:00:06(00:00:05) |  00:00:00(00:00:00) |   0.0(  0.0) |   12:55:02 (Apr14) |  359.7 MB | PBS_Generic-Postgen HBO Optimizations
--------------------+---------------------+--------------+--------------------+-----------+----------------------
 00:00:06(00:00:05) |  00:00:00(00:00:00) |   0.0(  0.0) |   12:55:02 (Apr14) |  359.7 MB | PBS_TechMap-Start
--------------------+---------------------+--------------+--------------------+-----------+----------------------
 00:00:06(00:00:05) |  00:00:00(00:00:00) |   0.0(  0.0) |   12:55:02 (Apr14) |  359.7 MB | PBS_TechMap-Premap HBO Optimizations
--------------------+---------------------+--------------+--------------------+-----------+----------------------
 00:00:07(00:00:05) |  00:00:00(00:00:00) |  47.3(  0.0) |   12:55:02 (Apr14) |  359.7 MB | PBS_Techmap-Global Mapping
--------------------+---------------------+--------------+--------------------+-----------+----------------------
 00:00:07(00:00:06) |  00:00:00(00:00:01) |   0.0( 33.3) |   12:55:03 (Apr14) |  359.7 MB | PBS_TechMap-Datapath Postmap Operations
--------------------+---------------------+--------------+--------------------+-----------+----------------------
 00:00:07(00:00:06) |  00:00:00(00:00:00) |  -0.0(  0.0) |   12:55:03 (Apr14) |  359.7 MB | PBS_TechMap-Postmap HBO Optimizations
--------------------+---------------------+--------------+--------------------+-----------+----------------------
 00:00:07(00:00:06) |  00:00:00(00:00:00) |   0.0(  0.0) |   12:55:03 (Apr14) |  359.7 MB | PBS_TechMap-Postmap Clock Gating
--------------------+---------------------+--------------+--------------------+-----------+----------------------
Number of threads: 8 * 1   (id: pbs_debug, time_info v1.57)
Info: (*N*) indicates data that was populated from previously saved time_info database
Info: CPU time includes time of parent + longest thread
-------------------------------------------------------------------------------
 hi_fo_buf                   337        0         0         0        0

           Trick     Calls     Accepts   Attempts    Time(secs) 
-----------------------------------------------------------
       hi_fo_buf         0  (        0 /        0 )  0.00

 
Incremental optimization status
===============================
                                   Group   
                                  Tot Wrst     Total - - DRC Totals - -
                           Total  Weighted      Neg      Max       Max 
Operation                   Area   Slacks      Slack    Trans      Cap 
 init_delay                  337        0         0         0        0

           Trick     Calls     Accepts   Attempts    Time(secs) 
-----------------------------------------------------------
       crit_upsz         0  (        0 /        0 )  0.00
    plc_bal_star         0  (        0 /        0 )  0.00
     drc_buftimb         0  (        0 /        0 )  0.00
          plc_st         0  (        0 /        0 )  0.00
    plc_st_fence         0  (        0 /        0 )  0.00
        plc_star         0  (        0 /        0 )  0.00
      plc_laf_st         0  (        0 /        0 )  0.00
 plc_laf_st_fence         0  (        0 /        0 )  0.00
     drc_buftims         0  (        0 /        0 )  0.00
            fopt         0  (        0 /        0 )  0.00
   plc_laf_lo_st         0  (        0 /        0 )  0.00
       plc_lo_st         0  (        0 /        0 )  0.00
        mb_split         0  (        0 /        0 )  0.00

 
Local TNS optimization status
=============================
                                   Group   
                                  Tot Wrst     Total - - DRC Totals - -
                           Total  Weighted      Neg      Max       Max 
Operation                   Area   Slacks      Slack    Trans      Cap 
 init_tns                    337        0         0         0        0

           Trick     Calls     Accepts   Attempts    Time(secs) 
-----------------------------------------------------------
    plc_bal_star         0  (        0 /        0 )  0.00
     drc_buftimb         0  (        0 /        0 )  0.00
     drc_buftims         0  (        0 /        0 )  0.00
       crit_upsz         0  (        0 /        0 )  0.00
   plc_laf_lo_st         0  (        0 /        0 )  0.00
       plc_lo_st         0  (        0 /        0 )  0.00
            fopt         0  (        0 /        0 )  0.00
       crit_dnsz         0  (        0 /        0 )  0.00
             dup         0  (        0 /        0 )  0.00
        setup_dn         0  (        0 /        0 )  0.00
        mb_split         0  (        0 /        0 )  0.00

PBS_TechMap-Postmap Cleanup - Elapsed_Time 0, CPU_Time 0.0
stamp 'PBS_TechMap-Postmap Cleanup' being created for table 'pbs_debug'

  Total Time (Wall) |  Stage Time (Wall)  |   % (Wall)   |    Date - Time     |  Memory   | Stage
--------------------+---------------------+--------------+--------------------+-----------+----------------------
 00:00:05(00:00:03) |  00:00:00(00:00:00) |   0.0(  0.0) |   12:55:00 (Apr14) |  359.7 MB | PBS_Generic-Start
--------------------+---------------------+--------------+--------------------+-----------+----------------------
 00:00:06(00:00:05) |  00:00:00(00:00:02) |  52.7( 66.7) |   12:55:02 (Apr14) |  359.7 MB | PBS_Generic_Opt-Post
--------------------+---------------------+--------------+--------------------+-----------+----------------------
 00:00:06(00:00:05) |  00:00:00(00:00:00) |   0.0(  0.0) |   12:55:02 (Apr14) |  359.7 MB | PBS_Generic-Postgen HBO Optimizations
--------------------+---------------------+--------------+--------------------+-----------+----------------------
 00:00:06(00:00:05) |  00:00:00(00:00:00) |   0.0(  0.0) |   12:55:02 (Apr14) |  359.7 MB | PBS_TechMap-Start
--------------------+---------------------+--------------+--------------------+-----------+----------------------
 00:00:06(00:00:05) |  00:00:00(00:00:00) |   0.0(  0.0) |   12:55:02 (Apr14) |  359.7 MB | PBS_TechMap-Premap HBO Optimizations
--------------------+---------------------+--------------+--------------------+-----------+----------------------
 00:00:07(00:00:05) |  00:00:00(00:00:00) |  47.3(  0.0) |   12:55:02 (Apr14) |  359.7 MB | PBS_Techmap-Global Mapping
--------------------+---------------------+--------------+--------------------+-----------+----------------------
 00:00:07(00:00:06) |  00:00:00(00:00:01) |   0.0( 33.3) |   12:55:03 (Apr14) |  359.7 MB | PBS_TechMap-Datapath Postmap Operations
--------------------+---------------------+--------------+--------------------+-----------+----------------------
 00:00:07(00:00:06) |  00:00:00(00:00:00) |  -0.0(  0.0) |   12:55:03 (Apr14) |  359.7 MB | PBS_TechMap-Postmap HBO Optimizations
--------------------+---------------------+--------------+--------------------+-----------+----------------------
 00:00:07(00:00:06) |  00:00:00(00:00:00) |   0.0(  0.0) |   12:55:03 (Apr14) |  359.7 MB | PBS_TechMap-Postmap Clock Gating
--------------------+---------------------+--------------+--------------------+-----------+----------------------
 00:00:07(00:00:06) |  00:00:00(00:00:00) |   0.0(  0.0) |   12:55:03 (Apr14) |  359.7 MB | PBS_TechMap-Postmap Cleanup
--------------------+---------------------+--------------+--------------------+-----------+----------------------
Number of threads: 8 * 1   (id: pbs_debug, time_info v1.57)
Info: (*N*) indicates data that was populated from previously saved time_info database
Info: CPU time includes time of parent + longest thread
PBS_Techmap-Post_MBCI - Elapsed_Time 0, CPU_Time 0.0
stamp 'PBS_Techmap-Post_MBCI' being created for table 'pbs_debug'

  Total Time (Wall) |  Stage Time (Wall)  |   % (Wall)   |    Date - Time     |  Memory   | Stage
--------------------+---------------------+--------------+--------------------+-----------+----------------------
 00:00:05(00:00:03) |  00:00:00(00:00:00) |   0.0(  0.0) |   12:55:00 (Apr14) |  359.7 MB | PBS_Generic-Start
--------------------+---------------------+--------------+--------------------+-----------+----------------------
 00:00:06(00:00:05) |  00:00:00(00:00:02) |  52.7( 66.7) |   12:55:02 (Apr14) |  359.7 MB | PBS_Generic_Opt-Post
--------------------+---------------------+--------------+--------------------+-----------+----------------------
 00:00:06(00:00:05) |  00:00:00(00:00:00) |   0.0(  0.0) |   12:55:02 (Apr14) |  359.7 MB | PBS_Generic-Postgen HBO Optimizations
--------------------+---------------------+--------------+--------------------+-----------+----------------------
 00:00:06(00:00:05) |  00:00:00(00:00:00) |   0.0(  0.0) |   12:55:02 (Apr14) |  359.7 MB | PBS_TechMap-Start
--------------------+---------------------+--------------+--------------------+-----------+----------------------
 00:00:06(00:00:05) |  00:00:00(00:00:00) |   0.0(  0.0) |   12:55:02 (Apr14) |  359.7 MB | PBS_TechMap-Premap HBO Optimizations
--------------------+---------------------+--------------+--------------------+-----------+----------------------
 00:00:07(00:00:05) |  00:00:00(00:00:00) |  47.3(  0.0) |   12:55:02 (Apr14) |  359.7 MB | PBS_Techmap-Global Mapping
--------------------+---------------------+--------------+--------------------+-----------+----------------------
 00:00:07(00:00:06) |  00:00:00(00:00:01) |   0.0( 33.3) |   12:55:03 (Apr14) |  359.7 MB | PBS_TechMap-Datapath Postmap Operations
--------------------+---------------------+--------------+--------------------+-----------+----------------------
 00:00:07(00:00:06) |  00:00:00(00:00:00) |  -0.0(  0.0) |   12:55:03 (Apr14) |  359.7 MB | PBS_TechMap-Postmap HBO Optimizations
--------------------+---------------------+--------------+--------------------+-----------+----------------------
 00:00:07(00:00:06) |  00:00:00(00:00:00) |   0.0(  0.0) |   12:55:03 (Apr14) |  359.7 MB | PBS_TechMap-Postmap Clock Gating
--------------------+---------------------+--------------+--------------------+-----------+----------------------
 00:00:07(00:00:06) |  00:00:00(00:00:00) |   0.0(  0.0) |   12:55:03 (Apr14) |  359.7 MB | PBS_TechMap-Postmap Cleanup
--------------------+---------------------+--------------+--------------------+-----------+----------------------
 00:00:07(00:00:06) |  00:00:00(00:00:00) |   0.0(  0.0) |   12:55:03 (Apr14) |  359.7 MB | PBS_Techmap-Post_MBCI
--------------------+---------------------+--------------+--------------------+-----------+----------------------
Number of threads: 8 * 1   (id: pbs_debug, time_info v1.57)
Info: (*N*) indicates data that was populated from previously saved time_info database
Info: CPU time includes time of parent + longest thread
##>=================== Cadence Confidential (Mapping-Logical) ===================
##>Main Thread Summary:
##>----------------------------------------------------------------------------------------
##>STEP                           Elapsed       WNS       TNS     Insts      Area    Memory
##>----------------------------------------------------------------------------------------
##>M:Initial                            0         -         -       248       325       359
##>M:Pre Cleanup                        0         -         -       248       325       359
##>M:Setup                              0         -         -         -         -         -
##>M:Launch ST                          0         -         -         -         -         -
##>M:Design Partition                   0         -         -         -         -         -
##>M:Create Partition Netlists          0         -         -         -         -         -
##>M:Init Power                         0         -         -         -         -         -
##>M:Budgeting                          0         -         -         -         -         -
##>M:Derenv-DB                          0         -         -         -         -         -
##>M:Debug Outputs                      0         -         -         -         -         -
##>M:ST loading                         0         -         -         -         -         -
##>M:Distributed                        0         -         -         -         -         -
##>M:Timer                              0         -         -         -         -         -
##>M:Assembly                           0         -         -         -         -         -
##>M:DFT                                0         -         -         -         -         -
##>M:DP Operations                      1         -         -       127       283       359
##>M:Const Prop                         0      1692         0       127       283       359
##>M:Cleanup                            0      1692         0       127       283       359
##>M:MBCI                               0         -         -       127       283       359
##>M:Const Gate Removal                 0         -         -         -         -         -
##>M:Misc                               0
##>----------------------------------------------------------------------------------------
##>Total Elapsed                        1
##>========================================================================================
Info    : Done mapping. [SYNTH-5]
        : Done mapping 'counter'.
      flow.cputime  flow.realtime  timing.setup.tns  timing.setup.wns  snapshot
UM:*                                                                   syn_map
@file(run_synthesis.tcl) 29: write_snapshot -outdir ./OUTPUTS_${DATE}/REPORTS_${DATE} -tag map
%# Begin write_snapshot (04/14 12:55:03, mem=1117.35M)
%# Begin qos_stats (04/14 12:55:03, mem=1117.35M)
%# End qos_stats (04/14 12:55:03, total cpu=13:30:00, real=13:30:00, peak res=359.70M, current mem=1117.35M)


Working Directory = /home/01fe21bec223/DFT_TESSENT/GENUS/work_cntr
QoS Summary for counter
================================================================================
Metric                          generic         map            
================================================================================
Slack (ps):                     2,784           1,692
  R2R (ps):                     2,784           1,692
  I2R (ps):                  no_value        no_value
  R2O (ps):                  no_value        no_value
  I2O (ps):                  no_value        no_value
  CG  (ps):                  no_value        no_value
TNS (ps):                           0               0
  R2R (ps):                         0               0
  I2R (ps):                  no_value        no_value
  R2O (ps):                  no_value        no_value
  I2O (ps):                  no_value        no_value
  CG  (ps):                  no_value        no_value
Failing Paths:                      0               0
Cell Area:                        330             337
Total Cell Area:                  330             337
Leaf Instances:                   248             127
Total Instances:                  248             127
Utilization (%):                 0.00            0.00
Tot. Net Length (um):        no_value        no_value
Avg. Net Length (um):        no_value        no_value
Route Overflow H (%):        no_value        no_value
Route Overflow V (%):        no_value        no_value
MBCI(%) (bits/gate) :            0.00            0.00
Norm Cong Hotspot Area:
  Max Cong:                  no_value        no_value
  Tot Cong:                  no_value        no_value
================================================================================
CPU  Runtime (h:m:s):        00:30:04        00:30:01
Real Runtime (h:m:s):        00:30:05        00:30:01
CPU  Elapsed (h:m:s):        00:30:07        00:30:08
Real Elapsed (h:m:s):        00:30:06        00:30:07
Memory (MB):                  1080.68         1117.35
================================================================================
================================================================================
Flow Settings:
================================================================================
Total Runtime (h:m:s): 00:30:06
Total Memory (MB):     1125.36
Executable Version:    20.11-s111_1
================================================================================
Total Cell Area =  Cell Area + Physical Cell Area
Total Instances =  Leaf Instances + Physical Instances




Info    : Joules engine is used. [RPT-16]
        : Joules engine is being used for the command report_gates -power.
Only 32 violating paths found
Info   : ACTP-0001 [ACTPInfo] Activity propagation started for stim#0 netlist
       : counter
Info   : ACTP-0009 [ACTPInfo] Activity Propagation Progress Report :   0%   1%   2%   3%   4%   5%   6%   7%   8%   9%  10%  11%  12%  13%  14%  15%  16%  17%  18%  19%  20%  21%  22%  23%  24%  25%  26%  27%  28%  29%  30%  31%  32%  33%  34%  35%  36%  37%  38%  39%  40%  41%  42%  43%  44%  45%  46%  47%  48%  49%  50%  51%  52%  53%  54%  55%  56%  57%  58%  59%  60%  61%  62%  63%  64%  65%  66%  67%  68%  69%  70%  71%  72%  73%  74%  75%  76%  77%  78%  79%  80%  81%  82%  83%  84%  85%  86%  87%  88%  89%  90%  91%  92%  93%  94%  95%  96%  97%  98%  99% 100%
Info   : ACTP-0001 Activity propagation ended for stim#0
Info   : PWRA-0001 [PwrInfo] compute_power effective options 
       : -mode : vectorless
       : -skip_propagation : 1
       : -frequency_scaling_factor : 1.0
       : -use_clock_freq : stim
       : -stim :/stim#0
       : -fromGenus : 1
Info   : ACTP-0001 Timing initialization started
Info   : ACTP-0001 Timing initialization ended
Info   : PWRA-0002 [PwrInfo] Skipping activity propagation due to -skip_ap
       : option....
Warning: PWRA-0302 [PwrWarn] Frequency scaling is not applicable for vectorless
       : flow. Ignoring frequency scaling.
Warning: PWRA-0304 [PwrWarn] -stim option is not applicable with vectorless mode
       : of power analysis, ignored this option.
Info   : PWRA-0002 Started 'vectorless' power computation.
Info   : PWRA-0009 [PwrInfo] Power Computation Progress Report :   0%   1%   2%   3%   4%   5%   6%   7%   8%   9%  10%  11%  12%  13%  14%  15%  16%  17%  18%  19%  20%  21%  22%  23%  24%  25%  26%  27%  28%  29%  30%  31%  32%  33%  34%  35%  36%  37%  38%  39%  40%  41%  42%  43%  44%  45%  46%  47%  48%  49%  50%  51%  52%  53%  54%  55%  56%  57%  58%  59%  60%  61%  62%  63%  64%  65%  66%  67%  68%  69%  70%  71%  72%  73%  74%  75%  76%  77%  78%  79%  80%  81%  82%  83%  84%  85%  86%  87%  88%  89%  90%  91%  92%  93%  94%  95%  96%  97%  98%  99% 100%
Info   : PWRA-0002 Finished power computation.
Info   : PWRA-0007 [PwrInfo] Completed successfully.
       : Info=6, Warn=2, Error=0, Fatal=0
Finished exporting design database to file './OUTPUTS_Apr14-12:55:00/REPORTS_Apr14-12:55:00/map_counter.db' for 'counter' (command execution time mm:ss cpu = 00:00, real = 00:00).
Finished generating snapshot at stage map (command execution time mm:ss cpu = 00:00, real = 00:00).
%# End write_snapshot (04/14 12:55:03, total cpu=13:30:00, real=13:30:00, peak res=359.70M, current mem=1126.36M)
@file(run_synthesis.tcl) 30: report_summary -directory ./OUTPUTS_${DATE}/REPORTS_${DATE}


Working Directory = /home/01fe21bec223/DFT_TESSENT/GENUS/work_cntr
QoS Summary for counter
================================================================================
Metric                          generic         map            
================================================================================
Slack (ps):                     2,784           1,692
  R2R (ps):                     2,784           1,692
  I2R (ps):                  no_value        no_value
  R2O (ps):                  no_value        no_value
  I2O (ps):                  no_value        no_value
  CG  (ps):                  no_value        no_value
TNS (ps):                           0               0
  R2R (ps):                         0               0
  I2R (ps):                  no_value        no_value
  R2O (ps):                  no_value        no_value
  I2O (ps):                  no_value        no_value
  CG  (ps):                  no_value        no_value
Failing Paths:                      0               0
Cell Area:                        330             337
Total Cell Area:                  330             337
Leaf Instances:                   248             127
Total Instances:                  248             127
Utilization (%):                 0.00            0.00
Tot. Net Length (um):        no_value        no_value
Avg. Net Length (um):        no_value        no_value
Route Overflow H (%):        no_value        no_value
Route Overflow V (%):        no_value        no_value
MBCI(%) (bits/gate) :            0.00            0.00
Norm Cong Hotspot Area:
  Max Cong:                  no_value        no_value
  Tot Cong:                  no_value        no_value
================================================================================
CPU  Runtime (h:m:s):        00:30:04        00:30:01
Real Runtime (h:m:s):        00:30:05        00:30:01
CPU  Elapsed (h:m:s):        00:30:07        00:30:08
Real Elapsed (h:m:s):        00:30:06        00:30:07
Memory (MB):                  1080.68         1117.35
================================================================================
================================================================================
Flow Settings:
================================================================================
Total Runtime (h:m:s): 00:30:06
Total Memory (MB):     1126.36
Executable Version:    20.11-s111_1
================================================================================
Total Cell Area =  Cell Area + Physical Cell Area
Total Instances =  Leaf Instances + Physical Instances




@file(run_synthesis.tcl) 31: report_dp > ./OUTPUTS_${DATE}/REPORTS_${DATE}/map/counter_datapath.rpt
Beginning report datapath command
Warning : The filename, column and line number information will not be available in the report. [RPT_DP-100]
        : The attribute for getting HDL filename and line number is not set.
@file(run_synthesis.tcl) 32: syn_opt
Info    : Incrementally optimizing. [SYNTH-7]
        : Incrementally optimizing 'counter' using 'medium' effort.
 
Incremental optimization status
===============================
                                   Group   
                                  Tot Wrst     Total - - DRC Totals - -
                           Total  Weighted      Neg      Max       Max 
Operation                   Area   Slacks      Slack    Trans      Cap 
 init_iopt                   337        0         0         0        0
IOPT-REDREM: Performing redundancy removal: Detected 0 redundant wires. CPU time 0.002 seconds.

-------------------------------------------------------------------------------
 const_prop                  337        0         0         0        0
 
Incremental optimization status
===============================
                                   Group   
                                  Tot Wrst     Total - - DRC Totals - -
                           Total  Weighted      Neg      Max       Max 
Operation                   Area   Slacks      Slack    Trans      Cap 
 init_delay                  337        0         0         0        0

           Trick     Calls     Accepts   Attempts    Time(secs) 
-----------------------------------------------------------
       crit_upsz         0  (        0 /        0 )  0.00
    plc_bal_star         0  (        0 /        0 )  0.00
     drc_buftimb         0  (        0 /        0 )  0.00
          plc_st         0  (        0 /        0 )  0.00
    plc_st_fence         0  (        0 /        0 )  0.00
        plc_star         0  (        0 /        0 )  0.00
      plc_laf_st         0  (        0 /        0 )  0.00
 plc_laf_st_fence         0  (        0 /        0 )  0.00
     drc_buftims         0  (        0 /        0 )  0.00
   plc_laf_lo_st         0  (        0 /        0 )  0.00
       plc_lo_st         0  (        0 /        0 )  0.00
            fopt         0  (        0 /        0 )  0.00
       crit_dnsz         0  (        0 /        0 )  0.00
             dup         0  (        0 /        0 )  0.00
            fopt         0  (        0 /        0 )  0.00
        setup_dn         0  (        0 /        0 )  0.00
         buf2inv         0  (        0 /        0 )  0.00
        mb_split         0  (        0 /        0 )  0.00
             exp         0  (        0 /        0 )  0.00
       gate_deco         0  (        0 /        0 )  0.00
       gcomp_tim         0  (        0 /        0 )  0.00
  inv_pair_2_buf         0  (        0 /        0 )  0.00

 init_drc                    337        0         0         0        0

           Trick     Calls     Accepts   Attempts    Time(secs) 
-----------------------------------------------------------
          plc_st         0  (        0 /        0 )  0.00
        plc_star         0  (        0 /        0 )  0.00
        drc_bufs         0  (        0 /        0 )  0.00
        drc_fopt         0  (        0 /        0 )  0.00
        drc_bufb         0  (        0 /        0 )  0.00
      simple_buf         0  (        0 /        0 )  0.00
             dup         0  (        0 /        0 )  0.00
       crit_dnsz         0  (        0 /        0 )  0.00
       crit_upsz         0  (        0 /        0 )  0.00


           Trick     Calls     Accepts   Attempts    Time(secs) 
-----------------------------------------------------------
          plc_st         0  (        0 /        0 )  0.00
        plc_star         0  (        0 /        0 )  0.00
      drc_buf_sp         0  (        0 /        0 )  0.00
        drc_bufs         0  (        0 /        0 )  0.00
        drc_fopt         0  (        0 /        0 )  0.00
        drc_bufb         0  (        0 /        0 )  0.00
      simple_buf         0  (        0 /        0 )  0.00
             dup         0  (        0 /        0 )  0.00
       crit_dnsz         0  (        0 /        0 )  0.00
       crit_upsz         0  (        0 /        0 )  0.00


           Trick     Calls     Accepts   Attempts    Time(secs) 
-----------------------------------------------------------
          plc_st         0  (        0 /        0 )  0.00
        plc_star         0  (        0 /        0 )  0.00
      drc_buf_sp         0  (        0 /        0 )  0.00
        drc_bufs         0  (        0 /        0 )  0.00
        drc_fopt         0  (        0 /        0 )  0.00
        drc_bufb         0  (        0 /        0 )  0.00
             dup         0  (        0 /        0 )  0.00
       crit_dnsz         0  (        0 /        0 )  0.00
       crit_upsz         0  (        0 /        0 )  0.00

 init_tns                    337        0         0         0        0

           Trick     Calls     Accepts   Attempts    Time(secs) 
-----------------------------------------------------------
    plc_bal_star         0  (        0 /        0 )  0.00
     drc_buftimb         0  (        0 /        0 )  0.00
     drc_buftims         0  (        0 /        0 )  0.00
       crit_upsz         0  (        0 /        0 )  0.00
   plc_laf_lo_st         0  (        0 /        0 )  0.00
       plc_lo_st         0  (        0 /        0 )  0.00
            fopt         0  (        0 /        0 )  0.00
       crit_dnsz         0  (        0 /        0 )  0.00
             dup         0  (        0 /        0 )  0.00
        setup_dn         0  (        0 /        0 )  0.00
         buf2inv         0  (        0 /        0 )  0.00
        mb_split         0  (        0 /        0 )  0.00

 init_area                   337        0         0         0        0
 undup                       335        0         0         0        0

           Trick     Calls     Accepts   Attempts    Time(secs) 
-----------------------------------------------------------
           undup         1  (        1 /        1 )  0.00
         rem_buf         0  (        0 /        0 )  0.00
         rem_inv         0  (        0 /        0 )  0.00
        merge_bi         0  (        0 /        0 )  0.00
      rem_inv_qb         0  (        0 /        0 )  0.00
        io_phase         0  (        0 /        0 )  0.00
       gate_comp         1  (        0 /        0 )  0.00
       gcomp_mog         0  (        0 /        0 )  0.00
       glob_area        15  (        0 /       15 )  0.00
       area_down         0  (        0 /        0 )  0.00
      size_n_buf         0  (        0 /        0 )  0.00
  gate_deco_area         0  (        0 /        0 )  0.00
         rem_buf         0  (        0 /        0 )  0.00
         rem_inv         0  (        0 /        0 )  0.00
        merge_bi         0  (        0 /        0 )  0.00
      rem_inv_qb         0  (        0 /        0 )  0.00

 
Incremental optimization status
===============================
                                   Group   
                                  Tot Wrst     Total - - DRC Totals - -
                           Total  Weighted      Neg      Max       Max 
Operation                   Area   Slacks      Slack    Trans      Cap 
 init_delay                  335        0         0         0        0

           Trick     Calls     Accepts   Attempts    Time(secs) 
-----------------------------------------------------------
       crit_upsz         0  (        0 /        0 )  0.00
    plc_bal_star         0  (        0 /        0 )  0.00
     drc_buftimb         0  (        0 /        0 )  0.00
          plc_st         0  (        0 /        0 )  0.00
    plc_st_fence         0  (        0 /        0 )  0.00
        plc_star         0  (        0 /        0 )  0.00
      plc_laf_st         0  (        0 /        0 )  0.00
 plc_laf_st_fence         0  (        0 /        0 )  0.00
     drc_buftims         0  (        0 /        0 )  0.00
   plc_laf_lo_st         0  (        0 /        0 )  0.00
       plc_lo_st         0  (        0 /        0 )  0.00
            fopt         0  (        0 /        0 )  0.00
       crit_dnsz         0  (        0 /        0 )  0.00
             dup         0  (        0 /        0 )  0.00
            fopt         0  (        0 /        0 )  0.00
        setup_dn         0  (        0 /        0 )  0.00
         buf2inv         0  (        0 /        0 )  0.00
        mb_split         0  (        0 /        0 )  0.00
             exp         0  (        0 /        0 )  0.00
       gate_deco         0  (        0 /        0 )  0.00
       gcomp_tim         0  (        0 /        0 )  0.00
  inv_pair_2_buf         0  (        0 /        0 )  0.00

 init_drc                    335        0         0         0        0

           Trick     Calls     Accepts   Attempts    Time(secs) 
-----------------------------------------------------------
          plc_st         0  (        0 /        0 )  0.00
        plc_star         0  (        0 /        0 )  0.00
        drc_bufs         0  (        0 /        0 )  0.00
        drc_fopt         0  (        0 /        0 )  0.00
        drc_bufb         0  (        0 /        0 )  0.00
      simple_buf         0  (        0 /        0 )  0.00
             dup         0  (        0 /        0 )  0.00
       crit_dnsz         0  (        0 /        0 )  0.00
       crit_upsz         0  (        0 /        0 )  0.00


           Trick     Calls     Accepts   Attempts    Time(secs) 
-----------------------------------------------------------
          plc_st         0  (        0 /        0 )  0.00
        plc_star         0  (        0 /        0 )  0.00
        drc_bufs         0  (        0 /        0 )  0.00
        drc_fopt         0  (        0 /        0 )  0.00
        drc_bufb         0  (        0 /        0 )  0.00
      simple_buf         0  (        0 /        0 )  0.00
             dup         0  (        0 /        0 )  0.00
       crit_dnsz         0  (        0 /        0 )  0.00
       crit_upsz         0  (        0 /        0 )  0.00


           Trick     Calls     Accepts   Attempts    Time(secs) 
-----------------------------------------------------------
          plc_st         0  (        0 /        0 )  0.00
        plc_star         0  (        0 /        0 )  0.00
        drc_bufs         0  (        0 /        0 )  0.00
        drc_fopt         0  (        0 /        0 )  0.00
        drc_bufb         0  (        0 /        0 )  0.00
             dup         0  (        0 /        0 )  0.00
       crit_dnsz         0  (        0 /        0 )  0.00
       crit_upsz         0  (        0 /        0 )  0.00

 init_area                   335        0         0         0        0

           Trick     Calls     Accepts   Attempts    Time(secs) 
-----------------------------------------------------------
           undup         0  (        0 /        0 )  0.00
         rem_buf         0  (        0 /        0 )  0.00
         rem_inv         0  (        0 /        0 )  0.00
        merge_bi         0  (        0 /        0 )  0.00
      rem_inv_qb         0  (        0 /        0 )  0.00
        io_phase         0  (        0 /        0 )  0.00
       gate_comp         1  (        0 /        0 )  0.00
       gcomp_mog         0  (        0 /        0 )  0.00
       glob_area        15  (        0 /       15 )  0.00
       area_down         0  (        0 /        0 )  0.00
      size_n_buf         0  (        0 /        0 )  0.00
  gate_deco_area         0  (        0 /        0 )  0.00

==================================
Stage : incr_opt 
==================================
  =================
   Message Summary
  =================
--------------------------------------------------------------------------------
|     Id     |  Sev   |Count |                  Message Text                   |
--------------------------------------------------------------------------------
| CFM-1      |Info    |    1 |Wrote dofile.                                    |
| CFM-5      |Info    |    1 |Wrote formal verification information.           |
| CFM-212    |Info    |    1 |Forcing flat compare.                            |
| CPI-506    |Info    |    1 |Command 'commit_power_intent' cannot proceed as  |
|            |        |      | there is no power intent loaded.                |
| PA-7       |Info    |    4 |Resetting power analysis results.                |
|            |        |      |All computed switching activities are removed.   |
| RPT_DP-100 |Warning |    1 |The filename, column and line number information |
|            |        |      | will not be available in the report.            |
|            |        |      |You must set the 'hdl_track_filename_row_col'    |
|            |        |      | attribute to 'true' (before elaborate)          |
|            |        |      | to enable filename, column, and line number     |
|            |        |      | tracking in the datapath report.                |
| SYNTH-5    |Info    |    1 |Done mapping.                                    |
| SYNTH-7    |Info    |    1 |Incrementally optimizing.                        |
--------------------------------------------------------------------------------
Info    : Done incrementally optimizing. [SYNTH-8]
        : Done incrementally optimizing 'counter'.
      flow.cputime  flow.realtime  timing.setup.tns  timing.setup.wns  snapshot
UM:*                                                                   syn_opt
@file(run_synthesis.tcl) 33: write_snapshot -outdir ./OUTPUTS_${DATE}/REPORTS_${DATE} -tag opt
%# Begin write_snapshot (04/14 12:55:03, mem=1082.34M)
%# Begin qos_stats (04/14 12:55:03, mem=1082.34M)
%# End qos_stats (04/14 12:55:03, total cpu=13:30:00, real=13:30:00, peak res=359.70M, current mem=1082.34M)


Working Directory = /home/01fe21bec223/DFT_TESSENT/GENUS/work_cntr
QoS Summary for counter
================================================================================
Metric                          generic         map             opt            
================================================================================
Slack (ps):                     2,784           1,692           1,689
  R2R (ps):                     2,784           1,692           1,689
  I2R (ps):                  no_value        no_value        no_value
  R2O (ps):                  no_value        no_value        no_value
  I2O (ps):                  no_value        no_value        no_value
  CG  (ps):                  no_value        no_value        no_value
TNS (ps):                           0               0               0
  R2R (ps):                         0               0               0
  I2R (ps):                  no_value        no_value        no_value
  R2O (ps):                  no_value        no_value        no_value
  I2O (ps):                  no_value        no_value        no_value
  CG  (ps):                  no_value        no_value        no_value
Failing Paths:                      0               0               0
Cell Area:                        330             337             335
Total Cell Area:                  330             337             335
Leaf Instances:                   248             127             126
Total Instances:                  248             127             126
Utilization (%):                 0.00            0.00            0.00
Tot. Net Length (um):        no_value        no_value        no_value
Avg. Net Length (um):        no_value        no_value        no_value
Route Overflow H (%):        no_value        no_value        no_value
Route Overflow V (%):        no_value        no_value        no_value
MBCI(%) (bits/gate) :            0.00            0.00            0.00
Norm Cong Hotspot Area:
  Max Cong:                  no_value        no_value        no_value
  Tot Cong:                  no_value        no_value        no_value
================================================================================
CPU  Runtime (h:m:s):        00:30:04        00:30:01        00:30:00
Real Runtime (h:m:s):        00:30:05        00:30:01        00:30:00
CPU  Elapsed (h:m:s):        00:30:07        00:30:08        00:30:08
Real Elapsed (h:m:s):        00:30:06        00:30:07        00:30:07
Memory (MB):                  1080.68         1117.35         1082.34
================================================================================
================================================================================
Flow Settings:
================================================================================
Total Runtime (h:m:s): 00:30:06
Total Memory (MB):     1082.34
Executable Version:    20.11-s111_1
================================================================================
Total Cell Area =  Cell Area + Physical Cell Area
Total Instances =  Leaf Instances + Physical Instances




Info    : Joules engine is used. [RPT-16]
        : Joules engine is being used for the command report_gates -power.
Only 32 violating paths found
Info   : ACTP-0001 [ACTPInfo] Activity propagation started for stim#0 netlist
       : counter
Info   : ACTP-0009 [ACTPInfo] Activity Propagation Progress Report :   0%   1%   2%   3%   4%   5%   6%   7%   8%   9%  10%  11%  12%  13%  14%  15%  16%  17%  18%  19%  20%  21%  22%  23%  24%  25%  26%  27%  28%  29%  30%  31%  32%  33%  34%  35%  36%  37%  38%  39%  40%  41%  42%  43%  44%  45%  46%  47%  48%  49%  50%  51%  52%  53%  54%  55%  56%  57%  58%  59%  60%  61%  62%  63%  64%  65%  66%  67%  68%  69%  70%  71%  72%  73%  74%  75%  76%  77%  78%  79%  80%  81%  82%  83%  84%  85%  86%  87%  88%  89%  90%  91%  92%  93%  94%  95%  96%  97%  98%  99% 100%
Info   : ACTP-0001 Activity propagation ended for stim#0
Info   : PWRA-0001 [PwrInfo] compute_power effective options 
       : -mode : vectorless
       : -skip_propagation : 1
       : -frequency_scaling_factor : 1.0
       : -use_clock_freq : stim
       : -stim :/stim#0
       : -fromGenus : 1
Info   : ACTP-0001 Timing initialization started
Info   : ACTP-0001 Timing initialization ended
Info   : PWRA-0002 [PwrInfo] Skipping activity propagation due to -skip_ap
       : option....
Warning: PWRA-0302 [PwrWarn] Frequency scaling is not applicable for vectorless
       : flow. Ignoring frequency scaling.
Warning: PWRA-0304 [PwrWarn] -stim option is not applicable with vectorless mode
       : of power analysis, ignored this option.
Info   : PWRA-0002 Started 'vectorless' power computation.
Info   : PWRA-0009 [PwrInfo] Power Computation Progress Report :   0%   1%   2%   3%   4%   5%   6%   7%   8%   9%  10%  11%  12%  13%  14%  15%  16%  17%  18%  19%  20%  21%  22%  23%  24%  25%  26%  27%  28%  29%  30%  31%  32%  33%  34%  35%  36%  37%  38%  39%  40%  41%  42%  43%  44%  45%  46%  47%  48%  49%  50%  51%  52%  53%  54%  55%  56%  57%  58%  59%  60%  61%  62%  63%  64%  65%  66%  67%  68%  69%  70%  71%  72%  73%  74%  75%  76%  77%  78%  79%  80%  81%  82%  83%  84%  85%  86%  87%  88%  89%  90%  91%  92%  93%  94%  95%  96%  97%  98%  99% 100%
Info   : PWRA-0002 Finished power computation.
Info   : PWRA-0007 [PwrInfo] Completed successfully.
       : Info=6, Warn=2, Error=0, Fatal=0
Finished exporting design database to file './OUTPUTS_Apr14-12:55:00/REPORTS_Apr14-12:55:00/opt_counter.db' for 'counter' (command execution time mm:ss cpu = 00:00, real = 00:00).
Finished generating snapshot at stage opt (command execution time mm:ss cpu = 00:00, real = 00:00).
%# End write_snapshot (04/14 12:55:03, total cpu=13:30:00, real=13:30:00, peak res=359.70M, current mem=1083.35M)
@file(run_synthesis.tcl) 34: report_summary -directory ./OUTPUTS_${DATE}/REPORTS_${DATE}


Working Directory = /home/01fe21bec223/DFT_TESSENT/GENUS/work_cntr
QoS Summary for counter
================================================================================
Metric                          generic         map             opt            
================================================================================
Slack (ps):                     2,784           1,692           1,689
  R2R (ps):                     2,784           1,692           1,689
  I2R (ps):                  no_value        no_value        no_value
  R2O (ps):                  no_value        no_value        no_value
  I2O (ps):                  no_value        no_value        no_value
  CG  (ps):                  no_value        no_value        no_value
TNS (ps):                           0               0               0
  R2R (ps):                         0               0               0
  I2R (ps):                  no_value        no_value        no_value
  R2O (ps):                  no_value        no_value        no_value
  I2O (ps):                  no_value        no_value        no_value
  CG  (ps):                  no_value        no_value        no_value
Failing Paths:                      0               0               0
Cell Area:                        330             337             335
Total Cell Area:                  330             337             335
Leaf Instances:                   248             127             126
Total Instances:                  248             127             126
Utilization (%):                 0.00            0.00            0.00
Tot. Net Length (um):        no_value        no_value        no_value
Avg. Net Length (um):        no_value        no_value        no_value
Route Overflow H (%):        no_value        no_value        no_value
Route Overflow V (%):        no_value        no_value        no_value
MBCI(%) (bits/gate) :            0.00            0.00            0.00
Norm Cong Hotspot Area:
  Max Cong:                  no_value        no_value        no_value
  Tot Cong:                  no_value        no_value        no_value
================================================================================
CPU  Runtime (h:m:s):        00:30:04        00:30:01        00:30:00
Real Runtime (h:m:s):        00:30:05        00:30:01        00:30:00
CPU  Elapsed (h:m:s):        00:30:07        00:30:08        00:30:08
Real Elapsed (h:m:s):        00:30:06        00:30:07        00:30:07
Memory (MB):                  1080.68         1117.35         1082.34
================================================================================
================================================================================
Flow Settings:
================================================================================
Total Runtime (h:m:s): 00:30:06
Total Memory (MB):     1083.35
Executable Version:    20.11-s111_1
================================================================================
Total Cell Area =  Cell Area + Physical Cell Area
Total Instances =  Leaf Instances + Physical Instances




@file(run_synthesis.tcl) 35: report_dp > ./OUTPUTS_${DATE}/REPORTS_${DATE}/opt/counter_datapath.rpt
Beginning report datapath command
Warning : The filename, column and line number information will not be available in the report. [RPT_DP-100]
        : The attribute for getting HDL filename and line number is not set.
@file(run_synthesis.tcl) 36: foreach cg [vfind / -cost_group *] {
  report_timing -group [list $cg] >> ./OUTPUTS_${DATE}/REPORTS_${DATE}/counter_post_opt_time.rpt
}
@file(run_synthesis.tcl) 39: write_hdl > ./OUTPUTS_${DATE}/counter_opt.v
@file(run_synthesis.tcl) 40: report_dp > ./OUTPUTS_${DATE}/REPORTS_${DATE}/counter_datapath_incr.rpt
Beginning report datapath command
Warning : The filename, column and line number information will not be available in the report. [RPT_DP-100]
        : The attribute for getting HDL filename and line number is not set.
@file(run_synthesis.tcl) 41: report_messages > ./OUTPUTS_${DATE}/REPORTS_${DATE}/counter_messages.rpt
@file(run_synthesis.tcl) 42: write_snapshot -outdir ./OUTPUTS_${DATE}/REPORTS_${DATE} -tag final
%# Begin write_snapshot (04/14 12:55:03, mem=1083.35M)
%# Begin qos_stats (04/14 12:55:03, mem=1083.35M)
%# End qos_stats (04/14 12:55:03, total cpu=13:30:00, real=13:30:00, peak res=359.70M, current mem=1083.35M)


Working Directory = /home/01fe21bec223/DFT_TESSENT/GENUS/work_cntr
QoS Summary for counter
==========================================================================================
Metric                          generic         map             opt             final          
==========================================================================================
Slack (ps):                     2,784           1,692           1,689           1,689
  R2R (ps):                     2,784           1,692           1,689           1,689
  I2R (ps):                  no_value        no_value        no_value        no_value
  R2O (ps):                  no_value        no_value        no_value        no_value
  I2O (ps):                  no_value        no_value        no_value        no_value
  CG  (ps):                  no_value        no_value        no_value        no_value
TNS (ps):                           0               0               0               0
  R2R (ps):                         0               0               0               0
  I2R (ps):                  no_value        no_value        no_value        no_value
  R2O (ps):                  no_value        no_value        no_value        no_value
  I2O (ps):                  no_value        no_value        no_value        no_value
  CG  (ps):                  no_value        no_value        no_value        no_value
Failing Paths:                      0               0               0               0
Cell Area:                        330             337             335             335
Total Cell Area:                  330             337             335             335
Leaf Instances:                   248             127             126             126
Total Instances:                  248             127             126             126
Utilization (%):                 0.00            0.00            0.00            0.00
Tot. Net Length (um):        no_value        no_value        no_value        no_value
Avg. Net Length (um):        no_value        no_value        no_value        no_value
Route Overflow H (%):        no_value        no_value        no_value        no_value
Route Overflow V (%):        no_value        no_value        no_value        no_value
MBCI(%) (bits/gate) :            0.00            0.00            0.00            0.00
Norm Cong Hotspot Area:
  Max Cong:                  no_value        no_value        no_value        no_value
  Tot Cong:                  no_value        no_value        no_value        no_value
==========================================================================================
CPU  Runtime (h:m:s):        00:30:04        00:30:01        00:30:00        00:30:00
Real Runtime (h:m:s):        00:30:05        00:30:01        00:30:00        00:30:00
CPU  Elapsed (h:m:s):        00:30:07        00:30:08        00:30:08        00:30:08
Real Elapsed (h:m:s):        00:30:06        00:30:07        00:30:07        00:30:07
Memory (MB):                  1080.68         1117.35         1082.34         1083.35
==========================================================================================
==========================================================================================
Flow Settings:
==========================================================================================
Total Runtime (h:m:s): 00:30:06
Total Memory (MB):     1083.35
Executable Version:    20.11-s111_1
==========================================================================================
Total Cell Area =  Cell Area + Physical Cell Area
Total Instances =  Leaf Instances + Physical Instances




Info    : Joules engine is used. [RPT-16]
        : Joules engine is being used for the command report_gates -power.
Only 32 violating paths found
Info   : ACTP-0001 [ACTPInfo] Activity propagation started for stim#0 netlist
       : counter
Info   : ACTP-0009 [ACTPInfo] Activity Propagation Progress Report :   0%   1%   2%   3%   4%   5%   6%   7%   8%   9%  10%  11%  12%  13%  14%  15%  16%  17%  18%  19%  20%  21%  22%  23%  24%  25%  26%  27%  28%  29%  30%  31%  32%  33%  34%  35%  36%  37%  38%  39%  40%  41%  42%  43%  44%  45%  46%  47%  48%  49%  50%  51%  52%  53%  54%  55%  56%  57%  58%  59%  60%  61%  62%  63%  64%  65%  66%  67%  68%  69%  70%  71%  72%  73%  74%  75%  76%  77%  78%  79%  80%  81%  82%  83%  84%  85%  86%  87%  88%  89%  90%  91%  92%  93%  94%  95%  96%  97%  98%  99% 100%
Info   : ACTP-0001 Activity propagation ended for stim#0
Info   : PWRA-0001 [PwrInfo] compute_power effective options 
       : -mode : vectorless
       : -skip_propagation : 1
       : -frequency_scaling_factor : 1.0
       : -use_clock_freq : stim
       : -stim :/stim#0
       : -fromGenus : 1
Info   : ACTP-0001 Timing initialization started
Info   : ACTP-0001 Timing initialization ended
Info   : PWRA-0002 [PwrInfo] Skipping activity propagation due to -skip_ap
       : option....
Warning: PWRA-0302 [PwrWarn] Frequency scaling is not applicable for vectorless
       : flow. Ignoring frequency scaling.
Warning: PWRA-0304 [PwrWarn] -stim option is not applicable with vectorless mode
       : of power analysis, ignored this option.
Info   : PWRA-0002 Started 'vectorless' power computation.
Info   : PWRA-0009 [PwrInfo] Power Computation Progress Report :   0%   1%   2%   3%   4%   5%   6%   7%   8%   9%  10%  11%  12%  13%  14%  15%  16%  17%  18%  19%  20%  21%  22%  23%  24%  25%  26%  27%  28%  29%  30%  31%  32%  33%  34%  35%  36%  37%  38%  39%  40%  41%  42%  43%  44%  45%  46%  47%  48%  49%  50%  51%  52%  53%  54%  55%  56%  57%  58%  59%  60%  61%  62%  63%  64%  65%  66%  67%  68%  69%  70%  71%  72%  73%  74%  75%  76%  77%  78%  79%  80%  81%  82%  83%  84%  85%  86%  87%  88%  89%  90%  91%  92%  93%  94%  95%  96%  97%  98%  99% 100%
Info   : PWRA-0002 Finished power computation.
Info   : PWRA-0007 [PwrInfo] Completed successfully.
       : Info=6, Warn=2, Error=0, Fatal=0
Finished exporting design database to file './OUTPUTS_Apr14-12:55:00/REPORTS_Apr14-12:55:00/final_counter.db' for 'counter' (command execution time mm:ss cpu = 00:00, real = 00:00).
Finished generating snapshot at stage final (command execution time mm:ss cpu = 00:00, real = 00:01).
%# End write_snapshot (04/14 12:55:04, total cpu=13:30:00, real=13:30:01, peak res=359.70M, current mem=1083.35M)
@file(run_synthesis.tcl) 43: report_summary -directory ./OUTPUTS_${DATE}/REPORTS_${DATE}


Working Directory = /home/01fe21bec223/DFT_TESSENT/GENUS/work_cntr
QoS Summary for counter
==========================================================================================
Metric                          generic         map             opt             final          
==========================================================================================
Slack (ps):                     2,784           1,692           1,689           1,689
  R2R (ps):                     2,784           1,692           1,689           1,689
  I2R (ps):                  no_value        no_value        no_value        no_value
  R2O (ps):                  no_value        no_value        no_value        no_value
  I2O (ps):                  no_value        no_value        no_value        no_value
  CG  (ps):                  no_value        no_value        no_value        no_value
TNS (ps):                           0               0               0               0
  R2R (ps):                         0               0               0               0
  I2R (ps):                  no_value        no_value        no_value        no_value
  R2O (ps):                  no_value        no_value        no_value        no_value
  I2O (ps):                  no_value        no_value        no_value        no_value
  CG  (ps):                  no_value        no_value        no_value        no_value
Failing Paths:                      0               0               0               0
Cell Area:                        330             337             335             335
Total Cell Area:                  330             337             335             335
Leaf Instances:                   248             127             126             126
Total Instances:                  248             127             126             126
Utilization (%):                 0.00            0.00            0.00            0.00
Tot. Net Length (um):        no_value        no_value        no_value        no_value
Avg. Net Length (um):        no_value        no_value        no_value        no_value
Route Overflow H (%):        no_value        no_value        no_value        no_value
Route Overflow V (%):        no_value        no_value        no_value        no_value
MBCI(%) (bits/gate) :            0.00            0.00            0.00            0.00
Norm Cong Hotspot Area:
  Max Cong:                  no_value        no_value        no_value        no_value
  Tot Cong:                  no_value        no_value        no_value        no_value
==========================================================================================
CPU  Runtime (h:m:s):        00:30:04        00:30:01        00:30:00        00:30:00
Real Runtime (h:m:s):        00:30:05        00:30:01        00:30:00        00:30:00
CPU  Elapsed (h:m:s):        00:30:07        00:30:08        00:30:08        00:30:08
Real Elapsed (h:m:s):        00:30:06        00:30:07        00:30:07        00:30:07
Memory (MB):                  1080.68         1117.35         1082.34         1083.35
==========================================================================================
==========================================================================================
Flow Settings:
==========================================================================================
Total Runtime (h:m:s): 00:30:07
Total Memory (MB):     1083.35
Executable Version:    20.11-s111_1
==========================================================================================
Total Cell Area =  Cell Area + Physical Cell Area
Total Instances =  Leaf Instances + Physical Instances




@file(run_synthesis.tcl) 44: write_sdc > ./OUTPUTS_${DATE}/counter_m.sdc
Finished SDC export (command execution time mm:ss (real) = 00:00).
@file(run_synthesis.tcl) 45: write_do_lec -golden_design fv_map -revised_design ./OUTPUTS_${DATE}/counter_m.v -logfile  ./intermediate2final.lec.log > ./OUTPUTS_${DATE}/intermediate2final.lec.do
Info    : Forcing flat compare. [CFM-212]
        : No hierarchies found in design.
Info    : Wrote formal verification information. [CFM-5]
        : Wrote 'fv/counter/counter_mv.fv.json' for netlist './OUTPUTS_Apr14-12:55:00/counter_m.v'.
Info    : Wrote dofile. [CFM-1]
        : Dofile is './OUTPUTS_Apr14-12:55:00/intermediate2final.lec.do'.
        : Alias mapping flow is enabled.
#@ End verbose source ./run_synthesis.tcl
WARNING: This version of the tool is 1448 days old.
@genus:root: 2> gui_show
@genus:root: 3> grep -c "DFF" ./OUTPUTS_Apr14-12:55:00/counter_opt.v
@genus:root: 4> report_timing -max_paths 10000 -early
Error   : An invalid option was specified. [TUI-204] [report_timing]
        : An option named '-early' could not be found.
        : Run 'command_name -help' to check all valid options. To correct the option and rerun the command.
  report_timing: print a timing report 

Usage: report_timing [-fields <string>] [-output_format <string>]
           [-path_type <string>] [-split_delay] [-stage_delay] [-hpins] [-nets]
           [-exception_data] [-unconstrained] [-physical] [-user_derate]
           [-user_mean_derate] [-user_sigma_derate] [-incr_derate] [-gui]
           [-max_paths <integer>] [-nworst <integer>] [-logic_levels <integer>]
           [-skip_buf] [-skip_inv] [-logic_levels_tcl_list] [-max_slack <float>]
           [-min_slack <float>] [-paths <string>] [-domain <clock_domain>]
           [-views <analysis_view>+] [-collection]
           [ -from <inst|hinst|external_delay|clock|port|pin|hpin>+ |
             -from_rise <inst|hinst|external_delay|clock|port|pin|hpin>+ |
             -from_fall <inst|hinst|external_delay|clock|port|pin|hpin>+ ]
           [ -through <inst|hinst|hnet|port|pin|hpin>+ |
             -through_rise <inst|hinst|hnet|port|pin|hpin>+ |
             -through_fall <inst|hinst|hnet|port|pin|hpin>+ ]+
           [ -not_through <inst|hinst|hnet|port|pin|hpin>+ |
             -not_through_rise <inst|hinst|hnet|port|pin|hpin>+ |
             -not_through_fall <inst|hinst|hnet|port|pin|hpin>+ ]
           [ -to <inst|hinst|external_delay|clock|port|pin|hpin>+ |
             -to_rise <inst|hinst|external_delay|clock|port|pin|hpin>+ |
             -to_fall <inst|hinst|external_delay|clock|port|pin|hpin>+ ]
           [ -capture_clock_pins <pin|hpin>+ |
             -capture_clock_pins_rise_clock <pin|hpin>+ |
             -capture_clock_pins_fall_clock <pin|hpin>+ |
             -capture_clock_pins_rise_pin <pin|hpin>+ |
             -capture_clock_pins_fall_pin <pin|hpin>+ ]
           [-exceptions <exception>+] [-group <cost_group>+]
           [-timing_bin <timing_bin>] [-timing_path <timing_bin_path>]
           [<timing_path>+] [> file]

    [-fields <string>]:
        fields 
    [-output_format <string>]:
        supported output format types are <gtd|text> 
    [-path_type <string>]:
        supported path types are <full|summary|full_clock|endpoint> 
    [-split_delay]:
        displays both drivers and loads in the data path 
    [-stage_delay]:
        displays only drivers in the data path 
    [-hpins]:
        displays hierarchical pins in the data path 
    [-nets]:
        displays nets in the data path 
    [-exception_data]:
        displays the exception cross-linking information 
    [-unconstrained]:
        displays the unconstrained paths 
    [-physical]:
        include physical information in report 
    [-user_derate]:
        show 'user_derate' column in timing reports 
    [-user_mean_derate]:
        show 'user_mean_derate' column in timing reports 
    [-user_sigma_derate]:
        show 'user_sigma_derate' column in timing reports 
    [-incr_derate]:
        show 'incr_derate' column in timing reports 
    [-gui]:
        invoke GUI timing report dialog 
    [-max_paths <integer>]:
        number of paths 
    [-nworst <integer>]:
        number of worst paths to each endpoint (inapplicable to path_type 
        endpoint) 
    [-logic_levels <integer>]:
        number of paths to report in the output 
    [-skip_buf]:
        skip buffers when computing logic levels 
    [-skip_inv]:
        skip inverters when computing logic levels 
    [-logic_levels_tcl_list]:
        list output 
    [-max_slack <float>]:
        only paths with less than this slack 
    [-min_slack <float>]:
        only paths with greater than this slack 
    [-paths <string>]:
        a path identifier result from the specify_paths command 
    [-domain <clock_domain>]:
        a clock domain the paths should be restricted to 
    [-views <analysis_view>+]:
        a view the paths should be restricted to 
    [-collection]:
        return a collection of timing paths 
    -from <inst|hinst|external_delay|clock|port|pin|hpin>+:
        a set of startpoints for the paths 
    -from_rise <inst|hinst|external_delay|clock|port|pin|hpin>+:
        startpoints with a rise transition at the pin itself 
    -from_fall <inst|hinst|external_delay|clock|port|pin|hpin>+:
        startpoints with a fall transition at the pin itself 
    -through <inst|hinst|hnet|port|pin|hpin>+:
        specifies paths that pass through these pins or instances. This option 
        can be repeated indicating that the path must go through at least one 
        element of each through list (in the order the options were specified). 
        Objects must be ports, hierarchical pins, pins on sequential/mapped 
        combinational cells, or sequential/mapped combinational instances 
    -through_rise <inst|hinst|hnet|port|pin|hpin>+:
        this option specifies paths that contain a rise transition in one of 
        these objects and it can be repeated and can be combined with -through 
        and/or -through_fall_pin 
    -through_fall <inst|hinst|hnet|port|pin|hpin>+:
        this option specifies paths that contain a fall transition in one of 
        these objects and it can be repeated and can be combined with -through 
        and/or -through_rise_pin 
    -not_through <inst|hinst|hnet|port|pin|hpin>+:
        specifies paths that do not pass through these pins or instances. 
        Objects must be ports, hierarchical pins, pins on sequential/mapped 
        combinational cells, or sequential/mapped combinational instances 
    -not_through_rise <inst|hinst|hnet|port|pin|hpin>+:
        this option specifies paths that does not contain a rise transition in 
        one of these objects 
    -not_through_fall <inst|hinst|hnet|port|pin|hpin>+:
        this option specifies paths that does not contain a fall transition in 
        one of these objects 
    -to <inst|hinst|external_delay|clock|port|pin|hpin>+:
        a set of endpoints for the paths 
    -to_rise <inst|hinst|external_delay|clock|port|pin|hpin>+:
        endpoints with a rise transition at the pin itself 
    -to_fall <inst|hinst|external_delay|clock|port|pin|hpin>+:
        endpoints with a fall transition at the pin itself 
    -capture_clock_pins <pin|hpin>+:
        sequential clock pins at the path endpoint 
    -capture_clock_pins_rise_clock <pin|hpin>+:
        pins that capture with rising clock edge 
    -capture_clock_pins_fall_clock <pin|hpin>+:
        pins that capture with falling clock edge 
    -capture_clock_pins_rise_pin <pin|hpin>+:
        pins that capture with rise transition at the pin itself 
    -capture_clock_pins_fall_pin <pin|hpin>+:
        pins that capture with fall transition at the pin itself 
    [-exceptions <exception>+]:
        report paths for exceptions 
    [-group <cost_group>+]:
        report paths for the specified cost groups/path groups 
    [-timing_bin <timing_bin>]:
        timing bin to report 
    [-timing_path <timing_bin_path>]:
        timing path to report 
    [<timing_path>+]:
        path_collection 
Fields presented are controlled by the '-fields' switch or the attribute
'timing_report_fields' and 'timing_report_endpoint_fields'
Valid full report fields are:
  - timing_point:        names of pins
  - flags:               flags associated with the column timing_point
  - arc:                 timing arc for which timing information was applied
  - edge:                rising/falling edge
  - cell:                cell type, exception type, etc.
  - fanout:              fanout of leaf cells
  - load:                load of leaf cells
  - transition:          slew of leaf cell outputs
  - transition_mean:     mean slew of leaf cell outputs
  - transition_sigma:    sigma slew of leaf cell outputs
  - delay:               delay through a leaf cell
  - delay_mean:          mean delay through a leaf cell
  - delay_sigma:         sigma delay through a leaf cell
  - arrival:             arrival time at a leaf cell
  - arrival_mean:        mean arrival time at a leaf cell
  - arrival_sigma:       sigma arrival time at a leaf cell
  - lib_set:             display the library set of the cell
  - user_derate:         derating information
  - user_mean_derate:    mean derating information
  - user_sigma_derate:   derating information
  - total_derate:        total derating information
  - incr_derate:        incr derating information
  - aocv_derate:         aocv derating information
  - socv_derate:         socv spatial derating information
  - stage_count:         aocv stage depth
  - power_domain:        power domain associated with the object
  - wire_length:         wire length
  - instance_location:       instance location
  - pin_location:        pin location
  - module:              name of the subdesign
  - frc:                 file row column information
  - voltage:             voltage information
1
@genus:root: 5> report_timing -max_paths 10000 -min_slack
Error   : A required argument is missing for a flagged command option. [TUI-60] [report_timing]
        : The flag is '-min_slack'.
        : Check the command usage and correct the input to the command.
  report_timing: print a timing report 

Usage: report_timing [-fields <string>] [-output_format <string>]
           [-path_type <string>] [-split_delay] [-stage_delay] [-hpins] [-nets]
           [-exception_data] [-unconstrained] [-physical] [-user_derate]
           [-user_mean_derate] [-user_sigma_derate] [-incr_derate] [-gui]
           [-max_paths <integer>] [-nworst <integer>] [-logic_levels <integer>]
           [-skip_buf] [-skip_inv] [-logic_levels_tcl_list] [-max_slack <float>]
           [-min_slack <float>] [-paths <string>] [-domain <clock_domain>]
           [-views <analysis_view>+] [-collection]
           [ -from <inst|hinst|external_delay|clock|port|pin|hpin>+ |
             -from_rise <inst|hinst|external_delay|clock|port|pin|hpin>+ |
             -from_fall <inst|hinst|external_delay|clock|port|pin|hpin>+ ]
           [ -through <inst|hinst|hnet|port|pin|hpin>+ |
             -through_rise <inst|hinst|hnet|port|pin|hpin>+ |
             -through_fall <inst|hinst|hnet|port|pin|hpin>+ ]+
           [ -not_through <inst|hinst|hnet|port|pin|hpin>+ |
             -not_through_rise <inst|hinst|hnet|port|pin|hpin>+ |
             -not_through_fall <inst|hinst|hnet|port|pin|hpin>+ ]
           [ -to <inst|hinst|external_delay|clock|port|pin|hpin>+ |
             -to_rise <inst|hinst|external_delay|clock|port|pin|hpin>+ |
             -to_fall <inst|hinst|external_delay|clock|port|pin|hpin>+ ]
           [ -capture_clock_pins <pin|hpin>+ |
             -capture_clock_pins_rise_clock <pin|hpin>+ |
             -capture_clock_pins_fall_clock <pin|hpin>+ |
             -capture_clock_pins_rise_pin <pin|hpin>+ |
             -capture_clock_pins_fall_pin <pin|hpin>+ ]
           [-exceptions <exception>+] [-group <cost_group>+]
           [-timing_bin <timing_bin>] [-timing_path <timing_bin_path>]
           [<timing_path>+] [> file]

    [-fields <string>]:
        fields 
    [-output_format <string>]:
        supported output format types are <gtd|text> 
    [-path_type <string>]:
        supported path types are <full|summary|full_clock|endpoint> 
    [-split_delay]:
        displays both drivers and loads in the data path 
    [-stage_delay]:
        displays only drivers in the data path 
    [-hpins]:
        displays hierarchical pins in the data path 
    [-nets]:
        displays nets in the data path 
    [-exception_data]:
        displays the exception cross-linking information 
    [-unconstrained]:
        displays the unconstrained paths 
    [-physical]:
        include physical information in report 
    [-user_derate]:
        show 'user_derate' column in timing reports 
    [-user_mean_derate]:
        show 'user_mean_derate' column in timing reports 
    [-user_sigma_derate]:
        show 'user_sigma_derate' column in timing reports 
    [-incr_derate]:
        show 'incr_derate' column in timing reports 
    [-gui]:
        invoke GUI timing report dialog 
    [-max_paths <integer>]:
        number of paths 
    [-nworst <integer>]:
        number of worst paths to each endpoint (inapplicable to path_type 
        endpoint) 
    [-logic_levels <integer>]:
        number of paths to report in the output 
    [-skip_buf]:
        skip buffers when computing logic levels 
    [-skip_inv]:
        skip inverters when computing logic levels 
    [-logic_levels_tcl_list]:
        list output 
    [-max_slack <float>]:
        only paths with less than this slack 
    [-min_slack <float>]:
        only paths with greater than this slack 
    [-paths <string>]:
        a path identifier result from the specify_paths command 
    [-domain <clock_domain>]:
        a clock domain the paths should be restricted to 
    [-views <analysis_view>+]:
        a view the paths should be restricted to 
    [-collection]:
        return a collection of timing paths 
    -from <inst|hinst|external_delay|clock|port|pin|hpin>+:
        a set of startpoints for the paths 
    -from_rise <inst|hinst|external_delay|clock|port|pin|hpin>+:
        startpoints with a rise transition at the pin itself 
    -from_fall <inst|hinst|external_delay|clock|port|pin|hpin>+:
        startpoints with a fall transition at the pin itself 
    -through <inst|hinst|hnet|port|pin|hpin>+:
        specifies paths that pass through these pins or instances. This option 
        can be repeated indicating that the path must go through at least one 
        element of each through list (in the order the options were specified). 
        Objects must be ports, hierarchical pins, pins on sequential/mapped 
        combinational cells, or sequential/mapped combinational instances 
    -through_rise <inst|hinst|hnet|port|pin|hpin>+:
        this option specifies paths that contain a rise transition in one of 
        these objects and it can be repeated and can be combined with -through 
        and/or -through_fall_pin 
    -through_fall <inst|hinst|hnet|port|pin|hpin>+:
        this option specifies paths that contain a fall transition in one of 
        these objects and it can be repeated and can be combined with -through 
        and/or -through_rise_pin 
    -not_through <inst|hinst|hnet|port|pin|hpin>+:
        specifies paths that do not pass through these pins or instances. 
        Objects must be ports, hierarchical pins, pins on sequential/mapped 
        combinational cells, or sequential/mapped combinational instances 
    -not_through_rise <inst|hinst|hnet|port|pin|hpin>+:
        this option specifies paths that does not contain a rise transition in 
        one of these objects 
    -not_through_fall <inst|hinst|hnet|port|pin|hpin>+:
        this option specifies paths that does not contain a fall transition in 
        one of these objects 
    -to <inst|hinst|external_delay|clock|port|pin|hpin>+:
        a set of endpoints for the paths 
    -to_rise <inst|hinst|external_delay|clock|port|pin|hpin>+:
        endpoints with a rise transition at the pin itself 
    -to_fall <inst|hinst|external_delay|clock|port|pin|hpin>+:
        endpoints with a fall transition at the pin itself 
    -capture_clock_pins <pin|hpin>+:
        sequential clock pins at the path endpoint 
    -capture_clock_pins_rise_clock <pin|hpin>+:
        pins that capture with rising clock edge 
    -capture_clock_pins_fall_clock <pin|hpin>+:
        pins that capture with falling clock edge 
    -capture_clock_pins_rise_pin <pin|hpin>+:
        pins that capture with rise transition at the pin itself 
    -capture_clock_pins_fall_pin <pin|hpin>+:
        pins that capture with fall transition at the pin itself 
    [-exceptions <exception>+]:
        report paths for exceptions 
    [-group <cost_group>+]:
        report paths for the specified cost groups/path groups 
    [-timing_bin <timing_bin>]:
        timing bin to report 
    [-timing_path <timing_bin_path>]:
        timing path to report 
    [<timing_path>+]:
        path_collection 
Fields presented are controlled by the '-fields' switch or the attribute
'timing_report_fields' and 'timing_report_endpoint_fields'
Valid full report fields are:
  - timing_point:        names of pins
  - flags:               flags associated with the column timing_point
  - arc:                 timing arc for which timing information was applied
  - edge:                rising/falling edge
  - cell:                cell type, exception type, etc.
  - fanout:              fanout of leaf cells
  - load:                load of leaf cells
  - transition:          slew of leaf cell outputs
  - transition_mean:     mean slew of leaf cell outputs
  - transition_sigma:    sigma slew of leaf cell outputs
  - delay:               delay through a leaf cell
  - delay_mean:          mean delay through a leaf cell
  - delay_sigma:         sigma delay through a leaf cell
  - arrival:             arrival time at a leaf cell
  - arrival_mean:        mean arrival time at a leaf cell
  - arrival_sigma:       sigma arrival time at a leaf cell
  - lib_set:             display the library set of the cell
  - user_derate:         derating information
  - user_mean_derate:    mean derating information
  - user_sigma_derate:   derating information
  - total_derate:        total derating information
  - incr_derate:        incr derating information
  - aocv_derate:         aocv derating information
  - socv_derate:         socv spatial derating information
  - stage_count:         aocv stage depth
  - power_domain:        power domain associated with the object
  - wire_length:         wire length
  - instance_location:       instance location
  - pin_location:        pin location
  - module:              name of the subdesign
  - frc:                 file row column information
  - voltage:             voltage information
1
@genus:root: 6> report_timing -max_paths 10000
============================================================
  Generated by:           Genus(TM) Synthesis Solution 20.11-s111_1
  Generated on:           Apr 14 2025  01:02:58 pm
  Module:                 counter
  Operating conditions:   slow (balanced_tree)
  Wireload mode:          enclosed
  Area mode:              timing library
============================================================

Only 32 violating paths found

Path 1: MET (1689 ps) Setup Check with Pin q_reg[31]/CK->D
          Group: C2C
     Startpoint: (R) q_reg[1]/CK
          Clock: (R) clk
       Endpoint: (F) q_reg[31]/D
          Clock: (R) clk

                     Capture       Launch     
        Clock Edge:+    5000            0     
       Src Latency:+       0            0     
       Net Latency:+       0 (I)        0 (I) 
           Arrival:=    5000            0     
                                              
             Setup:-     206                  
     Required Time:=    4794                  
      Launch Clock:-       0                  
         Data Path:-    3105                  
             Slack:=    1689                  

#----------------------------------------------------------------------------------------------------
#       Timing Point         Flags    Arc   Edge   Cell     Fanout Load Trans Delay Arrival Instance 
#                                                                  (fF)  (ps)  (ps)   (ps)  Location 
#----------------------------------------------------------------------------------------------------
  q_reg[1]/CK                -       -      R     (arrival)     32    -     0     0       0    (-,-) 
  q_reg[1]/Q                 -       CK->Q  F     DFF_X2         3  3.8    57   532     532    (-,-) 
  inc_add_16_8_g526__6260/CO -       B->CO  F     HA_X1          2  2.9    50   214     746    (-,-) 
  inc_add_16_8_g525__5107/ZN -       A1->ZN F     AND3_X2        2  2.9    45   204     950    (-,-) 
  inc_add_16_8_g524__2398/ZN -       A1->ZN F     AND3_X2        2  2.9    45   201    1151    (-,-) 
  inc_add_16_8_g523__5477/ZN -       A1->ZN R     NAND3_X1       2  2.4   182   192    1344    (-,-) 
  inc_add_16_8_g520__7410/ZN -       A1->ZN F     NOR2_X2        3  4.4    61   117    1461    (-,-) 
  inc_add_16_8_g517__2883/ZN -       A1->ZN R     NAND4_X2       2  2.4   138   145    1606    (-,-) 
  inc_add_16_8_g512__4733/ZN -       A1->ZN F     NOR2_X2        3  3.8    54    99    1705    (-,-) 
  inc_add_16_8_g509__1881/ZN -       A1->ZN F     AND4_X2        2  2.9    52   228    1933    (-,-) 
  inc_add_16_8_g506__8246/ZN -       A1->ZN F     AND3_X2        2  2.9    45   205    2138    (-,-) 
  inc_add_16_8_g502__1617/ZN -       A1->ZN F     AND3_X2        2  2.9    45   201    2340    (-,-) 
  inc_add_16_8_g498__8428/ZN -       A1->ZN F     AND3_X4        1  1.9    42   205    2545    (-,-) 
  inc_add_16_8_g487__9945/CO -       A->CO  F     HA_X1          1  1.8    40   160    2705    (-,-) 
  inc_add_16_8_g483__7482/Z  -       A->Z   F     XOR2_X2        1  0.8    47   241    2946    (-,-) 
  g1247__7482/ZN             -       A1->ZN F     AND2_X2        1  1.1    30   159    3105    (-,-) 
  q_reg[31]/D                -       -      F     DFF_X2         1    -     -     0    3105    (-,-) 
#----------------------------------------------------------------------------------------------------



Path 2: MET (1871 ps) Setup Check with Pin q_reg[30]/CK->D
          Group: C2C
     Startpoint: (R) q_reg[1]/CK
          Clock: (R) clk
       Endpoint: (F) q_reg[30]/D
          Clock: (R) clk

                     Capture       Launch     
        Clock Edge:+    5000            0     
       Src Latency:+       0            0     
       Net Latency:+       0 (I)        0 (I) 
           Arrival:=    5000            0     
                                              
             Setup:-     206                  
     Required Time:=    4794                  
      Launch Clock:-       0                  
         Data Path:-    2923                  
             Slack:=    1871                  

#----------------------------------------------------------------------------------------------------
#       Timing Point         Flags    Arc   Edge   Cell     Fanout Load Trans Delay Arrival Instance 
#                                                                  (fF)  (ps)  (ps)   (ps)  Location 
#----------------------------------------------------------------------------------------------------
  q_reg[1]/CK                -       -      R     (arrival)     32    -     0     0       0    (-,-) 
  q_reg[1]/Q                 -       CK->Q  F     DFF_X2         3  3.8    57   532     532    (-,-) 
  inc_add_16_8_g526__6260/CO -       B->CO  F     HA_X1          2  2.9    50   214     746    (-,-) 
  inc_add_16_8_g525__5107/ZN -       A1->ZN F     AND3_X2        2  2.9    45   204     950    (-,-) 
  inc_add_16_8_g524__2398/ZN -       A1->ZN F     AND3_X2        2  2.9    45   201    1151    (-,-) 
  inc_add_16_8_g523__5477/ZN -       A1->ZN R     NAND3_X1       2  2.4   182   192    1344    (-,-) 
  inc_add_16_8_g520__7410/ZN -       A1->ZN F     NOR2_X2        3  4.4    61   117    1461    (-,-) 
  inc_add_16_8_g517__2883/ZN -       A1->ZN R     NAND4_X2       2  2.4   138   145    1606    (-,-) 
  inc_add_16_8_g512__4733/ZN -       A1->ZN F     NOR2_X2        3  3.8    54    99    1705    (-,-) 
  inc_add_16_8_g509__1881/ZN -       A1->ZN F     AND4_X2        2  2.9    52   228    1933    (-,-) 
  inc_add_16_8_g506__8246/ZN -       A1->ZN F     AND3_X2        2  2.9    45   205    2138    (-,-) 
  inc_add_16_8_g502__1617/ZN -       A1->ZN F     AND3_X2        2  2.9    45   201    2340    (-,-) 
  inc_add_16_8_g498__8428/ZN -       A1->ZN F     AND3_X4        1  1.9    42   205    2545    (-,-) 
  inc_add_16_8_g487__9945/S  -       A->S   F     HA_X1          1  0.8    50   218    2762    (-,-) 
  g1248__4733/ZN             -       A1->ZN F     AND2_X2        1  1.1    30   161    2923    (-,-) 
  q_reg[30]/D                -       -      F     DFF_X2         1    -     -     0    2923    (-,-) 
#----------------------------------------------------------------------------------------------------



Path 3: MET (1888 ps) Setup Check with Pin q_reg[29]/CK->D
          Group: C2C
     Startpoint: (R) q_reg[0]/CK
          Clock: (R) clk
       Endpoint: (R) q_reg[29]/D
          Clock: (R) clk

                     Capture       Launch     
        Clock Edge:+    5000            0     
       Src Latency:+       0            0     
       Net Latency:+       0 (I)        0 (I) 
           Arrival:=    5000            0     
                                              
             Setup:-     136                  
     Required Time:=    4864                  
      Launch Clock:-       0                  
         Data Path:-    2976                  
             Slack:=    1888                  

#----------------------------------------------------------------------------------------------------
#       Timing Point         Flags    Arc   Edge   Cell     Fanout Load Trans Delay Arrival Instance 
#                                                                  (fF)  (ps)  (ps)   (ps)  Location 
#----------------------------------------------------------------------------------------------------
  q_reg[0]/CK                -       -      R     (arrival)     32    -     0     0       0    (-,-) 
  q_reg[0]/Q                 -       CK->Q  R     DFF_X2         4  5.6   127   390     390    (-,-) 
  inc_add_16_8_g526__6260/CO -       A->CO  R     HA_X1          2  3.0   145   254     644    (-,-) 
  inc_add_16_8_g525__5107/ZN -       A1->ZN R     AND3_X2        2  3.0    81   223     867    (-,-) 
  inc_add_16_8_g524__2398/ZN -       A1->ZN R     AND3_X2        2  3.1    82   200    1067    (-,-) 
  inc_add_16_8_g523__5477/ZN -       A1->ZN F     NAND3_X1       2  2.1    61   105    1172    (-,-) 
  inc_add_16_8_g520__7410/ZN -       A1->ZN R     NOR2_X2        3  4.6   179   232    1404    (-,-) 
  inc_add_16_8_g517__2883/ZN -       A1->ZN F     NAND4_X2       2  2.1    69   104    1508    (-,-) 
  inc_add_16_8_g512__4733/ZN -       A1->ZN R     NOR2_X2        3  3.9   159   214    1721    (-,-) 
  inc_add_16_8_g509__1881/ZN -       A1->ZN R     AND4_X2        2  3.0    83   240    1962    (-,-) 
  inc_add_16_8_g506__8246/ZN -       A1->ZN R     AND3_X2        2  3.0    80   199    2160    (-,-) 
  inc_add_16_8_g502__1617/ZN -       A1->ZN R     AND3_X2        2  3.0    80   198    2358    (-,-) 
  inc_add_16_8_g489__2346/CO -       A->CO  R     HA_X1          1  2.1   109   201    2559    (-,-) 
  inc_add_16_8_g485__6161/Z  -       A->Z   R     XOR2_X2        1  0.8   110   264    2823    (-,-) 
  g1231__5107/ZN             -       A1->ZN R     AND2_X2        1  1.2    51   153    2976    (-,-) 
  q_reg[29]/D                -       -      R     DFF_X2         1    -     -     0    2976    (-,-) 
#----------------------------------------------------------------------------------------------------



Path 4: MET (2029 ps) Setup Check with Pin q_reg[28]/CK->D
          Group: C2C
     Startpoint: (R) q_reg[0]/CK
          Clock: (R) clk
       Endpoint: (R) q_reg[28]/D
          Clock: (R) clk

                     Capture       Launch     
        Clock Edge:+    5000            0     
       Src Latency:+       0            0     
       Net Latency:+       0 (I)        0 (I) 
           Arrival:=    5000            0     
                                              
             Setup:-     136                  
     Required Time:=    4864                  
      Launch Clock:-       0                  
         Data Path:-    2835                  
             Slack:=    2029                  

#----------------------------------------------------------------------------------------------------
#       Timing Point         Flags    Arc   Edge   Cell     Fanout Load Trans Delay Arrival Instance 
#                                                                  (fF)  (ps)  (ps)   (ps)  Location 
#----------------------------------------------------------------------------------------------------
  q_reg[0]/CK                -       -      R     (arrival)     32    -     0     0       0    (-,-) 
  q_reg[0]/Q                 -       CK->Q  R     DFF_X2         4  5.6   127   390     390    (-,-) 
  inc_add_16_8_g526__6260/CO -       A->CO  R     HA_X1          2  3.0   145   254     644    (-,-) 
  inc_add_16_8_g525__5107/ZN -       A1->ZN R     AND3_X2        2  3.0    81   223     867    (-,-) 
  inc_add_16_8_g524__2398/ZN -       A1->ZN R     AND3_X2        2  3.1    82   200    1067    (-,-) 
  inc_add_16_8_g523__5477/ZN -       A1->ZN F     NAND3_X1       2  2.1    61   105    1172    (-,-) 
  inc_add_16_8_g520__7410/ZN -       A1->ZN R     NOR2_X2        3  4.6   179   232    1404    (-,-) 
  inc_add_16_8_g517__2883/ZN -       A1->ZN F     NAND4_X2       2  2.1    69   104    1508    (-,-) 
  inc_add_16_8_g512__4733/ZN -       A1->ZN R     NOR2_X2        3  3.9   159   214    1721    (-,-) 
  inc_add_16_8_g509__1881/ZN -       A1->ZN R     AND4_X2        2  3.0    83   240    1962    (-,-) 
  inc_add_16_8_g506__8246/ZN -       A1->ZN R     AND3_X2        2  3.0    80   199    2160    (-,-) 
  inc_add_16_8_g502__1617/ZN -       A1->ZN R     AND3_X2        2  3.0    80   198    2358    (-,-) 
  inc_add_16_8_g489__2346/S  -       A->S   R     HA_X1          1  0.8   160   306    2664    (-,-) 
  g1261__4319/ZN             -       A1->ZN R     AND2_X2        1  1.2    51   171    2835    (-,-) 
  q_reg[28]/D                -       -      R     DFF_X2         1    -     -     0    2835    (-,-) 
#----------------------------------------------------------------------------------------------------



Path 5: MET (2086 ps) Setup Check with Pin q_reg[27]/CK->D
          Group: C2C
     Startpoint: (R) q_reg[0]/CK
          Clock: (R) clk
       Endpoint: (R) q_reg[27]/D
          Clock: (R) clk

                     Capture       Launch     
        Clock Edge:+    5000            0     
       Src Latency:+       0            0     
       Net Latency:+       0 (I)        0 (I) 
           Arrival:=    5000            0     
                                              
             Setup:-     136                  
     Required Time:=    4864                  
      Launch Clock:-       0                  
         Data Path:-    2778                  
             Slack:=    2086                  

#----------------------------------------------------------------------------------------------------
#       Timing Point         Flags    Arc   Edge   Cell     Fanout Load Trans Delay Arrival Instance 
#                                                                  (fF)  (ps)  (ps)   (ps)  Location 
#----------------------------------------------------------------------------------------------------
  q_reg[0]/CK                -       -      R     (arrival)     32    -     0     0       0    (-,-) 
  q_reg[0]/Q                 -       CK->Q  R     DFF_X2         4  5.6   127   390     390    (-,-) 
  inc_add_16_8_g526__6260/CO -       A->CO  R     HA_X1          2  3.0   145   254     644    (-,-) 
  inc_add_16_8_g525__5107/ZN -       A1->ZN R     AND3_X2        2  3.0    81   223     867    (-,-) 
  inc_add_16_8_g524__2398/ZN -       A1->ZN R     AND3_X2        2  3.1    82   200    1067    (-,-) 
  inc_add_16_8_g523__5477/ZN -       A1->ZN F     NAND3_X1       2  2.1    61   105    1172    (-,-) 
  inc_add_16_8_g520__7410/ZN -       A1->ZN R     NOR2_X2        3  4.6   179   232    1404    (-,-) 
  inc_add_16_8_g517__2883/ZN -       A1->ZN F     NAND4_X2       2  2.1    69   104    1508    (-,-) 
  inc_add_16_8_g512__4733/ZN -       A1->ZN R     NOR2_X2        3  3.9   159   214    1721    (-,-) 
  inc_add_16_8_g509__1881/ZN -       A1->ZN R     AND4_X2        2  3.0    83   240    1962    (-,-) 
  inc_add_16_8_g506__8246/ZN -       A1->ZN R     AND3_X2        2  3.0    80   199    2160    (-,-) 
  inc_add_16_8_g494__2398/CO -       A->CO  R     HA_X1          1  2.1   109   201    2362    (-,-) 
  inc_add_16_8_g488__2883/Z  -       A->Z   R     XOR2_X2        1  0.8   110   264    2625    (-,-) 
  g1244__6131/ZN             -       A1->ZN R     AND2_X2        1  1.2    51   153    2778    (-,-) 
  q_reg[27]/D                -       -      R     DFF_X2         1    -     -     0    2778    (-,-) 
#----------------------------------------------------------------------------------------------------



Path 6: MET (2162 ps) Setup Check with Pin q_reg[19]/CK->D
          Group: C2C
     Startpoint: (R) q_reg[0]/CK
          Clock: (R) clk
       Endpoint: (R) q_reg[19]/D
          Clock: (R) clk

                     Capture       Launch     
        Clock Edge:+    5000            0     
       Src Latency:+       0            0     
       Net Latency:+       0 (I)        0 (I) 
           Arrival:=    5000            0     
                                              
             Setup:-     136                  
     Required Time:=    4864                  
      Launch Clock:-       0                  
         Data Path:-    2703                  
             Slack:=    2162                  

#----------------------------------------------------------------------------------------------------
#       Timing Point         Flags    Arc   Edge   Cell     Fanout Load Trans Delay Arrival Instance 
#                                                                  (fF)  (ps)  (ps)   (ps)  Location 
#----------------------------------------------------------------------------------------------------
  q_reg[0]/CK                -       -      R     (arrival)     32    -     0     0       0    (-,-) 
  q_reg[0]/Q                 -       CK->Q  R     DFF_X2         4  5.6   127   390     390    (-,-) 
  inc_add_16_8_g526__6260/CO -       A->CO  R     HA_X1          2  3.0   145   254     644    (-,-) 
  inc_add_16_8_g525__5107/ZN -       A1->ZN R     AND3_X2        2  3.0    81   223     867    (-,-) 
  inc_add_16_8_g524__2398/ZN -       A1->ZN R     AND3_X2        2  3.1    82   200    1067    (-,-) 
  inc_add_16_8_g523__5477/ZN -       A1->ZN F     NAND3_X1       2  2.1    61   105    1172    (-,-) 
  inc_add_16_8_g520__7410/ZN -       A1->ZN R     NOR2_X2        3  4.6   179   232    1404    (-,-) 
  inc_add_16_8_g517__2883/ZN -       A1->ZN F     NAND4_X2       2  2.1    69   104    1508    (-,-) 
  inc_add_16_8_g516/ZN       -       A->ZN  R     INV_X1         1  2.0   107   158    1665    (-,-) 
  inc_add_16_8_g504__1705/CO -       A->CO  R     HA_X1          1  2.0   105   206    1871    (-,-) 
  inc_add_16_8_g493__5477/CO -       A->CO  R     HA_X1          1  2.0   105   205    2076    (-,-) 
  inc_add_16_8_g484__4733/CO -       A->CO  R     HA_X1          1  2.1   109   209    2286    (-,-) 
  inc_add_16_8_g482__5115/Z  -       A->Z   R     XOR2_X2        1  0.8   110   264    2549    (-,-) 
  g1237__3680/ZN             -       A1->ZN R     AND2_X2        1  1.2    51   153    2703    (-,-) 
  q_reg[19]/D                -       -      R     DFF_X2         1    -     -     0    2703    (-,-) 
#----------------------------------------------------------------------------------------------------



Path 7: MET (2226 ps) Setup Check with Pin q_reg[26]/CK->D
          Group: C2C
     Startpoint: (R) q_reg[0]/CK
          Clock: (R) clk
       Endpoint: (R) q_reg[26]/D
          Clock: (R) clk

                     Capture       Launch     
        Clock Edge:+    5000            0     
       Src Latency:+       0            0     
       Net Latency:+       0 (I)        0 (I) 
           Arrival:=    5000            0     
                                              
             Setup:-     136                  
     Required Time:=    4864                  
      Launch Clock:-       0                  
         Data Path:-    2638                  
             Slack:=    2226                  

#----------------------------------------------------------------------------------------------------
#       Timing Point         Flags    Arc   Edge   Cell     Fanout Load Trans Delay Arrival Instance 
#                                                                  (fF)  (ps)  (ps)   (ps)  Location 
#----------------------------------------------------------------------------------------------------
  q_reg[0]/CK                -       -      R     (arrival)     32    -     0     0       0    (-,-) 
  q_reg[0]/Q                 -       CK->Q  R     DFF_X2         4  5.6   127   390     390    (-,-) 
  inc_add_16_8_g526__6260/CO -       A->CO  R     HA_X1          2  3.0   145   254     644    (-,-) 
  inc_add_16_8_g525__5107/ZN -       A1->ZN R     AND3_X2        2  3.0    81   223     867    (-,-) 
  inc_add_16_8_g524__2398/ZN -       A1->ZN R     AND3_X2        2  3.1    82   200    1067    (-,-) 
  inc_add_16_8_g523__5477/ZN -       A1->ZN F     NAND3_X1       2  2.1    61   105    1172    (-,-) 
  inc_add_16_8_g520__7410/ZN -       A1->ZN R     NOR2_X2        3  4.6   179   232    1404    (-,-) 
  inc_add_16_8_g517__2883/ZN -       A1->ZN F     NAND4_X2       2  2.1    69   104    1508    (-,-) 
  inc_add_16_8_g512__4733/ZN -       A1->ZN R     NOR2_X2        3  3.9   159   214    1721    (-,-) 
  inc_add_16_8_g509__1881/ZN -       A1->ZN R     AND4_X2        2  3.0    83   240    1962    (-,-) 
  inc_add_16_8_g506__8246/ZN -       A1->ZN R     AND3_X2        2  3.0    80   199    2160    (-,-) 
  inc_add_16_8_g494__2398/S  -       A->S   R     HA_X1          1  0.8   160   306    2467    (-,-) 
  g1230__2398/ZN             -       A1->ZN R     AND2_X2        1  1.2    51   171    2638    (-,-) 
  q_reg[26]/D                -       -      R     DFF_X2         1    -     -     0    2638    (-,-) 
#----------------------------------------------------------------------------------------------------



Path 8: MET (2284 ps) Setup Check with Pin q_reg[25]/CK->D
          Group: C2C
     Startpoint: (R) q_reg[0]/CK
          Clock: (R) clk
       Endpoint: (R) q_reg[25]/D
          Clock: (R) clk

                     Capture       Launch     
        Clock Edge:+    5000            0     
       Src Latency:+       0            0     
       Net Latency:+       0 (I)        0 (I) 
           Arrival:=    5000            0     
                                              
             Setup:-     136                  
     Required Time:=    4864                  
      Launch Clock:-       0                  
         Data Path:-    2581                  
             Slack:=    2284                  

#----------------------------------------------------------------------------------------------------
#       Timing Point         Flags    Arc   Edge   Cell     Fanout Load Trans Delay Arrival Instance 
#                                                                  (fF)  (ps)  (ps)   (ps)  Location 
#----------------------------------------------------------------------------------------------------
  q_reg[0]/CK                -       -      R     (arrival)     32    -     0     0       0    (-,-) 
  q_reg[0]/Q                 -       CK->Q  R     DFF_X2         4  5.6   127   390     390    (-,-) 
  inc_add_16_8_g526__6260/CO -       A->CO  R     HA_X1          2  3.0   145   254     644    (-,-) 
  inc_add_16_8_g525__5107/ZN -       A1->ZN R     AND3_X2        2  3.0    81   223     867    (-,-) 
  inc_add_16_8_g524__2398/ZN -       A1->ZN R     AND3_X2        2  3.1    82   200    1067    (-,-) 
  inc_add_16_8_g523__5477/ZN -       A1->ZN F     NAND3_X1       2  2.1    61   105    1172    (-,-) 
  inc_add_16_8_g520__7410/ZN -       A1->ZN R     NOR2_X2        3  4.6   179   232    1404    (-,-) 
  inc_add_16_8_g517__2883/ZN -       A1->ZN F     NAND4_X2       2  2.1    69   104    1508    (-,-) 
  inc_add_16_8_g512__4733/ZN -       A1->ZN R     NOR2_X2        3  3.9   159   214    1721    (-,-) 
  inc_add_16_8_g509__1881/ZN -       A1->ZN R     AND4_X2        2  3.0    83   240    1962    (-,-) 
  inc_add_16_8_g496__6260/CO -       A->CO  R     HA_X1          1  2.1   109   202    2164    (-,-) 
  inc_add_16_8_g491__7410/Z  -       A->Z   R     XOR2_X2        1  0.8   110   264    2427    (-,-) 
  g1243__7098/ZN             -       A1->ZN R     AND2_X2        1  1.2    51   153    2581    (-,-) 
  q_reg[25]/D                -       -      R     DFF_X2         1    -     -     0    2581    (-,-) 
#----------------------------------------------------------------------------------------------------



Path 9: MET (2302 ps) Setup Check with Pin q_reg[18]/CK->D
          Group: C2C
     Startpoint: (R) q_reg[0]/CK
          Clock: (R) clk
       Endpoint: (R) q_reg[18]/D
          Clock: (R) clk

                     Capture       Launch     
        Clock Edge:+    5000            0     
       Src Latency:+       0            0     
       Net Latency:+       0 (I)        0 (I) 
           Arrival:=    5000            0     
                                              
             Setup:-     136                  
     Required Time:=    4864                  
      Launch Clock:-       0                  
         Data Path:-    2562                  
             Slack:=    2302                  

#----------------------------------------------------------------------------------------------------
#       Timing Point         Flags    Arc   Edge   Cell     Fanout Load Trans Delay Arrival Instance 
#                                                                  (fF)  (ps)  (ps)   (ps)  Location 
#----------------------------------------------------------------------------------------------------
  q_reg[0]/CK                -       -      R     (arrival)     32    -     0     0       0    (-,-) 
  q_reg[0]/Q                 -       CK->Q  R     DFF_X2         4  5.6   127   390     390    (-,-) 
  inc_add_16_8_g526__6260/CO -       A->CO  R     HA_X1          2  3.0   145   254     644    (-,-) 
  inc_add_16_8_g525__5107/ZN -       A1->ZN R     AND3_X2        2  3.0    81   223     867    (-,-) 
  inc_add_16_8_g524__2398/ZN -       A1->ZN R     AND3_X2        2  3.1    82   200    1067    (-,-) 
  inc_add_16_8_g523__5477/ZN -       A1->ZN F     NAND3_X1       2  2.1    61   105    1172    (-,-) 
  inc_add_16_8_g520__7410/ZN -       A1->ZN R     NOR2_X2        3  4.6   179   232    1404    (-,-) 
  inc_add_16_8_g517__2883/ZN -       A1->ZN F     NAND4_X2       2  2.1    69   104    1508    (-,-) 
  inc_add_16_8_g516/ZN       -       A->ZN  R     INV_X1         1  2.0   107   158    1665    (-,-) 
  inc_add_16_8_g504__1705/CO -       A->CO  R     HA_X1          1  2.0   105   206    1871    (-,-) 
  inc_add_16_8_g493__5477/CO -       A->CO  R     HA_X1          1  2.0   105   205    2076    (-,-) 
  inc_add_16_8_g484__4733/S  -       A->S   R     HA_X1          1  0.8   160   315    2391    (-,-) 
  g1236__6783/ZN             -       A1->ZN R     AND2_X2        1  1.2    51   171    2562    (-,-) 
  q_reg[18]/D                -       -      R     DFF_X2         1    -     -     0    2562    (-,-) 
#----------------------------------------------------------------------------------------------------



Path 10: MET (2346 ps) Setup Check with Pin q_reg[23]/CK->D
          Group: C2C
     Startpoint: (R) q_reg[0]/CK
          Clock: (R) clk
       Endpoint: (R) q_reg[23]/D
          Clock: (R) clk

                     Capture       Launch     
        Clock Edge:+    5000            0     
       Src Latency:+       0            0     
       Net Latency:+       0 (I)        0 (I) 
           Arrival:=    5000            0     
                                              
             Setup:-     136                  
     Required Time:=    4864                  
      Launch Clock:-       0                  
         Data Path:-    2519                  
             Slack:=    2346                  

#----------------------------------------------------------------------------------------------------
#       Timing Point         Flags    Arc   Edge   Cell     Fanout Load Trans Delay Arrival Instance 
#                                                                  (fF)  (ps)  (ps)   (ps)  Location 
#----------------------------------------------------------------------------------------------------
  q_reg[0]/CK                -       -      R     (arrival)     32    -     0     0       0    (-,-) 
  q_reg[0]/Q                 -       CK->Q  R     DFF_X2         4  5.6   127   390     390    (-,-) 
  inc_add_16_8_g526__6260/CO -       A->CO  R     HA_X1          2  3.0   145   254     644    (-,-) 
  inc_add_16_8_g525__5107/ZN -       A1->ZN R     AND3_X2        2  3.0    81   223     867    (-,-) 
  inc_add_16_8_g524__2398/ZN -       A1->ZN R     AND3_X2        2  3.1    82   200    1067    (-,-) 
  inc_add_16_8_g523__5477/ZN -       A1->ZN F     NAND3_X1       2  2.1    61   105    1172    (-,-) 
  inc_add_16_8_g520__7410/ZN -       A1->ZN R     NOR2_X2        3  4.6   179   232    1404    (-,-) 
  inc_add_16_8_g517__2883/ZN -       A1->ZN F     NAND4_X2       2  2.1    69   104    1508    (-,-) 
  inc_add_16_8_g512__4733/ZN -       A1->ZN R     NOR2_X2        3  3.9   159   214    1721    (-,-) 
  inc_add_16_8_g508__6131/ZN -       A1->ZN R     AND2_X2        1  2.0    60   188    1909    (-,-) 
  inc_add_16_8_g497__4319/CO -       A->CO  R     HA_X1          1  2.1   109   193    2102    (-,-) 
  inc_add_16_8_g492__6417/Z  -       A->Z   R     XOR2_X2        1  0.8   110   264    2365    (-,-) 
  g1241__5122/ZN             -       A1->ZN R     AND2_X2        1  1.2    51   153    2519    (-,-) 
  q_reg[23]/D                -       -      R     DFF_X2         1    -     -     0    2519    (-,-) 
#----------------------------------------------------------------------------------------------------



Path 11: MET (2424 ps) Setup Check with Pin q_reg[24]/CK->D
          Group: C2C
     Startpoint: (R) q_reg[0]/CK
          Clock: (R) clk
       Endpoint: (R) q_reg[24]/D
          Clock: (R) clk

                     Capture       Launch     
        Clock Edge:+    5000            0     
       Src Latency:+       0            0     
       Net Latency:+       0 (I)        0 (I) 
           Arrival:=    5000            0     
                                              
             Setup:-     136                  
     Required Time:=    4864                  
      Launch Clock:-       0                  
         Data Path:-    2440                  
             Slack:=    2424                  

#----------------------------------------------------------------------------------------------------
#       Timing Point         Flags    Arc   Edge   Cell     Fanout Load Trans Delay Arrival Instance 
#                                                                  (fF)  (ps)  (ps)   (ps)  Location 
#----------------------------------------------------------------------------------------------------
  q_reg[0]/CK                -       -      R     (arrival)     32    -     0     0       0    (-,-) 
  q_reg[0]/Q                 -       CK->Q  R     DFF_X2         4  5.6   127   390     390    (-,-) 
  inc_add_16_8_g526__6260/CO -       A->CO  R     HA_X1          2  3.0   145   254     644    (-,-) 
  inc_add_16_8_g525__5107/ZN -       A1->ZN R     AND3_X2        2  3.0    81   223     867    (-,-) 
  inc_add_16_8_g524__2398/ZN -       A1->ZN R     AND3_X2        2  3.1    82   200    1067    (-,-) 
  inc_add_16_8_g523__5477/ZN -       A1->ZN F     NAND3_X1       2  2.1    61   105    1172    (-,-) 
  inc_add_16_8_g520__7410/ZN -       A1->ZN R     NOR2_X2        3  4.6   179   232    1404    (-,-) 
  inc_add_16_8_g517__2883/ZN -       A1->ZN F     NAND4_X2       2  2.1    69   104    1508    (-,-) 
  inc_add_16_8_g512__4733/ZN -       A1->ZN R     NOR2_X2        3  3.9   159   214    1721    (-,-) 
  inc_add_16_8_g509__1881/ZN -       A1->ZN R     AND4_X2        2  3.0    83   240    1962    (-,-) 
  inc_add_16_8_g496__6260/S  -       A->S   R     HA_X1          1  0.8   160   307    2269    (-,-) 
  g1242__8246/ZN             -       A1->ZN R     AND2_X2        1  1.2    51   171    2440    (-,-) 
  q_reg[24]/D                -       -      R     DFF_X2         1    -     -     0    2440    (-,-) 
#----------------------------------------------------------------------------------------------------



Path 12: MET (2447 ps) Setup Check with Pin q_reg[11]/CK->D
          Group: C2C
     Startpoint: (R) q_reg[1]/CK
          Clock: (R) clk
       Endpoint: (F) q_reg[11]/D
          Clock: (R) clk

                     Capture       Launch     
        Clock Edge:+    5000            0     
       Src Latency:+       0            0     
       Net Latency:+       0 (I)        0 (I) 
           Arrival:=    5000            0     
                                              
             Setup:-     206                  
     Required Time:=    4794                  
      Launch Clock:-       0                  
         Data Path:-    2347                  
             Slack:=    2447                  

#----------------------------------------------------------------------------------------------------
#       Timing Point         Flags    Arc   Edge   Cell     Fanout Load Trans Delay Arrival Instance 
#                                                                  (fF)  (ps)  (ps)   (ps)  Location 
#----------------------------------------------------------------------------------------------------
  q_reg[1]/CK                -       -      R     (arrival)     32    -     0     0       0    (-,-) 
  q_reg[1]/Q                 -       CK->Q  F     DFF_X2         3  3.8    57   532     532    (-,-) 
  inc_add_16_8_g526__6260/CO -       B->CO  F     HA_X1          2  2.9    50   214     746    (-,-) 
  inc_add_16_8_g525__5107/ZN -       A1->ZN F     AND3_X2        2  2.9    45   204     950    (-,-) 
  inc_add_16_8_g524__2398/ZN -       A1->ZN F     AND3_X2        2  2.9    45   201    1151    (-,-) 
  inc_add_16_8_g523__5477/ZN -       A1->ZN R     NAND3_X1       2  2.4   182   192    1344    (-,-) 
  inc_add_16_8_g522/ZN       -       A->ZN  F     INV_X1         1  1.9    60   111    1454    (-,-) 
  inc_add_16_8_g511__7482/CO -       A->CO  F     HA_X1          1  1.9    40   173    1627    (-,-) 
  inc_add_16_8_g501__3680/CO -       A->CO  F     HA_X1          1  1.9    40   161    1788    (-,-) 
  inc_add_16_8_g490__1666/CO -       A->CO  F     HA_X1          1  1.8    40   159    1947    (-,-) 
  inc_add_16_8_g486__9315/Z  -       A->Z   F     XOR2_X2        1  0.8    47   241    2188    (-,-) 
  g1259__5107/ZN             -       A1->ZN F     AND2_X2        1  1.1    30   159    2347    (-,-) 
  q_reg[11]/D                -       -      F     DFF_X2         1    -     -     0    2347    (-,-) 
#----------------------------------------------------------------------------------------------------



Path 13: MET (2487 ps) Setup Check with Pin q_reg[22]/CK->D
          Group: C2C
     Startpoint: (R) q_reg[0]/CK
          Clock: (R) clk
       Endpoint: (R) q_reg[22]/D
          Clock: (R) clk

                     Capture       Launch     
        Clock Edge:+    5000            0     
       Src Latency:+       0            0     
       Net Latency:+       0 (I)        0 (I) 
           Arrival:=    5000            0     
                                              
             Setup:-     136                  
     Required Time:=    4864                  
      Launch Clock:-       0                  
         Data Path:-    2377                  
             Slack:=    2487                  

#----------------------------------------------------------------------------------------------------
#       Timing Point         Flags    Arc   Edge   Cell     Fanout Load Trans Delay Arrival Instance 
#                                                                  (fF)  (ps)  (ps)   (ps)  Location 
#----------------------------------------------------------------------------------------------------
  q_reg[0]/CK                -       -      R     (arrival)     32    -     0     0       0    (-,-) 
  q_reg[0]/Q                 -       CK->Q  R     DFF_X2         4  5.6   127   390     390    (-,-) 
  inc_add_16_8_g526__6260/CO -       A->CO  R     HA_X1          2  3.0   145   254     644    (-,-) 
  inc_add_16_8_g525__5107/ZN -       A1->ZN R     AND3_X2        2  3.0    81   223     867    (-,-) 
  inc_add_16_8_g524__2398/ZN -       A1->ZN R     AND3_X2        2  3.1    82   200    1067    (-,-) 
  inc_add_16_8_g523__5477/ZN -       A1->ZN F     NAND3_X1       2  2.1    61   105    1172    (-,-) 
  inc_add_16_8_g520__7410/ZN -       A1->ZN R     NOR2_X2        3  4.6   179   232    1404    (-,-) 
  inc_add_16_8_g517__2883/ZN -       A1->ZN F     NAND4_X2       2  2.1    69   104    1508    (-,-) 
  inc_add_16_8_g512__4733/ZN -       A1->ZN R     NOR2_X2        3  3.9   159   214    1721    (-,-) 
  inc_add_16_8_g508__6131/ZN -       A1->ZN R     AND2_X2        1  2.0    60   188    1909    (-,-) 
  inc_add_16_8_g497__4319/S  -       A->S   R     HA_X1          1  0.8   160   297    2206    (-,-) 
  g1240__1705/ZN             -       A1->ZN R     AND2_X2        1  1.2    51   171    2377    (-,-) 
  q_reg[22]/D                -       -      R     DFF_X2         1    -     -     0    2377    (-,-) 
#----------------------------------------------------------------------------------------------------



Path 14: MET (2500 ps) Setup Check with Pin q_reg[21]/CK->D
          Group: C2C
     Startpoint: (R) q_reg[0]/CK
          Clock: (R) clk
       Endpoint: (R) q_reg[21]/D
          Clock: (R) clk

                     Capture       Launch     
        Clock Edge:+    5000            0     
       Src Latency:+       0            0     
       Net Latency:+       0 (I)        0 (I) 
           Arrival:=    5000            0     
                                              
             Setup:-     136                  
     Required Time:=    4864                  
      Launch Clock:-       0                  
         Data Path:-    2364                  
             Slack:=    2500                  

#----------------------------------------------------------------------------------------------------
#       Timing Point         Flags    Arc   Edge   Cell     Fanout Load Trans Delay Arrival Instance 
#                                                                  (fF)  (ps)  (ps)   (ps)  Location 
#----------------------------------------------------------------------------------------------------
  q_reg[0]/CK                -       -      R     (arrival)     32    -     0     0       0    (-,-) 
  q_reg[0]/Q                 -       CK->Q  R     DFF_X2         4  5.6   127   390     390    (-,-) 
  inc_add_16_8_g526__6260/CO -       A->CO  R     HA_X1          2  3.0   145   254     644    (-,-) 
  inc_add_16_8_g525__5107/ZN -       A1->ZN R     AND3_X2        2  3.0    81   223     867    (-,-) 
  inc_add_16_8_g524__2398/ZN -       A1->ZN R     AND3_X2        2  3.1    82   200    1067    (-,-) 
  inc_add_16_8_g523__5477/ZN -       A1->ZN F     NAND3_X1       2  2.1    61   105    1172    (-,-) 
  inc_add_16_8_g520__7410/ZN -       A1->ZN R     NOR2_X2        3  4.6   179   232    1404    (-,-) 
  inc_add_16_8_g517__2883/ZN -       A1->ZN F     NAND4_X2       2  2.1    69   104    1508    (-,-) 
  inc_add_16_8_g512__4733/ZN -       A1->ZN R     NOR2_X2        3  3.9   159   214    1721    (-,-) 
  inc_add_16_8_g500__6783/CO -       A->CO  R     HA_X1          1  2.1   110   225    1947    (-,-) 
  inc_add_16_8_g495__5107/Z  -       A->Z   R     XOR2_X2        1  0.8   110   264    2210    (-,-) 
  g1239__2802/ZN             -       A1->ZN R     AND2_X2        1  1.2    51   153    2364    (-,-) 
  q_reg[21]/D                -       -      R     DFF_X2         1    -     -     0    2364    (-,-) 
#----------------------------------------------------------------------------------------------------



Path 15: MET (2507 ps) Setup Check with Pin q_reg[17]/CK->D
          Group: C2C
     Startpoint: (R) q_reg[0]/CK
          Clock: (R) clk
       Endpoint: (R) q_reg[17]/D
          Clock: (R) clk

                     Capture       Launch     
        Clock Edge:+    5000            0     
       Src Latency:+       0            0     
       Net Latency:+       0 (I)        0 (I) 
           Arrival:=    5000            0     
                                              
             Setup:-     136                  
     Required Time:=    4864                  
      Launch Clock:-       0                  
         Data Path:-    2357                  
             Slack:=    2507                  

#----------------------------------------------------------------------------------------------------
#       Timing Point         Flags    Arc   Edge   Cell     Fanout Load Trans Delay Arrival Instance 
#                                                                  (fF)  (ps)  (ps)   (ps)  Location 
#----------------------------------------------------------------------------------------------------
  q_reg[0]/CK                -       -      R     (arrival)     32    -     0     0       0    (-,-) 
  q_reg[0]/Q                 -       CK->Q  R     DFF_X2         4  5.6   127   390     390    (-,-) 
  inc_add_16_8_g526__6260/CO -       A->CO  R     HA_X1          2  3.0   145   254     644    (-,-) 
  inc_add_16_8_g525__5107/ZN -       A1->ZN R     AND3_X2        2  3.0    81   223     867    (-,-) 
  inc_add_16_8_g524__2398/ZN -       A1->ZN R     AND3_X2        2  3.1    82   200    1067    (-,-) 
  inc_add_16_8_g523__5477/ZN -       A1->ZN F     NAND3_X1       2  2.1    61   105    1172    (-,-) 
  inc_add_16_8_g520__7410/ZN -       A1->ZN R     NOR2_X2        3  4.6   179   232    1404    (-,-) 
  inc_add_16_8_g517__2883/ZN -       A1->ZN F     NAND4_X2       2  2.1    69   104    1508    (-,-) 
  inc_add_16_8_g516/ZN       -       A->ZN  R     INV_X1         1  2.0   107   158    1665    (-,-) 
  inc_add_16_8_g504__1705/CO -       A->CO  R     HA_X1          1  2.0   105   206    1871    (-,-) 
  inc_add_16_8_g493__5477/S  -       A->S   R     HA_X1          1  0.8   160   315    2186    (-,-) 
  g1235__5526/ZN             -       A1->ZN R     AND2_X2        1  1.2    51   171    2357    (-,-) 
  q_reg[17]/D                -       -      R     DFF_X2         1    -     -     0    2357    (-,-) 
#----------------------------------------------------------------------------------------------------



Path 16: MET (2601 ps) Setup Check with Pin q_reg[15]/CK->D
          Group: C2C
     Startpoint: (R) q_reg[1]/CK
          Clock: (R) clk
       Endpoint: (F) q_reg[15]/D
          Clock: (R) clk

                     Capture       Launch     
        Clock Edge:+    5000            0     
       Src Latency:+       0            0     
       Net Latency:+       0 (I)        0 (I) 
           Arrival:=    5000            0     
                                              
             Setup:-     206                  
     Required Time:=    4794                  
      Launch Clock:-       0                  
         Data Path:-    2194                  
             Slack:=    2601                  

#----------------------------------------------------------------------------------------------------
#       Timing Point         Flags    Arc   Edge   Cell     Fanout Load Trans Delay Arrival Instance 
#                                                                  (fF)  (ps)  (ps)   (ps)  Location 
#----------------------------------------------------------------------------------------------------
  q_reg[1]/CK                -       -      R     (arrival)     32    -     0     0       0    (-,-) 
  q_reg[1]/Q                 -       CK->Q  F     DFF_X2         3  3.8    57   532     532    (-,-) 
  inc_add_16_8_g526__6260/CO -       B->CO  F     HA_X1          2  2.9    50   214     746    (-,-) 
  inc_add_16_8_g525__5107/ZN -       A1->ZN F     AND3_X2        2  2.9    45   204     950    (-,-) 
  inc_add_16_8_g524__2398/ZN -       A1->ZN F     AND3_X2        2  2.9    45   201    1151    (-,-) 
  inc_add_16_8_g523__5477/ZN -       A1->ZN R     NAND3_X1       2  2.4   182   192    1344    (-,-) 
  inc_add_16_8_g520__7410/ZN -       A1->ZN F     NOR2_X2        3  4.4    61   117    1461    (-,-) 
  inc_add_16_8_g515__9945/ZN -       A1->ZN F     AND2_X2        1  1.9    34   177    1638    (-,-) 
  inc_add_16_8_g505__5122/CO -       A->CO  F     HA_X1          1  1.8    40   156    1794    (-,-) 
  inc_add_16_8_g499__5526/Z  -       A->Z   F     XOR2_X2        1  0.8    47   241    2035    (-,-) 
  g1234__8428/ZN             -       A1->ZN F     AND2_X2        1  1.1    30   159    2194    (-,-) 
  q_reg[15]/D                -       -      F     DFF_X2         1    -     -     0    2194    (-,-) 
#----------------------------------------------------------------------------------------------------



Path 17: MET (2629 ps) Setup Check with Pin q_reg[10]/CK->D
          Group: C2C
     Startpoint: (R) q_reg[1]/CK
          Clock: (R) clk
       Endpoint: (F) q_reg[10]/D
          Clock: (R) clk

                     Capture       Launch     
        Clock Edge:+    5000            0     
       Src Latency:+       0            0     
       Net Latency:+       0 (I)        0 (I) 
           Arrival:=    5000            0     
                                              
             Setup:-     206                  
     Required Time:=    4794                  
      Launch Clock:-       0                  
         Data Path:-    2165                  
             Slack:=    2629                  

#----------------------------------------------------------------------------------------------------
#       Timing Point         Flags    Arc   Edge   Cell     Fanout Load Trans Delay Arrival Instance 
#                                                                  (fF)  (ps)  (ps)   (ps)  Location 
#----------------------------------------------------------------------------------------------------
  q_reg[1]/CK                -       -      R     (arrival)     32    -     0     0       0    (-,-) 
  q_reg[1]/Q                 -       CK->Q  F     DFF_X2         3  3.8    57   532     532    (-,-) 
  inc_add_16_8_g526__6260/CO -       B->CO  F     HA_X1          2  2.9    50   214     746    (-,-) 
  inc_add_16_8_g525__5107/ZN -       A1->ZN F     AND3_X2        2  2.9    45   204     950    (-,-) 
  inc_add_16_8_g524__2398/ZN -       A1->ZN F     AND3_X2        2  2.9    45   201    1151    (-,-) 
  inc_add_16_8_g523__5477/ZN -       A1->ZN R     NAND3_X1       2  2.4   182   192    1344    (-,-) 
  inc_add_16_8_g522/ZN       -       A->ZN  F     INV_X1         1  1.9    60   111    1454    (-,-) 
  inc_add_16_8_g511__7482/CO -       A->CO  F     HA_X1          1  1.9    40   173    1627    (-,-) 
  inc_add_16_8_g501__3680/CO -       A->CO  F     HA_X1          1  1.9    40   161    1788    (-,-) 
  inc_add_16_8_g490__1666/S  -       A->S   F     HA_X1          1  0.8    50   217    2005    (-,-) 
  g1258__2398/ZN             -       A1->ZN F     AND2_X2        1  1.1    30   161    2165    (-,-) 
  q_reg[10]/D                -       -      F     DFF_X2         1    -     -     0    2165    (-,-) 
#----------------------------------------------------------------------------------------------------



Path 18: MET (2640 ps) Setup Check with Pin q_reg[20]/CK->D
          Group: C2C
     Startpoint: (R) q_reg[0]/CK
          Clock: (R) clk
       Endpoint: (R) q_reg[20]/D
          Clock: (R) clk

                     Capture       Launch     
        Clock Edge:+    5000            0     
       Src Latency:+       0            0     
       Net Latency:+       0 (I)        0 (I) 
           Arrival:=    5000            0     
                                              
             Setup:-     136                  
     Required Time:=    4864                  
      Launch Clock:-       0                  
         Data Path:-    2224                  
             Slack:=    2640                  

#----------------------------------------------------------------------------------------------------
#       Timing Point         Flags    Arc   Edge   Cell     Fanout Load Trans Delay Arrival Instance 
#                                                                  (fF)  (ps)  (ps)   (ps)  Location 
#----------------------------------------------------------------------------------------------------
  q_reg[0]/CK                -       -      R     (arrival)     32    -     0     0       0    (-,-) 
  q_reg[0]/Q                 -       CK->Q  R     DFF_X2         4  5.6   127   390     390    (-,-) 
  inc_add_16_8_g526__6260/CO -       A->CO  R     HA_X1          2  3.0   145   254     644    (-,-) 
  inc_add_16_8_g525__5107/ZN -       A1->ZN R     AND3_X2        2  3.0    81   223     867    (-,-) 
  inc_add_16_8_g524__2398/ZN -       A1->ZN R     AND3_X2        2  3.1    82   200    1067    (-,-) 
  inc_add_16_8_g523__5477/ZN -       A1->ZN F     NAND3_X1       2  2.1    61   105    1172    (-,-) 
  inc_add_16_8_g520__7410/ZN -       A1->ZN R     NOR2_X2        3  4.6   179   232    1404    (-,-) 
  inc_add_16_8_g517__2883/ZN -       A1->ZN F     NAND4_X2       2  2.1    69   104    1508    (-,-) 
  inc_add_16_8_g512__4733/ZN -       A1->ZN R     NOR2_X2        3  3.9   159   214    1721    (-,-) 
  inc_add_16_8_g500__6783/S  -       A->S   R     HA_X1          1  0.8   159   332    2054    (-,-) 
  g1238__1617/ZN             -       A1->ZN R     AND2_X2        1  1.2    51   171    2224    (-,-) 
  q_reg[20]/D                -       -      R     DFF_X2         1    -     -     0    2224    (-,-) 
#----------------------------------------------------------------------------------------------------



Path 19: MET (2707 ps) Setup Check with Pin q_reg[16]/CK->D
          Group: C2C
     Startpoint: (R) q_reg[1]/CK
          Clock: (R) clk
       Endpoint: (F) q_reg[16]/D
          Clock: (R) clk

                     Capture       Launch     
        Clock Edge:+    5000            0     
       Src Latency:+       0            0     
       Net Latency:+       0 (I)        0 (I) 
           Arrival:=    5000            0     
                                              
             Setup:-     206                  
     Required Time:=    4794                  
      Launch Clock:-       0                  
         Data Path:-    2087                  
             Slack:=    2707                  

#----------------------------------------------------------------------------------------------------
#       Timing Point         Flags    Arc   Edge   Cell     Fanout Load Trans Delay Arrival Instance 
#                                                                  (fF)  (ps)  (ps)   (ps)  Location 
#----------------------------------------------------------------------------------------------------
  q_reg[1]/CK                -       -      R     (arrival)     32    -     0     0       0    (-,-) 
  q_reg[1]/Q                 -       CK->Q  F     DFF_X2         3  3.8    57   532     532    (-,-) 
  inc_add_16_8_g526__6260/CO -       B->CO  F     HA_X1          2  2.9    50   214     746    (-,-) 
  inc_add_16_8_g525__5107/ZN -       A1->ZN F     AND3_X2        2  2.9    45   204     950    (-,-) 
  inc_add_16_8_g524__2398/ZN -       A1->ZN F     AND3_X2        2  2.9    45   201    1151    (-,-) 
  inc_add_16_8_g523__5477/ZN -       A1->ZN R     NAND3_X1       2  2.4   182   192    1344    (-,-) 
  inc_add_16_8_g520__7410/ZN -       A1->ZN F     NOR2_X2        3  4.4    61   117    1461    (-,-) 
  inc_add_16_8_g517__2883/ZN -       A1->ZN R     NAND4_X2       2  2.4   138   145    1606    (-,-) 
  inc_add_16_8_g516/ZN       -       A->ZN  F     INV_X1         1  1.9    50    99    1704    (-,-) 
  inc_add_16_8_g504__1705/S  -       A->S   F     HA_X1          1  0.8    50   222    1926    (-,-) 
  g1233__4319/ZN             -       A1->ZN F     AND2_X2        1  1.1    30   161    2087    (-,-) 
  q_reg[16]/D                -       -      F     DFF_X2         1    -     -     0    2087    (-,-) 
#----------------------------------------------------------------------------------------------------



Path 20: MET (2762 ps) Setup Check with Pin q_reg[13]/CK->D
          Group: C2C
     Startpoint: (R) q_reg[1]/CK
          Clock: (R) clk
       Endpoint: (F) q_reg[13]/D
          Clock: (R) clk

                     Capture       Launch     
        Clock Edge:+    5000            0     
       Src Latency:+       0            0     
       Net Latency:+       0 (I)        0 (I) 
           Arrival:=    5000            0     
                                              
             Setup:-     206                  
     Required Time:=    4794                  
      Launch Clock:-       0                  
         Data Path:-    2033                  
             Slack:=    2762                  

#----------------------------------------------------------------------------------------------------
#       Timing Point         Flags    Arc   Edge   Cell     Fanout Load Trans Delay Arrival Instance 
#                                                                  (fF)  (ps)  (ps)   (ps)  Location 
#----------------------------------------------------------------------------------------------------
  q_reg[1]/CK                -       -      R     (arrival)     32    -     0     0       0    (-,-) 
  q_reg[1]/Q                 -       CK->Q  F     DFF_X2         3  3.8    57   532     532    (-,-) 
  inc_add_16_8_g526__6260/CO -       B->CO  F     HA_X1          2  2.9    50   214     746    (-,-) 
  inc_add_16_8_g525__5107/ZN -       A1->ZN F     AND3_X2        2  2.9    45   204     950    (-,-) 
  inc_add_16_8_g524__2398/ZN -       A1->ZN F     AND3_X2        2  2.9    45   201    1151    (-,-) 
  inc_add_16_8_g523__5477/ZN -       A1->ZN R     NAND3_X1       2  2.4   182   192    1344    (-,-) 
  inc_add_16_8_g520__7410/ZN -       A1->ZN F     NOR2_X2        3  4.4    61   117    1461    (-,-) 
  inc_add_16_8_g507__7098/CO -       A->CO  F     HA_X1          1  1.8    40   172    1633    (-,-) 
  inc_add_16_8_g503__2802/Z  -       A->Z   F     XOR2_X2        1  0.8    47   241    1874    (-,-) 
  g1246__5115/ZN             -       A1->ZN F     AND2_X2        1  1.1    30   159    2033    (-,-) 
  q_reg[13]/D                -       -      F     DFF_X2         1    -     -     0    2033    (-,-) 
#----------------------------------------------------------------------------------------------------



Path 21: MET (2782 ps) Setup Check with Pin q_reg[14]/CK->D
          Group: C2C
     Startpoint: (R) q_reg[1]/CK
          Clock: (R) clk
       Endpoint: (F) q_reg[14]/D
          Clock: (R) clk

                     Capture       Launch     
        Clock Edge:+    5000            0     
       Src Latency:+       0            0     
       Net Latency:+       0 (I)        0 (I) 
           Arrival:=    5000            0     
                                              
             Setup:-     206                  
     Required Time:=    4794                  
      Launch Clock:-       0                  
         Data Path:-    2012                  
             Slack:=    2782                  

#----------------------------------------------------------------------------------------------------
#       Timing Point         Flags    Arc   Edge   Cell     Fanout Load Trans Delay Arrival Instance 
#                                                                  (fF)  (ps)  (ps)   (ps)  Location 
#----------------------------------------------------------------------------------------------------
  q_reg[1]/CK                -       -      R     (arrival)     32    -     0     0       0    (-,-) 
  q_reg[1]/Q                 -       CK->Q  F     DFF_X2         3  3.8    57   532     532    (-,-) 
  inc_add_16_8_g526__6260/CO -       B->CO  F     HA_X1          2  2.9    50   214     746    (-,-) 
  inc_add_16_8_g525__5107/ZN -       A1->ZN F     AND3_X2        2  2.9    45   204     950    (-,-) 
  inc_add_16_8_g524__2398/ZN -       A1->ZN F     AND3_X2        2  2.9    45   201    1151    (-,-) 
  inc_add_16_8_g523__5477/ZN -       A1->ZN R     NAND3_X1       2  2.4   182   192    1344    (-,-) 
  inc_add_16_8_g520__7410/ZN -       A1->ZN F     NOR2_X2        3  4.4    61   117    1461    (-,-) 
  inc_add_16_8_g515__9945/ZN -       A1->ZN F     AND2_X2        1  1.9    34   177    1638    (-,-) 
  inc_add_16_8_g505__5122/S  -       A->S   F     HA_X1          1  0.8    50   214    1852    (-,-) 
  g1232__6260/ZN             -       A1->ZN F     AND2_X2        1  1.1    30   161    2012    (-,-) 
  q_reg[14]/D                -       -      F     DFF_X2         1    -     -     0    2012    (-,-) 
#----------------------------------------------------------------------------------------------------



Path 22: MET (2790 ps) Setup Check with Pin q_reg[9]/CK->D
          Group: C2C
     Startpoint: (R) q_reg[1]/CK
          Clock: (R) clk
       Endpoint: (F) q_reg[9]/D
          Clock: (R) clk

                     Capture       Launch     
        Clock Edge:+    5000            0     
       Src Latency:+       0            0     
       Net Latency:+       0 (I)        0 (I) 
           Arrival:=    5000            0     
                                              
             Setup:-     206                  
     Required Time:=    4794                  
      Launch Clock:-       0                  
         Data Path:-    2005                  
             Slack:=    2790                  

#----------------------------------------------------------------------------------------------------
#       Timing Point         Flags    Arc   Edge   Cell     Fanout Load Trans Delay Arrival Instance 
#                                                                  (fF)  (ps)  (ps)   (ps)  Location 
#----------------------------------------------------------------------------------------------------
  q_reg[1]/CK                -       -      R     (arrival)     32    -     0     0       0    (-,-) 
  q_reg[1]/Q                 -       CK->Q  F     DFF_X2         3  3.8    57   532     532    (-,-) 
  inc_add_16_8_g526__6260/CO -       B->CO  F     HA_X1          2  2.9    50   214     746    (-,-) 
  inc_add_16_8_g525__5107/ZN -       A1->ZN F     AND3_X2        2  2.9    45   204     950    (-,-) 
  inc_add_16_8_g524__2398/ZN -       A1->ZN F     AND3_X2        2  2.9    45   201    1151    (-,-) 
  inc_add_16_8_g523__5477/ZN -       A1->ZN R     NAND3_X1       2  2.4   182   192    1344    (-,-) 
  inc_add_16_8_g522/ZN       -       A->ZN  F     INV_X1         1  1.9    60   111    1454    (-,-) 
  inc_add_16_8_g511__7482/CO -       A->CO  F     HA_X1          1  1.9    40   173    1627    (-,-) 
  inc_add_16_8_g501__3680/S  -       A->S   F     HA_X1          1  0.8    50   217    1844    (-,-) 
  g1257__5477/ZN             -       A1->ZN F     AND2_X2        1  1.1    30   161    2005    (-,-) 
  q_reg[9]/D                 -       -      F     DFF_X2         1    -     -     0    2005    (-,-) 
#----------------------------------------------------------------------------------------------------



Path 23: MET (2926 ps) Setup Check with Pin q_reg[8]/CK->D
          Group: C2C
     Startpoint: (R) q_reg[1]/CK
          Clock: (R) clk
       Endpoint: (F) q_reg[8]/D
          Clock: (R) clk

                     Capture       Launch     
        Clock Edge:+    5000            0     
       Src Latency:+       0            0     
       Net Latency:+       0 (I)        0 (I) 
           Arrival:=    5000            0     
                                              
             Setup:-     206                  
     Required Time:=    4794                  
      Launch Clock:-       0                  
         Data Path:-    1868                  
             Slack:=    2926                  

#----------------------------------------------------------------------------------------------------
#       Timing Point         Flags    Arc   Edge   Cell     Fanout Load Trans Delay Arrival Instance 
#                                                                  (fF)  (ps)  (ps)   (ps)  Location 
#----------------------------------------------------------------------------------------------------
  q_reg[1]/CK                -       -      R     (arrival)     32    -     0     0       0    (-,-) 
  q_reg[1]/Q                 -       CK->Q  F     DFF_X2         3  3.8    57   532     532    (-,-) 
  inc_add_16_8_g526__6260/CO -       B->CO  F     HA_X1          2  2.9    50   214     746    (-,-) 
  inc_add_16_8_g525__5107/ZN -       A1->ZN F     AND3_X2        2  2.9    45   204     950    (-,-) 
  inc_add_16_8_g524__2398/ZN -       A1->ZN F     AND3_X2        2  2.9    45   201    1151    (-,-) 
  inc_add_16_8_g523__5477/ZN -       A1->ZN R     NAND3_X1       2  2.4   182   192    1344    (-,-) 
  inc_add_16_8_g522/ZN       -       A->ZN  F     INV_X1         1  1.9    60   111    1454    (-,-) 
  inc_add_16_8_g511__7482/S  -       A->S   F     HA_X1          1  0.8    50   227    1681    (-,-) 
  g1256__6417/ZN             -       A2->ZN F     AND2_X2        1  1.1    30   187    1868    (-,-) 
  q_reg[8]/D                 -       -      F     DFF_X2         1    -     -     0    1868    (-,-) 
#----------------------------------------------------------------------------------------------------



Path 24: MET (2938 ps) Setup Check with Pin q_reg[12]/CK->D
          Group: C2C
     Startpoint: (R) q_reg[1]/CK
          Clock: (R) clk
       Endpoint: (F) q_reg[12]/D
          Clock: (R) clk

                     Capture       Launch     
        Clock Edge:+    5000            0     
       Src Latency:+       0            0     
       Net Latency:+       0 (I)        0 (I) 
           Arrival:=    5000            0     
                                              
             Setup:-     206                  
     Required Time:=    4794                  
      Launch Clock:-       0                  
         Data Path:-    1857                  
             Slack:=    2938                  

#----------------------------------------------------------------------------------------------------
#       Timing Point         Flags    Arc   Edge   Cell     Fanout Load Trans Delay Arrival Instance 
#                                                                  (fF)  (ps)  (ps)   (ps)  Location 
#----------------------------------------------------------------------------------------------------
  q_reg[1]/CK                -       -      R     (arrival)     32    -     0     0       0    (-,-) 
  q_reg[1]/Q                 -       CK->Q  F     DFF_X2         3  3.8    57   532     532    (-,-) 
  inc_add_16_8_g526__6260/CO -       B->CO  F     HA_X1          2  2.9    50   214     746    (-,-) 
  inc_add_16_8_g525__5107/ZN -       A1->ZN F     AND3_X2        2  2.9    45   204     950    (-,-) 
  inc_add_16_8_g524__2398/ZN -       A1->ZN F     AND3_X2        2  2.9    45   201    1151    (-,-) 
  inc_add_16_8_g523__5477/ZN -       A1->ZN R     NAND3_X1       2  2.4   182   192    1344    (-,-) 
  inc_add_16_8_g520__7410/ZN -       A1->ZN F     NOR2_X2        3  4.4    61   117    1461    (-,-) 
  inc_add_16_8_g507__7098/S  -       A->S   F     HA_X1          1  0.8    62   228    1689    (-,-) 
  g1260__6260/ZN             -       A1->ZN F     AND2_X2        1  1.1    30   168    1857    (-,-) 
  q_reg[12]/D                -       -      F     DFF_X2         1    -     -     0    1857    (-,-) 
#----------------------------------------------------------------------------------------------------



Path 25: MET (3081 ps) Setup Check with Pin q_reg[7]/CK->D
          Group: C2C
     Startpoint: (R) q_reg[1]/CK
          Clock: (R) clk
       Endpoint: (F) q_reg[7]/D
          Clock: (R) clk

                     Capture       Launch     
        Clock Edge:+    5000            0     
       Src Latency:+       0            0     
       Net Latency:+       0 (I)        0 (I) 
           Arrival:=    5000            0     
                                              
             Setup:-     206                  
     Required Time:=    4794                  
      Launch Clock:-       0                  
         Data Path:-    1714                  
             Slack:=    3081                  

#----------------------------------------------------------------------------------------------------
#       Timing Point         Flags    Arc   Edge   Cell     Fanout Load Trans Delay Arrival Instance 
#                                                                  (fF)  (ps)  (ps)   (ps)  Location 
#----------------------------------------------------------------------------------------------------
  q_reg[1]/CK                -       -      R     (arrival)     32    -     0     0       0    (-,-) 
  q_reg[1]/Q                 -       CK->Q  F     DFF_X2         3  3.8    57   532     532    (-,-) 
  inc_add_16_8_g526__6260/CO -       B->CO  F     HA_X1          2  2.9    50   214     746    (-,-) 
  inc_add_16_8_g525__5107/ZN -       A1->ZN F     AND3_X2        2  2.9    45   204     950    (-,-) 
  inc_add_16_8_g524__2398/ZN -       A1->ZN F     AND3_X2        2  2.9    45   201    1151    (-,-) 
  inc_add_16_8_g514__9315/CO -       A->CO  F     HA_X1          1  1.8    40   162    1314    (-,-) 
  inc_add_16_8_g510__5115/Z  -       A->Z   F     XOR2_X2        1  0.8    47   241    1555    (-,-) 
  g1255__7410/ZN             -       A1->ZN F     AND2_X2        1  1.1    30   159    1714    (-,-) 
  q_reg[7]/D                 -       -      F     DFF_X2         1    -     -     0    1714    (-,-) 
#----------------------------------------------------------------------------------------------------



Path 26: MET (3090 ps) Setup Check with Pin q_reg[6]/CK->D
          Group: C2C
     Startpoint: (R) q_reg[17]/CK
          Clock: (R) clk
       Endpoint: (R) q_reg[6]/D
          Clock: (R) clk

                     Capture       Launch     
        Clock Edge:+    5000            0     
       Src Latency:+       0            0     
       Net Latency:+       0 (I)        0 (I) 
           Arrival:=    5000            0     
                                              
             Setup:-     136                  
     Required Time:=    4864                  
      Launch Clock:-       0                  
         Data Path:-    1774                  
             Slack:=    3090                  

#----------------------------------------------------------------------------------------
# Timing Point   Flags    Arc   Edge   Cell     Fanout Load Trans Delay Arrival Instance 
#                                                      (fF)  (ps)  (ps)   (ps)  Location 
#----------------------------------------------------------------------------------------
  q_reg[17]/CK   -       -      R     (arrival)     32    -     0     0       0    (-,-) 
  q_reg[17]/Q    -       CK->Q  F     DFF_X2         3  3.8    57   532     532    (-,-) 
  g1272__1308/ZN -       A4->ZN R     NAND4_X2       2  3.2   154   239     771    (-,-) 
  g1266__3680/ZN -       A4->ZN F     NOR4_X2        1  1.3    53   116     887    (-,-) 
  g1264__5526/ZN -       A1->ZN R     NAND2_X2       1  0.9    57    86     973    (-,-) 
  g1263__8428/ZN -       A1->ZN R     AND3_X4       32 43.3   427   569    1543    (-,-) 
  g1254__1666/ZN -       A2->ZN R     AND2_X2        1  1.2    51   231    1774    (-,-) 
  q_reg[6]/D     -       -      R     DFF_X2         1    -     -     0    1774    (-,-) 
#----------------------------------------------------------------------------------------



Path 27: MET (3104 ps) Setup Check with Pin q_reg[5]/CK->D
          Group: C2C
     Startpoint: (R) q_reg[17]/CK
          Clock: (R) clk
       Endpoint: (R) q_reg[5]/D
          Clock: (R) clk

                     Capture       Launch     
        Clock Edge:+    5000            0     
       Src Latency:+       0            0     
       Net Latency:+       0 (I)        0 (I) 
           Arrival:=    5000            0     
                                              
             Setup:-     137                  
     Required Time:=    4863                  
      Launch Clock:-       0                  
         Data Path:-    1759                  
             Slack:=    3104                  

#----------------------------------------------------------------------------------------
# Timing Point   Flags    Arc   Edge   Cell     Fanout Load Trans Delay Arrival Instance 
#                                                      (fF)  (ps)  (ps)   (ps)  Location 
#----------------------------------------------------------------------------------------
  q_reg[17]/CK   -       -      R     (arrival)     32    -     0     0       0    (-,-) 
  q_reg[17]/Q    -       CK->Q  F     DFF_X2         3  3.8    57   532     532    (-,-) 
  g1272__1308/ZN -       A4->ZN R     NAND4_X2       2  3.2   154   239     771    (-,-) 
  g1266__3680/ZN -       A4->ZN F     NOR4_X2        1  1.3    53   116     887    (-,-) 
  g1264__5526/ZN -       A1->ZN R     NAND2_X2       1  0.9    57    86     973    (-,-) 
  g1263__8428/ZN -       A1->ZN R     AND3_X4       32 43.3   427   569    1543    (-,-) 
  g1253__2346/ZN -       A1->ZN R     AND2_X2        1  1.2    54   216    1759    (-,-) 
  q_reg[5]/D     -       -      R     DFF_X2         1    -     -     0    1759    (-,-) 
#----------------------------------------------------------------------------------------



Path 28: MET (3104 ps) Setup Check with Pin q_reg[4]/CK->D
          Group: C2C
     Startpoint: (R) q_reg[17]/CK
          Clock: (R) clk
       Endpoint: (R) q_reg[4]/D
          Clock: (R) clk

                     Capture       Launch     
        Clock Edge:+    5000            0     
       Src Latency:+       0            0     
       Net Latency:+       0 (I)        0 (I) 
           Arrival:=    5000            0     
                                              
             Setup:-     137                  
     Required Time:=    4863                  
      Launch Clock:-       0                  
         Data Path:-    1759                  
             Slack:=    3104                  

#----------------------------------------------------------------------------------------
# Timing Point   Flags    Arc   Edge   Cell     Fanout Load Trans Delay Arrival Instance 
#                                                      (fF)  (ps)  (ps)   (ps)  Location 
#----------------------------------------------------------------------------------------
  q_reg[17]/CK   -       -      R     (arrival)     32    -     0     0       0    (-,-) 
  q_reg[17]/Q    -       CK->Q  F     DFF_X2         3  3.8    57   532     532    (-,-) 
  g1272__1308/ZN -       A4->ZN R     NAND4_X2       2  3.2   154   239     771    (-,-) 
  g1266__3680/ZN -       A4->ZN F     NOR4_X2        1  1.3    53   116     887    (-,-) 
  g1264__5526/ZN -       A1->ZN R     NAND2_X2       1  0.9    57    86     973    (-,-) 
  g1263__8428/ZN -       A1->ZN R     AND3_X4       32 43.3   427   569    1543    (-,-) 
  g1252__2883/ZN -       A1->ZN R     AND2_X2        1  1.2    54   216    1759    (-,-) 
  q_reg[4]/D     -       -      R     DFF_X2         1    -     -     0    1759    (-,-) 
#----------------------------------------------------------------------------------------



Path 29: MET (3104 ps) Setup Check with Pin q_reg[3]/CK->D
          Group: C2C
     Startpoint: (R) q_reg[17]/CK
          Clock: (R) clk
       Endpoint: (R) q_reg[3]/D
          Clock: (R) clk

                     Capture       Launch     
        Clock Edge:+    5000            0     
       Src Latency:+       0            0     
       Net Latency:+       0 (I)        0 (I) 
           Arrival:=    5000            0     
                                              
             Setup:-     137                  
     Required Time:=    4863                  
      Launch Clock:-       0                  
         Data Path:-    1759                  
             Slack:=    3104                  

#----------------------------------------------------------------------------------------
# Timing Point   Flags    Arc   Edge   Cell     Fanout Load Trans Delay Arrival Instance 
#                                                      (fF)  (ps)  (ps)   (ps)  Location 
#----------------------------------------------------------------------------------------
  q_reg[17]/CK   -       -      R     (arrival)     32    -     0     0       0    (-,-) 
  q_reg[17]/Q    -       CK->Q  F     DFF_X2         3  3.8    57   532     532    (-,-) 
  g1272__1308/ZN -       A4->ZN R     NAND4_X2       2  3.2   154   239     771    (-,-) 
  g1266__3680/ZN -       A4->ZN F     NOR4_X2        1  1.3    53   116     887    (-,-) 
  g1264__5526/ZN -       A1->ZN R     NAND2_X2       1  0.9    57    86     973    (-,-) 
  g1263__8428/ZN -       A1->ZN R     AND3_X4       32 43.3   427   569    1543    (-,-) 
  g1251__9945/ZN -       A1->ZN R     AND2_X2        1  1.2    54   216    1759    (-,-) 
  q_reg[3]/D     -       -      R     DFF_X2         1    -     -     0    1759    (-,-) 
#----------------------------------------------------------------------------------------



Path 30: MET (3104 ps) Setup Check with Pin q_reg[2]/CK->D
          Group: C2C
     Startpoint: (R) q_reg[17]/CK
          Clock: (R) clk
       Endpoint: (R) q_reg[2]/D
          Clock: (R) clk

                     Capture       Launch     
        Clock Edge:+    5000            0     
       Src Latency:+       0            0     
       Net Latency:+       0 (I)        0 (I) 
           Arrival:=    5000            0     
                                              
             Setup:-     137                  
     Required Time:=    4863                  
      Launch Clock:-       0                  
         Data Path:-    1759                  
             Slack:=    3104                  

#----------------------------------------------------------------------------------------
# Timing Point   Flags    Arc   Edge   Cell     Fanout Load Trans Delay Arrival Instance 
#                                                      (fF)  (ps)  (ps)   (ps)  Location 
#----------------------------------------------------------------------------------------
  q_reg[17]/CK   -       -      R     (arrival)     32    -     0     0       0    (-,-) 
  q_reg[17]/Q    -       CK->Q  F     DFF_X2         3  3.8    57   532     532    (-,-) 
  g1272__1308/ZN -       A4->ZN R     NAND4_X2       2  3.2   154   239     771    (-,-) 
  g1266__3680/ZN -       A4->ZN F     NOR4_X2        1  1.3    53   116     887    (-,-) 
  g1264__5526/ZN -       A1->ZN R     NAND2_X2       1  0.9    57    86     973    (-,-) 
  g1263__8428/ZN -       A1->ZN R     AND3_X4       32 43.3   427   569    1543    (-,-) 
  g1250__9315/ZN -       A1->ZN R     AND2_X2        1  1.2    54   216    1759    (-,-) 
  q_reg[2]/D     -       -      R     DFF_X2         1    -     -     0    1759    (-,-) 
#----------------------------------------------------------------------------------------



Path 31: MET (3104 ps) Setup Check with Pin q_reg[1]/CK->D
          Group: C2C
     Startpoint: (R) q_reg[17]/CK
          Clock: (R) clk
       Endpoint: (R) q_reg[1]/D
          Clock: (R) clk

                     Capture       Launch     
        Clock Edge:+    5000            0     
       Src Latency:+       0            0     
       Net Latency:+       0 (I)        0 (I) 
           Arrival:=    5000            0     
                                              
             Setup:-     137                  
     Required Time:=    4863                  
      Launch Clock:-       0                  
         Data Path:-    1759                  
             Slack:=    3104                  

#----------------------------------------------------------------------------------------
# Timing Point   Flags    Arc   Edge   Cell     Fanout Load Trans Delay Arrival Instance 
#                                                      (fF)  (ps)  (ps)   (ps)  Location 
#----------------------------------------------------------------------------------------
  q_reg[17]/CK   -       -      R     (arrival)     32    -     0     0       0    (-,-) 
  q_reg[17]/Q    -       CK->Q  F     DFF_X2         3  3.8    57   532     532    (-,-) 
  g1272__1308/ZN -       A4->ZN R     NAND4_X2       2  3.2   154   239     771    (-,-) 
  g1266__3680/ZN -       A4->ZN F     NOR4_X2        1  1.3    53   116     887    (-,-) 
  g1264__5526/ZN -       A1->ZN R     NAND2_X2       1  0.9    57    86     973    (-,-) 
  g1263__8428/ZN -       A1->ZN R     AND3_X4       32 43.3   427   569    1543    (-,-) 
  g1249__6161/ZN -       A1->ZN R     AND2_X2        1  1.2    54   216    1759    (-,-) 
  q_reg[1]/D     -       -      R     DFF_X2         1    -     -     0    1759    (-,-) 
#----------------------------------------------------------------------------------------



Path 32: MET (3135 ps) Setup Check with Pin q_reg[0]/CK->D
          Group: C2C
     Startpoint: (R) q_reg[17]/CK
          Clock: (R) clk
       Endpoint: (R) q_reg[0]/D
          Clock: (R) clk

                     Capture       Launch     
        Clock Edge:+    5000            0     
       Src Latency:+       0            0     
       Net Latency:+       0 (I)        0 (I) 
           Arrival:=    5000            0     
                                              
             Setup:-     150                  
     Required Time:=    4850                  
      Launch Clock:-       0                  
         Data Path:-    1715                  
             Slack:=    3135                  

#----------------------------------------------------------------------------------------
# Timing Point   Flags    Arc   Edge   Cell     Fanout Load Trans Delay Arrival Instance 
#                                                      (fF)  (ps)  (ps)   (ps)  Location 
#----------------------------------------------------------------------------------------
  q_reg[17]/CK   -       -      R     (arrival)     32    -     0     0       0    (-,-) 
  q_reg[17]/Q    -       CK->Q  F     DFF_X2         3  3.8    57   532     532    (-,-) 
  g1272__1308/ZN -       A4->ZN R     NAND4_X2       2  3.2   154   239     771    (-,-) 
  g1266__3680/ZN -       A4->ZN F     NOR4_X2        1  1.3    53   116     887    (-,-) 
  g1264__5526/ZN -       A1->ZN R     NAND2_X2       1  0.9    57    86     973    (-,-) 
  g1263__8428/ZN -       A1->ZN R     AND3_X4       32 43.3   427   569    1543    (-,-) 
  g1262/ZN       -       A->ZN  F     INV_X4         1  1.2    76    41    1583    (-,-) 
  g1245__1881/ZN -       A1->ZN R     NOR2_X2        1  1.2    81   131    1715    (-,-) 
  q_reg[0]/D     -       -      R     DFF_X2         1    -     -     0    1715    (-,-) 
#----------------------------------------------------------------------------------------

Some unconstrained paths have not been displayed.
Use -unconstrained or set the root attribute 'timing_report_unconstrained' to 'true' to see only these unconstrained paths.

@genus:root: 7> report_timing -unconstrained
============================================================
  Generated by:           Genus(TM) Synthesis Solution 20.11-s111_1
  Generated on:           Apr 14 2025  01:03:33 pm
  Module:                 counter
  Operating conditions:   slow (balanced_tree)
  Wireload mode:          enclosed
  Area mode:              timing library
============================================================


Path 1: UNCONSTRAINED Setup Check with Pin q_reg[31]/CK->D
     Startpoint: (F) rst
       Endpoint: (R) q_reg[31]/D
          Clock: (R) -

                   Capture    Launch  
      Drv Adjust:+       0         0  
                                      
           Setup:-     136            
       Data Path:-     889            

#----------------------------------------------------------------------------------------
# Timing Point   Flags    Arc   Edge   Cell     Fanout Load Trans Delay Arrival Instance 
#                                                      (fF)  (ps)  (ps)   (ps)  Location 
#----------------------------------------------------------------------------------------
  rst            -       -      F     (arrival)      1  0.8     0     0       0    (-,-) 
  g772/ZN        -       A->ZN  R     INV_X1         1  0.9    63    72      72    (-,-) 
  g1263__8428/ZN -       A2->ZN R     AND3_X4       32 43.3   427   586     658    (-,-) 
  g1247__7482/ZN -       A2->ZN R     AND2_X2        1  1.2    51   231     889    (-,-) 
  q_reg[31]/D    -       -      R     DFF_X2         1    -     -     0     889    (-,-) 
#----------------------------------------------------------------------------------------

Normal exit.