###############################################################
#  Generated by:      Cadence Tempus 20.20-p001_1
#  OS:                Linux x86_64(Host ID APL10.kletech.ac.in)
#  Generated on:      Wed Apr  2 10:39:21 2025
#  Design:            vorca
#  Command:           report_timing -retime path_slew_propagation -max_paths 50 -nworst 1 -path_type full_clock    > ${reportDir}/pba_50_paths.rpt
###############################################################
Path 1: MET Setup Check with Pin f32_mux_1_data_reg_15_/CK 
Endpoint:   f32_mux_1_data_reg_15_/D (^) checked with  leading edge of 'sclk'
Beginpoint: o_reg_addr_reg_2_/Q      (^) triggered by  leading edge of 'sclk'
Path Groups: {sclk}
Retime Analysis { Data Path-Slew SI }
Other End Arrival Time          0.000
- Setup                         0.235
+ Phase Shift                   5.000
= Required Time                 4.765
- Arrival Time                  1.501
= Slack Time                    3.264
= Slack Time(original)          3.249
     Clock Rise Edge                      0.000
     = Beginpoint Arrival Time            0.000
     Timing Path:
      ------------------------------------------------------------------------------------
      Instance                       Arc            Cell         Retime  Arrival  Required  
                                                                 Delay   Time     Time  
      ------------------------------------------------------------------------------------
      -                              clk ^          -            -       0.000    3.264  
      clk_gate_addr                  -              TLATNTSCAX4  0.000   0.000    3.264  
      clk_gate_addr                  CK ^ -> ECK ^  TLATNTSCAX4  0.000   0.000    3.264  
      o_reg_addr_reg_2_              -              SDFFRX1      0.000   0.000    3.264  
      o_reg_addr_reg_2_              CK ^ -> Q ^    SDFFRX1      0.309   0.309    3.573  
      o_reg_addr_reg_2__scan_iso_or  -              AND2X1       0.000   0.309    3.573  
      o_reg_addr_reg_2__scan_iso_or  A ^ -> Y ^     AND2X1       0.149   0.458    3.722  
      U43                            -              NAND2BX1     0.000   0.458    3.722  
      U43                            B ^ -> Y v     NAND2BX1     0.256   0.714    3.978  
      U31                            -              NOR2X2       0.000   0.714    3.978  
      U31                            A v -> Y ^     NOR2X2       0.206   0.919    4.183  
      U466                           -              AND2X2       0.000   0.919    4.183  
      U466                           B ^ -> Y ^     AND2X2       0.232   1.151    4.415  
      U593                           -              BUFX4        0.000   1.151    4.415  
      U593                           A ^ -> Y ^     BUFX4        0.128   1.279    4.544  
      U652                           -              AOI22X1      0.000   1.279    4.544  
      U652                           B0 ^ -> Y v    AOI22X1      0.062   1.341    4.606  
      U653                           -              NAND4X1      0.000   1.341    4.606  
      U653                           D v -> Y ^     NAND4X1      0.049   1.390    4.655  
      U658                           -              AOI21X1      0.000   1.390    4.655  
      U658                           A1 ^ -> Y v    AOI21X1      0.064   1.454    4.719  
      U131                           -              NAND3X1      0.000   1.454    4.719  
      U131                           B v -> Y ^     NAND3X1      0.046   1.501    4.765  
      f32_mux_1_data_reg_15_         -              SDFFRX1      0.000   1.501    4.765  
      ------------------------------------------------------------------------------------
     Clock Rise Edge                      0.000
     = Beginpoint Arrival Time            0.000
     Other End Path:
      -----------------------------------------------------------------------------
      Instance                Arc            Cell         Retime  Arrival  Required  
                                                          Delay   Time     Time  
      -----------------------------------------------------------------------------
      -                       clk ^          -            -       0.000    -3.264  
      clk_gate_mux            -              TLATNTSCAX4  0.000   0.000    -3.264  
      clk_gate_mux            CK ^ -> ECK ^  TLATNTSCAX4  0.000   0.000    -3.264  
      f32_mux_1_data_reg_15_  -              SDFFRX1      0.000   0.000    -3.264  
      -----------------------------------------------------------------------------
Path 2: MET Setup Check with Pin f32_mux_1_data_reg_14_/CK 
Endpoint:   f32_mux_1_data_reg_14_/D (^) checked with  leading edge of 'sclk'
Beginpoint: o_reg_addr_reg_2_/Q      (^) triggered by  leading edge of 'sclk'
Path Groups: {sclk}
Retime Analysis { Data Path-Slew SI }
Other End Arrival Time          0.000
- Setup                         0.235
+ Phase Shift                   5.000
= Required Time                 4.765
- Arrival Time                  1.501
= Slack Time                    3.264
= Slack Time(original)          3.249
     Clock Rise Edge                      0.000
     = Beginpoint Arrival Time            0.000
     Timing Path:
      ------------------------------------------------------------------------------------
      Instance                       Arc            Cell         Retime  Arrival  Required  
                                                                 Delay   Time     Time  
      ------------------------------------------------------------------------------------
      -                              clk ^          -            -       0.000    3.264  
      clk_gate_addr                  -              TLATNTSCAX4  0.000   0.000    3.264  
      clk_gate_addr                  CK ^ -> ECK ^  TLATNTSCAX4  0.000   0.000    3.264  
      o_reg_addr_reg_2_              -              SDFFRX1      0.000   0.000    3.264  
      o_reg_addr_reg_2_              CK ^ -> Q ^    SDFFRX1      0.309   0.309    3.573  
      o_reg_addr_reg_2__scan_iso_or  -              AND2X1       0.000   0.309    3.573  
      o_reg_addr_reg_2__scan_iso_or  A ^ -> Y ^     AND2X1       0.149   0.458    3.722  
      U43                            -              NAND2BX1     0.000   0.458    3.722  
      U43                            B ^ -> Y v     NAND2BX1     0.256   0.714    3.978  
      U31                            -              NOR2X2       0.000   0.714    3.978  
      U31                            A v -> Y ^     NOR2X2       0.206   0.919    4.183  
      U466                           -              AND2X2       0.000   0.919    4.183  
      U466                           B ^ -> Y ^     AND2X2       0.232   1.151    4.415  
      U593                           -              BUFX4        0.000   1.151    4.415  
      U593                           A ^ -> Y ^     BUFX4        0.128   1.279    4.544  
      U723                           -              AOI22X1      0.000   1.279    4.544  
      U723                           B0 ^ -> Y v    AOI22X1      0.062   1.341    4.606  
      U724                           -              NAND4X1      0.000   1.341    4.606  
      U724                           D v -> Y ^     NAND4X1      0.049   1.390    4.655  
      U730                           -              AOI21X1      0.000   1.390    4.655  
      U730                           A1 ^ -> Y v    AOI21X1      0.064   1.454    4.719  
      U133                           -              NAND3X1      0.000   1.454    4.719  
      U133                           B v -> Y ^     NAND3X1      0.046   1.501    4.765  
      f32_mux_1_data_reg_14_         -              SDFFRX1      0.000   1.501    4.765  
      ------------------------------------------------------------------------------------
     Clock Rise Edge                      0.000
     = Beginpoint Arrival Time            0.000
     Other End Path:
      -----------------------------------------------------------------------------
      Instance                Arc            Cell         Retime  Arrival  Required  
                                                          Delay   Time     Time  
      -----------------------------------------------------------------------------
      -                       clk ^          -            -       0.000    -3.264  
      clk_gate_mux            -              TLATNTSCAX4  0.000   0.000    -3.264  
      clk_gate_mux            CK ^ -> ECK ^  TLATNTSCAX4  0.000   0.000    -3.264  
      f32_mux_1_data_reg_14_  -              SDFFRX1      0.000   0.000    -3.264  
      -----------------------------------------------------------------------------
Path 3: MET Setup Check with Pin f32_mux_1_data_reg_13_/CK 
Endpoint:   f32_mux_1_data_reg_13_/D (^) checked with  leading edge of 'sclk'
Beginpoint: o_reg_addr_reg_2_/Q      (^) triggered by  leading edge of 'sclk'
Path Groups: {sclk}
Retime Analysis { Data Path-Slew SI }
Other End Arrival Time          0.000
- Setup                         0.235
+ Phase Shift                   5.000
= Required Time                 4.765
- Arrival Time                  1.501
= Slack Time                    3.264
= Slack Time(original)          3.249
     Clock Rise Edge                      0.000
     = Beginpoint Arrival Time            0.000
     Timing Path:
      ------------------------------------------------------------------------------------
      Instance                       Arc            Cell         Retime  Arrival  Required  
                                                                 Delay   Time     Time  
      ------------------------------------------------------------------------------------
      -                              clk ^          -            -       0.000    3.264  
      clk_gate_addr                  -              TLATNTSCAX4  0.000   0.000    3.264  
      clk_gate_addr                  CK ^ -> ECK ^  TLATNTSCAX4  0.000   0.000    3.264  
      o_reg_addr_reg_2_              -              SDFFRX1      0.000   0.000    3.264  
      o_reg_addr_reg_2_              CK ^ -> Q ^    SDFFRX1      0.309   0.309    3.573  
      o_reg_addr_reg_2__scan_iso_or  -              AND2X1       0.000   0.309    3.573  
      o_reg_addr_reg_2__scan_iso_or  A ^ -> Y ^     AND2X1       0.149   0.458    3.722  
      U43                            -              NAND2BX1     0.000   0.458    3.722  
      U43                            B ^ -> Y v     NAND2BX1     0.256   0.714    3.978  
      U31                            -              NOR2X2       0.000   0.714    3.978  
      U31                            A v -> Y ^     NOR2X2       0.206   0.919    4.183  
      U466                           -              AND2X2       0.000   0.919    4.183  
      U466                           B ^ -> Y ^     AND2X2       0.232   1.151    4.415  
      U593                           -              BUFX4        0.000   1.151    4.415  
      U593                           A ^ -> Y ^     BUFX4        0.128   1.279    4.544  
      U768                           -              AOI22X1      0.000   1.279    4.544  
      U768                           B0 ^ -> Y v    AOI22X1      0.062   1.341    4.606  
      U769                           -              NAND4X1      0.000   1.341    4.606  
      U769                           D v -> Y ^     NAND4X1      0.049   1.390    4.655  
      U774                           -              AOI21X1      0.000   1.390    4.655  
      U774                           A1 ^ -> Y v    AOI21X1      0.064   1.454    4.719  
      U135                           -              NAND3X1      0.000   1.454    4.719  
      U135                           B v -> Y ^     NAND3X1      0.046   1.501    4.765  
      f32_mux_1_data_reg_13_         -              SDFFRX1      0.000   1.501    4.765  
      ------------------------------------------------------------------------------------
     Clock Rise Edge                      0.000
     = Beginpoint Arrival Time            0.000
     Other End Path:
      -----------------------------------------------------------------------------
      Instance                Arc            Cell         Retime  Arrival  Required  
                                                          Delay   Time     Time  
      -----------------------------------------------------------------------------
      -                       clk ^          -            -       0.000    -3.264  
      clk_gate_mux            -              TLATNTSCAX4  0.000   0.000    -3.264  
      clk_gate_mux            CK ^ -> ECK ^  TLATNTSCAX4  0.000   0.000    -3.264  
      f32_mux_1_data_reg_13_  -              SDFFRX1      0.000   0.000    -3.264  
      -----------------------------------------------------------------------------
Path 4: MET Setup Check with Pin f32_mux_1_data_reg_12_/CK 
Endpoint:   f32_mux_1_data_reg_12_/D (^) checked with  leading edge of 'sclk'
Beginpoint: o_reg_addr_reg_2_/Q      (^) triggered by  leading edge of 'sclk'
Path Groups: {sclk}
Retime Analysis { Data Path-Slew SI }
Other End Arrival Time          0.000
- Setup                         0.235
+ Phase Shift                   5.000
= Required Time                 4.765
- Arrival Time                  1.501
= Slack Time                    3.264
= Slack Time(original)          3.249
     Clock Rise Edge                      0.000
     = Beginpoint Arrival Time            0.000
     Timing Path:
      ------------------------------------------------------------------------------------
      Instance                       Arc            Cell         Retime  Arrival  Required  
                                                                 Delay   Time     Time  
      ------------------------------------------------------------------------------------
      -                              clk ^          -            -       0.000    3.264  
      clk_gate_addr                  -              TLATNTSCAX4  0.000   0.000    3.264  
      clk_gate_addr                  CK ^ -> ECK ^  TLATNTSCAX4  0.000   0.000    3.264  
      o_reg_addr_reg_2_              -              SDFFRX1      0.000   0.000    3.264  
      o_reg_addr_reg_2_              CK ^ -> Q ^    SDFFRX1      0.309   0.309    3.573  
      o_reg_addr_reg_2__scan_iso_or  -              AND2X1       0.000   0.309    3.573  
      o_reg_addr_reg_2__scan_iso_or  A ^ -> Y ^     AND2X1       0.149   0.458    3.722  
      U43                            -              NAND2BX1     0.000   0.458    3.722  
      U43                            B ^ -> Y v     NAND2BX1     0.256   0.714    3.978  
      U31                            -              NOR2X2       0.000   0.714    3.978  
      U31                            A v -> Y ^     NOR2X2       0.206   0.919    4.183  
      U466                           -              AND2X2       0.000   0.919    4.183  
      U466                           B ^ -> Y ^     AND2X2       0.232   1.151    4.415  
      U593                           -              BUFX4        0.000   1.151    4.415  
      U593                           A ^ -> Y ^     BUFX4        0.128   1.279    4.544  
      U734                           -              AOI22X1      0.000   1.279    4.544  
      U734                           B0 ^ -> Y v    AOI22X1      0.062   1.341    4.606  
      U735                           -              NAND4X1      0.000   1.341    4.606  
      U735                           D v -> Y ^     NAND4X1      0.049   1.390    4.655  
      U741                           -              AOI21X1      0.000   1.390    4.655  
      U741                           A1 ^ -> Y v    AOI21X1      0.064   1.454    4.719  
      U137                           -              NAND3X1      0.000   1.454    4.719  
      U137                           B v -> Y ^     NAND3X1      0.046   1.501    4.765  
      f32_mux_1_data_reg_12_         -              SDFFRX1      0.000   1.501    4.765  
      ------------------------------------------------------------------------------------
     Clock Rise Edge                      0.000
     = Beginpoint Arrival Time            0.000
     Other End Path:
      -----------------------------------------------------------------------------
      Instance                Arc            Cell         Retime  Arrival  Required  
                                                          Delay   Time     Time  
      -----------------------------------------------------------------------------
      -                       clk ^          -            -       0.000    -3.264  
      clk_gate_mux            -              TLATNTSCAX4  0.000   0.000    -3.264  
      clk_gate_mux            CK ^ -> ECK ^  TLATNTSCAX4  0.000   0.000    -3.264  
      f32_mux_1_data_reg_12_  -              SDFFRX1      0.000   0.000    -3.264  
      -----------------------------------------------------------------------------
Path 5: MET Setup Check with Pin f32_mux_1_data_reg_11_/CK 
Endpoint:   f32_mux_1_data_reg_11_/D (^) checked with  leading edge of 'sclk'
Beginpoint: o_reg_addr_reg_2_/Q      (^) triggered by  leading edge of 'sclk'
Path Groups: {sclk}
Retime Analysis { Data Path-Slew SI }
Other End Arrival Time          0.000
- Setup                         0.235
+ Phase Shift                   5.000
= Required Time                 4.765
- Arrival Time                  1.501
= Slack Time                    3.264
= Slack Time(original)          3.249
     Clock Rise Edge                      0.000
     = Beginpoint Arrival Time            0.000
     Timing Path:
      ------------------------------------------------------------------------------------
      Instance                       Arc            Cell         Retime  Arrival  Required  
                                                                 Delay   Time     Time  
      ------------------------------------------------------------------------------------
      -                              clk ^          -            -       0.000    3.264  
      clk_gate_addr                  -              TLATNTSCAX4  0.000   0.000    3.264  
      clk_gate_addr                  CK ^ -> ECK ^  TLATNTSCAX4  0.000   0.000    3.264  
      o_reg_addr_reg_2_              -              SDFFRX1      0.000   0.000    3.264  
      o_reg_addr_reg_2_              CK ^ -> Q ^    SDFFRX1      0.309   0.309    3.573  
      o_reg_addr_reg_2__scan_iso_or  -              AND2X1       0.000   0.309    3.573  
      o_reg_addr_reg_2__scan_iso_or  A ^ -> Y ^     AND2X1       0.149   0.458    3.722  
      U43                            -              NAND2BX1     0.000   0.458    3.722  
      U43                            B ^ -> Y v     NAND2BX1     0.256   0.714    3.978  
      U31                            -              NOR2X2       0.000   0.714    3.978  
      U31                            A v -> Y ^     NOR2X2       0.206   0.919    4.183  
      U466                           -              AND2X2       0.000   0.919    4.183  
      U466                           B ^ -> Y ^     AND2X2       0.232   1.151    4.415  
      U593                           -              BUFX4        0.000   1.151    4.415  
      U593                           A ^ -> Y ^     BUFX4        0.128   1.279    4.544  
      U757                           -              AOI22X1      0.000   1.279    4.544  
      U757                           B0 ^ -> Y v    AOI22X1      0.062   1.341    4.606  
      U758                           -              NAND4X1      0.000   1.341    4.606  
      U758                           D v -> Y ^     NAND4X1      0.049   1.390    4.655  
      U763                           -              AOI21X1      0.000   1.390    4.655  
      U763                           A1 ^ -> Y v    AOI21X1      0.064   1.454    4.719  
      U139                           -              NAND3X1      0.000   1.454    4.719  
      U139                           B v -> Y ^     NAND3X1      0.046   1.501    4.765  
      f32_mux_1_data_reg_11_         -              SDFFRX1      0.000   1.501    4.765  
      ------------------------------------------------------------------------------------
     Clock Rise Edge                      0.000
     = Beginpoint Arrival Time            0.000
     Other End Path:
      -----------------------------------------------------------------------------
      Instance                Arc            Cell         Retime  Arrival  Required  
                                                          Delay   Time     Time  
      -----------------------------------------------------------------------------
      -                       clk ^          -            -       0.000    -3.264  
      clk_gate_mux            -              TLATNTSCAX4  0.000   0.000    -3.264  
      clk_gate_mux            CK ^ -> ECK ^  TLATNTSCAX4  0.000   0.000    -3.264  
      f32_mux_1_data_reg_11_  -              SDFFRX1      0.000   0.000    -3.264  
      -----------------------------------------------------------------------------
Path 6: MET Setup Check with Pin f32_mux_1_data_reg_10_/CK 
Endpoint:   f32_mux_1_data_reg_10_/D (^) checked with  leading edge of 'sclk'
Beginpoint: o_reg_addr_reg_2_/Q      (^) triggered by  leading edge of 'sclk'
Path Groups: {sclk}
Retime Analysis { Data Path-Slew SI }
Other End Arrival Time          0.000
- Setup                         0.235
+ Phase Shift                   5.000
= Required Time                 4.765
- Arrival Time                  1.501
= Slack Time                    3.264
= Slack Time(original)          3.249
     Clock Rise Edge                      0.000
     = Beginpoint Arrival Time            0.000
     Timing Path:
      ------------------------------------------------------------------------------------
      Instance                       Arc            Cell         Retime  Arrival  Required  
                                                                 Delay   Time     Time  
      ------------------------------------------------------------------------------------
      -                              clk ^          -            -       0.000    3.264  
      clk_gate_addr                  -              TLATNTSCAX4  0.000   0.000    3.264  
      clk_gate_addr                  CK ^ -> ECK ^  TLATNTSCAX4  0.000   0.000    3.264  
      o_reg_addr_reg_2_              -              SDFFRX1      0.000   0.000    3.264  
      o_reg_addr_reg_2_              CK ^ -> Q ^    SDFFRX1      0.309   0.309    3.573  
      o_reg_addr_reg_2__scan_iso_or  -              AND2X1       0.000   0.309    3.573  
      o_reg_addr_reg_2__scan_iso_or  A ^ -> Y ^     AND2X1       0.149   0.458    3.722  
      U43                            -              NAND2BX1     0.000   0.458    3.722  
      U43                            B ^ -> Y v     NAND2BX1     0.256   0.714    3.978  
      U31                            -              NOR2X2       0.000   0.714    3.978  
      U31                            A v -> Y ^     NOR2X2       0.206   0.919    4.183  
      U466                           -              AND2X2       0.000   0.919    4.183  
      U466                           B ^ -> Y ^     AND2X2       0.232   1.151    4.415  
      U593                           -              BUFX4        0.000   1.151    4.415  
      U593                           A ^ -> Y ^     BUFX4        0.128   1.279    4.544  
      U778                           -              AOI22X1      0.000   1.279    4.544  
      U778                           B0 ^ -> Y v    AOI22X1      0.062   1.341    4.606  
      U779                           -              NAND4X1      0.000   1.341    4.606  
      U779                           D v -> Y ^     NAND4X1      0.049   1.390    4.655  
      U785                           -              AOI21X1      0.000   1.390    4.655  
      U785                           A1 ^ -> Y v    AOI21X1      0.064   1.454    4.719  
      U141                           -              NAND3X1      0.000   1.454    4.719  
      U141                           B v -> Y ^     NAND3X1      0.046   1.501    4.765  
      f32_mux_1_data_reg_10_         -              SDFFRX1      0.000   1.501    4.765  
      ------------------------------------------------------------------------------------
     Clock Rise Edge                      0.000
     = Beginpoint Arrival Time            0.000
     Other End Path:
      -----------------------------------------------------------------------------
      Instance                Arc            Cell         Retime  Arrival  Required  
                                                          Delay   Time     Time  
      -----------------------------------------------------------------------------
      -                       clk ^          -            -       0.000    -3.264  
      clk_gate_mux            -              TLATNTSCAX4  0.000   0.000    -3.264  
      clk_gate_mux            CK ^ -> ECK ^  TLATNTSCAX4  0.000   0.000    -3.264  
      f32_mux_1_data_reg_10_  -              SDFFRX1      0.000   0.000    -3.264  
      -----------------------------------------------------------------------------
Path 7: MET Setup Check with Pin f32_mux_1_data_reg_20_/CK 
Endpoint:   f32_mux_1_data_reg_20_/D (^) checked with  leading edge of 'sclk'
Beginpoint: o_reg_addr_reg_2_/Q      (^) triggered by  leading edge of 'sclk'
Path Groups: {sclk}
Retime Analysis { Data Path-Slew SI }
Other End Arrival Time          0.000
- Setup                         0.235
+ Phase Shift                   5.000
= Required Time                 4.765
- Arrival Time                  1.501
= Slack Time                    3.264
= Slack Time(original)          3.250
     Clock Rise Edge                      0.000
     = Beginpoint Arrival Time            0.000
     Timing Path:
      ------------------------------------------------------------------------------------
      Instance                       Arc            Cell         Retime  Arrival  Required  
                                                                 Delay   Time     Time  
      ------------------------------------------------------------------------------------
      -                              clk ^          -            -       0.000    3.264  
      clk_gate_addr                  -              TLATNTSCAX4  0.000   0.000    3.264  
      clk_gate_addr                  CK ^ -> ECK ^  TLATNTSCAX4  0.000   0.000    3.264  
      o_reg_addr_reg_2_              -              SDFFRX1      0.000   0.000    3.264  
      o_reg_addr_reg_2_              CK ^ -> Q ^    SDFFRX1      0.309   0.309    3.573  
      o_reg_addr_reg_2__scan_iso_or  -              AND2X1       0.000   0.309    3.573  
      o_reg_addr_reg_2__scan_iso_or  A ^ -> Y ^     AND2X1       0.149   0.458    3.722  
      U43                            -              NAND2BX1     0.000   0.458    3.722  
      U43                            B ^ -> Y v     NAND2BX1     0.256   0.714    3.978  
      U31                            -              NOR2X2       0.000   0.714    3.978  
      U31                            A v -> Y ^     NOR2X2       0.206   0.919    4.183  
      U466                           -              AND2X2       0.000   0.919    4.183  
      U466                           B ^ -> Y ^     AND2X2       0.232   1.151    4.415  
      U593                           -              BUFX4        0.000   1.151    4.415  
      U593                           A ^ -> Y ^     BUFX4        0.128   1.279    4.544  
      U606                           -              AOI22X1      0.000   1.279    4.544  
      U606                           B0 ^ -> Y v    AOI22X1      0.062   1.341    4.606  
      U607                           -              NAND4X1      0.000   1.341    4.606  
      U607                           D v -> Y ^     NAND4X1      0.049   1.390    4.655  
      U613                           -              AOI21X1      0.000   1.390    4.655  
      U613                           A1 ^ -> Y v    AOI21X1      0.064   1.454    4.719  
      U121                           -              NAND3X1      0.000   1.454    4.719  
      U121                           B v -> Y ^     NAND3X1      0.046   1.501    4.765  
      f32_mux_1_data_reg_20_         -              SDFFRX1      0.000   1.501    4.765  
      ------------------------------------------------------------------------------------
     Clock Rise Edge                      0.000
     = Beginpoint Arrival Time            0.000
     Other End Path:
      -----------------------------------------------------------------------------
      Instance                Arc            Cell         Retime  Arrival  Required  
                                                          Delay   Time     Time  
      -----------------------------------------------------------------------------
      -                       clk ^          -            -       0.000    -3.264  
      clk_gate_mux            -              TLATNTSCAX4  0.000   0.000    -3.264  
      clk_gate_mux            CK ^ -> ECK ^  TLATNTSCAX4  0.000   0.000    -3.264  
      f32_mux_1_data_reg_20_  -              SDFFRX1      0.000   0.000    -3.264  
      -----------------------------------------------------------------------------
Path 8: MET Setup Check with Pin f32_mux_1_data_reg_18_/CK 
Endpoint:   f32_mux_1_data_reg_18_/D (^) checked with  leading edge of 'sclk'
Beginpoint: o_reg_addr_reg_2_/Q      (^) triggered by  leading edge of 'sclk'
Path Groups: {sclk}
Retime Analysis { Data Path-Slew SI }
Other End Arrival Time          0.000
- Setup                         0.235
+ Phase Shift                   5.000
= Required Time                 4.765
- Arrival Time                  1.501
= Slack Time                    3.264
= Slack Time(original)          3.250
     Clock Rise Edge                      0.000
     = Beginpoint Arrival Time            0.000
     Timing Path:
      ------------------------------------------------------------------------------------
      Instance                       Arc            Cell         Retime  Arrival  Required  
                                                                 Delay   Time     Time  
      ------------------------------------------------------------------------------------
      -                              clk ^          -            -       0.000    3.264  
      clk_gate_addr                  -              TLATNTSCAX4  0.000   0.000    3.264  
      clk_gate_addr                  CK ^ -> ECK ^  TLATNTSCAX4  0.000   0.000    3.264  
      o_reg_addr_reg_2_              -              SDFFRX1      0.000   0.000    3.264  
      o_reg_addr_reg_2_              CK ^ -> Q ^    SDFFRX1      0.309   0.309    3.573  
      o_reg_addr_reg_2__scan_iso_or  -              AND2X1       0.000   0.309    3.573  
      o_reg_addr_reg_2__scan_iso_or  A ^ -> Y ^     AND2X1       0.149   0.458    3.722  
      U43                            -              NAND2BX1     0.000   0.458    3.722  
      U43                            B ^ -> Y v     NAND2BX1     0.256   0.714    3.978  
      U31                            -              NOR2X2       0.000   0.714    3.978  
      U31                            A v -> Y ^     NOR2X2       0.206   0.919    4.183  
      U466                           -              AND2X2       0.000   0.919    4.183  
      U466                           B ^ -> Y ^     AND2X2       0.232   1.151    4.415  
      U593                           -              BUFX4        0.000   1.151    4.415  
      U593                           A ^ -> Y ^     BUFX4        0.128   1.279    4.544  
      U594                           -              AOI22X1      0.000   1.279    4.544  
      U594                           B0 ^ -> Y v    AOI22X1      0.062   1.341    4.606  
      U595                           -              NAND4X1      0.000   1.341    4.606  
      U595                           D v -> Y ^     NAND4X1      0.049   1.390    4.655  
      U601                           -              AOI21X1      0.000   1.390    4.655  
      U601                           A1 ^ -> Y v    AOI21X1      0.064   1.454    4.719  
      U125                           -              NAND3X1      0.000   1.454    4.719  
      U125                           B v -> Y ^     NAND3X1      0.046   1.501    4.765  
      f32_mux_1_data_reg_18_         -              SDFFRX1      0.000   1.501    4.765  
      ------------------------------------------------------------------------------------
     Clock Rise Edge                      0.000
     = Beginpoint Arrival Time            0.000
     Other End Path:
      -----------------------------------------------------------------------------
      Instance                Arc            Cell         Retime  Arrival  Required  
                                                          Delay   Time     Time  
      -----------------------------------------------------------------------------
      -                       clk ^          -            -       0.000    -3.264  
      clk_gate_mux            -              TLATNTSCAX4  0.000   0.000    -3.264  
      clk_gate_mux            CK ^ -> ECK ^  TLATNTSCAX4  0.000   0.000    -3.264  
      f32_mux_1_data_reg_18_  -              SDFFRX1      0.000   0.000    -3.264  
      -----------------------------------------------------------------------------
Path 9: MET Setup Check with Pin f32_mux_1_data_reg_17_/CK 
Endpoint:   f32_mux_1_data_reg_17_/D (^) checked with  leading edge of 'sclk'
Beginpoint: o_reg_addr_reg_2_/Q      (^) triggered by  leading edge of 'sclk'
Path Groups: {sclk}
Retime Analysis { Data Path-Slew SI }
Other End Arrival Time          0.000
- Setup                         0.235
+ Phase Shift                   5.000
= Required Time                 4.765
- Arrival Time                  1.501
= Slack Time                    3.264
= Slack Time(original)          3.250
     Clock Rise Edge                      0.000
     = Beginpoint Arrival Time            0.000
     Timing Path:
      ------------------------------------------------------------------------------------
      Instance                       Arc            Cell         Retime  Arrival  Required  
                                                                 Delay   Time     Time  
      ------------------------------------------------------------------------------------
      -                              clk ^          -            -       0.000    3.264  
      clk_gate_addr                  -              TLATNTSCAX4  0.000   0.000    3.264  
      clk_gate_addr                  CK ^ -> ECK ^  TLATNTSCAX4  0.000   0.000    3.264  
      o_reg_addr_reg_2_              -              SDFFRX1      0.000   0.000    3.264  
      o_reg_addr_reg_2_              CK ^ -> Q ^    SDFFRX1      0.309   0.309    3.573  
      o_reg_addr_reg_2__scan_iso_or  -              AND2X1       0.000   0.309    3.573  
      o_reg_addr_reg_2__scan_iso_or  A ^ -> Y ^     AND2X1       0.149   0.458    3.722  
      U43                            -              NAND2BX1     0.000   0.458    3.722  
      U43                            B ^ -> Y v     NAND2BX1     0.256   0.714    3.978  
      U31                            -              NOR2X2       0.000   0.714    3.978  
      U31                            A v -> Y ^     NOR2X2       0.206   0.919    4.183  
      U466                           -              AND2X2       0.000   0.919    4.183  
      U466                           B ^ -> Y ^     AND2X2       0.232   1.151    4.415  
      U593                           -              BUFX4        0.000   1.151    4.415  
      U593                           A ^ -> Y ^     BUFX4        0.128   1.279    4.544  
      U629                           -              AOI22X1      0.000   1.279    4.544  
      U629                           B0 ^ -> Y v    AOI22X1      0.062   1.341    4.606  
      U630                           -              NAND4X1      0.000   1.341    4.606  
      U630                           D v -> Y ^     NAND4X1      0.049   1.390    4.655  
      U635                           -              AOI21X1      0.000   1.390    4.655  
      U635                           A1 ^ -> Y v    AOI21X1      0.064   1.454    4.719  
      U127                           -              NAND3X1      0.000   1.454    4.719  
      U127                           B v -> Y ^     NAND3X1      0.046   1.501    4.765  
      f32_mux_1_data_reg_17_         -              SDFFRX1      0.000   1.501    4.765  
      ------------------------------------------------------------------------------------
     Clock Rise Edge                      0.000
     = Beginpoint Arrival Time            0.000
     Other End Path:
      -----------------------------------------------------------------------------
      Instance                Arc            Cell         Retime  Arrival  Required  
                                                          Delay   Time     Time  
      -----------------------------------------------------------------------------
      -                       clk ^          -            -       0.000    -3.264  
      clk_gate_mux            -              TLATNTSCAX4  0.000   0.000    -3.264  
      clk_gate_mux            CK ^ -> ECK ^  TLATNTSCAX4  0.000   0.000    -3.264  
      f32_mux_1_data_reg_17_  -              SDFFRX1      0.000   0.000    -3.264  
      -----------------------------------------------------------------------------
Path 10: MET Setup Check with Pin f32_mux_1_data_reg_16_/CK 
Endpoint:   f32_mux_1_data_reg_16_/D (^) checked with  leading edge of 'sclk'
Beginpoint: o_reg_addr_reg_2_/Q      (^) triggered by  leading edge of 'sclk'
Path Groups: {sclk}
Retime Analysis { Data Path-Slew SI }
Other End Arrival Time          0.000
- Setup                         0.235
+ Phase Shift                   5.000
= Required Time                 4.765
- Arrival Time                  1.501
= Slack Time                    3.264
= Slack Time(original)          3.250
     Clock Rise Edge                      0.000
     = Beginpoint Arrival Time            0.000
     Timing Path:
      ------------------------------------------------------------------------------------
      Instance                       Arc            Cell         Retime  Arrival  Required  
                                                                 Delay   Time     Time  
      ------------------------------------------------------------------------------------
      -                              clk ^          -            -       0.000    3.264  
      clk_gate_addr                  -              TLATNTSCAX4  0.000   0.000    3.264  
      clk_gate_addr                  CK ^ -> ECK ^  TLATNTSCAX4  0.000   0.000    3.264  
      o_reg_addr_reg_2_              -              SDFFRX1      0.000   0.000    3.264  
      o_reg_addr_reg_2_              CK ^ -> Q ^    SDFFRX1      0.309   0.309    3.573  
      o_reg_addr_reg_2__scan_iso_or  -              AND2X1       0.000   0.309    3.573  
      o_reg_addr_reg_2__scan_iso_or  A ^ -> Y ^     AND2X1       0.149   0.458    3.722  
      U43                            -              NAND2BX1     0.000   0.458    3.722  
      U43                            B ^ -> Y v     NAND2BX1     0.256   0.714    3.978  
      U31                            -              NOR2X2       0.000   0.714    3.978  
      U31                            A v -> Y ^     NOR2X2       0.206   0.919    4.183  
      U466                           -              AND2X2       0.000   0.919    4.183  
      U466                           B ^ -> Y ^     AND2X2       0.232   1.151    4.415  
      U593                           -              BUFX4        0.000   1.151    4.415  
      U593                           A ^ -> Y ^     BUFX4        0.128   1.279    4.544  
      U640                           -              AOI22X1      0.000   1.279    4.544  
      U640                           B0 ^ -> Y v    AOI22X1      0.062   1.341    4.606  
      U641                           -              NAND4X1      0.000   1.341    4.606  
      U641                           D v -> Y ^     NAND4X1      0.049   1.390    4.655  
      U647                           -              AOI21X1      0.000   1.390    4.655  
      U647                           A1 ^ -> Y v    AOI21X1      0.064   1.454    4.719  
      U129                           -              NAND3X1      0.000   1.454    4.719  
      U129                           B v -> Y ^     NAND3X1      0.046   1.501    4.765  
      f32_mux_1_data_reg_16_         -              SDFFRX1      0.000   1.501    4.765  
      ------------------------------------------------------------------------------------
     Clock Rise Edge                      0.000
     = Beginpoint Arrival Time            0.000
     Other End Path:
      -----------------------------------------------------------------------------
      Instance                Arc            Cell         Retime  Arrival  Required  
                                                          Delay   Time     Time  
      -----------------------------------------------------------------------------
      -                       clk ^          -            -       0.000    -3.264  
      clk_gate_mux            -              TLATNTSCAX4  0.000   0.000    -3.264  
      clk_gate_mux            CK ^ -> ECK ^  TLATNTSCAX4  0.000   0.000    -3.264  
      f32_mux_1_data_reg_16_  -              SDFFRX1      0.000   0.000    -3.264  
      -----------------------------------------------------------------------------
Path 11: MET Setup Check with Pin f32_mux_1_data_reg_5_/CK 
Endpoint:   f32_mux_1_data_reg_5_/D (^) checked with  leading edge of 'sclk'
Beginpoint: o_reg_addr_reg_6_/Q     (^) triggered by  leading edge of 'sclk'
Path Groups: {sclk}
Retime Analysis { Data Path-Slew SI }
Other End Arrival Time          0.000
- Setup                         0.235
+ Phase Shift                   5.000
= Required Time                 4.765
- Arrival Time                  1.465
= Slack Time                    3.300
= Slack Time(original)          3.265
     Clock Rise Edge                      0.000
     = Beginpoint Arrival Time            0.000
     Timing Path:
      ------------------------------------------------------------------------------------
      Instance                       Arc            Cell         Retime  Arrival  Required  
                                                                 Delay   Time     Time  
      ------------------------------------------------------------------------------------
      -                              clk ^          -            -       0.000    3.300  
      clk_gate_addr                  -              TLATNTSCAX4  0.000   0.000    3.300  
      clk_gate_addr                  CK ^ -> ECK ^  TLATNTSCAX4  0.000   0.000    3.300  
      o_reg_addr_reg_6_              -              SDFFRX1      0.000   0.000    3.300  
      o_reg_addr_reg_6_              CK ^ -> Q ^    SDFFRX1      0.309   0.309    3.609  
      o_reg_addr_reg_6__scan_iso_or  -              AND2X1       0.000   0.309    3.609  
      o_reg_addr_reg_6__scan_iso_or  A ^ -> Y ^     AND2X1       0.156   0.465    3.764  
      U195                           -              INVX2        0.000   0.465    3.764  
      U195                           A ^ -> Y v     INVX2        0.069   0.534    3.834  
      U62                            -              NOR2X2       0.000   0.534    3.834  
      U62                            B v -> Y ^     NOR2X2       0.068   0.602    3.901  
      U32                            -              NAND3X1      0.000   0.602    3.901  
      U32                            B ^ -> Y v     NAND3X1      0.137   0.738    4.038  
      U27                            -              OR2X1        0.000   0.738    4.038  
      U27                            A v -> Y v     OR2X1        0.204   0.943    4.243  
      U59                            -              NOR2X1       0.000   0.943    4.243  
      U59                            B v -> Y ^     NOR2X1       0.158   1.100    4.400  
      U489                           -              BUFX4        0.000   1.100    4.400  
      U489                           A ^ -> Y ^     BUFX4        0.172   1.273    4.573  
      U678                           -              AOI22X1      0.000   1.273    4.573  
      U678                           B0 ^ -> Y v    AOI22X1      0.073   1.346    4.646  
      U682                           -              NAND4X1      0.000   1.346    4.646  
      U682                           A v -> Y ^     NAND4X1      0.054   1.400    4.700  
      U683                           -              AOI21X1      0.000   1.400    4.700  
      U683                           B0 ^ -> Y v    AOI21X1      0.034   1.435    4.734  
      U151                           -              NAND3X1      0.000   1.435    4.734  
      U151                           B v -> Y ^     NAND3X1      0.031   1.465    4.765  
      f32_mux_1_data_reg_5_          -              SDFFRX1      0.000   1.465    4.765  
      ------------------------------------------------------------------------------------
     Clock Rise Edge                      0.000
     = Beginpoint Arrival Time            0.000
     Other End Path:
      ----------------------------------------------------------------------------
      Instance               Arc            Cell         Retime  Arrival  Required  
                                                         Delay   Time     Time  
      ----------------------------------------------------------------------------
      -                      clk ^          -            -       0.000    -3.300  
      clk_gate_mux           -              TLATNTSCAX4  0.000   0.000    -3.300  
      clk_gate_mux           CK ^ -> ECK ^  TLATNTSCAX4  0.000   0.000    -3.300  
      f32_mux_1_data_reg_5_  -              SDFFRX1      0.000   0.000    -3.300  
      ----------------------------------------------------------------------------
Path 12: MET Setup Check with Pin f32_mux_1_data_reg_3_/CK 
Endpoint:   f32_mux_1_data_reg_3_/D (^) checked with  leading edge of 'sclk'
Beginpoint: o_reg_addr_reg_6_/Q     (^) triggered by  leading edge of 'sclk'
Path Groups: {sclk}
Retime Analysis { Data Path-Slew SI }
Other End Arrival Time          0.000
- Setup                         0.235
+ Phase Shift                   5.000
= Required Time                 4.765
- Arrival Time                  1.465
= Slack Time                    3.300
= Slack Time(original)          3.265
     Clock Rise Edge                      0.000
     = Beginpoint Arrival Time            0.000
     Timing Path:
      ------------------------------------------------------------------------------------
      Instance                       Arc            Cell         Retime  Arrival  Required  
                                                                 Delay   Time     Time  
      ------------------------------------------------------------------------------------
      -                              clk ^          -            -       0.000    3.300  
      clk_gate_addr                  -              TLATNTSCAX4  0.000   0.000    3.300  
      clk_gate_addr                  CK ^ -> ECK ^  TLATNTSCAX4  0.000   0.000    3.300  
      o_reg_addr_reg_6_              -              SDFFRX1      0.000   0.000    3.300  
      o_reg_addr_reg_6_              CK ^ -> Q ^    SDFFRX1      0.309   0.309    3.609  
      o_reg_addr_reg_6__scan_iso_or  -              AND2X1       0.000   0.309    3.609  
      o_reg_addr_reg_6__scan_iso_or  A ^ -> Y ^     AND2X1       0.156   0.465    3.764  
      U195                           -              INVX2        0.000   0.465    3.764  
      U195                           A ^ -> Y v     INVX2        0.069   0.534    3.834  
      U62                            -              NOR2X2       0.000   0.534    3.834  
      U62                            B v -> Y ^     NOR2X2       0.068   0.602    3.901  
      U32                            -              NAND3X1      0.000   0.602    3.901  
      U32                            B ^ -> Y v     NAND3X1      0.137   0.738    4.038  
      U27                            -              OR2X1        0.000   0.738    4.038  
      U27                            A v -> Y v     OR2X1        0.204   0.943    4.243  
      U59                            -              NOR2X1       0.000   0.943    4.243  
      U59                            B v -> Y ^     NOR2X1       0.158   1.100    4.400  
      U489                           -              BUFX4        0.000   1.100    4.400  
      U489                           A ^ -> Y ^     BUFX4        0.172   1.273    4.573  
      U690                           -              AOI22X1      0.000   1.273    4.573  
      U690                           B0 ^ -> Y v    AOI22X1      0.073   1.346    4.646  
      U694                           -              NAND4X1      0.000   1.346    4.646  
      U694                           A v -> Y ^     NAND4X1      0.054   1.400    4.700  
      U695                           -              AOI21X1      0.000   1.400    4.700  
      U695                           B0 ^ -> Y v    AOI21X1      0.034   1.435    4.734  
      U154                           -              NAND3X1      0.000   1.435    4.734  
      U154                           B v -> Y ^     NAND3X1      0.031   1.465    4.765  
      f32_mux_1_data_reg_3_          -              SDFFRX1      0.000   1.465    4.765  
      ------------------------------------------------------------------------------------
     Clock Rise Edge                      0.000
     = Beginpoint Arrival Time            0.000
     Other End Path:
      ----------------------------------------------------------------------------
      Instance               Arc            Cell         Retime  Arrival  Required  
                                                         Delay   Time     Time  
      ----------------------------------------------------------------------------
      -                      clk ^          -            -       0.000    -3.300  
      clk_gate_mux           -              TLATNTSCAX4  0.000   0.000    -3.300  
      clk_gate_mux           CK ^ -> ECK ^  TLATNTSCAX4  0.000   0.000    -3.300  
      f32_mux_1_data_reg_3_  -              SDFFRX1      0.000   0.000    -3.300  
      ----------------------------------------------------------------------------
Path 13: MET Setup Check with Pin f32_mux_1_data_reg_2_/CK 
Endpoint:   f32_mux_1_data_reg_2_/D (^) checked with  leading edge of 'sclk'
Beginpoint: o_reg_addr_reg_6_/Q     (^) triggered by  leading edge of 'sclk'
Path Groups: {sclk}
Retime Analysis { Data Path-Slew SI }
Other End Arrival Time          0.000
- Setup                         0.235
+ Phase Shift                   5.000
= Required Time                 4.765
- Arrival Time                  1.465
= Slack Time                    3.300
= Slack Time(original)          3.265
     Clock Rise Edge                      0.000
     = Beginpoint Arrival Time            0.000
     Timing Path:
      ------------------------------------------------------------------------------------
      Instance                       Arc            Cell         Retime  Arrival  Required  
                                                                 Delay   Time     Time  
      ------------------------------------------------------------------------------------
      -                              clk ^          -            -       0.000    3.300  
      clk_gate_addr                  -              TLATNTSCAX4  0.000   0.000    3.300  
      clk_gate_addr                  CK ^ -> ECK ^  TLATNTSCAX4  0.000   0.000    3.300  
      o_reg_addr_reg_6_              -              SDFFRX1      0.000   0.000    3.300  
      o_reg_addr_reg_6_              CK ^ -> Q ^    SDFFRX1      0.309   0.309    3.609  
      o_reg_addr_reg_6__scan_iso_or  -              AND2X1       0.000   0.309    3.609  
      o_reg_addr_reg_6__scan_iso_or  A ^ -> Y ^     AND2X1       0.156   0.465    3.764  
      U195                           -              INVX2        0.000   0.465    3.764  
      U195                           A ^ -> Y v     INVX2        0.069   0.534    3.834  
      U62                            -              NOR2X2       0.000   0.534    3.834  
      U62                            B v -> Y ^     NOR2X2       0.068   0.602    3.901  
      U32                            -              NAND3X1      0.000   0.602    3.901  
      U32                            B ^ -> Y v     NAND3X1      0.137   0.738    4.038  
      U27                            -              OR2X1        0.000   0.738    4.038  
      U27                            A v -> Y v     OR2X1        0.204   0.943    4.243  
      U59                            -              NOR2X1       0.000   0.943    4.243  
      U59                            B v -> Y ^     NOR2X1       0.158   1.100    4.400  
      U489                           -              BUFX4        0.000   1.100    4.400  
      U489                           A ^ -> Y ^     BUFX4        0.172   1.273    4.573  
      U702                           -              AOI22X1      0.000   1.273    4.573  
      U702                           B0 ^ -> Y v    AOI22X1      0.073   1.346    4.646  
      U706                           -              NAND4X1      0.000   1.346    4.646  
      U706                           A v -> Y ^     NAND4X1      0.054   1.400    4.700  
      U707                           -              AOI21X1      0.000   1.400    4.700  
      U707                           B0 ^ -> Y v    AOI21X1      0.034   1.435    4.734  
      U156                           -              NAND3X1      0.000   1.435    4.734  
      U156                           B v -> Y ^     NAND3X1      0.031   1.465    4.765  
      f32_mux_1_data_reg_2_          -              SDFFRX1      0.000   1.465    4.765  
      ------------------------------------------------------------------------------------
     Clock Rise Edge                      0.000
     = Beginpoint Arrival Time            0.000
     Other End Path:
      ----------------------------------------------------------------------------
      Instance               Arc            Cell         Retime  Arrival  Required  
                                                         Delay   Time     Time  
      ----------------------------------------------------------------------------
      -                      clk ^          -            -       0.000    -3.300  
      clk_gate_mux           -              TLATNTSCAX4  0.000   0.000    -3.300  
      clk_gate_mux           CK ^ -> ECK ^  TLATNTSCAX4  0.000   0.000    -3.300  
      f32_mux_1_data_reg_2_  -              SDFFRX1      0.000   0.000    -3.300  
      ----------------------------------------------------------------------------
Path 14: MET Setup Check with Pin f32_mux_1_data_reg_21_/CK 
Endpoint:   f32_mux_1_data_reg_21_/D (^) checked with  leading edge of 'sclk'
Beginpoint: o_reg_addr_reg_6_/Q      (^) triggered by  leading edge of 'sclk'
Path Groups: {sclk}
Retime Analysis { Data Path-Slew SI }
Other End Arrival Time          0.000
- Setup                         0.235
+ Phase Shift                   5.000
= Required Time                 4.765
- Arrival Time                  1.465
= Slack Time                    3.300
= Slack Time(original)          3.265
     Clock Rise Edge                      0.000
     = Beginpoint Arrival Time            0.000
     Timing Path:
      ------------------------------------------------------------------------------------
      Instance                       Arc            Cell         Retime  Arrival  Required  
                                                                 Delay   Time     Time  
      ------------------------------------------------------------------------------------
      -                              clk ^          -            -       0.000    3.300  
      clk_gate_addr                  -              TLATNTSCAX4  0.000   0.000    3.300  
      clk_gate_addr                  CK ^ -> ECK ^  TLATNTSCAX4  0.000   0.000    3.300  
      o_reg_addr_reg_6_              -              SDFFRX1      0.000   0.000    3.300  
      o_reg_addr_reg_6_              CK ^ -> Q ^    SDFFRX1      0.309   0.309    3.609  
      o_reg_addr_reg_6__scan_iso_or  -              AND2X1       0.000   0.309    3.609  
      o_reg_addr_reg_6__scan_iso_or  A ^ -> Y ^     AND2X1       0.156   0.464    3.764  
      U195                           -              INVX2        0.000   0.464    3.764  
      U195                           A ^ -> Y v     INVX2        0.069   0.534    3.834  
      U62                            -              NOR2X2       0.000   0.534    3.834  
      U62                            B v -> Y ^     NOR2X2       0.068   0.602    3.901  
      U32                            -              NAND3X1      0.000   0.602    3.901  
      U32                            B ^ -> Y v     NAND3X1      0.137   0.738    4.038  
      U27                            -              OR2X1        0.000   0.738    4.038  
      U27                            A v -> Y v     OR2X1        0.204   0.943    4.243  
      U59                            -              NOR2X1       0.000   0.943    4.243  
      U59                            B v -> Y ^     NOR2X1       0.158   1.100    4.400  
      U489                           -              BUFX4        0.000   1.100    4.400  
      U489                           A ^ -> Y ^     BUFX4        0.172   1.273    4.573  
      U619                           -              AOI22X1      0.000   1.273    4.573  
      U619                           B0 ^ -> Y v    AOI22X1      0.073   1.346    4.646  
      U623                           -              NAND4X1      0.000   1.346    4.646  
      U623                           A v -> Y ^     NAND4X1      0.054   1.400    4.700  
      U624                           -              AOI21X1      0.000   1.400    4.700  
      U624                           B0 ^ -> Y v    AOI21X1      0.034   1.434    4.734  
      U119                           -              NAND3X1      0.000   1.434    4.734  
      U119                           B v -> Y ^     NAND3X1      0.031   1.465    4.765  
      f32_mux_1_data_reg_21_         -              SDFFRX1      0.000   1.465    4.765  
      ------------------------------------------------------------------------------------
     Clock Rise Edge                      0.000
     = Beginpoint Arrival Time            0.000
     Other End Path:
      -----------------------------------------------------------------------------
      Instance                Arc            Cell         Retime  Arrival  Required  
                                                          Delay   Time     Time  
      -----------------------------------------------------------------------------
      -                       clk ^          -            -       0.000    -3.300  
      clk_gate_mux            -              TLATNTSCAX4  0.000   0.000    -3.300  
      clk_gate_mux            CK ^ -> ECK ^  TLATNTSCAX4  0.000   0.000    -3.300  
      f32_mux_1_data_reg_21_  -              SDFFRX1      0.000   0.000    -3.300  
      -----------------------------------------------------------------------------
Path 15: MET Setup Check with Pin f32_mux_1_data_reg_8_/CK 
Endpoint:   f32_mux_1_data_reg_8_/D (^) checked with  leading edge of 'sclk'
Beginpoint: o_reg_addr_reg_6_/Q     (^) triggered by  leading edge of 'sclk'
Path Groups: {sclk}
Retime Analysis { Data Path-Slew SI }
Other End Arrival Time          0.000
- Setup                         0.235
+ Phase Shift                   5.000
= Required Time                 4.765
- Arrival Time                  1.465
= Slack Time                    3.300
= Slack Time(original)          3.265
     Clock Rise Edge                      0.000
     = Beginpoint Arrival Time            0.000
     Timing Path:
      ------------------------------------------------------------------------------------
      Instance                       Arc            Cell         Retime  Arrival  Required  
                                                                 Delay   Time     Time  
      ------------------------------------------------------------------------------------
      -                              clk ^          -            -       0.000    3.300  
      clk_gate_addr                  -              TLATNTSCAX4  0.000   0.000    3.300  
      clk_gate_addr                  CK ^ -> ECK ^  TLATNTSCAX4  0.000   0.000    3.300  
      o_reg_addr_reg_6_              -              SDFFRX1      0.000   0.000    3.300  
      o_reg_addr_reg_6_              CK ^ -> Q ^    SDFFRX1      0.309   0.309    3.609  
      o_reg_addr_reg_6__scan_iso_or  -              AND2X1       0.000   0.309    3.609  
      o_reg_addr_reg_6__scan_iso_or  A ^ -> Y ^     AND2X1       0.156   0.464    3.764  
      U195                           -              INVX2        0.000   0.464    3.764  
      U195                           A ^ -> Y v     INVX2        0.069   0.534    3.834  
      U62                            -              NOR2X2       0.000   0.534    3.834  
      U62                            B v -> Y ^     NOR2X2       0.068   0.602    3.901  
      U32                            -              NAND3X1      0.000   0.602    3.901  
      U32                            B ^ -> Y v     NAND3X1      0.137   0.738    4.038  
      U27                            -              OR2X1        0.000   0.738    4.038  
      U27                            A v -> Y v     OR2X1        0.204   0.943    4.243  
      U59                            -              NOR2X1       0.000   0.943    4.243  
      U59                            B v -> Y ^     NOR2X1       0.158   1.100    4.400  
      U489                           -              BUFX4        0.000   1.100    4.400  
      U489                           A ^ -> Y ^     BUFX4        0.172   1.273    4.573  
      U541                           -              AOI22X1      0.000   1.273    4.573  
      U541                           B0 ^ -> Y v    AOI22X1      0.073   1.346    4.646  
      U545                           -              NAND4X1      0.000   1.346    4.646  
      U545                           A v -> Y ^     NAND4X1      0.054   1.400    4.700  
      U546                           -              AOI21X1      0.000   1.400    4.700  
      U546                           B0 ^ -> Y v    AOI21X1      0.034   1.434    4.734  
      U145                           -              NAND3X1      0.000   1.434    4.734  
      U145                           B v -> Y ^     NAND3X1      0.031   1.465    4.765  
      f32_mux_1_data_reg_8_          -              SDFFRX1      0.000   1.465    4.765  
      ------------------------------------------------------------------------------------
     Clock Rise Edge                      0.000
     = Beginpoint Arrival Time            0.000
     Other End Path:
      ----------------------------------------------------------------------------
      Instance               Arc            Cell         Retime  Arrival  Required  
                                                         Delay   Time     Time  
      ----------------------------------------------------------------------------
      -                      clk ^          -            -       0.000    -3.300  
      clk_gate_mux           -              TLATNTSCAX4  0.000   0.000    -3.300  
      clk_gate_mux           CK ^ -> ECK ^  TLATNTSCAX4  0.000   0.000    -3.300  
      f32_mux_1_data_reg_8_  -              SDFFRX1      0.000   0.000    -3.300  
      ----------------------------------------------------------------------------
Path 16: MET Setup Check with Pin f32_mux_1_data_reg_7_/CK 
Endpoint:   f32_mux_1_data_reg_7_/D (^) checked with  leading edge of 'sclk'
Beginpoint: o_reg_addr_reg_6_/Q     (^) triggered by  leading edge of 'sclk'
Path Groups: {sclk}
Retime Analysis { Data Path-Slew SI }
Other End Arrival Time          0.000
- Setup                         0.235
+ Phase Shift                   5.000
= Required Time                 4.765
- Arrival Time                  1.465
= Slack Time                    3.300
= Slack Time(original)          3.265
     Clock Rise Edge                      0.000
     = Beginpoint Arrival Time            0.000
     Timing Path:
      ------------------------------------------------------------------------------------
      Instance                       Arc            Cell         Retime  Arrival  Required  
                                                                 Delay   Time     Time  
      ------------------------------------------------------------------------------------
      -                              clk ^          -            -       0.000    3.300  
      clk_gate_addr                  -              TLATNTSCAX4  0.000   0.000    3.300  
      clk_gate_addr                  CK ^ -> ECK ^  TLATNTSCAX4  0.000   0.000    3.300  
      o_reg_addr_reg_6_              -              SDFFRX1      0.000   0.000    3.300  
      o_reg_addr_reg_6_              CK ^ -> Q ^    SDFFRX1      0.309   0.309    3.609  
      o_reg_addr_reg_6__scan_iso_or  -              AND2X1       0.000   0.309    3.609  
      o_reg_addr_reg_6__scan_iso_or  A ^ -> Y ^     AND2X1       0.156   0.464    3.764  
      U195                           -              INVX2        0.000   0.464    3.764  
      U195                           A ^ -> Y v     INVX2        0.069   0.534    3.834  
      U62                            -              NOR2X2       0.000   0.534    3.834  
      U62                            B v -> Y ^     NOR2X2       0.068   0.602    3.901  
      U32                            -              NAND3X1      0.000   0.602    3.901  
      U32                            B ^ -> Y v     NAND3X1      0.137   0.738    4.038  
      U27                            -              OR2X1        0.000   0.738    4.038  
      U27                            A v -> Y v     OR2X1        0.204   0.943    4.243  
      U59                            -              NOR2X1       0.000   0.943    4.243  
      U59                            B v -> Y ^     NOR2X1       0.158   1.100    4.400  
      U489                           -              BUFX4        0.000   1.100    4.400  
      U489                           A ^ -> Y ^     BUFX4        0.172   1.273    4.573  
      U513                           -              AOI22X1      0.000   1.273    4.573  
      U513                           B0 ^ -> Y v    AOI22X1      0.073   1.346    4.646  
      U517                           -              NAND4X1      0.000   1.346    4.646  
      U517                           A v -> Y ^     NAND4X1      0.054   1.400    4.700  
      U518                           -              AOI21X1      0.000   1.400    4.700  
      U518                           B0 ^ -> Y v    AOI21X1      0.034   1.434    4.734  
      U147                           -              NAND3X1      0.000   1.434    4.734  
      U147                           B v -> Y ^     NAND3X1      0.031   1.465    4.765  
      f32_mux_1_data_reg_7_          -              SDFFRX1      0.000   1.465    4.765  
      ------------------------------------------------------------------------------------
     Clock Rise Edge                      0.000
     = Beginpoint Arrival Time            0.000
     Other End Path:
      ----------------------------------------------------------------------------
      Instance               Arc            Cell         Retime  Arrival  Required  
                                                         Delay   Time     Time  
      ----------------------------------------------------------------------------
      -                      clk ^          -            -       0.000    -3.300  
      clk_gate_mux           -              TLATNTSCAX4  0.000   0.000    -3.300  
      clk_gate_mux           CK ^ -> ECK ^  TLATNTSCAX4  0.000   0.000    -3.300  
      f32_mux_1_data_reg_7_  -              SDFFRX1      0.000   0.000    -3.300  
      ----------------------------------------------------------------------------
Path 17: MET Setup Check with Pin f32_mux_1_data_reg_22_/CK 
Endpoint:   f32_mux_1_data_reg_22_/D (^) checked with  leading edge of 'sclk'
Beginpoint: o_reg_addr_reg_6_/Q      (^) triggered by  leading edge of 'sclk'
Path Groups: {sclk}
Retime Analysis { Data Path-Slew SI }
Other End Arrival Time          0.000
- Setup                         0.235
+ Phase Shift                   5.000
= Required Time                 4.765
- Arrival Time                  1.465
= Slack Time                    3.300
= Slack Time(original)          3.265
     Clock Rise Edge                      0.000
     = Beginpoint Arrival Time            0.000
     Timing Path:
      ------------------------------------------------------------------------------------
      Instance                       Arc            Cell         Retime  Arrival  Required  
                                                                 Delay   Time     Time  
      ------------------------------------------------------------------------------------
      -                              clk ^          -            -       0.000    3.300  
      clk_gate_addr                  -              TLATNTSCAX4  0.000   0.000    3.300  
      clk_gate_addr                  CK ^ -> ECK ^  TLATNTSCAX4  0.000   0.000    3.300  
      o_reg_addr_reg_6_              -              SDFFRX1      0.000   0.000    3.300  
      o_reg_addr_reg_6_              CK ^ -> Q ^    SDFFRX1      0.309   0.309    3.609  
      o_reg_addr_reg_6__scan_iso_or  -              AND2X1       0.000   0.309    3.609  
      o_reg_addr_reg_6__scan_iso_or  A ^ -> Y ^     AND2X1       0.156   0.464    3.764  
      U195                           -              INVX2        0.000   0.464    3.764  
      U195                           A ^ -> Y v     INVX2        0.069   0.534    3.834  
      U62                            -              NOR2X2       0.000   0.534    3.834  
      U62                            B v -> Y ^     NOR2X2       0.068   0.602    3.901  
      U32                            -              NAND3X1      0.000   0.602    3.901  
      U32                            B ^ -> Y v     NAND3X1      0.137   0.738    4.038  
      U27                            -              OR2X1        0.000   0.738    4.038  
      U27                            A v -> Y v     OR2X1        0.204   0.943    4.242  
      U59                            -              NOR2X1       0.000   0.943    4.242  
      U59                            B v -> Y ^     NOR2X1       0.158   1.100    4.400  
      U489                           -              BUFX4        0.000   1.100    4.400  
      U489                           A ^ -> Y ^     BUFX4        0.172   1.273    4.572  
      U490                           -              AOI22X1      0.000   1.273    4.572  
      U490                           B0 ^ -> Y v    AOI22X1      0.073   1.346    4.646  
      U494                           -              NAND4X1      0.000   1.346    4.646  
      U494                           A v -> Y ^     NAND4X1      0.054   1.400    4.700  
      U495                           -              AOI21X1      0.000   1.400    4.700  
      U495                           B0 ^ -> Y v    AOI21X1      0.034   1.434    4.734  
      U117                           -              NAND3X1      0.000   1.434    4.734  
      U117                           B v -> Y ^     NAND3X1      0.031   1.465    4.765  
      f32_mux_1_data_reg_22_         -              SDFFRX1      0.000   1.465    4.765  
      ------------------------------------------------------------------------------------
     Clock Rise Edge                      0.000
     = Beginpoint Arrival Time            0.000
     Other End Path:
      -----------------------------------------------------------------------------
      Instance                Arc            Cell         Retime  Arrival  Required  
                                                          Delay   Time     Time  
      -----------------------------------------------------------------------------
      -                       clk ^          -            -       0.000    -3.300  
      clk_gate_mux            -              TLATNTSCAX4  0.000   0.000    -3.300  
      clk_gate_mux            CK ^ -> ECK ^  TLATNTSCAX4  0.000   0.000    -3.300  
      f32_mux_1_data_reg_22_  -              SDFFRX1      0.000   0.000    -3.300  
      -----------------------------------------------------------------------------
Path 18: MET Setup Check with Pin f32_mux_1_data_reg_19_/CK 
Endpoint:   f32_mux_1_data_reg_19_/D (^) checked with  leading edge of 'sclk'
Beginpoint: o_reg_addr_reg_6_/Q      (^) triggered by  leading edge of 'sclk'
Path Groups: {sclk}
Retime Analysis { Data Path-Slew SI }
Other End Arrival Time          0.000
- Setup                         0.235
+ Phase Shift                   5.000
= Required Time                 4.765
- Arrival Time                  1.465
= Slack Time                    3.300
= Slack Time(original)          3.265
     Clock Rise Edge                      0.000
     = Beginpoint Arrival Time            0.000
     Timing Path:
      ------------------------------------------------------------------------------------
      Instance                       Arc            Cell         Retime  Arrival  Required  
                                                                 Delay   Time     Time  
      ------------------------------------------------------------------------------------
      -                              clk ^          -            -       0.000    3.300  
      clk_gate_addr                  -              TLATNTSCAX4  0.000   0.000    3.300  
      clk_gate_addr                  CK ^ -> ECK ^  TLATNTSCAX4  0.000   0.000    3.300  
      o_reg_addr_reg_6_              -              SDFFRX1      0.000   0.000    3.300  
      o_reg_addr_reg_6_              CK ^ -> Q ^    SDFFRX1      0.309   0.309    3.609  
      o_reg_addr_reg_6__scan_iso_or  -              AND2X1       0.000   0.309    3.609  
      o_reg_addr_reg_6__scan_iso_or  A ^ -> Y ^     AND2X1       0.156   0.464    3.764  
      U195                           -              INVX2        0.000   0.464    3.764  
      U195                           A ^ -> Y v     INVX2        0.069   0.534    3.834  
      U62                            -              NOR2X2       0.000   0.534    3.834  
      U62                            B v -> Y ^     NOR2X2       0.068   0.602    3.901  
      U32                            -              NAND3X1      0.000   0.602    3.901  
      U32                            B ^ -> Y v     NAND3X1      0.137   0.738    4.038  
      U27                            -              OR2X1        0.000   0.738    4.038  
      U27                            A v -> Y v     OR2X1        0.204   0.943    4.242  
      U59                            -              NOR2X1       0.000   0.943    4.242  
      U59                            B v -> Y ^     NOR2X1       0.158   1.100    4.400  
      U489                           -              BUFX4        0.000   1.100    4.400  
      U489                           A ^ -> Y ^     BUFX4        0.172   1.273    4.572  
      U584                           -              AOI22X1      0.000   1.273    4.572  
      U584                           B0 ^ -> Y v    AOI22X1      0.073   1.346    4.646  
      U588                           -              NAND4X1      0.000   1.346    4.646  
      U588                           A v -> Y ^     NAND4X1      0.054   1.400    4.700  
      U589                           -              AOI21X1      0.000   1.400    4.700  
      U589                           B0 ^ -> Y v    AOI21X1      0.034   1.434    4.734  
      U123                           -              NAND3X1      0.000   1.434    4.734  
      U123                           B v -> Y ^     NAND3X1      0.031   1.465    4.765  
      f32_mux_1_data_reg_19_         -              SDFFRX1      0.000   1.465    4.765  
      ------------------------------------------------------------------------------------
     Clock Rise Edge                      0.000
     = Beginpoint Arrival Time            0.000
     Other End Path:
      -----------------------------------------------------------------------------
      Instance                Arc            Cell         Retime  Arrival  Required  
                                                          Delay   Time     Time  
      -----------------------------------------------------------------------------
      -                       clk ^          -            -       0.000    -3.300  
      clk_gate_mux            -              TLATNTSCAX4  0.000   0.000    -3.300  
      clk_gate_mux            CK ^ -> ECK ^  TLATNTSCAX4  0.000   0.000    -3.300  
      f32_mux_1_data_reg_19_  -              SDFFRX1      0.000   0.000    -3.300  
      -----------------------------------------------------------------------------
Path 19: MET Setup Check with Pin f32_mux_1_data_reg_6_/CK 
Endpoint:   f32_mux_1_data_reg_6_/D (^) checked with  leading edge of 'sclk'
Beginpoint: o_reg_addr_reg_6_/Q     (^) triggered by  leading edge of 'sclk'
Path Groups: {sclk}
Retime Analysis { Data Path-Slew SI }
Other End Arrival Time          0.000
- Setup                         0.235
+ Phase Shift                   5.000
= Required Time                 4.765
- Arrival Time                  1.465
= Slack Time                    3.300
= Slack Time(original)          3.265
     Clock Rise Edge                      0.000
     = Beginpoint Arrival Time            0.000
     Timing Path:
      ------------------------------------------------------------------------------------
      Instance                       Arc            Cell         Retime  Arrival  Required  
                                                                 Delay   Time     Time  
      ------------------------------------------------------------------------------------
      -                              clk ^          -            -       0.000    3.300  
      clk_gate_addr                  -              TLATNTSCAX4  0.000   0.000    3.300  
      clk_gate_addr                  CK ^ -> ECK ^  TLATNTSCAX4  0.000   0.000    3.300  
      o_reg_addr_reg_6_              -              SDFFRX1      0.000   0.000    3.300  
      o_reg_addr_reg_6_              CK ^ -> Q ^    SDFFRX1      0.309   0.309    3.609  
      o_reg_addr_reg_6__scan_iso_or  -              AND2X1       0.000   0.309    3.609  
      o_reg_addr_reg_6__scan_iso_or  A ^ -> Y ^     AND2X1       0.156   0.464    3.764  
      U195                           -              INVX2        0.000   0.464    3.764  
      U195                           A ^ -> Y v     INVX2        0.069   0.534    3.834  
      U62                            -              NOR2X2       0.000   0.534    3.834  
      U62                            B v -> Y ^     NOR2X2       0.068   0.602    3.901  
      U32                            -              NAND3X1      0.000   0.602    3.901  
      U32                            B ^ -> Y v     NAND3X1      0.137   0.738    4.038  
      U27                            -              OR2X1        0.000   0.738    4.038  
      U27                            A v -> Y v     OR2X1        0.204   0.943    4.242  
      U59                            -              NOR2X1       0.000   0.943    4.242  
      U59                            B v -> Y ^     NOR2X1       0.158   1.100    4.400  
      U489                           -              BUFX4        0.000   1.100    4.400  
      U489                           A ^ -> Y ^     BUFX4        0.172   1.273    4.572  
      U501                           -              AOI22X1      0.000   1.273    4.572  
      U501                           B0 ^ -> Y v    AOI22X1      0.073   1.346    4.646  
      U505                           -              NAND4X1      0.000   1.346    4.646  
      U505                           A v -> Y ^     NAND4X1      0.054   1.400    4.700  
      U506                           -              AOI21X1      0.000   1.400    4.700  
      U506                           B0 ^ -> Y v    AOI21X1      0.034   1.434    4.734  
      U149                           -              NAND3X1      0.000   1.434    4.734  
      U149                           B v -> Y ^     NAND3X1      0.031   1.465    4.765  
      f32_mux_1_data_reg_6_          -              SDFFRX1      0.000   1.465    4.765  
      ------------------------------------------------------------------------------------
     Clock Rise Edge                      0.000
     = Beginpoint Arrival Time            0.000
     Other End Path:
      ----------------------------------------------------------------------------
      Instance               Arc            Cell         Retime  Arrival  Required  
                                                         Delay   Time     Time  
      ----------------------------------------------------------------------------
      -                      clk ^          -            -       0.000    -3.300  
      clk_gate_mux           -              TLATNTSCAX4  0.000   0.000    -3.300  
      clk_gate_mux           CK ^ -> ECK ^  TLATNTSCAX4  0.000   0.000    -3.300  
      f32_mux_1_data_reg_6_  -              SDFFRX1      0.000   0.000    -3.300  
      ----------------------------------------------------------------------------
Path 20: MET Setup Check with Pin f32_mux_1_data_reg_4_/CK 
Endpoint:   f32_mux_1_data_reg_4_/D (^) checked with  leading edge of 'sclk'
Beginpoint: o_reg_addr_reg_6_/Q     (^) triggered by  leading edge of 'sclk'
Path Groups: {sclk}
Retime Analysis { Data Path-Slew SI }
Other End Arrival Time          0.000
- Setup                         0.235
+ Phase Shift                   5.000
= Required Time                 4.765
- Arrival Time                  1.465
= Slack Time                    3.300
= Slack Time(original)          3.265
     Clock Rise Edge                      0.000
     = Beginpoint Arrival Time            0.000
     Timing Path:
      ------------------------------------------------------------------------------------
      Instance                       Arc            Cell         Retime  Arrival  Required  
                                                                 Delay   Time     Time  
      ------------------------------------------------------------------------------------
      -                              clk ^          -            -       0.000    3.300  
      clk_gate_addr                  -              TLATNTSCAX4  0.000   0.000    3.300  
      clk_gate_addr                  CK ^ -> ECK ^  TLATNTSCAX4  0.000   0.000    3.300  
      o_reg_addr_reg_6_              -              SDFFRX1      0.000   0.000    3.300  
      o_reg_addr_reg_6_              CK ^ -> Q ^    SDFFRX1      0.309   0.309    3.609  
      o_reg_addr_reg_6__scan_iso_or  -              AND2X1       0.000   0.309    3.609  
      o_reg_addr_reg_6__scan_iso_or  A ^ -> Y ^     AND2X1       0.156   0.464    3.764  
      U195                           -              INVX2        0.000   0.464    3.764  
      U195                           A ^ -> Y v     INVX2        0.069   0.534    3.834  
      U62                            -              NOR2X2       0.000   0.534    3.834  
      U62                            B v -> Y ^     NOR2X2       0.068   0.602    3.901  
      U32                            -              NAND3X1      0.000   0.602    3.901  
      U32                            B ^ -> Y v     NAND3X1      0.137   0.738    4.038  
      U27                            -              OR2X1        0.000   0.738    4.038  
      U27                            A v -> Y v     OR2X1        0.204   0.943    4.242  
      U59                            -              NOR2X1       0.000   0.943    4.242  
      U59                            B v -> Y ^     NOR2X1       0.158   1.100    4.400  
      U489                           -              BUFX4        0.000   1.100    4.400  
      U489                           A ^ -> Y ^     BUFX4        0.172   1.273    4.572  
      U714                           -              AOI22X1      0.000   1.273    4.572  
      U714                           B0 ^ -> Y v    AOI22X1      0.073   1.346    4.646  
      U717                           -              NAND4X1      0.000   1.346    4.646  
      U717                           A v -> Y ^     NAND4X1      0.054   1.400    4.700  
      U718                           -              AOI21X1      0.000   1.400    4.700  
      U718                           B0 ^ -> Y v    AOI21X1      0.034   1.434    4.734  
      U152                           -              NAND3X1      0.000   1.434    4.734  
      U152                           B v -> Y ^     NAND3X1      0.031   1.465    4.765  
      f32_mux_1_data_reg_4_          -              SDFFRX1      0.000   1.465    4.765  
      ------------------------------------------------------------------------------------
     Clock Rise Edge                      0.000
     = Beginpoint Arrival Time            0.000
     Other End Path:
      ----------------------------------------------------------------------------
      Instance               Arc            Cell         Retime  Arrival  Required  
                                                         Delay   Time     Time  
      ----------------------------------------------------------------------------
      -                      clk ^          -            -       0.000    -3.300  
      clk_gate_mux           -              TLATNTSCAX4  0.000   0.000    -3.300  
      clk_gate_mux           CK ^ -> ECK ^  TLATNTSCAX4  0.000   0.000    -3.300  
      f32_mux_1_data_reg_4_  -              SDFFRX1      0.000   0.000    -3.300  
      ----------------------------------------------------------------------------
Path 21: MET Setup Check with Pin f32_mux_1_data_reg_1_/CK 
Endpoint:   f32_mux_1_data_reg_1_/D (^) checked with  leading edge of 'sclk'
Beginpoint: o_reg_addr_reg_6_/Q     (^) triggered by  leading edge of 'sclk'
Path Groups: {sclk}
Retime Analysis { Data Path-Slew SI }
Other End Arrival Time          0.000
- Setup                         0.235
+ Phase Shift                   5.000
= Required Time                 4.765
- Arrival Time                  1.465
= Slack Time                    3.300
= Slack Time(original)          3.265
     Clock Rise Edge                      0.000
     = Beginpoint Arrival Time            0.000
     Timing Path:
      ------------------------------------------------------------------------------------
      Instance                       Arc            Cell         Retime  Arrival  Required  
                                                                 Delay   Time     Time  
      ------------------------------------------------------------------------------------
      -                              clk ^          -            -       0.000    3.300  
      clk_gate_addr                  -              TLATNTSCAX4  0.000   0.000    3.300  
      clk_gate_addr                  CK ^ -> ECK ^  TLATNTSCAX4  0.000   0.000    3.300  
      o_reg_addr_reg_6_              -              SDFFRX1      0.000   0.000    3.300  
      o_reg_addr_reg_6_              CK ^ -> Q ^    SDFFRX1      0.309   0.309    3.609  
      o_reg_addr_reg_6__scan_iso_or  -              AND2X1       0.000   0.309    3.609  
      o_reg_addr_reg_6__scan_iso_or  A ^ -> Y ^     AND2X1       0.156   0.464    3.764  
      U195                           -              INVX2        0.000   0.464    3.764  
      U195                           A ^ -> Y v     INVX2        0.069   0.534    3.834  
      U62                            -              NOR2X2       0.000   0.534    3.834  
      U62                            B v -> Y ^     NOR2X2       0.068   0.602    3.901  
      U32                            -              NAND3X1      0.000   0.602    3.901  
      U32                            B ^ -> Y v     NAND3X1      0.137   0.738    4.038  
      U27                            -              OR2X1        0.000   0.738    4.038  
      U27                            A v -> Y v     OR2X1        0.204   0.943    4.242  
      U59                            -              NOR2X1       0.000   0.943    4.242  
      U59                            B v -> Y ^     NOR2X1       0.158   1.100    4.400  
      U489                           -              BUFX4        0.000   1.100    4.400  
      U489                           A ^ -> Y ^     BUFX4        0.172   1.273    4.572  
      U525                           -              AOI22X1      0.000   1.273    4.572  
      U525                           B0 ^ -> Y v    AOI22X1      0.073   1.346    4.646  
      U529                           -              NAND4X1      0.000   1.346    4.646  
      U529                           A v -> Y ^     NAND4X1      0.054   1.400    4.700  
      U530                           -              AOI21X1      0.000   1.400    4.700  
      U530                           B0 ^ -> Y v    AOI21X1      0.034   1.434    4.734  
      U158                           -              NAND3X1      0.000   1.434    4.734  
      U158                           B v -> Y ^     NAND3X1      0.031   1.465    4.765  
      f32_mux_1_data_reg_1_          -              SDFFRX1      0.000   1.465    4.765  
      ------------------------------------------------------------------------------------
     Clock Rise Edge                      0.000
     = Beginpoint Arrival Time            0.000
     Other End Path:
      ----------------------------------------------------------------------------
      Instance               Arc            Cell         Retime  Arrival  Required  
                                                         Delay   Time     Time  
      ----------------------------------------------------------------------------
      -                      clk ^          -            -       0.000    -3.300  
      clk_gate_mux           -              TLATNTSCAX4  0.000   0.000    -3.300  
      clk_gate_mux           CK ^ -> ECK ^  TLATNTSCAX4  0.000   0.000    -3.300  
      f32_mux_1_data_reg_1_  -              SDFFRX1      0.000   0.000    -3.300  
      ----------------------------------------------------------------------------
Path 22: MET Setup Check with Pin f32_mux_1_data_reg_31_/CK 
Endpoint:   f32_mux_1_data_reg_31_/D (^) checked with  leading edge of 'sclk'
Beginpoint: o_reg_addr_reg_6_/Q      (^) triggered by  leading edge of 'sclk'
Path Groups: {sclk}
Retime Analysis { Data Path-Slew SI }
Other End Arrival Time          0.000
- Setup                         0.234
+ Phase Shift                   5.000
= Required Time                 4.766
- Arrival Time                  1.471
= Slack Time                    3.295
= Slack Time(original)          3.271
     Clock Rise Edge                      0.000
     = Beginpoint Arrival Time            0.000
     Timing Path:
      ------------------------------------------------------------------------------------
      Instance                       Arc            Cell         Retime  Arrival  Required  
                                                                 Delay   Time     Time  
      ------------------------------------------------------------------------------------
      -                              clk ^          -            -       0.000    3.295  
      clk_gate_addr                  -              TLATNTSCAX4  0.000   0.000    3.295  
      clk_gate_addr                  CK ^ -> ECK ^  TLATNTSCAX4  0.000   0.000    3.295  
      o_reg_addr_reg_6_              -              SDFFRX1      0.000   0.000    3.295  
      o_reg_addr_reg_6_              CK ^ -> Q ^    SDFFRX1      0.309   0.309    3.603  
      o_reg_addr_reg_6__scan_iso_or  -              AND2X1       0.000   0.309    3.603  
      o_reg_addr_reg_6__scan_iso_or  A ^ -> Y ^     AND2X1       0.156   0.464    3.759  
      U195                           -              INVX2        0.000   0.464    3.759  
      U195                           A ^ -> Y v     INVX2        0.069   0.534    3.828  
      U62                            -              NOR2X2       0.000   0.534    3.828  
      U62                            B v -> Y ^     NOR2X2       0.068   0.602    3.896  
      U456                           -              NAND3X2      0.000   0.602    3.896  
      U456                           B ^ -> Y v     NAND3X2      0.194   0.796    4.090  
      U8                             -              NOR3X2       0.000   0.796    4.090  
      U8                             A v -> Y ^     NOR3X2       0.235   1.030    4.325  
      U24                            -              BUFX4        0.000   1.030    4.325  
      U24                            A ^ -> Y ^     BUFX4        0.185   1.215    4.510  
      U54                            -              AO22X1       0.000   1.215    4.510  
      U54                            A0 ^ -> Y ^    AO22X1       0.181   1.396    4.691  
      U579                           -              AOI211X1     0.000   1.396    4.691  
      U579                           B0 ^ -> Y v    AOI211X1     0.042   1.439    4.733  
      U107                           -              NAND3X1      0.000   1.439    4.733  
      U107                           C v -> Y ^     NAND3X1      0.032   1.471    4.766  
      f32_mux_1_data_reg_31_         -              SDFFRX1      0.000   1.471    4.766  
      ------------------------------------------------------------------------------------
     Clock Rise Edge                      0.000
     = Beginpoint Arrival Time            0.000
     Other End Path:
      -----------------------------------------------------------------------------
      Instance                Arc            Cell         Retime  Arrival  Required  
                                                          Delay   Time     Time  
      -----------------------------------------------------------------------------
      -                       clk ^          -            -       0.000    -3.295  
      clk_gate_mux            -              TLATNTSCAX4  0.000   0.000    -3.295  
      clk_gate_mux            CK ^ -> ECK ^  TLATNTSCAX4  0.000   0.000    -3.295  
      f32_mux_1_data_reg_31_  -              SDFFRX1      0.000   0.000    -3.295  
      -----------------------------------------------------------------------------
Path 23: MET Setup Check with Pin f32_mux_1_data_reg_26_/CK 
Endpoint:   f32_mux_1_data_reg_26_/D (^) checked with  leading edge of 'sclk'
Beginpoint: o_reg_addr_reg_6_/Q      (^) triggered by  leading edge of 'sclk'
Path Groups: {sclk}
Retime Analysis { Data Path-Slew SI }
Other End Arrival Time          0.000
- Setup                         0.234
+ Phase Shift                   5.000
= Required Time                 4.766
- Arrival Time                  1.471
= Slack Time                    3.295
= Slack Time(original)          3.271
     Clock Rise Edge                      0.000
     = Beginpoint Arrival Time            0.000
     Timing Path:
      ------------------------------------------------------------------------------------
      Instance                       Arc            Cell         Retime  Arrival  Required  
                                                                 Delay   Time     Time  
      ------------------------------------------------------------------------------------
      -                              clk ^          -            -       0.000    3.295  
      clk_gate_addr                  -              TLATNTSCAX4  0.000   0.000    3.295  
      clk_gate_addr                  CK ^ -> ECK ^  TLATNTSCAX4  0.000   0.000    3.295  
      o_reg_addr_reg_6_              -              SDFFRX1      0.000   0.000    3.295  
      o_reg_addr_reg_6_              CK ^ -> Q ^    SDFFRX1      0.309   0.309    3.603  
      o_reg_addr_reg_6__scan_iso_or  -              AND2X1       0.000   0.309    3.603  
      o_reg_addr_reg_6__scan_iso_or  A ^ -> Y ^     AND2X1       0.156   0.464    3.759  
      U195                           -              INVX2        0.000   0.464    3.759  
      U195                           A ^ -> Y v     INVX2        0.069   0.534    3.828  
      U62                            -              NOR2X2       0.000   0.534    3.828  
      U62                            B v -> Y ^     NOR2X2       0.068   0.602    3.896  
      U456                           -              NAND3X2      0.000   0.602    3.896  
      U456                           B ^ -> Y v     NAND3X2      0.194   0.796    4.090  
      U8                             -              NOR3X2       0.000   0.796    4.090  
      U8                             A v -> Y ^     NOR3X2       0.235   1.030    4.325  
      U24                            -              BUFX4        0.000   1.030    4.325  
      U24                            A ^ -> Y ^     BUFX4        0.185   1.215    4.510  
      U56                            -              AO22X1       0.000   1.215    4.510  
      U56                            A0 ^ -> Y ^    AO22X1       0.181   1.396    4.691  
      U567                           -              AOI211X1     0.000   1.396    4.691  
      U567                           B0 ^ -> Y v    AOI211X1     0.042   1.439    4.733  
      U112                           -              NAND3X1      0.000   1.439    4.733  
      U112                           C v -> Y ^     NAND3X1      0.032   1.471    4.766  
      f32_mux_1_data_reg_26_         -              SDFFRX1      0.000   1.471    4.766  
      ------------------------------------------------------------------------------------
     Clock Rise Edge                      0.000
     = Beginpoint Arrival Time            0.000
     Other End Path:
      -----------------------------------------------------------------------------
      Instance                Arc            Cell         Retime  Arrival  Required  
                                                          Delay   Time     Time  
      -----------------------------------------------------------------------------
      -                       clk ^          -            -       0.000    -3.295  
      clk_gate_mux            -              TLATNTSCAX4  0.000   0.000    -3.295  
      clk_gate_mux            CK ^ -> ECK ^  TLATNTSCAX4  0.000   0.000    -3.295  
      f32_mux_1_data_reg_26_  -              SDFFRX1      0.000   0.000    -3.295  
      -----------------------------------------------------------------------------
Path 24: MET Setup Check with Pin f32_mux_1_data_reg_25_/CK 
Endpoint:   f32_mux_1_data_reg_25_/D (^) checked with  leading edge of 'sclk'
Beginpoint: o_reg_addr_reg_6_/Q      (^) triggered by  leading edge of 'sclk'
Path Groups: {sclk}
Retime Analysis { Data Path-Slew SI }
Other End Arrival Time          0.000
- Setup                         0.234
+ Phase Shift                   5.000
= Required Time                 4.766
- Arrival Time                  1.471
= Slack Time                    3.295
= Slack Time(original)          3.271
     Clock Rise Edge                      0.000
     = Beginpoint Arrival Time            0.000
     Timing Path:
      ------------------------------------------------------------------------------------
      Instance                       Arc            Cell         Retime  Arrival  Required  
                                                                 Delay   Time     Time  
      ------------------------------------------------------------------------------------
      -                              clk ^          -            -       0.000    3.295  
      clk_gate_addr                  -              TLATNTSCAX4  0.000   0.000    3.295  
      clk_gate_addr                  CK ^ -> ECK ^  TLATNTSCAX4  0.000   0.000    3.295  
      o_reg_addr_reg_6_              -              SDFFRX1      0.000   0.000    3.295  
      o_reg_addr_reg_6_              CK ^ -> Q ^    SDFFRX1      0.309   0.309    3.603  
      o_reg_addr_reg_6__scan_iso_or  -              AND2X1       0.000   0.309    3.603  
      o_reg_addr_reg_6__scan_iso_or  A ^ -> Y ^     AND2X1       0.156   0.464    3.759  
      U195                           -              INVX2        0.000   0.464    3.759  
      U195                           A ^ -> Y v     INVX2        0.069   0.534    3.828  
      U62                            -              NOR2X2       0.000   0.534    3.828  
      U62                            B v -> Y ^     NOR2X2       0.068   0.602    3.896  
      U456                           -              NAND3X2      0.000   0.602    3.896  
      U456                           B ^ -> Y v     NAND3X2      0.194   0.796    4.090  
      U8                             -              NOR3X2       0.000   0.796    4.090  
      U8                             A v -> Y ^     NOR3X2       0.235   1.030    4.325  
      U24                            -              BUFX4        0.000   1.030    4.325  
      U24                            A ^ -> Y ^     BUFX4        0.185   1.215    4.510  
      U57                            -              AO22X1       0.000   1.215    4.510  
      U57                            A0 ^ -> Y ^    AO22X1       0.181   1.396    4.691  
      U562                           -              AOI211X1     0.000   1.396    4.691  
      U562                           B0 ^ -> Y v    AOI211X1     0.042   1.439    4.733  
      U113                           -              NAND3X1      0.000   1.439    4.733  
      U113                           C v -> Y ^     NAND3X1      0.032   1.471    4.766  
      f32_mux_1_data_reg_25_         -              SDFFRX1      0.000   1.471    4.766  
      ------------------------------------------------------------------------------------
     Clock Rise Edge                      0.000
     = Beginpoint Arrival Time            0.000
     Other End Path:
      -----------------------------------------------------------------------------
      Instance                Arc            Cell         Retime  Arrival  Required  
                                                          Delay   Time     Time  
      -----------------------------------------------------------------------------
      -                       clk ^          -            -       0.000    -3.295  
      clk_gate_mux            -              TLATNTSCAX4  0.000   0.000    -3.295  
      clk_gate_mux            CK ^ -> ECK ^  TLATNTSCAX4  0.000   0.000    -3.295  
      f32_mux_1_data_reg_25_  -              SDFFRX1      0.000   0.000    -3.295  
      -----------------------------------------------------------------------------
Path 25: MET Setup Check with Pin f32_mux_1_data_reg_24_/CK 
Endpoint:   f32_mux_1_data_reg_24_/D (^) checked with  leading edge of 'sclk'
Beginpoint: o_reg_addr_reg_6_/Q      (^) triggered by  leading edge of 'sclk'
Path Groups: {sclk}
Retime Analysis { Data Path-Slew SI }
Other End Arrival Time          0.000
- Setup                         0.234
+ Phase Shift                   5.000
= Required Time                 4.766
- Arrival Time                  1.471
= Slack Time                    3.295
= Slack Time(original)          3.271
     Clock Rise Edge                      0.000
     = Beginpoint Arrival Time            0.000
     Timing Path:
      ------------------------------------------------------------------------------------
      Instance                       Arc            Cell         Retime  Arrival  Required  
                                                                 Delay   Time     Time  
      ------------------------------------------------------------------------------------
      -                              clk ^          -            -       0.000    3.295  
      clk_gate_addr                  -              TLATNTSCAX4  0.000   0.000    3.295  
      clk_gate_addr                  CK ^ -> ECK ^  TLATNTSCAX4  0.000   0.000    3.295  
      o_reg_addr_reg_6_              -              SDFFRX1      0.000   0.000    3.295  
      o_reg_addr_reg_6_              CK ^ -> Q ^    SDFFRX1      0.309   0.309    3.603  
      o_reg_addr_reg_6__scan_iso_or  -              AND2X1       0.000   0.309    3.603  
      o_reg_addr_reg_6__scan_iso_or  A ^ -> Y ^     AND2X1       0.156   0.464    3.759  
      U195                           -              INVX2        0.000   0.464    3.759  
      U195                           A ^ -> Y v     INVX2        0.069   0.534    3.828  
      U62                            -              NOR2X2       0.000   0.534    3.828  
      U62                            B v -> Y ^     NOR2X2       0.068   0.602    3.896  
      U456                           -              NAND3X2      0.000   0.602    3.896  
      U456                           B ^ -> Y v     NAND3X2      0.194   0.796    4.090  
      U8                             -              NOR3X2       0.000   0.796    4.090  
      U8                             A v -> Y ^     NOR3X2       0.235   1.030    4.325  
      U24                            -              BUFX4        0.000   1.030    4.325  
      U24                            A ^ -> Y ^     BUFX4        0.185   1.215    4.510  
      U58                            -              AO22X1       0.000   1.215    4.510  
      U58                            A0 ^ -> Y ^    AO22X1       0.181   1.396    4.691  
      U573                           -              AOI211X1     0.000   1.396    4.691  
      U573                           B0 ^ -> Y v    AOI211X1     0.042   1.439    4.733  
      U114                           -              NAND3X1      0.000   1.439    4.733  
      U114                           C v -> Y ^     NAND3X1      0.032   1.471    4.766  
      f32_mux_1_data_reg_24_         -              SDFFRX1      0.000   1.471    4.766  
      ------------------------------------------------------------------------------------
     Clock Rise Edge                      0.000
     = Beginpoint Arrival Time            0.000
     Other End Path:
      -----------------------------------------------------------------------------
      Instance                Arc            Cell         Retime  Arrival  Required  
                                                          Delay   Time     Time  
      -----------------------------------------------------------------------------
      -                       clk ^          -            -       0.000    -3.295  
      clk_gate_mux            -              TLATNTSCAX4  0.000   0.000    -3.295  
      clk_gate_mux            CK ^ -> ECK ^  TLATNTSCAX4  0.000   0.000    -3.295  
      f32_mux_1_data_reg_24_  -              SDFFRX1      0.000   0.000    -3.295  
      -----------------------------------------------------------------------------
Path 26: MET Setup Check with Pin f32_mux_0_data_reg_19_/CK 
Endpoint:   f32_mux_0_data_reg_19_/D (^) checked with  leading edge of 'sclk'
Beginpoint: o_reg_addr_reg_2_/Q      (^) triggered by  leading edge of 'sclk'
Path Groups: {sclk}
Retime Analysis { Data Path-Slew SI }
Other End Arrival Time          0.000
- Setup                         0.234
+ Phase Shift                   5.000
= Required Time                 4.766
- Arrival Time                  1.435
= Slack Time                    3.330
= Slack Time(original)          3.296
     Clock Rise Edge                      0.000
     = Beginpoint Arrival Time            0.000
     Timing Path:
      ------------------------------------------------------------------------------------
      Instance                       Arc            Cell         Retime  Arrival  Required  
                                                                 Delay   Time     Time  
      ------------------------------------------------------------------------------------
      -                              clk ^          -            -       0.000    3.330  
      clk_gate_addr                  -              TLATNTSCAX4  0.000   0.000    3.330  
      clk_gate_addr                  CK ^ -> ECK ^  TLATNTSCAX4  0.000   0.000    3.330  
      o_reg_addr_reg_2_              -              SDFFRX1      0.000   0.000    3.330  
      o_reg_addr_reg_2_              CK ^ -> Q ^    SDFFRX1      0.309   0.309    3.639  
      o_reg_addr_reg_2__scan_iso_or  -              AND2X1       0.000   0.309    3.639  
      o_reg_addr_reg_2__scan_iso_or  A ^ -> Y ^     AND2X1       0.149   0.458    3.788  
      U43                            -              NAND2BX1     0.000   0.458    3.788  
      U43                            B ^ -> Y v     NAND2BX1     0.256   0.714    4.044  
      U35                            -              NOR2X1       0.000   0.714    4.044  
      U35                            A v -> Y ^     NOR2X1       0.182   0.896    4.226  
      U9                             -              AND2X4       0.000   0.896    4.226  
      U9                             A ^ -> Y ^     AND2X4       0.181   1.077    4.407  
      U52                            -              BUFX2        0.000   1.077    4.407  
      U52                            A ^ -> Y ^     BUFX2        0.123   1.200    4.530  
      U811                           -              AOI22X1      0.000   1.200    4.530  
      U811                           B0 ^ -> Y v    AOI22X1      0.071   1.271    4.601  
      U812_INV                       -              INVX1        0.000   1.271    4.601  
      U812_INV                       A v -> Y ^     INVX1        0.040   1.310    4.641  
      U812                           -              AO21X1       0.000   1.310    4.641  
      U812                           B0 ^ -> Y ^    AO21X1       0.068   1.378    4.709  
      U813                           -              AOI21X1      0.000   1.378    4.709  
      U813                           B0 ^ -> Y v    AOI21X1      0.028   1.407    4.737  
      U97                            -              NAND3X1      0.000   1.407    4.737  
      U97                            C v -> Y ^     NAND3X1      0.029   1.435    4.766  
      f32_mux_0_data_reg_19_         -              SDFFRX1      0.000   1.435    4.766  
      ------------------------------------------------------------------------------------
     Clock Rise Edge                      0.000
     = Beginpoint Arrival Time            0.000
     Other End Path:
      -----------------------------------------------------------------------------
      Instance                Arc            Cell         Retime  Arrival  Required  
                                                          Delay   Time     Time  
      -----------------------------------------------------------------------------
      -                       clk ^          -            -       0.000    -3.330  
      clk_gate_mux            -              TLATNTSCAX4  0.000   0.000    -3.330  
      clk_gate_mux            CK ^ -> ECK ^  TLATNTSCAX4  0.000   0.000    -3.330  
      f32_mux_0_data_reg_19_  -              SDFFRX1      0.000   0.000    -3.330  
      -----------------------------------------------------------------------------
Path 27: MET Setup Check with Pin f32_mux_0_data_reg_20_/CK 
Endpoint:   f32_mux_0_data_reg_20_/D (^) checked with  leading edge of 'sclk'
Beginpoint: o_reg_addr_reg_2_/Q      (^) triggered by  leading edge of 'sclk'
Path Groups: {sclk}
Retime Analysis { Data Path-Slew SI }
Other End Arrival Time          0.000
- Setup                         0.234
+ Phase Shift                   5.000
= Required Time                 4.766
- Arrival Time                  1.435
= Slack Time                    3.330
= Slack Time(original)          3.296
     Clock Rise Edge                      0.000
     = Beginpoint Arrival Time            0.000
     Timing Path:
      ------------------------------------------------------------------------------------
      Instance                       Arc            Cell         Retime  Arrival  Required  
                                                                 Delay   Time     Time  
      ------------------------------------------------------------------------------------
      -                              clk ^          -            -       0.000    3.330  
      clk_gate_addr                  -              TLATNTSCAX4  0.000   0.000    3.330  
      clk_gate_addr                  CK ^ -> ECK ^  TLATNTSCAX4  0.000   0.000    3.330  
      o_reg_addr_reg_2_              -              SDFFRX1      0.000   0.000    3.330  
      o_reg_addr_reg_2_              CK ^ -> Q ^    SDFFRX1      0.309   0.309    3.639  
      o_reg_addr_reg_2__scan_iso_or  -              AND2X1       0.000   0.309    3.639  
      o_reg_addr_reg_2__scan_iso_or  A ^ -> Y ^     AND2X1       0.149   0.458    3.788  
      U43                            -              NAND2BX1     0.000   0.458    3.788  
      U43                            B ^ -> Y v     NAND2BX1     0.256   0.714    4.044  
      U35                            -              NOR2X1       0.000   0.714    4.044  
      U35                            A v -> Y ^     NOR2X1       0.182   0.896    4.226  
      U9                             -              AND2X4       0.000   0.896    4.226  
      U9                             A ^ -> Y ^     AND2X4       0.181   1.077    4.407  
      U52                            -              BUFX2        0.000   1.077    4.407  
      U52                            A ^ -> Y ^     BUFX2        0.123   1.200    4.530  
      U820                           -              AOI22X1      0.000   1.200    4.530  
      U820                           B0 ^ -> Y v    AOI22X1      0.071   1.271    4.601  
      U821_INV                       -              INVX1        0.000   1.271    4.601  
      U821_INV                       A v -> Y ^     INVX1        0.040   1.310    4.641  
      U821                           -              AO21X1       0.000   1.310    4.641  
      U821                           B0 ^ -> Y ^    AO21X1       0.068   1.378    4.709  
      U822                           -              AOI21X1      0.000   1.378    4.709  
      U822                           B0 ^ -> Y v    AOI21X1      0.028   1.407    4.737  
      U98                            -              NAND3X1      0.000   1.407    4.737  
      U98                            C v -> Y ^     NAND3X1      0.029   1.435    4.766  
      f32_mux_0_data_reg_20_         -              SDFFRX1      0.000   1.435    4.766  
      ------------------------------------------------------------------------------------
     Clock Rise Edge                      0.000
     = Beginpoint Arrival Time            0.000
     Other End Path:
      -----------------------------------------------------------------------------
      Instance                Arc            Cell         Retime  Arrival  Required  
                                                          Delay   Time     Time  
      -----------------------------------------------------------------------------
      -                       clk ^          -            -       0.000    -3.330  
      clk_gate_mux            -              TLATNTSCAX4  0.000   0.000    -3.330  
      clk_gate_mux            CK ^ -> ECK ^  TLATNTSCAX4  0.000   0.000    -3.330  
      f32_mux_0_data_reg_20_  -              SDFFRX1      0.000   0.000    -3.330  
      -----------------------------------------------------------------------------
Path 28: MET Setup Check with Pin f32_mux_0_data_reg_21_/CK 
Endpoint:   f32_mux_0_data_reg_21_/D (^) checked with  leading edge of 'sclk'
Beginpoint: o_reg_addr_reg_2_/Q      (^) triggered by  leading edge of 'sclk'
Path Groups: {sclk}
Retime Analysis { Data Path-Slew SI }
Other End Arrival Time          0.000
- Setup                         0.234
+ Phase Shift                   5.000
= Required Time                 4.766
- Arrival Time                  1.435
= Slack Time                    3.330
= Slack Time(original)          3.296
     Clock Rise Edge                      0.000
     = Beginpoint Arrival Time            0.000
     Timing Path:
      ------------------------------------------------------------------------------------
      Instance                       Arc            Cell         Retime  Arrival  Required  
                                                                 Delay   Time     Time  
      ------------------------------------------------------------------------------------
      -                              clk ^          -            -       0.000    3.330  
      clk_gate_addr                  -              TLATNTSCAX4  0.000   0.000    3.330  
      clk_gate_addr                  CK ^ -> ECK ^  TLATNTSCAX4  0.000   0.000    3.330  
      o_reg_addr_reg_2_              -              SDFFRX1      0.000   0.000    3.330  
      o_reg_addr_reg_2_              CK ^ -> Q ^    SDFFRX1      0.309   0.309    3.639  
      o_reg_addr_reg_2__scan_iso_or  -              AND2X1       0.000   0.309    3.639  
      o_reg_addr_reg_2__scan_iso_or  A ^ -> Y ^     AND2X1       0.149   0.458    3.788  
      U43                            -              NAND2BX1     0.000   0.458    3.788  
      U43                            B ^ -> Y v     NAND2BX1     0.256   0.714    4.044  
      U35                            -              NOR2X1       0.000   0.714    4.044  
      U35                            A v -> Y ^     NOR2X1       0.182   0.896    4.226  
      U9                             -              AND2X4       0.000   0.896    4.226  
      U9                             A ^ -> Y ^     AND2X4       0.181   1.077    4.407  
      U52                            -              BUFX2        0.000   1.077    4.407  
      U52                            A ^ -> Y ^     BUFX2        0.123   1.200    4.530  
      U443                           -              AOI22X1      0.000   1.200    4.530  
      U443                           B0 ^ -> Y v    AOI22X1      0.071   1.271    4.601  
      U186_INV                       -              INVX1        0.000   1.271    4.601  
      U186_INV                       A v -> Y ^     INVX1        0.040   1.310    4.641  
      U186                           -              AO21X1       0.000   1.310    4.641  
      U186                           B0 ^ -> Y ^    AO21X1       0.068   1.378    4.709  
      U444                           -              AOI21X1      0.000   1.378    4.709  
      U444                           B0 ^ -> Y v    AOI21X1      0.028   1.407    4.737  
      U99                            -              NAND3X1      0.000   1.407    4.737  
      U99                            C v -> Y ^     NAND3X1      0.029   1.435    4.766  
      f32_mux_0_data_reg_21_         -              SDFFRX1      0.000   1.435    4.766  
      ------------------------------------------------------------------------------------
     Clock Rise Edge                      0.000
     = Beginpoint Arrival Time            0.000
     Other End Path:
      -----------------------------------------------------------------------------
      Instance                Arc            Cell         Retime  Arrival  Required  
                                                          Delay   Time     Time  
      -----------------------------------------------------------------------------
      -                       clk ^          -            -       0.000    -3.330  
      clk_gate_mux            -              TLATNTSCAX4  0.000   0.000    -3.330  
      clk_gate_mux            CK ^ -> ECK ^  TLATNTSCAX4  0.000   0.000    -3.330  
      f32_mux_0_data_reg_21_  -              SDFFRX1      0.000   0.000    -3.330  
      -----------------------------------------------------------------------------
Path 29: MET Setup Check with Pin f32_mux_0_data_reg_22_/CK 
Endpoint:   f32_mux_0_data_reg_22_/D (^) checked with  leading edge of 'sclk'
Beginpoint: o_reg_addr_reg_2_/Q      (^) triggered by  leading edge of 'sclk'
Path Groups: {sclk}
Retime Analysis { Data Path-Slew SI }
Other End Arrival Time          0.000
- Setup                         0.234
+ Phase Shift                   5.000
= Required Time                 4.766
- Arrival Time                  1.435
= Slack Time                    3.330
= Slack Time(original)          3.296
     Clock Rise Edge                      0.000
     = Beginpoint Arrival Time            0.000
     Timing Path:
      ------------------------------------------------------------------------------------
      Instance                       Arc            Cell         Retime  Arrival  Required  
                                                                 Delay   Time     Time  
      ------------------------------------------------------------------------------------
      -                              clk ^          -            -       0.000    3.330  
      clk_gate_addr                  -              TLATNTSCAX4  0.000   0.000    3.330  
      clk_gate_addr                  CK ^ -> ECK ^  TLATNTSCAX4  0.000   0.000    3.330  
      o_reg_addr_reg_2_              -              SDFFRX1      0.000   0.000    3.330  
      o_reg_addr_reg_2_              CK ^ -> Q ^    SDFFRX1      0.309   0.309    3.639  
      o_reg_addr_reg_2__scan_iso_or  -              AND2X1       0.000   0.309    3.639  
      o_reg_addr_reg_2__scan_iso_or  A ^ -> Y ^     AND2X1       0.149   0.458    3.788  
      U43                            -              NAND2BX1     0.000   0.458    3.788  
      U43                            B ^ -> Y v     NAND2BX1     0.256   0.714    4.044  
      U35                            -              NOR2X1       0.000   0.714    4.044  
      U35                            A v -> Y ^     NOR2X1       0.182   0.896    4.226  
      U9                             -              AND2X4       0.000   0.896    4.226  
      U9                             A ^ -> Y ^     AND2X4       0.181   1.077    4.407  
      U52                            -              BUFX2        0.000   1.077    4.407  
      U52                            A ^ -> Y ^     BUFX2        0.123   1.200    4.530  
      U452                           -              AOI22X1      0.000   1.200    4.530  
      U452                           B0 ^ -> Y v    AOI22X1      0.071   1.271    4.601  
      U453_INV                       -              INVX1        0.000   1.271    4.601  
      U453_INV                       A v -> Y ^     INVX1        0.040   1.310    4.641  
      U453                           -              AO21X1       0.000   1.310    4.641  
      U453                           B0 ^ -> Y ^    AO21X1       0.068   1.378    4.709  
      U454                           -              AOI21X1      0.000   1.378    4.709  
      U454                           B0 ^ -> Y v    AOI21X1      0.028   1.407    4.737  
      U100                           -              NAND3X1      0.000   1.407    4.737  
      U100                           C v -> Y ^     NAND3X1      0.029   1.435    4.766  
      f32_mux_0_data_reg_22_         -              SDFFRX1      0.000   1.435    4.766  
      ------------------------------------------------------------------------------------
     Clock Rise Edge                      0.000
     = Beginpoint Arrival Time            0.000
     Other End Path:
      -----------------------------------------------------------------------------
      Instance                Arc            Cell         Retime  Arrival  Required  
                                                          Delay   Time     Time  
      -----------------------------------------------------------------------------
      -                       clk ^          -            -       0.000    -3.330  
      clk_gate_mux            -              TLATNTSCAX4  0.000   0.000    -3.330  
      clk_gate_mux            CK ^ -> ECK ^  TLATNTSCAX4  0.000   0.000    -3.330  
      f32_mux_0_data_reg_22_  -              SDFFRX1      0.000   0.000    -3.330  
      -----------------------------------------------------------------------------
Path 30: MET Setup Check with Pin f32_mux_0_data_reg_23_/CK 
Endpoint:   f32_mux_0_data_reg_23_/D (^) checked with  leading edge of 'sclk'
Beginpoint: o_reg_addr_reg_2_/Q      (^) triggered by  leading edge of 'sclk'
Path Groups: {sclk}
Retime Analysis { Data Path-Slew SI }
Other End Arrival Time          0.000
- Setup                         0.234
+ Phase Shift                   5.000
= Required Time                 4.766
- Arrival Time                  1.435
= Slack Time                    3.330
= Slack Time(original)          3.296
     Clock Rise Edge                      0.000
     = Beginpoint Arrival Time            0.000
     Timing Path:
      ------------------------------------------------------------------------------------
      Instance                       Arc            Cell         Retime  Arrival  Required  
                                                                 Delay   Time     Time  
      ------------------------------------------------------------------------------------
      -                              clk ^          -            -       0.000    3.330  
      clk_gate_addr                  -              TLATNTSCAX4  0.000   0.000    3.330  
      clk_gate_addr                  CK ^ -> ECK ^  TLATNTSCAX4  0.000   0.000    3.330  
      o_reg_addr_reg_2_              -              SDFFRX1      0.000   0.000    3.330  
      o_reg_addr_reg_2_              CK ^ -> Q ^    SDFFRX1      0.309   0.309    3.639  
      o_reg_addr_reg_2__scan_iso_or  -              AND2X1       0.000   0.309    3.639  
      o_reg_addr_reg_2__scan_iso_or  A ^ -> Y ^     AND2X1       0.149   0.458    3.788  
      U43                            -              NAND2BX1     0.000   0.458    3.788  
      U43                            B ^ -> Y v     NAND2BX1     0.256   0.714    4.044  
      U35                            -              NOR2X1       0.000   0.714    4.044  
      U35                            A v -> Y ^     NOR2X1       0.182   0.896    4.226  
      U9                             -              AND2X4       0.000   0.896    4.226  
      U9                             A ^ -> Y ^     AND2X4       0.181   1.077    4.407  
      U52                            -              BUFX2        0.000   1.077    4.407  
      U52                            A ^ -> Y ^     BUFX2        0.123   1.200    4.530  
      U793                           -              AOI22X1      0.000   1.200    4.530  
      U793                           B0 ^ -> Y v    AOI22X1      0.071   1.271    4.601  
      U794_INV                       -              INVX1        0.000   1.271    4.601  
      U794_INV                       A v -> Y ^     INVX1        0.040   1.310    4.641  
      U794                           -              AO21X1       0.000   1.310    4.641  
      U794                           B0 ^ -> Y ^    AO21X1       0.068   1.378    4.709  
      U102                           -              AOI21X1      0.000   1.378    4.709  
      U102                           B0 ^ -> Y v    AOI21X1      0.028   1.407    4.737  
      U101                           -              NAND3X1      0.000   1.407    4.737  
      U101                           C v -> Y ^     NAND3X1      0.029   1.435    4.766  
      f32_mux_0_data_reg_23_         -              SDFFRX1      0.000   1.435    4.766  
      ------------------------------------------------------------------------------------
     Clock Rise Edge                      0.000
     = Beginpoint Arrival Time            0.000
     Other End Path:
      -----------------------------------------------------------------------------
      Instance                Arc            Cell         Retime  Arrival  Required  
                                                          Delay   Time     Time  
      -----------------------------------------------------------------------------
      -                       clk ^          -            -       0.000    -3.330  
      clk_gate_mux            -              TLATNTSCAX4  0.000   0.000    -3.330  
      clk_gate_mux            CK ^ -> ECK ^  TLATNTSCAX4  0.000   0.000    -3.330  
      f32_mux_0_data_reg_23_  -              SDFFRX1      0.000   0.000    -3.330  
      -----------------------------------------------------------------------------
Path 31: MET Setup Check with Pin f32_mux_0_data_reg_15_/CK 
Endpoint:   f32_mux_0_data_reg_15_/D (^) checked with  leading edge of 'sclk'
Beginpoint: o_reg_addr_reg_2_/Q      (^) triggered by  leading edge of 'sclk'
Path Groups: {sclk}
Retime Analysis { Data Path-Slew SI }
Other End Arrival Time          0.000
- Setup                         0.236
+ Phase Shift                   5.000
= Required Time                 4.764
- Arrival Time                  1.447
= Slack Time                    3.317
= Slack Time(original)          3.300
     Clock Rise Edge                      0.000
     = Beginpoint Arrival Time            0.000
     Timing Path:
      ------------------------------------------------------------------------------------
      Instance                       Arc            Cell         Retime  Arrival  Required  
                                                                 Delay   Time     Time  
      ------------------------------------------------------------------------------------
      -                              clk ^          -            -       0.000    3.317  
      clk_gate_addr                  -              TLATNTSCAX4  0.000   0.000    3.317  
      clk_gate_addr                  CK ^ -> ECK ^  TLATNTSCAX4  0.000   0.000    3.317  
      o_reg_addr_reg_2_              -              SDFFRX1      0.000   0.000    3.317  
      o_reg_addr_reg_2_              CK ^ -> Q ^    SDFFRX1      0.309   0.309    3.626  
      o_reg_addr_reg_2__scan_iso_or  -              AND2X1       0.000   0.309    3.626  
      o_reg_addr_reg_2__scan_iso_or  A ^ -> Y ^     AND2X1       0.149   0.458    3.775  
      U43                            -              NAND2BX1     0.000   0.458    3.775  
      U43                            B ^ -> Y v     NAND2BX1     0.256   0.714    4.031  
      U6                             -              NOR2X2       0.000   0.714    4.031  
      U6                             A v -> Y ^     NOR2X2       0.229   0.942    4.260  
      U204                           -              NOR2BX2      0.000   0.942    4.260  
      U204                           AN ^ -> Y ^    NOR2BX2      0.257   1.200    4.517  
      U295                           -              AOI22X1      0.000   1.200    4.517  
      U295                           B0 ^ -> Y v    AOI22X1      0.122   1.322    4.639  
      U297                           -              AND4X1       0.000   1.322    4.639  
      U297                           C v -> Y v     AND4X1       0.100   1.422    4.739  
      U78                            -              OAI21X1      0.000   1.422    4.739  
      U78                            B0 v -> Y ^    OAI21X1      0.025   1.447    4.764  
      f32_mux_0_data_reg_15_         -              SDFFRX1      0.000   1.447    4.764  
      ------------------------------------------------------------------------------------
     Clock Rise Edge                      0.000
     = Beginpoint Arrival Time            0.000
     Other End Path:
      -----------------------------------------------------------------------------
      Instance                Arc            Cell         Retime  Arrival  Required  
                                                          Delay   Time     Time  
      -----------------------------------------------------------------------------
      -                       clk ^          -            -       0.000    -3.317  
      clk_gate_mux            -              TLATNTSCAX4  0.000   0.000    -3.317  
      clk_gate_mux            CK ^ -> ECK ^  TLATNTSCAX4  0.000   0.000    -3.317  
      f32_mux_0_data_reg_15_  -              SDFFRX1      0.000   0.000    -3.317  
      -----------------------------------------------------------------------------
Path 32: MET Setup Check with Pin f32_mux_0_data_reg_14_/CK 
Endpoint:   f32_mux_0_data_reg_14_/D (^) checked with  leading edge of 'sclk'
Beginpoint: o_reg_addr_reg_2_/Q      (^) triggered by  leading edge of 'sclk'
Path Groups: {sclk}
Retime Analysis { Data Path-Slew SI }
Other End Arrival Time          0.000
- Setup                         0.236
+ Phase Shift                   5.000
= Required Time                 4.764
- Arrival Time                  1.447
= Slack Time                    3.317
= Slack Time(original)          3.300
     Clock Rise Edge                      0.000
     = Beginpoint Arrival Time            0.000
     Timing Path:
      ------------------------------------------------------------------------------------
      Instance                       Arc            Cell         Retime  Arrival  Required  
                                                                 Delay   Time     Time  
      ------------------------------------------------------------------------------------
      -                              clk ^          -            -       0.000    3.317  
      clk_gate_addr                  -              TLATNTSCAX4  0.000   0.000    3.317  
      clk_gate_addr                  CK ^ -> ECK ^  TLATNTSCAX4  0.000   0.000    3.317  
      o_reg_addr_reg_2_              -              SDFFRX1      0.000   0.000    3.317  
      o_reg_addr_reg_2_              CK ^ -> Q ^    SDFFRX1      0.309   0.309    3.626  
      o_reg_addr_reg_2__scan_iso_or  -              AND2X1       0.000   0.309    3.626  
      o_reg_addr_reg_2__scan_iso_or  A ^ -> Y ^     AND2X1       0.149   0.458    3.775  
      U43                            -              NAND2BX1     0.000   0.458    3.775  
      U43                            B ^ -> Y v     NAND2BX1     0.256   0.714    4.031  
      U6                             -              NOR2X2       0.000   0.714    4.031  
      U6                             A v -> Y ^     NOR2X2       0.229   0.942    4.260  
      U204                           -              NOR2BX2      0.000   0.942    4.260  
      U204                           AN ^ -> Y ^    NOR2BX2      0.257   1.200    4.517  
      U382                           -              AOI22X1      0.000   1.200    4.517  
      U382                           B0 ^ -> Y v    AOI22X1      0.122   1.322    4.639  
      U384                           -              AND4X1       0.000   1.322    4.639  
      U384                           C v -> Y v     AND4X1       0.100   1.422    4.739  
      U79                            -              OAI21X1      0.000   1.422    4.739  
      U79                            B0 v -> Y ^    OAI21X1      0.025   1.447    4.764  
      f32_mux_0_data_reg_14_         -              SDFFRX1      0.000   1.447    4.764  
      ------------------------------------------------------------------------------------
     Clock Rise Edge                      0.000
     = Beginpoint Arrival Time            0.000
     Other End Path:
      -----------------------------------------------------------------------------
      Instance                Arc            Cell         Retime  Arrival  Required  
                                                          Delay   Time     Time  
      -----------------------------------------------------------------------------
      -                       clk ^          -            -       0.000    -3.317  
      clk_gate_mux            -              TLATNTSCAX4  0.000   0.000    -3.317  
      clk_gate_mux            CK ^ -> ECK ^  TLATNTSCAX4  0.000   0.000    -3.317  
      f32_mux_0_data_reg_14_  -              SDFFRX1      0.000   0.000    -3.317  
      -----------------------------------------------------------------------------
Path 33: MET Setup Check with Pin f32_mux_0_data_reg_13_/CK 
Endpoint:   f32_mux_0_data_reg_13_/D (^) checked with  leading edge of 'sclk'
Beginpoint: o_reg_addr_reg_2_/Q      (^) triggered by  leading edge of 'sclk'
Path Groups: {sclk}
Retime Analysis { Data Path-Slew SI }
Other End Arrival Time          0.000
- Setup                         0.236
+ Phase Shift                   5.000
= Required Time                 4.764
- Arrival Time                  1.447
= Slack Time                    3.317
= Slack Time(original)          3.300
     Clock Rise Edge                      0.000
     = Beginpoint Arrival Time            0.000
     Timing Path:
      ------------------------------------------------------------------------------------
      Instance                       Arc            Cell         Retime  Arrival  Required  
                                                                 Delay   Time     Time  
      ------------------------------------------------------------------------------------
      -                              clk ^          -            -       0.000    3.317  
      clk_gate_addr                  -              TLATNTSCAX4  0.000   0.000    3.317  
      clk_gate_addr                  CK ^ -> ECK ^  TLATNTSCAX4  0.000   0.000    3.317  
      o_reg_addr_reg_2_              -              SDFFRX1      0.000   0.000    3.317  
      o_reg_addr_reg_2_              CK ^ -> Q ^    SDFFRX1      0.309   0.309    3.626  
      o_reg_addr_reg_2__scan_iso_or  -              AND2X1       0.000   0.309    3.626  
      o_reg_addr_reg_2__scan_iso_or  A ^ -> Y ^     AND2X1       0.149   0.458    3.775  
      U43                            -              NAND2BX1     0.000   0.458    3.775  
      U43                            B ^ -> Y v     NAND2BX1     0.256   0.714    4.031  
      U6                             -              NOR2X2       0.000   0.714    4.031  
      U6                             A v -> Y ^     NOR2X2       0.229   0.942    4.260  
      U204                           -              NOR2BX2      0.000   0.942    4.260  
      U204                           AN ^ -> Y ^    NOR2BX2      0.257   1.200    4.517  
      U372                           -              AOI22X1      0.000   1.200    4.517  
      U372                           B0 ^ -> Y v    AOI22X1      0.122   1.322    4.639  
      U374                           -              AND4X1       0.000   1.322    4.639  
      U374                           C v -> Y v     AND4X1       0.100   1.422    4.739  
      U80                            -              OAI21X1      0.000   1.422    4.739  
      U80                            B0 v -> Y ^    OAI21X1      0.025   1.447    4.764  
      f32_mux_0_data_reg_13_         -              SDFFRX1      0.000   1.447    4.764  
      ------------------------------------------------------------------------------------
     Clock Rise Edge                      0.000
     = Beginpoint Arrival Time            0.000
     Other End Path:
      -----------------------------------------------------------------------------
      Instance                Arc            Cell         Retime  Arrival  Required  
                                                          Delay   Time     Time  
      -----------------------------------------------------------------------------
      -                       clk ^          -            -       0.000    -3.317  
      clk_gate_mux            -              TLATNTSCAX4  0.000   0.000    -3.317  
      clk_gate_mux            CK ^ -> ECK ^  TLATNTSCAX4  0.000   0.000    -3.317  
      f32_mux_0_data_reg_13_  -              SDFFRX1      0.000   0.000    -3.317  
      -----------------------------------------------------------------------------
Path 34: MET Setup Check with Pin f32_mux_0_data_reg_12_/CK 
Endpoint:   f32_mux_0_data_reg_12_/D (^) checked with  leading edge of 'sclk'
Beginpoint: o_reg_addr_reg_2_/Q      (^) triggered by  leading edge of 'sclk'
Path Groups: {sclk}
Retime Analysis { Data Path-Slew SI }
Other End Arrival Time          0.000
- Setup                         0.236
+ Phase Shift                   5.000
= Required Time                 4.764
- Arrival Time                  1.447
= Slack Time                    3.317
= Slack Time(original)          3.300
     Clock Rise Edge                      0.000
     = Beginpoint Arrival Time            0.000
     Timing Path:
      ------------------------------------------------------------------------------------
      Instance                       Arc            Cell         Retime  Arrival  Required  
                                                                 Delay   Time     Time  
      ------------------------------------------------------------------------------------
      -                              clk ^          -            -       0.000    3.317  
      clk_gate_addr                  -              TLATNTSCAX4  0.000   0.000    3.317  
      clk_gate_addr                  CK ^ -> ECK ^  TLATNTSCAX4  0.000   0.000    3.317  
      o_reg_addr_reg_2_              -              SDFFRX1      0.000   0.000    3.317  
      o_reg_addr_reg_2_              CK ^ -> Q ^    SDFFRX1      0.309   0.309    3.626  
      o_reg_addr_reg_2__scan_iso_or  -              AND2X1       0.000   0.309    3.626  
      o_reg_addr_reg_2__scan_iso_or  A ^ -> Y ^     AND2X1       0.149   0.458    3.775  
      U43                            -              NAND2BX1     0.000   0.458    3.775  
      U43                            B ^ -> Y v     NAND2BX1     0.256   0.714    4.031  
      U6                             -              NOR2X2       0.000   0.714    4.031  
      U6                             A v -> Y ^     NOR2X2       0.229   0.942    4.260  
      U204                           -              NOR2BX2      0.000   0.942    4.260  
      U204                           AN ^ -> Y ^    NOR2BX2      0.257   1.200    4.517  
      U362                           -              AOI22X1      0.000   1.200    4.517  
      U362                           B0 ^ -> Y v    AOI22X1      0.122   1.322    4.639  
      U364                           -              AND4X1       0.000   1.322    4.639  
      U364                           C v -> Y v     AND4X1       0.100   1.422    4.739  
      U81                            -              OAI21X1      0.000   1.422    4.739  
      U81                            B0 v -> Y ^    OAI21X1      0.025   1.447    4.764  
      f32_mux_0_data_reg_12_         -              SDFFRX1      0.000   1.447    4.764  
      ------------------------------------------------------------------------------------
     Clock Rise Edge                      0.000
     = Beginpoint Arrival Time            0.000
     Other End Path:
      -----------------------------------------------------------------------------
      Instance                Arc            Cell         Retime  Arrival  Required  
                                                          Delay   Time     Time  
      -----------------------------------------------------------------------------
      -                       clk ^          -            -       0.000    -3.317  
      clk_gate_mux            -              TLATNTSCAX4  0.000   0.000    -3.317  
      clk_gate_mux            CK ^ -> ECK ^  TLATNTSCAX4  0.000   0.000    -3.317  
      f32_mux_0_data_reg_12_  -              SDFFRX1      0.000   0.000    -3.317  
      -----------------------------------------------------------------------------
Path 35: MET Setup Check with Pin f32_mux_0_data_reg_11_/CK 
Endpoint:   f32_mux_0_data_reg_11_/D (^) checked with  leading edge of 'sclk'
Beginpoint: o_reg_addr_reg_2_/Q      (^) triggered by  leading edge of 'sclk'
Path Groups: {sclk}
Retime Analysis { Data Path-Slew SI }
Other End Arrival Time          0.000
- Setup                         0.236
+ Phase Shift                   5.000
= Required Time                 4.764
- Arrival Time                  1.447
= Slack Time                    3.317
= Slack Time(original)          3.300
     Clock Rise Edge                      0.000
     = Beginpoint Arrival Time            0.000
     Timing Path:
      ------------------------------------------------------------------------------------
      Instance                       Arc            Cell         Retime  Arrival  Required  
                                                                 Delay   Time     Time  
      ------------------------------------------------------------------------------------
      -                              clk ^          -            -       0.000    3.317  
      clk_gate_addr                  -              TLATNTSCAX4  0.000   0.000    3.317  
      clk_gate_addr                  CK ^ -> ECK ^  TLATNTSCAX4  0.000   0.000    3.317  
      o_reg_addr_reg_2_              -              SDFFRX1      0.000   0.000    3.317  
      o_reg_addr_reg_2_              CK ^ -> Q ^    SDFFRX1      0.309   0.309    3.626  
      o_reg_addr_reg_2__scan_iso_or  -              AND2X1       0.000   0.309    3.626  
      o_reg_addr_reg_2__scan_iso_or  A ^ -> Y ^     AND2X1       0.149   0.458    3.775  
      U43                            -              NAND2BX1     0.000   0.458    3.775  
      U43                            B ^ -> Y v     NAND2BX1     0.256   0.714    4.031  
      U6                             -              NOR2X2       0.000   0.714    4.031  
      U6                             A v -> Y ^     NOR2X2       0.229   0.942    4.260  
      U204                           -              NOR2BX2      0.000   0.942    4.260  
      U204                           AN ^ -> Y ^    NOR2BX2      0.257   1.200    4.517  
      U304                           -              AOI22X1      0.000   1.200    4.517  
      U304                           B0 ^ -> Y v    AOI22X1      0.122   1.322    4.639  
      U306                           -              AND4X1       0.000   1.322    4.639  
      U306                           C v -> Y v     AND4X1       0.100   1.422    4.739  
      U82                            -              OAI21X1      0.000   1.422    4.739  
      U82                            B0 v -> Y ^    OAI21X1      0.025   1.447    4.764  
      f32_mux_0_data_reg_11_         -              SDFFRX1      0.000   1.447    4.764  
      ------------------------------------------------------------------------------------
     Clock Rise Edge                      0.000
     = Beginpoint Arrival Time            0.000
     Other End Path:
      -----------------------------------------------------------------------------
      Instance                Arc            Cell         Retime  Arrival  Required  
                                                          Delay   Time     Time  
      -----------------------------------------------------------------------------
      -                       clk ^          -            -       0.000    -3.317  
      clk_gate_mux            -              TLATNTSCAX4  0.000   0.000    -3.317  
      clk_gate_mux            CK ^ -> ECK ^  TLATNTSCAX4  0.000   0.000    -3.317  
      f32_mux_0_data_reg_11_  -              SDFFRX1      0.000   0.000    -3.317  
      -----------------------------------------------------------------------------
Path 36: MET Setup Check with Pin f32_mux_0_data_reg_10_/CK 
Endpoint:   f32_mux_0_data_reg_10_/D (^) checked with  leading edge of 'sclk'
Beginpoint: o_reg_addr_reg_2_/Q      (^) triggered by  leading edge of 'sclk'
Path Groups: {sclk}
Retime Analysis { Data Path-Slew SI }
Other End Arrival Time          0.000
- Setup                         0.236
+ Phase Shift                   5.000
= Required Time                 4.764
- Arrival Time                  1.447
= Slack Time                    3.317
= Slack Time(original)          3.300
     Clock Rise Edge                      0.000
     = Beginpoint Arrival Time            0.000
     Timing Path:
      ------------------------------------------------------------------------------------
      Instance                       Arc            Cell         Retime  Arrival  Required  
                                                                 Delay   Time     Time  
      ------------------------------------------------------------------------------------
      -                              clk ^          -            -       0.000    3.317  
      clk_gate_addr                  -              TLATNTSCAX4  0.000   0.000    3.317  
      clk_gate_addr                  CK ^ -> ECK ^  TLATNTSCAX4  0.000   0.000    3.317  
      o_reg_addr_reg_2_              -              SDFFRX1      0.000   0.000    3.317  
      o_reg_addr_reg_2_              CK ^ -> Q ^    SDFFRX1      0.309   0.309    3.626  
      o_reg_addr_reg_2__scan_iso_or  -              AND2X1       0.000   0.309    3.626  
      o_reg_addr_reg_2__scan_iso_or  A ^ -> Y ^     AND2X1       0.149   0.458    3.775  
      U43                            -              NAND2BX1     0.000   0.458    3.775  
      U43                            B ^ -> Y v     NAND2BX1     0.256   0.714    4.031  
      U6                             -              NOR2X2       0.000   0.714    4.031  
      U6                             A v -> Y ^     NOR2X2       0.229   0.942    4.260  
      U204                           -              NOR2BX2      0.000   0.942    4.260  
      U204                           AN ^ -> Y ^    NOR2BX2      0.257   1.200    4.517  
      U392                           -              AOI22X1      0.000   1.200    4.517  
      U392                           B0 ^ -> Y v    AOI22X1      0.122   1.322    4.639  
      U394                           -              AND4X1       0.000   1.322    4.639  
      U394                           C v -> Y v     AND4X1       0.100   1.422    4.739  
      U83                            -              OAI21X1      0.000   1.422    4.739  
      U83                            B0 v -> Y ^    OAI21X1      0.025   1.447    4.764  
      f32_mux_0_data_reg_10_         -              SDFFRX1      0.000   1.447    4.764  
      ------------------------------------------------------------------------------------
     Clock Rise Edge                      0.000
     = Beginpoint Arrival Time            0.000
     Other End Path:
      -----------------------------------------------------------------------------
      Instance                Arc            Cell         Retime  Arrival  Required  
                                                          Delay   Time     Time  
      -----------------------------------------------------------------------------
      -                       clk ^          -            -       0.000    -3.317  
      clk_gate_mux            -              TLATNTSCAX4  0.000   0.000    -3.317  
      clk_gate_mux            CK ^ -> ECK ^  TLATNTSCAX4  0.000   0.000    -3.317  
      f32_mux_0_data_reg_10_  -              SDFFRX1      0.000   0.000    -3.317  
      -----------------------------------------------------------------------------
Path 37: MET Setup Check with Pin f32_mux_0_data_reg_9_/CK 
Endpoint:   f32_mux_0_data_reg_9_/D (^) checked with  leading edge of 'sclk'
Beginpoint: o_reg_addr_reg_2_/Q     (^) triggered by  leading edge of 'sclk'
Path Groups: {sclk}
Retime Analysis { Data Path-Slew SI }
Other End Arrival Time          0.000
- Setup                         0.236
+ Phase Shift                   5.000
= Required Time                 4.764
- Arrival Time                  1.447
= Slack Time                    3.317
= Slack Time(original)          3.300
     Clock Rise Edge                      0.000
     = Beginpoint Arrival Time            0.000
     Timing Path:
      ------------------------------------------------------------------------------------
      Instance                       Arc            Cell         Retime  Arrival  Required  
                                                                 Delay   Time     Time  
      ------------------------------------------------------------------------------------
      -                              clk ^          -            -       0.000    3.317  
      clk_gate_addr                  -              TLATNTSCAX4  0.000   0.000    3.317  
      clk_gate_addr                  CK ^ -> ECK ^  TLATNTSCAX4  0.000   0.000    3.317  
      o_reg_addr_reg_2_              -              SDFFRX1      0.000   0.000    3.317  
      o_reg_addr_reg_2_              CK ^ -> Q ^    SDFFRX1      0.309   0.309    3.626  
      o_reg_addr_reg_2__scan_iso_or  -              AND2X1       0.000   0.309    3.626  
      o_reg_addr_reg_2__scan_iso_or  A ^ -> Y ^     AND2X1       0.149   0.458    3.775  
      U43                            -              NAND2BX1     0.000   0.458    3.775  
      U43                            B ^ -> Y v     NAND2BX1     0.256   0.714    4.031  
      U6                             -              NOR2X2       0.000   0.714    4.031  
      U6                             A v -> Y ^     NOR2X2       0.229   0.942    4.260  
      U204                           -              NOR2BX2      0.000   0.942    4.260  
      U204                           AN ^ -> Y ^    NOR2BX2      0.257   1.200    4.517  
      U323                           -              AOI22X1      0.000   1.200    4.517  
      U323                           B0 ^ -> Y v    AOI22X1      0.122   1.322    4.639  
      U325                           -              AND4X1       0.000   1.322    4.639  
      U325                           C v -> Y v     AND4X1       0.100   1.422    4.739  
      U84                            -              OAI21X1      0.000   1.422    4.739  
      U84                            B0 v -> Y ^    OAI21X1      0.025   1.447    4.764  
      f32_mux_0_data_reg_9_          -              SDFFRX1      0.000   1.447    4.764  
      ------------------------------------------------------------------------------------
     Clock Rise Edge                      0.000
     = Beginpoint Arrival Time            0.000
     Other End Path:
      ----------------------------------------------------------------------------
      Instance               Arc            Cell         Retime  Arrival  Required  
                                                         Delay   Time     Time  
      ----------------------------------------------------------------------------
      -                      clk ^          -            -       0.000    -3.317  
      clk_gate_mux           -              TLATNTSCAX4  0.000   0.000    -3.317  
      clk_gate_mux           CK ^ -> ECK ^  TLATNTSCAX4  0.000   0.000    -3.317  
      f32_mux_0_data_reg_9_  -              SDFFRX1      0.000   0.000    -3.317  
      ----------------------------------------------------------------------------
Path 38: MET Setup Check with Pin f32_mux_0_data_reg_8_/CK 
Endpoint:   f32_mux_0_data_reg_8_/D (^) checked with  leading edge of 'sclk'
Beginpoint: o_reg_addr_reg_2_/Q     (^) triggered by  leading edge of 'sclk'
Path Groups: {sclk}
Retime Analysis { Data Path-Slew SI }
Other End Arrival Time          0.000
- Setup                         0.236
+ Phase Shift                   5.000
= Required Time                 4.764
- Arrival Time                  1.447
= Slack Time                    3.317
= Slack Time(original)          3.300
     Clock Rise Edge                      0.000
     = Beginpoint Arrival Time            0.000
     Timing Path:
      ------------------------------------------------------------------------------------
      Instance                       Arc            Cell         Retime  Arrival  Required  
                                                                 Delay   Time     Time  
      ------------------------------------------------------------------------------------
      -                              clk ^          -            -       0.000    3.317  
      clk_gate_addr                  -              TLATNTSCAX4  0.000   0.000    3.317  
      clk_gate_addr                  CK ^ -> ECK ^  TLATNTSCAX4  0.000   0.000    3.317  
      o_reg_addr_reg_2_              -              SDFFRX1      0.000   0.000    3.317  
      o_reg_addr_reg_2_              CK ^ -> Q ^    SDFFRX1      0.309   0.309    3.626  
      o_reg_addr_reg_2__scan_iso_or  -              AND2X1       0.000   0.309    3.626  
      o_reg_addr_reg_2__scan_iso_or  A ^ -> Y ^     AND2X1       0.149   0.458    3.775  
      U43                            -              NAND2BX1     0.000   0.458    3.775  
      U43                            B ^ -> Y v     NAND2BX1     0.256   0.714    4.031  
      U6                             -              NOR2X2       0.000   0.714    4.031  
      U6                             A v -> Y ^     NOR2X2       0.229   0.942    4.260  
      U204                           -              NOR2BX2      0.000   0.942    4.260  
      U204                           AN ^ -> Y ^    NOR2BX2      0.257   1.200    4.517  
      U343                           -              AOI22X1      0.000   1.200    4.517  
      U343                           B0 ^ -> Y v    AOI22X1      0.122   1.322    4.639  
      U345                           -              AND4X1       0.000   1.322    4.639  
      U345                           C v -> Y v     AND4X1       0.100   1.422    4.739  
      U85                            -              OAI21X1      0.000   1.422    4.739  
      U85                            B0 v -> Y ^    OAI21X1      0.025   1.447    4.764  
      f32_mux_0_data_reg_8_          -              SDFFRX1      0.000   1.447    4.764  
      ------------------------------------------------------------------------------------
     Clock Rise Edge                      0.000
     = Beginpoint Arrival Time            0.000
     Other End Path:
      ----------------------------------------------------------------------------
      Instance               Arc            Cell         Retime  Arrival  Required  
                                                         Delay   Time     Time  
      ----------------------------------------------------------------------------
      -                      clk ^          -            -       0.000    -3.317  
      clk_gate_mux           -              TLATNTSCAX4  0.000   0.000    -3.317  
      clk_gate_mux           CK ^ -> ECK ^  TLATNTSCAX4  0.000   0.000    -3.317  
      f32_mux_0_data_reg_8_  -              SDFFRX1      0.000   0.000    -3.317  
      ----------------------------------------------------------------------------
Path 39: MET Setup Check with Pin f32_mux_0_data_reg_7_/CK 
Endpoint:   f32_mux_0_data_reg_7_/D (^) checked with  leading edge of 'sclk'
Beginpoint: o_reg_addr_reg_2_/Q     (^) triggered by  leading edge of 'sclk'
Path Groups: {sclk}
Retime Analysis { Data Path-Slew SI }
Other End Arrival Time          0.000
- Setup                         0.236
+ Phase Shift                   5.000
= Required Time                 4.764
- Arrival Time                  1.447
= Slack Time                    3.317
= Slack Time(original)          3.300
     Clock Rise Edge                      0.000
     = Beginpoint Arrival Time            0.000
     Timing Path:
      ------------------------------------------------------------------------------------
      Instance                       Arc            Cell         Retime  Arrival  Required  
                                                                 Delay   Time     Time  
      ------------------------------------------------------------------------------------
      -                              clk ^          -            -       0.000    3.317  
      clk_gate_addr                  -              TLATNTSCAX4  0.000   0.000    3.317  
      clk_gate_addr                  CK ^ -> ECK ^  TLATNTSCAX4  0.000   0.000    3.317  
      o_reg_addr_reg_2_              -              SDFFRX1      0.000   0.000    3.317  
      o_reg_addr_reg_2_              CK ^ -> Q ^    SDFFRX1      0.309   0.309    3.626  
      o_reg_addr_reg_2__scan_iso_or  -              AND2X1       0.000   0.309    3.626  
      o_reg_addr_reg_2__scan_iso_or  A ^ -> Y ^     AND2X1       0.149   0.458    3.775  
      U43                            -              NAND2BX1     0.000   0.458    3.775  
      U43                            B ^ -> Y v     NAND2BX1     0.256   0.714    4.031  
      U6                             -              NOR2X2       0.000   0.714    4.031  
      U6                             A v -> Y ^     NOR2X2       0.229   0.942    4.260  
      U204                           -              NOR2BX2      0.000   0.942    4.260  
      U204                           AN ^ -> Y ^    NOR2BX2      0.257   1.200    4.517  
      U183                           -              AOI22X1      0.000   1.200    4.517  
      U183                           B0 ^ -> Y v    AOI22X1      0.122   1.322    4.639  
      U315                           -              AND4X1       0.000   1.322    4.639  
      U315                           C v -> Y v     AND4X1       0.100   1.422    4.739  
      U86                            -              OAI21X1      0.000   1.422    4.739  
      U86                            B0 v -> Y ^    OAI21X1      0.025   1.447    4.764  
      f32_mux_0_data_reg_7_          -              SDFFRX1      0.000   1.447    4.764  
      ------------------------------------------------------------------------------------
     Clock Rise Edge                      0.000
     = Beginpoint Arrival Time            0.000
     Other End Path:
      ----------------------------------------------------------------------------
      Instance               Arc            Cell         Retime  Arrival  Required  
                                                         Delay   Time     Time  
      ----------------------------------------------------------------------------
      -                      clk ^          -            -       0.000    -3.317  
      clk_gate_mux           -              TLATNTSCAX4  0.000   0.000    -3.317  
      clk_gate_mux           CK ^ -> ECK ^  TLATNTSCAX4  0.000   0.000    -3.317  
      f32_mux_0_data_reg_7_  -              SDFFRX1      0.000   0.000    -3.317  
      ----------------------------------------------------------------------------
Path 40: MET Setup Check with Pin f32_mux_0_data_reg_6_/CK 
Endpoint:   f32_mux_0_data_reg_6_/D (^) checked with  leading edge of 'sclk'
Beginpoint: o_reg_addr_reg_2_/Q     (^) triggered by  leading edge of 'sclk'
Path Groups: {sclk}
Retime Analysis { Data Path-Slew SI }
Other End Arrival Time          0.000
- Setup                         0.236
+ Phase Shift                   5.000
= Required Time                 4.764
- Arrival Time                  1.447
= Slack Time                    3.317
= Slack Time(original)          3.300
     Clock Rise Edge                      0.000
     = Beginpoint Arrival Time            0.000
     Timing Path:
      ------------------------------------------------------------------------------------
      Instance                       Arc            Cell         Retime  Arrival  Required  
                                                                 Delay   Time     Time  
      ------------------------------------------------------------------------------------
      -                              clk ^          -            -       0.000    3.317  
      clk_gate_addr                  -              TLATNTSCAX4  0.000   0.000    3.317  
      clk_gate_addr                  CK ^ -> ECK ^  TLATNTSCAX4  0.000   0.000    3.317  
      o_reg_addr_reg_2_              -              SDFFRX1      0.000   0.000    3.317  
      o_reg_addr_reg_2_              CK ^ -> Q ^    SDFFRX1      0.309   0.309    3.626  
      o_reg_addr_reg_2__scan_iso_or  -              AND2X1       0.000   0.309    3.626  
      o_reg_addr_reg_2__scan_iso_or  A ^ -> Y ^     AND2X1       0.149   0.458    3.775  
      U43                            -              NAND2BX1     0.000   0.458    3.775  
      U43                            B ^ -> Y v     NAND2BX1     0.256   0.714    4.031  
      U6                             -              NOR2X2       0.000   0.714    4.031  
      U6                             A v -> Y ^     NOR2X2       0.229   0.942    4.260  
      U204                           -              NOR2BX2      0.000   0.942    4.260  
      U204                           AN ^ -> Y ^    NOR2BX2      0.257   1.200    4.517  
      U333                           -              AOI22X1      0.000   1.200    4.517  
      U333                           B0 ^ -> Y v    AOI22X1      0.122   1.322    4.639  
      U335                           -              AND4X1       0.000   1.322    4.639  
      U335                           C v -> Y v     AND4X1       0.100   1.422    4.739  
      U87                            -              OAI21X1      0.000   1.422    4.739  
      U87                            B0 v -> Y ^    OAI21X1      0.025   1.447    4.764  
      f32_mux_0_data_reg_6_          -              SDFFRX1      0.000   1.447    4.764  
      ------------------------------------------------------------------------------------
     Clock Rise Edge                      0.000
     = Beginpoint Arrival Time            0.000
     Other End Path:
      ----------------------------------------------------------------------------
      Instance               Arc            Cell         Retime  Arrival  Required  
                                                         Delay   Time     Time  
      ----------------------------------------------------------------------------
      -                      clk ^          -            -       0.000    -3.317  
      clk_gate_mux           -              TLATNTSCAX4  0.000   0.000    -3.317  
      clk_gate_mux           CK ^ -> ECK ^  TLATNTSCAX4  0.000   0.000    -3.317  
      f32_mux_0_data_reg_6_  -              SDFFRX1      0.000   0.000    -3.317  
      ----------------------------------------------------------------------------
Path 41: MET Setup Check with Pin f32_mux_0_data_reg_5_/CK 
Endpoint:   f32_mux_0_data_reg_5_/D (^) checked with  leading edge of 'sclk'
Beginpoint: o_reg_addr_reg_2_/Q     (^) triggered by  leading edge of 'sclk'
Path Groups: {sclk}
Retime Analysis { Data Path-Slew SI }
Other End Arrival Time          0.000
- Setup                         0.236
+ Phase Shift                   5.000
= Required Time                 4.764
- Arrival Time                  1.447
= Slack Time                    3.317
= Slack Time(original)          3.300
     Clock Rise Edge                      0.000
     = Beginpoint Arrival Time            0.000
     Timing Path:
      ------------------------------------------------------------------------------------
      Instance                       Arc            Cell         Retime  Arrival  Required  
                                                                 Delay   Time     Time  
      ------------------------------------------------------------------------------------
      -                              clk ^          -            -       0.000    3.317  
      clk_gate_addr                  -              TLATNTSCAX4  0.000   0.000    3.317  
      clk_gate_addr                  CK ^ -> ECK ^  TLATNTSCAX4  0.000   0.000    3.317  
      o_reg_addr_reg_2_              -              SDFFRX1      0.000   0.000    3.317  
      o_reg_addr_reg_2_              CK ^ -> Q ^    SDFFRX1      0.309   0.309    3.626  
      o_reg_addr_reg_2__scan_iso_or  -              AND2X1       0.000   0.309    3.626  
      o_reg_addr_reg_2__scan_iso_or  A ^ -> Y ^     AND2X1       0.149   0.458    3.775  
      U43                            -              NAND2BX1     0.000   0.458    3.775  
      U43                            B ^ -> Y v     NAND2BX1     0.256   0.714    4.031  
      U6                             -              NOR2X2       0.000   0.714    4.031  
      U6                             A v -> Y ^     NOR2X2       0.229   0.942    4.260  
      U204                           -              NOR2BX2      0.000   0.942    4.260  
      U204                           AN ^ -> Y ^    NOR2BX2      0.257   1.200    4.517  
      U353                           -              AOI22X1      0.000   1.200    4.517  
      U353                           B0 ^ -> Y v    AOI22X1      0.122   1.322    4.639  
      U354                           -              AND4X1       0.000   1.322    4.639  
      U354                           C v -> Y v     AND4X1       0.100   1.422    4.739  
      U88                            -              OAI21X1      0.000   1.422    4.739  
      U88                            B0 v -> Y ^    OAI21X1      0.025   1.447    4.764  
      f32_mux_0_data_reg_5_          -              SDFFRX1      0.000   1.447    4.764  
      ------------------------------------------------------------------------------------
     Clock Rise Edge                      0.000
     = Beginpoint Arrival Time            0.000
     Other End Path:
      ----------------------------------------------------------------------------
      Instance               Arc            Cell         Retime  Arrival  Required  
                                                         Delay   Time     Time  
      ----------------------------------------------------------------------------
      -                      clk ^          -            -       0.000    -3.317  
      clk_gate_mux           -              TLATNTSCAX4  0.000   0.000    -3.317  
      clk_gate_mux           CK ^ -> ECK ^  TLATNTSCAX4  0.000   0.000    -3.317  
      f32_mux_0_data_reg_5_  -              SDFFRX1      0.000   0.000    -3.317  
      ----------------------------------------------------------------------------
Path 42: MET Setup Check with Pin f32_mux_0_data_reg_4_/CK 
Endpoint:   f32_mux_0_data_reg_4_/D (^) checked with  leading edge of 'sclk'
Beginpoint: o_reg_addr_reg_2_/Q     (^) triggered by  leading edge of 'sclk'
Path Groups: {sclk}
Retime Analysis { Data Path-Slew SI }
Other End Arrival Time          0.000
- Setup                         0.236
+ Phase Shift                   5.000
= Required Time                 4.764
- Arrival Time                  1.447
= Slack Time                    3.317
= Slack Time(original)          3.300
     Clock Rise Edge                      0.000
     = Beginpoint Arrival Time            0.000
     Timing Path:
      ------------------------------------------------------------------------------------
      Instance                       Arc            Cell         Retime  Arrival  Required  
                                                                 Delay   Time     Time  
      ------------------------------------------------------------------------------------
      -                              clk ^          -            -       0.000    3.317  
      clk_gate_addr                  -              TLATNTSCAX4  0.000   0.000    3.317  
      clk_gate_addr                  CK ^ -> ECK ^  TLATNTSCAX4  0.000   0.000    3.317  
      o_reg_addr_reg_2_              -              SDFFRX1      0.000   0.000    3.317  
      o_reg_addr_reg_2_              CK ^ -> Q ^    SDFFRX1      0.309   0.309    3.626  
      o_reg_addr_reg_2__scan_iso_or  -              AND2X1       0.000   0.309    3.626  
      o_reg_addr_reg_2__scan_iso_or  A ^ -> Y ^     AND2X1       0.149   0.458    3.775  
      U43                            -              NAND2BX1     0.000   0.458    3.775  
      U43                            B ^ -> Y v     NAND2BX1     0.256   0.714    4.031  
      U6                             -              NOR2X2       0.000   0.714    4.031  
      U6                             A v -> Y ^     NOR2X2       0.229   0.942    4.260  
      U204                           -              NOR2BX2      0.000   0.942    4.260  
      U204                           AN ^ -> Y ^    NOR2BX2      0.257   1.200    4.517  
      U260                           -              AOI22X1      0.000   1.200    4.517  
      U260                           B0 ^ -> Y v    AOI22X1      0.122   1.322    4.639  
      U262                           -              AND4X1       0.000   1.322    4.639  
      U262                           C v -> Y v     AND4X1       0.100   1.422    4.739  
      U89                            -              OAI21X1      0.000   1.422    4.739  
      U89                            B0 v -> Y ^    OAI21X1      0.025   1.447    4.764  
      f32_mux_0_data_reg_4_          -              SDFFRX1      0.000   1.447    4.764  
      ------------------------------------------------------------------------------------
     Clock Rise Edge                      0.000
     = Beginpoint Arrival Time            0.000
     Other End Path:
      ----------------------------------------------------------------------------
      Instance               Arc            Cell         Retime  Arrival  Required  
                                                         Delay   Time     Time  
      ----------------------------------------------------------------------------
      -                      clk ^          -            -       0.000    -3.317  
      clk_gate_mux           -              TLATNTSCAX4  0.000   0.000    -3.317  
      clk_gate_mux           CK ^ -> ECK ^  TLATNTSCAX4  0.000   0.000    -3.317  
      f32_mux_0_data_reg_4_  -              SDFFRX1      0.000   0.000    -3.317  
      ----------------------------------------------------------------------------
Path 43: MET Setup Check with Pin f32_mux_0_data_reg_3_/CK 
Endpoint:   f32_mux_0_data_reg_3_/D (^) checked with  leading edge of 'sclk'
Beginpoint: o_reg_addr_reg_2_/Q     (^) triggered by  leading edge of 'sclk'
Path Groups: {sclk}
Retime Analysis { Data Path-Slew SI }
Other End Arrival Time          0.000
- Setup                         0.236
+ Phase Shift                   5.000
= Required Time                 4.764
- Arrival Time                  1.447
= Slack Time                    3.317
= Slack Time(original)          3.300
     Clock Rise Edge                      0.000
     = Beginpoint Arrival Time            0.000
     Timing Path:
      ------------------------------------------------------------------------------------
      Instance                       Arc            Cell         Retime  Arrival  Required  
                                                                 Delay   Time     Time  
      ------------------------------------------------------------------------------------
      -                              clk ^          -            -       0.000    3.317  
      clk_gate_addr                  -              TLATNTSCAX4  0.000   0.000    3.317  
      clk_gate_addr                  CK ^ -> ECK ^  TLATNTSCAX4  0.000   0.000    3.317  
      o_reg_addr_reg_2_              -              SDFFRX1      0.000   0.000    3.317  
      o_reg_addr_reg_2_              CK ^ -> Q ^    SDFFRX1      0.309   0.309    3.626  
      o_reg_addr_reg_2__scan_iso_or  -              AND2X1       0.000   0.309    3.626  
      o_reg_addr_reg_2__scan_iso_or  A ^ -> Y ^     AND2X1       0.149   0.458    3.775  
      U43                            -              NAND2BX1     0.000   0.458    3.775  
      U43                            B ^ -> Y v     NAND2BX1     0.256   0.714    4.031  
      U6                             -              NOR2X2       0.000   0.714    4.031  
      U6                             A v -> Y ^     NOR2X2       0.229   0.942    4.260  
      U204                           -              NOR2BX2      0.000   0.942    4.260  
      U204                           AN ^ -> Y ^    NOR2BX2      0.257   1.200    4.517  
      U251                           -              AOI22X1      0.000   1.200    4.517  
      U251                           B0 ^ -> Y v    AOI22X1      0.122   1.322    4.639  
      U253                           -              AND4X1       0.000   1.322    4.639  
      U253                           C v -> Y v     AND4X1       0.100   1.422    4.739  
      U90                            -              OAI21X1      0.000   1.422    4.739  
      U90                            B0 v -> Y ^    OAI21X1      0.025   1.447    4.764  
      f32_mux_0_data_reg_3_          -              SDFFRX1      0.000   1.447    4.764  
      ------------------------------------------------------------------------------------
     Clock Rise Edge                      0.000
     = Beginpoint Arrival Time            0.000
     Other End Path:
      ----------------------------------------------------------------------------
      Instance               Arc            Cell         Retime  Arrival  Required  
                                                         Delay   Time     Time  
      ----------------------------------------------------------------------------
      -                      clk ^          -            -       0.000    -3.317  
      clk_gate_mux           -              TLATNTSCAX4  0.000   0.000    -3.317  
      clk_gate_mux           CK ^ -> ECK ^  TLATNTSCAX4  0.000   0.000    -3.317  
      f32_mux_0_data_reg_3_  -              SDFFRX1      0.000   0.000    -3.317  
      ----------------------------------------------------------------------------
Path 44: MET Setup Check with Pin f32_mux_1_data_reg_0_/CK 
Endpoint:   f32_mux_1_data_reg_0_/D (^) checked with  leading edge of 'sclk'
Beginpoint: o_reg_addr_reg_2_/Q     (^) triggered by  leading edge of 'sclk'
Path Groups: {sclk}
Retime Analysis { Data Path-Slew SI }
Other End Arrival Time          0.000
- Setup                         0.235
+ Phase Shift                   5.000
= Required Time                 4.765
- Arrival Time                  1.403
= Slack Time                    3.362
= Slack Time(original)          3.347
     Clock Rise Edge                      0.000
     = Beginpoint Arrival Time            0.000
     Timing Path:
      ------------------------------------------------------------------------------------
      Instance                       Arc            Cell         Retime  Arrival  Required  
                                                                 Delay   Time     Time  
      ------------------------------------------------------------------------------------
      -                              clk ^          -            -       0.000    3.362  
      clk_gate_addr                  -              TLATNTSCAX4  0.000   0.000    3.362  
      clk_gate_addr                  CK ^ -> ECK ^  TLATNTSCAX4  0.000   0.000    3.362  
      o_reg_addr_reg_2_              -              SDFFRX1      0.000   0.000    3.362  
      o_reg_addr_reg_2_              CK ^ -> Q ^    SDFFRX1      0.309   0.309    3.671  
      o_reg_addr_reg_2__scan_iso_or  -              AND2X1       0.000   0.309    3.671  
      o_reg_addr_reg_2__scan_iso_or  A ^ -> Y ^     AND2X1       0.149   0.458    3.820  
      U43                            -              NAND2BX1     0.000   0.458    3.820  
      U43                            B ^ -> Y v     NAND2BX1     0.256   0.714    4.075  
      U31                            -              NOR2X2       0.000   0.714    4.075  
      U31                            A v -> Y ^     NOR2X2       0.206   0.919    4.281  
      U466                           -              AND2X2       0.000   0.919    4.281  
      U466                           B ^ -> Y ^     AND2X2       0.232   1.151    4.513  
      U663                           -              AOI22X1      0.000   1.151    4.513  
      U663                           B0 ^ -> Y v    AOI22X1      0.093   1.244    4.606  
      U664                           -              NAND4X1      0.000   1.244    4.606  
      U664                           D v -> Y ^     NAND4X1      0.049   1.293    4.655  
      U670                           -              AOI21X1      0.000   1.293    4.655  
      U670                           A1 ^ -> Y v    AOI21X1      0.064   1.357    4.719  
      U159                           -              NAND3X1      0.000   1.357    4.719  
      U159                           B v -> Y ^     NAND3X1      0.046   1.403    4.765  
      f32_mux_1_data_reg_0_          -              SDFFRX1      0.000   1.403    4.765  
      ------------------------------------------------------------------------------------
     Clock Rise Edge                      0.000
     = Beginpoint Arrival Time            0.000
     Other End Path:
      ----------------------------------------------------------------------------
      Instance               Arc            Cell         Retime  Arrival  Required  
                                                         Delay   Time     Time  
      ----------------------------------------------------------------------------
      -                      clk ^          -            -       0.000    -3.362  
      clk_gate_mux           -              TLATNTSCAX4  0.000   0.000    -3.362  
      clk_gate_mux           CK ^ -> ECK ^  TLATNTSCAX4  0.000   0.000    -3.362  
      f32_mux_1_data_reg_0_  -              SDFFRX1      0.000   0.000    -3.362  
      ----------------------------------------------------------------------------
Path 45: MET Setup Check with Pin f32_mux_1_data_reg_9_/CK 
Endpoint:   f32_mux_1_data_reg_9_/D (^) checked with  leading edge of 'sclk'
Beginpoint: o_reg_addr_reg_2_/Q     (^) triggered by  leading edge of 'sclk'
Path Groups: {sclk}
Retime Analysis { Data Path-Slew SI }
Other End Arrival Time          0.000
- Setup                         0.235
+ Phase Shift                   5.000
= Required Time                 4.765
- Arrival Time                  1.403
= Slack Time                    3.362
= Slack Time(original)          3.347
     Clock Rise Edge                      0.000
     = Beginpoint Arrival Time            0.000
     Timing Path:
      ------------------------------------------------------------------------------------
      Instance                       Arc            Cell         Retime  Arrival  Required  
                                                                 Delay   Time     Time  
      ------------------------------------------------------------------------------------
      -                              clk ^          -            -       0.000    3.362  
      clk_gate_addr                  -              TLATNTSCAX4  0.000   0.000    3.362  
      clk_gate_addr                  CK ^ -> ECK ^  TLATNTSCAX4  0.000   0.000    3.362  
      o_reg_addr_reg_2_              -              SDFFRX1      0.000   0.000    3.362  
      o_reg_addr_reg_2_              CK ^ -> Q ^    SDFFRX1      0.309   0.309    3.671  
      o_reg_addr_reg_2__scan_iso_or  -              AND2X1       0.000   0.309    3.671  
      o_reg_addr_reg_2__scan_iso_or  A ^ -> Y ^     AND2X1       0.149   0.458    3.820  
      U43                            -              NAND2BX1     0.000   0.458    3.820  
      U43                            B ^ -> Y v     NAND2BX1     0.256   0.714    4.075  
      U31                            -              NOR2X2       0.000   0.714    4.075  
      U31                            A v -> Y ^     NOR2X2       0.206   0.919    4.281  
      U466                           -              AND2X2       0.000   0.919    4.281  
      U466                           B ^ -> Y ^     AND2X2       0.232   1.151    4.513  
      U746                           -              AOI22X1      0.000   1.151    4.513  
      U746                           B0 ^ -> Y v    AOI22X1      0.093   1.244    4.606  
      U747                           -              NAND4X1      0.000   1.244    4.606  
      U747                           D v -> Y ^     NAND4X1      0.049   1.293    4.655  
      U753                           -              AOI21X1      0.000   1.293    4.655  
      U753                           A1 ^ -> Y v    AOI21X1      0.064   1.357    4.719  
      U143                           -              NAND3X1      0.000   1.357    4.719  
      U143                           B v -> Y ^     NAND3X1      0.046   1.403    4.765  
      f32_mux_1_data_reg_9_          -              SDFFRX1      0.000   1.403    4.765  
      ------------------------------------------------------------------------------------
     Clock Rise Edge                      0.000
     = Beginpoint Arrival Time            0.000
     Other End Path:
      ----------------------------------------------------------------------------
      Instance               Arc            Cell         Retime  Arrival  Required  
                                                         Delay   Time     Time  
      ----------------------------------------------------------------------------
      -                      clk ^          -            -       0.000    -3.362  
      clk_gate_mux           -              TLATNTSCAX4  0.000   0.000    -3.362  
      clk_gate_mux           CK ^ -> ECK ^  TLATNTSCAX4  0.000   0.000    -3.362  
      f32_mux_1_data_reg_9_  -              SDFFRX1      0.000   0.000    -3.362  
      ----------------------------------------------------------------------------
Path 46: MET Setup Check with Pin f32_mux_1_data_reg_23_/CK 
Endpoint:   f32_mux_1_data_reg_23_/D (^) checked with  leading edge of 'sclk'
Beginpoint: o_reg_addr_reg_2_/Q      (^) triggered by  leading edge of 'sclk'
Path Groups: {sclk}
Retime Analysis { Data Path-Slew SI }
Other End Arrival Time          0.000
- Setup                         0.235
+ Phase Shift                   5.000
= Required Time                 4.765
- Arrival Time                  1.403
= Slack Time                    3.362
= Slack Time(original)          3.347
     Clock Rise Edge                      0.000
     = Beginpoint Arrival Time            0.000
     Timing Path:
      ------------------------------------------------------------------------------------
      Instance                       Arc            Cell         Retime  Arrival  Required  
                                                                 Delay   Time     Time  
      ------------------------------------------------------------------------------------
      -                              clk ^          -            -       0.000    3.362  
      clk_gate_addr                  -              TLATNTSCAX4  0.000   0.000    3.362  
      clk_gate_addr                  CK ^ -> ECK ^  TLATNTSCAX4  0.000   0.000    3.362  
      o_reg_addr_reg_2_              -              SDFFRX1      0.000   0.000    3.362  
      o_reg_addr_reg_2_              CK ^ -> Q ^    SDFFRX1      0.309   0.309    3.671  
      o_reg_addr_reg_2__scan_iso_or  -              AND2X1       0.000   0.309    3.671  
      o_reg_addr_reg_2__scan_iso_or  A ^ -> Y ^     AND2X1       0.149   0.458    3.820  
      U43                            -              NAND2BX1     0.000   0.458    3.820  
      U43                            B ^ -> Y v     NAND2BX1     0.256   0.714    4.075  
      U31                            -              NOR2X2       0.000   0.714    4.075  
      U31                            A v -> Y ^     NOR2X2       0.206   0.919    4.281  
      U466                           -              AND2X2       0.000   0.919    4.281  
      U466                           B ^ -> Y ^     AND2X2       0.232   1.151    4.513  
      U467                           -              AOI22X1      0.000   1.151    4.513  
      U467                           B0 ^ -> Y v    AOI22X1      0.093   1.244    4.606  
      U468                           -              NAND4X1      0.000   1.244    4.606  
      U468                           D v -> Y ^     NAND4X1      0.049   1.293    4.655  
      U480                           -              AOI21X1      0.000   1.293    4.655  
      U480                           A1 ^ -> Y v    AOI21X1      0.064   1.357    4.719  
      U115                           -              NAND3X1      0.000   1.357    4.719  
      U115                           B v -> Y ^     NAND3X1      0.046   1.403    4.765  
      f32_mux_1_data_reg_23_         -              SDFFRX1      0.000   1.403    4.765  
      ------------------------------------------------------------------------------------
     Clock Rise Edge                      0.000
     = Beginpoint Arrival Time            0.000
     Other End Path:
      -----------------------------------------------------------------------------
      Instance                Arc            Cell         Retime  Arrival  Required  
                                                          Delay   Time     Time  
      -----------------------------------------------------------------------------
      -                       clk ^          -            -       0.000    -3.362  
      clk_gate_mux            -              TLATNTSCAX4  0.000   0.000    -3.362  
      clk_gate_mux            CK ^ -> ECK ^  TLATNTSCAX4  0.000   0.000    -3.362  
      f32_mux_1_data_reg_23_  -              SDFFRX1      0.000   0.000    -3.362  
      -----------------------------------------------------------------------------
Path 47: MET Setup Check with Pin f32_mux_0_data_reg_24_/CK 
Endpoint:   f32_mux_0_data_reg_24_/D (^) checked with  leading edge of 'sclk'
Beginpoint: o_reg_addr_reg_2_/Q      (^) triggered by  leading edge of 'sclk'
Path Groups: {sclk}
Retime Analysis { Data Path-Slew SI }
Other End Arrival Time          0.000
- Setup                         0.249
+ Phase Shift                   5.000
= Required Time                 4.751
- Arrival Time                  1.383
= Slack Time                    3.367
= Slack Time(original)          3.353
     Clock Rise Edge                      0.000
     = Beginpoint Arrival Time            0.000
     Timing Path:
      ------------------------------------------------------------------------------------
      Instance                       Arc            Cell         Retime  Arrival  Required  
                                                                 Delay   Time     Time  
      ------------------------------------------------------------------------------------
      -                              clk ^          -            -       0.000    3.367  
      clk_gate_addr                  -              TLATNTSCAX4  0.000   0.000    3.367  
      clk_gate_addr                  CK ^ -> ECK ^  TLATNTSCAX4  0.000   0.000    3.367  
      o_reg_addr_reg_2_              -              SDFFRX1      0.000   0.000    3.367  
      o_reg_addr_reg_2_              CK ^ -> Q ^    SDFFRX1      0.309   0.309    3.676  
      o_reg_addr_reg_2__scan_iso_or  -              AND2X1       0.000   0.309    3.676  
      o_reg_addr_reg_2__scan_iso_or  A ^ -> Y ^     AND2X1       0.149   0.458    3.825  
      U43                            -              NAND2BX1     0.000   0.458    3.825  
      U43                            B ^ -> Y v     NAND2BX1     0.256   0.714    4.081  
      U197                           -              NOR2X2       0.000   0.714    4.081  
      U197                           A v -> Y ^     NOR2X2       0.203   0.916    4.284  
      U21                            -              BUFX2        0.000   0.916    4.284  
      U21                            A ^ -> Y ^     BUFX2        0.175   1.091    4.458  
      U208                           -              AO22X1       0.000   1.091    4.458  
      U208                           A0 ^ -> Y ^    AO22X1       0.199   1.290    4.657  
      U209                           -              AOI21X1      0.000   1.290    4.657  
      U209                           B0 ^ -> Y v    AOI21X1      0.036   1.326    4.694  
      U212                           -              OAI211X1     0.000   1.326    4.694  
      U212                           A1 v -> Y ^    OAI211X1     0.057   1.383    4.751  
      f32_mux_0_data_reg_24_         -              SDFFRX1      0.000   1.383    4.751  
      ------------------------------------------------------------------------------------
     Clock Rise Edge                      0.000
     = Beginpoint Arrival Time            0.000
     Other End Path:
      -----------------------------------------------------------------------------
      Instance                Arc            Cell         Retime  Arrival  Required  
                                                          Delay   Time     Time  
      -----------------------------------------------------------------------------
      -                       clk ^          -            -       0.000    -3.367  
      clk_gate_mux            -              TLATNTSCAX4  0.000   0.000    -3.367  
      clk_gate_mux            CK ^ -> ECK ^  TLATNTSCAX4  0.000   0.000    -3.367  
      f32_mux_0_data_reg_24_  -              SDFFRX1      0.000   0.000    -3.367  
      -----------------------------------------------------------------------------
Path 48: MET Setup Check with Pin f32_mux_0_data_reg_25_/CK 
Endpoint:   f32_mux_0_data_reg_25_/D (^) checked with  leading edge of 'sclk'
Beginpoint: o_reg_addr_reg_2_/Q      (^) triggered by  leading edge of 'sclk'
Path Groups: {sclk}
Retime Analysis { Data Path-Slew SI }
Other End Arrival Time          0.000
- Setup                         0.249
+ Phase Shift                   5.000
= Required Time                 4.751
- Arrival Time                  1.383
= Slack Time                    3.367
= Slack Time(original)          3.353
     Clock Rise Edge                      0.000
     = Beginpoint Arrival Time            0.000
     Timing Path:
      ------------------------------------------------------------------------------------
      Instance                       Arc            Cell         Retime  Arrival  Required  
                                                                 Delay   Time     Time  
      ------------------------------------------------------------------------------------
      -                              clk ^          -            -       0.000    3.367  
      clk_gate_addr                  -              TLATNTSCAX4  0.000   0.000    3.367  
      clk_gate_addr                  CK ^ -> ECK ^  TLATNTSCAX4  0.000   0.000    3.367  
      o_reg_addr_reg_2_              -              SDFFRX1      0.000   0.000    3.367  
      o_reg_addr_reg_2_              CK ^ -> Q ^    SDFFRX1      0.309   0.309    3.676  
      o_reg_addr_reg_2__scan_iso_or  -              AND2X1       0.000   0.309    3.676  
      o_reg_addr_reg_2__scan_iso_or  A ^ -> Y ^     AND2X1       0.149   0.458    3.825  
      U43                            -              NAND2BX1     0.000   0.458    3.825  
      U43                            B ^ -> Y v     NAND2BX1     0.256   0.714    4.081  
      U197                           -              NOR2X2       0.000   0.714    4.081  
      U197                           A v -> Y ^     NOR2X2       0.203   0.916    4.284  
      U21                            -              BUFX2        0.000   0.916    4.284  
      U21                            A ^ -> Y ^     BUFX2        0.175   1.091    4.458  
      U218                           -              AO22X1       0.000   1.091    4.458  
      U218                           A0 ^ -> Y ^    AO22X1       0.199   1.290    4.657  
      U219                           -              AOI21X1      0.000   1.290    4.657  
      U219                           B0 ^ -> Y v    AOI21X1      0.036   1.326    4.694  
      U222                           -              OAI211X1     0.000   1.326    4.694  
      U222                           A1 v -> Y ^    OAI211X1     0.057   1.383    4.751  
      f32_mux_0_data_reg_25_         -              SDFFRX1      0.000   1.383    4.751  
      ------------------------------------------------------------------------------------
     Clock Rise Edge                      0.000
     = Beginpoint Arrival Time            0.000
     Other End Path:
      -----------------------------------------------------------------------------
      Instance                Arc            Cell         Retime  Arrival  Required  
                                                          Delay   Time     Time  
      -----------------------------------------------------------------------------
      -                       clk ^          -            -       0.000    -3.367  
      clk_gate_mux            -              TLATNTSCAX4  0.000   0.000    -3.367  
      clk_gate_mux            CK ^ -> ECK ^  TLATNTSCAX4  0.000   0.000    -3.367  
      f32_mux_0_data_reg_25_  -              SDFFRX1      0.000   0.000    -3.367  
      -----------------------------------------------------------------------------
Path 49: MET Setup Check with Pin f32_mux_0_data_reg_26_/CK 
Endpoint:   f32_mux_0_data_reg_26_/D (^) checked with  leading edge of 'sclk'
Beginpoint: o_reg_addr_reg_2_/Q      (^) triggered by  leading edge of 'sclk'
Path Groups: {sclk}
Retime Analysis { Data Path-Slew SI }
Other End Arrival Time          0.000
- Setup                         0.249
+ Phase Shift                   5.000
= Required Time                 4.751
- Arrival Time                  1.383
= Slack Time                    3.367
= Slack Time(original)          3.353
     Clock Rise Edge                      0.000
     = Beginpoint Arrival Time            0.000
     Timing Path:
      ------------------------------------------------------------------------------------
      Instance                       Arc            Cell         Retime  Arrival  Required  
                                                                 Delay   Time     Time  
      ------------------------------------------------------------------------------------
      -                              clk ^          -            -       0.000    3.367  
      clk_gate_addr                  -              TLATNTSCAX4  0.000   0.000    3.367  
      clk_gate_addr                  CK ^ -> ECK ^  TLATNTSCAX4  0.000   0.000    3.367  
      o_reg_addr_reg_2_              -              SDFFRX1      0.000   0.000    3.367  
      o_reg_addr_reg_2_              CK ^ -> Q ^    SDFFRX1      0.309   0.309    3.676  
      o_reg_addr_reg_2__scan_iso_or  -              AND2X1       0.000   0.309    3.676  
      o_reg_addr_reg_2__scan_iso_or  A ^ -> Y ^     AND2X1       0.149   0.458    3.825  
      U43                            -              NAND2BX1     0.000   0.458    3.825  
      U43                            B ^ -> Y v     NAND2BX1     0.256   0.714    4.081  
      U197                           -              NOR2X2       0.000   0.714    4.081  
      U197                           A v -> Y ^     NOR2X2       0.203   0.916    4.284  
      U21                            -              BUFX2        0.000   0.916    4.284  
      U21                            A ^ -> Y ^     BUFX2        0.175   1.091    4.458  
      U213                           -              AO22X1       0.000   1.091    4.458  
      U213                           A0 ^ -> Y ^    AO22X1       0.199   1.290    4.657  
      U214                           -              AOI21X1      0.000   1.290    4.657  
      U214                           B0 ^ -> Y v    AOI21X1      0.036   1.326    4.694  
      U217                           -              OAI211X1     0.000   1.326    4.694  
      U217                           A1 v -> Y ^    OAI211X1     0.057   1.383    4.751  
      f32_mux_0_data_reg_26_         -              SDFFRX1      0.000   1.383    4.751  
      ------------------------------------------------------------------------------------
     Clock Rise Edge                      0.000
     = Beginpoint Arrival Time            0.000
     Other End Path:
      -----------------------------------------------------------------------------
      Instance                Arc            Cell         Retime  Arrival  Required  
                                                          Delay   Time     Time  
      -----------------------------------------------------------------------------
      -                       clk ^          -            -       0.000    -3.367  
      clk_gate_mux            -              TLATNTSCAX4  0.000   0.000    -3.367  
      clk_gate_mux            CK ^ -> ECK ^  TLATNTSCAX4  0.000   0.000    -3.367  
      f32_mux_0_data_reg_26_  -              SDFFRX1      0.000   0.000    -3.367  
      -----------------------------------------------------------------------------
Path 50: MET Setup Check with Pin f32_mux_0_data_reg_0_/CK 
Endpoint:   f32_mux_0_data_reg_0_/D (^) checked with  leading edge of 'sclk'
Beginpoint: o_reg_addr_reg_2_/Q     (^) triggered by  leading edge of 'sclk'
Path Groups: {sclk}
Retime Analysis { Data Path-Slew SI }
Other End Arrival Time          0.000
- Setup                         0.232
+ Phase Shift                   5.000
= Required Time                 4.768
- Arrival Time                  1.385
= Slack Time                    3.383
= Slack Time(original)          3.354
     Clock Rise Edge                      0.000
     = Beginpoint Arrival Time            0.000
     Timing Path:
      ------------------------------------------------------------------------------------
      Instance                       Arc            Cell         Retime  Arrival  Required  
                                                                 Delay   Time     Time  
      ------------------------------------------------------------------------------------
      -                              clk ^          -            -       0.000    3.383  
      clk_gate_addr                  -              TLATNTSCAX4  0.000   0.000    3.383  
      clk_gate_addr                  CK ^ -> ECK ^  TLATNTSCAX4  0.000   0.000    3.383  
      o_reg_addr_reg_2_              -              SDFFRX1      0.000   0.000    3.383  
      o_reg_addr_reg_2_              CK ^ -> Q ^    SDFFRX1      0.309   0.309    3.692  
      o_reg_addr_reg_2__scan_iso_or  -              AND2X1       0.000   0.309    3.692  
      o_reg_addr_reg_2__scan_iso_or  A ^ -> Y ^     AND2X1       0.149   0.458    3.841  
      U43                            -              NAND2BX1     0.000   0.458    3.841  
      U43                            B ^ -> Y v     NAND2BX1     0.256   0.714    4.097  
      U31                            -              NOR2X2       0.000   0.714    4.097  
      U31                            A v -> Y ^     NOR2X2       0.206   0.919    4.302  
      U28                            -              BUFX4        0.000   0.919    4.302  
      U28                            A ^ -> Y ^     BUFX4        0.152   1.072    4.455  
      U835                           -              AOI22X1      0.000   1.072    4.455  
      U835                           B0 ^ -> Y v    AOI22X1      0.076   1.148    4.531  
      U836                           -              OAI211X1     0.000   1.148    4.531  
      U836                           C0 v -> Y ^    OAI211X1     0.047   1.195    4.578  
      U844                           -              OAI31X1      0.000   1.195    4.578  
      U844                           A0 ^ -> Y v    OAI31X1      0.083   1.277    4.660  
      U845_INV                       -              INVX1        0.000   1.277    4.660  
      U845_INV                       A v -> Y ^     INVX1        0.041   1.319    4.702  
      U845                           -              AO21X1       0.000   1.319    4.702  
      U845                           B0 ^ -> Y ^    AO21X1       0.066   1.385    4.768  
      f32_mux_0_data_reg_0_          -              SDFFRX1      0.000   1.385    4.768  
      ------------------------------------------------------------------------------------
     Clock Rise Edge                      0.000
     = Beginpoint Arrival Time            0.000
     Other End Path:
      ----------------------------------------------------------------------------
      Instance               Arc            Cell         Retime  Arrival  Required  
                                                         Delay   Time     Time  
      ----------------------------------------------------------------------------
      -                      clk ^          -            -       0.000    -3.383  
      clk_gate_mux           -              TLATNTSCAX4  0.000   0.000    -3.383  
      clk_gate_mux           CK ^ -> ECK ^  TLATNTSCAX4  0.000   0.000    -3.383  
      f32_mux_0_data_reg_0_  -              SDFFRX1      0.000   0.000    -3.383  
      ----------------------------------------------------------------------------

