###############################################################
#  Generated by:      Cadence Tempus 20.20-p001_1
#  OS:                Linux x86_64(Host ID APL10.kletech.ac.in)
#  Generated on:      Wed Apr  2 10:39:21 2025
#  Design:            vorca
#  Command:           report_timing -early  -max_paths 50 -nworst 1 -path_type full_clock -net  > ${reportDir}/worst_min_path.rpt
###############################################################
Path 1: VIOLATED Removal Check with Pin u_survik/o_adj_config_reg_0_/CK 
Endpoint:   u_survik/o_adj_config_reg_0_/RN (^) checked with  leading edge of 'sclk'
Beginpoint: i_reset_                        (^) triggered by  leading edge of '@'
Path Groups: {async_default}
Other End Arrival Time          0.000
+ Removal                       0.124
+ Phase Shift                   0.000
= Required Time                 0.124
  Arrival Time                  0.073
  Slack Time                   -0.050
     Clock Rise Edge                      0.000
     + Input Delay                        0.000
     = Beginpoint Arrival Time            0.000
     Timing Path:
      ----------------------------------------------------------------------------------
      Pin                              Edge  Net       Cell     Delay  Arrival  Required  
                                                                       Time     Time  
      ----------------------------------------------------------------------------------
      i_reset_                         ^     i_reset_  -        -      0.000    0.050  
      U13/A                            ^     i_reset_  INVX4    0.000  0.000    0.050  
      U13/Y                            v     n126      INVX4    0.028  0.028    0.078  
      U74/A                            v     n126      INVX8    0.000  0.028    0.078  
      U74/Y                            ^     n128      INVX8    0.046  0.073    0.124  
      u_survik/o_adj_config_reg_0_/RN  ^     n128      SDFFRX1  0.000  0.073    0.124  
      ----------------------------------------------------------------------------------
     Clock Rise Edge                      0.000
     = Beginpoint Arrival Time            0.000
     Other End Path:
      ------------------------------------------------------------------------------------------------
      Pin                              Edge  Net                 Cell         Delay  Arrival  Required  
                                                                                     Time     Time  
      ------------------------------------------------------------------------------------------------
      clk                              ^     clk                 -            -      0.000    -0.050  
      u_survik/clk_gate_config/CK      ^     clk                 TLATNTSCAX4  0.000  0.000    -0.050  
      u_survik/clk_gate_config/ECK     ^     u_survik/net122000  TLATNTSCAX4  0.000  0.000    -0.050  
      u_survik/o_adj_config_reg_0_/CK  ^     u_survik/net122000  SDFFRX1      0.000  0.000    -0.050  
      ------------------------------------------------------------------------------------------------
Path 2: VIOLATED Removal Check with Pin u_survik/o_adj_config_reg_1_/CK 
Endpoint:   u_survik/o_adj_config_reg_1_/RN (^) checked with  leading edge of 'sclk'
Beginpoint: i_reset_                        (^) triggered by  leading edge of '@'
Path Groups: {async_default}
Other End Arrival Time          0.000
+ Removal                       0.124
+ Phase Shift                   0.000
= Required Time                 0.124
  Arrival Time                  0.073
  Slack Time                   -0.050
     Clock Rise Edge                      0.000
     + Input Delay                        0.000
     = Beginpoint Arrival Time            0.000
     Timing Path:
      ----------------------------------------------------------------------------------
      Pin                              Edge  Net       Cell     Delay  Arrival  Required  
                                                                       Time     Time  
      ----------------------------------------------------------------------------------
      i_reset_                         ^     i_reset_  -        -      0.000    0.050  
      U13/A                            ^     i_reset_  INVX4    0.000  0.000    0.050  
      U13/Y                            v     n126      INVX4    0.028  0.028    0.078  
      U74/A                            v     n126      INVX8    0.000  0.028    0.078  
      U74/Y                            ^     n128      INVX8    0.046  0.073    0.124  
      u_survik/o_adj_config_reg_1_/RN  ^     n128      SDFFRX1  0.000  0.073    0.124  
      ----------------------------------------------------------------------------------
     Clock Rise Edge                      0.000
     = Beginpoint Arrival Time            0.000
     Other End Path:
      ------------------------------------------------------------------------------------------------
      Pin                              Edge  Net                 Cell         Delay  Arrival  Required  
                                                                                     Time     Time  
      ------------------------------------------------------------------------------------------------
      clk                              ^     clk                 -            -      0.000    -0.050  
      u_survik/clk_gate_config/CK      ^     clk                 TLATNTSCAX4  0.000  0.000    -0.050  
      u_survik/clk_gate_config/ECK     ^     u_survik/net122000  TLATNTSCAX4  0.000  0.000    -0.050  
      u_survik/o_adj_config_reg_1_/CK  ^     u_survik/net122000  SDFFRX1      0.000  0.000    -0.050  
      ------------------------------------------------------------------------------------------------
Path 3: VIOLATED Removal Check with Pin u_survik/o_adj_config_reg_2_/CK 
Endpoint:   u_survik/o_adj_config_reg_2_/RN (^) checked with  leading edge of 'sclk'
Beginpoint: i_reset_                        (^) triggered by  leading edge of '@'
Path Groups: {async_default}
Other End Arrival Time          0.000
+ Removal                       0.124
+ Phase Shift                   0.000
= Required Time                 0.124
  Arrival Time                  0.073
  Slack Time                   -0.050
     Clock Rise Edge                      0.000
     + Input Delay                        0.000
     = Beginpoint Arrival Time            0.000
     Timing Path:
      ----------------------------------------------------------------------------------
      Pin                              Edge  Net       Cell     Delay  Arrival  Required  
                                                                       Time     Time  
      ----------------------------------------------------------------------------------
      i_reset_                         ^     i_reset_  -        -      0.000    0.050  
      U13/A                            ^     i_reset_  INVX4    0.000  0.000    0.050  
      U13/Y                            v     n126      INVX4    0.028  0.028    0.078  
      U74/A                            v     n126      INVX8    0.000  0.028    0.078  
      U74/Y                            ^     n128      INVX8    0.046  0.073    0.124  
      u_survik/o_adj_config_reg_2_/RN  ^     n128      SDFFRX1  0.000  0.073    0.124  
      ----------------------------------------------------------------------------------
     Clock Rise Edge                      0.000
     = Beginpoint Arrival Time            0.000
     Other End Path:
      ------------------------------------------------------------------------------------------------
      Pin                              Edge  Net                 Cell         Delay  Arrival  Required  
                                                                                     Time     Time  
      ------------------------------------------------------------------------------------------------
      clk                              ^     clk                 -            -      0.000    -0.050  
      u_survik/clk_gate_config/CK      ^     clk                 TLATNTSCAX4  0.000  0.000    -0.050  
      u_survik/clk_gate_config/ECK     ^     u_survik/net122000  TLATNTSCAX4  0.000  0.000    -0.050  
      u_survik/o_adj_config_reg_2_/CK  ^     u_survik/net122000  SDFFRX1      0.000  0.000    -0.050  
      ------------------------------------------------------------------------------------------------
Path 4: VIOLATED Removal Check with Pin u_survik/o_adj_config_reg_3_/CK 
Endpoint:   u_survik/o_adj_config_reg_3_/RN (^) checked with  leading edge of 'sclk'
Beginpoint: i_reset_                        (^) triggered by  leading edge of '@'
Path Groups: {async_default}
Other End Arrival Time          0.000
+ Removal                       0.124
+ Phase Shift                   0.000
= Required Time                 0.124
  Arrival Time                  0.073
  Slack Time                   -0.050
     Clock Rise Edge                      0.000
     + Input Delay                        0.000
     = Beginpoint Arrival Time            0.000
     Timing Path:
      ----------------------------------------------------------------------------------
      Pin                              Edge  Net       Cell     Delay  Arrival  Required  
                                                                       Time     Time  
      ----------------------------------------------------------------------------------
      i_reset_                         ^     i_reset_  -        -      0.000    0.050  
      U13/A                            ^     i_reset_  INVX4    0.000  0.000    0.050  
      U13/Y                            v     n126      INVX4    0.028  0.028    0.078  
      U74/A                            v     n126      INVX8    0.000  0.028    0.078  
      U74/Y                            ^     n128      INVX8    0.046  0.073    0.124  
      u_survik/o_adj_config_reg_3_/RN  ^     n128      SDFFRX1  0.000  0.073    0.124  
      ----------------------------------------------------------------------------------
     Clock Rise Edge                      0.000
     = Beginpoint Arrival Time            0.000
     Other End Path:
      ------------------------------------------------------------------------------------------------
      Pin                              Edge  Net                 Cell         Delay  Arrival  Required  
                                                                                     Time     Time  
      ------------------------------------------------------------------------------------------------
      clk                              ^     clk                 -            -      0.000    -0.050  
      u_survik/clk_gate_config/CK      ^     clk                 TLATNTSCAX4  0.000  0.000    -0.050  
      u_survik/clk_gate_config/ECK     ^     u_survik/net122000  TLATNTSCAX4  0.000  0.000    -0.050  
      u_survik/o_adj_config_reg_3_/CK  ^     u_survik/net122000  SDFFRX1      0.000  0.000    -0.050  
      ------------------------------------------------------------------------------------------------
Path 5: VIOLATED Removal Check with Pin u_survik/o_adj_config_reg_4_/CK 
Endpoint:   u_survik/o_adj_config_reg_4_/RN (^) checked with  leading edge of 'sclk'
Beginpoint: i_reset_                        (^) triggered by  leading edge of '@'
Path Groups: {async_default}
Other End Arrival Time          0.000
+ Removal                       0.124
+ Phase Shift                   0.000
= Required Time                 0.124
  Arrival Time                  0.073
  Slack Time                   -0.050
     Clock Rise Edge                      0.000
     + Input Delay                        0.000
     = Beginpoint Arrival Time            0.000
     Timing Path:
      ----------------------------------------------------------------------------------
      Pin                              Edge  Net       Cell     Delay  Arrival  Required  
                                                                       Time     Time  
      ----------------------------------------------------------------------------------
      i_reset_                         ^     i_reset_  -        -      0.000    0.050  
      U13/A                            ^     i_reset_  INVX4    0.000  0.000    0.050  
      U13/Y                            v     n126      INVX4    0.028  0.028    0.078  
      U74/A                            v     n126      INVX8    0.000  0.028    0.078  
      U74/Y                            ^     n128      INVX8    0.046  0.073    0.124  
      u_survik/o_adj_config_reg_4_/RN  ^     n128      SDFFRX1  0.000  0.073    0.124  
      ----------------------------------------------------------------------------------
     Clock Rise Edge                      0.000
     = Beginpoint Arrival Time            0.000
     Other End Path:
      ------------------------------------------------------------------------------------------------
      Pin                              Edge  Net                 Cell         Delay  Arrival  Required  
                                                                                     Time     Time  
      ------------------------------------------------------------------------------------------------
      clk                              ^     clk                 -            -      0.000    -0.050  
      u_survik/clk_gate_config/CK      ^     clk                 TLATNTSCAX4  0.000  0.000    -0.050  
      u_survik/clk_gate_config/ECK     ^     u_survik/net122000  TLATNTSCAX4  0.000  0.000    -0.050  
      u_survik/o_adj_config_reg_4_/CK  ^     u_survik/net122000  SDFFRX1      0.000  0.000    -0.050  
      ------------------------------------------------------------------------------------------------
Path 6: VIOLATED Removal Check with Pin u_survik/o_adj_config_reg_5_/CK 
Endpoint:   u_survik/o_adj_config_reg_5_/RN (^) checked with  leading edge of 'sclk'
Beginpoint: i_reset_                        (^) triggered by  leading edge of '@'
Path Groups: {async_default}
Other End Arrival Time          0.000
+ Removal                       0.124
+ Phase Shift                   0.000
= Required Time                 0.124
  Arrival Time                  0.073
  Slack Time                   -0.050
     Clock Rise Edge                      0.000
     + Input Delay                        0.000
     = Beginpoint Arrival Time            0.000
     Timing Path:
      ----------------------------------------------------------------------------------
      Pin                              Edge  Net       Cell     Delay  Arrival  Required  
                                                                       Time     Time  
      ----------------------------------------------------------------------------------
      i_reset_                         ^     i_reset_  -        -      0.000    0.050  
      U13/A                            ^     i_reset_  INVX4    0.000  0.000    0.050  
      U13/Y                            v     n126      INVX4    0.028  0.028    0.078  
      U74/A                            v     n126      INVX8    0.000  0.028    0.078  
      U74/Y                            ^     n128      INVX8    0.046  0.073    0.124  
      u_survik/o_adj_config_reg_5_/RN  ^     n128      SDFFRX1  0.000  0.073    0.124  
      ----------------------------------------------------------------------------------
     Clock Rise Edge                      0.000
     = Beginpoint Arrival Time            0.000
     Other End Path:
      ------------------------------------------------------------------------------------------------
      Pin                              Edge  Net                 Cell         Delay  Arrival  Required  
                                                                                     Time     Time  
      ------------------------------------------------------------------------------------------------
      clk                              ^     clk                 -            -      0.000    -0.050  
      u_survik/clk_gate_config/CK      ^     clk                 TLATNTSCAX4  0.000  0.000    -0.050  
      u_survik/clk_gate_config/ECK     ^     u_survik/net122000  TLATNTSCAX4  0.000  0.000    -0.050  
      u_survik/o_adj_config_reg_5_/CK  ^     u_survik/net122000  SDFFRX1      0.000  0.000    -0.050  
      ------------------------------------------------------------------------------------------------
Path 7: VIOLATED Removal Check with Pin u_survik/o_adj_config_reg_6_/CK 
Endpoint:   u_survik/o_adj_config_reg_6_/RN (^) checked with  leading edge of 'sclk'
Beginpoint: i_reset_                        (^) triggered by  leading edge of '@'
Path Groups: {async_default}
Other End Arrival Time          0.000
+ Removal                       0.124
+ Phase Shift                   0.000
= Required Time                 0.124
  Arrival Time                  0.073
  Slack Time                   -0.050
     Clock Rise Edge                      0.000
     + Input Delay                        0.000
     = Beginpoint Arrival Time            0.000
     Timing Path:
      ----------------------------------------------------------------------------------
      Pin                              Edge  Net       Cell     Delay  Arrival  Required  
                                                                       Time     Time  
      ----------------------------------------------------------------------------------
      i_reset_                         ^     i_reset_  -        -      0.000    0.050  
      U13/A                            ^     i_reset_  INVX4    0.000  0.000    0.050  
      U13/Y                            v     n126      INVX4    0.028  0.028    0.078  
      U74/A                            v     n126      INVX8    0.000  0.028    0.078  
      U74/Y                            ^     n128      INVX8    0.046  0.073    0.124  
      u_survik/o_adj_config_reg_6_/RN  ^     n128      SDFFRX1  0.000  0.073    0.124  
      ----------------------------------------------------------------------------------
     Clock Rise Edge                      0.000
     = Beginpoint Arrival Time            0.000
     Other End Path:
      ------------------------------------------------------------------------------------------------
      Pin                              Edge  Net                 Cell         Delay  Arrival  Required  
                                                                                     Time     Time  
      ------------------------------------------------------------------------------------------------
      clk                              ^     clk                 -            -      0.000    -0.050  
      u_survik/clk_gate_config/CK      ^     clk                 TLATNTSCAX4  0.000  0.000    -0.050  
      u_survik/clk_gate_config/ECK     ^     u_survik/net122000  TLATNTSCAX4  0.000  0.000    -0.050  
      u_survik/o_adj_config_reg_6_/CK  ^     u_survik/net122000  SDFFRX1      0.000  0.000    -0.050  
      ------------------------------------------------------------------------------------------------
Path 8: VIOLATED Removal Check with Pin u_survik/o_adj_config_reg_7_/CK 
Endpoint:   u_survik/o_adj_config_reg_7_/RN (^) checked with  leading edge of 'sclk'
Beginpoint: i_reset_                        (^) triggered by  leading edge of '@'
Path Groups: {async_default}
Other End Arrival Time          0.000
+ Removal                       0.124
+ Phase Shift                   0.000
= Required Time                 0.124
  Arrival Time                  0.073
  Slack Time                   -0.050
     Clock Rise Edge                      0.000
     + Input Delay                        0.000
     = Beginpoint Arrival Time            0.000
     Timing Path:
      ----------------------------------------------------------------------------------
      Pin                              Edge  Net       Cell     Delay  Arrival  Required  
                                                                       Time     Time  
      ----------------------------------------------------------------------------------
      i_reset_                         ^     i_reset_  -        -      0.000    0.050  
      U13/A                            ^     i_reset_  INVX4    0.000  0.000    0.050  
      U13/Y                            v     n126      INVX4    0.028  0.028    0.078  
      U74/A                            v     n126      INVX8    0.000  0.028    0.078  
      U74/Y                            ^     n128      INVX8    0.046  0.073    0.124  
      u_survik/o_adj_config_reg_7_/RN  ^     n128      SDFFRX1  0.000  0.073    0.124  
      ----------------------------------------------------------------------------------
     Clock Rise Edge                      0.000
     = Beginpoint Arrival Time            0.000
     Other End Path:
      ------------------------------------------------------------------------------------------------
      Pin                              Edge  Net                 Cell         Delay  Arrival  Required  
                                                                                     Time     Time  
      ------------------------------------------------------------------------------------------------
      clk                              ^     clk                 -            -      0.000    -0.050  
      u_survik/clk_gate_config/CK      ^     clk                 TLATNTSCAX4  0.000  0.000    -0.050  
      u_survik/clk_gate_config/ECK     ^     u_survik/net122000  TLATNTSCAX4  0.000  0.000    -0.050  
      u_survik/o_adj_config_reg_7_/CK  ^     u_survik/net122000  SDFFRX1      0.000  0.000    -0.050  
      ------------------------------------------------------------------------------------------------
Path 9: VIOLATED Removal Check with Pin u_survik/o_adj_config_reg_8_/CK 
Endpoint:   u_survik/o_adj_config_reg_8_/RN (^) checked with  leading edge of 'sclk'
Beginpoint: i_reset_                        (^) triggered by  leading edge of '@'
Path Groups: {async_default}
Other End Arrival Time          0.000
+ Removal                       0.124
+ Phase Shift                   0.000
= Required Time                 0.124
  Arrival Time                  0.073
  Slack Time                   -0.050
     Clock Rise Edge                      0.000
     + Input Delay                        0.000
     = Beginpoint Arrival Time            0.000
     Timing Path:
      ----------------------------------------------------------------------------------
      Pin                              Edge  Net       Cell     Delay  Arrival  Required  
                                                                       Time     Time  
      ----------------------------------------------------------------------------------
      i_reset_                         ^     i_reset_  -        -      0.000    0.050  
      U13/A                            ^     i_reset_  INVX4    0.000  0.000    0.050  
      U13/Y                            v     n126      INVX4    0.028  0.028    0.078  
      U74/A                            v     n126      INVX8    0.000  0.028    0.078  
      U74/Y                            ^     n128      INVX8    0.046  0.073    0.124  
      u_survik/o_adj_config_reg_8_/RN  ^     n128      SDFFRX1  0.000  0.073    0.124  
      ----------------------------------------------------------------------------------
     Clock Rise Edge                      0.000
     = Beginpoint Arrival Time            0.000
     Other End Path:
      ------------------------------------------------------------------------------------------------
      Pin                              Edge  Net                 Cell         Delay  Arrival  Required  
                                                                                     Time     Time  
      ------------------------------------------------------------------------------------------------
      clk                              ^     clk                 -            -      0.000    -0.050  
      u_survik/clk_gate_config/CK      ^     clk                 TLATNTSCAX4  0.000  0.000    -0.050  
      u_survik/clk_gate_config/ECK     ^     u_survik/net122000  TLATNTSCAX4  0.000  0.000    -0.050  
      u_survik/o_adj_config_reg_8_/CK  ^     u_survik/net122000  SDFFRX1      0.000  0.000    -0.050  
      ------------------------------------------------------------------------------------------------
Path 10: VIOLATED Removal Check with Pin u_survik/o_adj_config_reg_9_/CK 
Endpoint:   u_survik/o_adj_config_reg_9_/RN (^) checked with  leading edge of 'sclk'
Beginpoint: i_reset_                        (^) triggered by  leading edge of '@'
Path Groups: {async_default}
Other End Arrival Time          0.000
+ Removal                       0.124
+ Phase Shift                   0.000
= Required Time                 0.124
  Arrival Time                  0.073
  Slack Time                   -0.050
     Clock Rise Edge                      0.000
     + Input Delay                        0.000
     = Beginpoint Arrival Time            0.000
     Timing Path:
      ----------------------------------------------------------------------------------
      Pin                              Edge  Net       Cell     Delay  Arrival  Required  
                                                                       Time     Time  
      ----------------------------------------------------------------------------------
      i_reset_                         ^     i_reset_  -        -      0.000    0.050  
      U13/A                            ^     i_reset_  INVX4    0.000  0.000    0.050  
      U13/Y                            v     n126      INVX4    0.028  0.028    0.078  
      U74/A                            v     n126      INVX8    0.000  0.028    0.078  
      U74/Y                            ^     n128      INVX8    0.046  0.073    0.124  
      u_survik/o_adj_config_reg_9_/RN  ^     n128      SDFFRX1  0.000  0.073    0.124  
      ----------------------------------------------------------------------------------
     Clock Rise Edge                      0.000
     = Beginpoint Arrival Time            0.000
     Other End Path:
      ------------------------------------------------------------------------------------------------
      Pin                              Edge  Net                 Cell         Delay  Arrival  Required  
                                                                                     Time     Time  
      ------------------------------------------------------------------------------------------------
      clk                              ^     clk                 -            -      0.000    -0.050  
      u_survik/clk_gate_config/CK      ^     clk                 TLATNTSCAX4  0.000  0.000    -0.050  
      u_survik/clk_gate_config/ECK     ^     u_survik/net122000  TLATNTSCAX4  0.000  0.000    -0.050  
      u_survik/o_adj_config_reg_9_/CK  ^     u_survik/net122000  SDFFRX1      0.000  0.000    -0.050  
      ------------------------------------------------------------------------------------------------
Path 11: VIOLATED Removal Check with Pin u_survik/o_adj_config_reg_10_/CK 
Endpoint:   u_survik/o_adj_config_reg_10_/RN (^) checked with  leading edge of 'sclk'
Beginpoint: i_reset_                         (^) triggered by  leading edge of '@'
Path Groups: {async_default}
Other End Arrival Time          0.000
+ Removal                       0.124
+ Phase Shift                   0.000
= Required Time                 0.124
  Arrival Time                  0.073
  Slack Time                   -0.050
     Clock Rise Edge                      0.000
     + Input Delay                        0.000
     = Beginpoint Arrival Time            0.000
     Timing Path:
      -----------------------------------------------------------------------------------
      Pin                               Edge  Net       Cell     Delay  Arrival  Required  
                                                                        Time     Time  
      -----------------------------------------------------------------------------------
      i_reset_                          ^     i_reset_  -        -      0.000    0.050  
      U13/A                             ^     i_reset_  INVX4    0.000  0.000    0.050  
      U13/Y                             v     n126      INVX4    0.028  0.028    0.078  
      U74/A                             v     n126      INVX8    0.000  0.028    0.078  
      U74/Y                             ^     n128      INVX8    0.046  0.073    0.124  
      u_survik/o_adj_config_reg_10_/RN  ^     n128      SDFFRX1  0.000  0.073    0.124  
      -----------------------------------------------------------------------------------
     Clock Rise Edge                      0.000
     = Beginpoint Arrival Time            0.000
     Other End Path:
      -------------------------------------------------------------------------------------------------
      Pin                               Edge  Net                 Cell         Delay  Arrival  Required  
                                                                                      Time     Time  
      -------------------------------------------------------------------------------------------------
      clk                               ^     clk                 -            -      0.000    -0.050  
      u_survik/clk_gate_config/CK       ^     clk                 TLATNTSCAX4  0.000  0.000    -0.050  
      u_survik/clk_gate_config/ECK      ^     u_survik/net122000  TLATNTSCAX4  0.000  0.000    -0.050  
      u_survik/o_adj_config_reg_10_/CK  ^     u_survik/net122000  SDFFRX1      0.000  0.000    -0.050  
      -------------------------------------------------------------------------------------------------
Path 12: VIOLATED Removal Check with Pin f32_mux_0_data_reg_17_/CK 
Endpoint:   f32_mux_0_data_reg_17_/RN (^) checked with  leading edge of 'sclk'
Beginpoint: i_reset_                  (^) triggered by  leading edge of '@'
Path Groups: {async_default}
Other End Arrival Time          0.000
+ Removal                       0.124
+ Phase Shift                   0.000
= Required Time                 0.124
  Arrival Time                  0.073
  Slack Time                   -0.050
     Clock Rise Edge                      0.000
     + Input Delay                        0.000
     = Beginpoint Arrival Time            0.000
     Timing Path:
      ----------------------------------------------------------------------------
      Pin                        Edge  Net       Cell     Delay  Arrival  Required  
                                                                 Time     Time  
      ----------------------------------------------------------------------------
      i_reset_                   ^     i_reset_  -        -      0.000    0.050  
      U13/A                      ^     i_reset_  INVX4    0.000  0.000    0.050  
      U13/Y                      v     n126      INVX4    0.028  0.028    0.078  
      U74/A                      v     n126      INVX8    0.000  0.028    0.078  
      U74/Y                      ^     n128      INVX8    0.046  0.073    0.124  
      f32_mux_0_data_reg_17_/RN  ^     n128      SDFFRX1  0.000  0.073    0.124  
      ----------------------------------------------------------------------------
     Clock Rise Edge                      0.000
     = Beginpoint Arrival Time            0.000
     Other End Path:
      ---------------------------------------------------------------------------------
      Pin                        Edge  Net        Cell         Delay  Arrival  Required  
                                                                      Time     Time  
      ---------------------------------------------------------------------------------
      clk                        ^     clk        -            -      0.000    -0.050  
      clk_gate_mux/CK            ^     clk        TLATNTSCAX4  0.000  0.000    -0.050  
      clk_gate_mux/ECK           ^     net121966  TLATNTSCAX4  0.000  0.000    -0.050  
      f32_mux_0_data_reg_17_/CK  ^     net121966  SDFFRX1      0.000  0.000    -0.050  
      ---------------------------------------------------------------------------------
Path 13: VIOLATED Removal Check with Pin o_reg_addr_reg_5_/CK 
Endpoint:   o_reg_addr_reg_5_/RN (^) checked with  leading edge of 'sclk'
Beginpoint: i_reset_             (^) triggered by  leading edge of '@'
Path Groups: {async_default}
Other End Arrival Time          0.000
+ Removal                       0.124
+ Phase Shift                   0.000
= Required Time                 0.124
  Arrival Time                  0.073
  Slack Time                   -0.050
     Clock Rise Edge                      0.000
     + Input Delay                        0.000
     = Beginpoint Arrival Time            0.000
     Timing Path:
      -----------------------------------------------------------------------
      Pin                   Edge  Net       Cell     Delay  Arrival  Required  
                                                            Time     Time  
      -----------------------------------------------------------------------
      i_reset_              ^     i_reset_  -        -      0.000    0.050  
      U13/A                 ^     i_reset_  INVX4    0.000  0.000    0.050  
      U13/Y                 v     n126      INVX4    0.028  0.028    0.078  
      U74/A                 v     n126      INVX8    0.000  0.028    0.078  
      U74/Y                 ^     n128      INVX8    0.046  0.073    0.124  
      o_reg_addr_reg_5_/RN  ^     n128      SDFFRX1  0.000  0.073    0.124  
      -----------------------------------------------------------------------
     Clock Rise Edge                      0.000
     = Beginpoint Arrival Time            0.000
     Other End Path:
      ----------------------------------------------------------------------------
      Pin                   Edge  Net        Cell         Delay  Arrival  Required  
                                                                 Time     Time  
      ----------------------------------------------------------------------------
      clk                   ^     clk        -            -      0.000    -0.050  
      clk_gate_addr/CK      ^     clk        TLATNTSCAX4  0.000  0.000    -0.050  
      clk_gate_addr/ECK     ^     net121972  TLATNTSCAX4  0.000  0.000    -0.050  
      o_reg_addr_reg_5_/CK  ^     net121972  SDFFRX1      0.000  0.000    -0.050  
      ----------------------------------------------------------------------------
Path 14: VIOLATED Removal Check with Pin o_reg_addr_reg_7_/CK 
Endpoint:   o_reg_addr_reg_7_/RN (^) checked with  leading edge of 'sclk'
Beginpoint: i_reset_             (^) triggered by  leading edge of '@'
Path Groups: {async_default}
Other End Arrival Time          0.000
+ Removal                       0.124
+ Phase Shift                   0.000
= Required Time                 0.124
  Arrival Time                  0.073
  Slack Time                   -0.050
     Clock Rise Edge                      0.000
     + Input Delay                        0.000
     = Beginpoint Arrival Time            0.000
     Timing Path:
      -----------------------------------------------------------------------
      Pin                   Edge  Net       Cell     Delay  Arrival  Required  
                                                            Time     Time  
      -----------------------------------------------------------------------
      i_reset_              ^     i_reset_  -        -      0.000    0.050  
      U13/A                 ^     i_reset_  INVX4    0.000  0.000    0.050  
      U13/Y                 v     n126      INVX4    0.028  0.028    0.078  
      U74/A                 v     n126      INVX8    0.000  0.028    0.078  
      U74/Y                 ^     n128      INVX8    0.046  0.073    0.124  
      o_reg_addr_reg_7_/RN  ^     n128      SDFFRX1  0.000  0.073    0.124  
      -----------------------------------------------------------------------
     Clock Rise Edge                      0.000
     = Beginpoint Arrival Time            0.000
     Other End Path:
      ----------------------------------------------------------------------------
      Pin                   Edge  Net        Cell         Delay  Arrival  Required  
                                                                 Time     Time  
      ----------------------------------------------------------------------------
      clk                   ^     clk        -            -      0.000    -0.050  
      clk_gate_addr/CK      ^     clk        TLATNTSCAX4  0.000  0.000    -0.050  
      clk_gate_addr/ECK     ^     net121972  TLATNTSCAX4  0.000  0.000    -0.050  
      o_reg_addr_reg_7_/CK  ^     net121972  SDFFRX1      0.000  0.000    -0.050  
      ----------------------------------------------------------------------------
Path 15: VIOLATED Removal Check with Pin f_ack_reg/CK 
Endpoint:   f_ack_reg/RN (^) checked with  leading edge of 'sclk'
Beginpoint: i_reset_     (^) triggered by  leading edge of '@'
Path Groups: {async_default}
Other End Arrival Time          0.000
+ Removal                       0.124
+ Phase Shift                   0.000
= Required Time                 0.124
  Arrival Time                  0.073
  Slack Time                   -0.050
     Clock Rise Edge                      0.000
     + Input Delay                        0.000
     = Beginpoint Arrival Time            0.000
     Timing Path:
      ---------------------------------------------------------------
      Pin           Edge  Net       Cell     Delay  Arrival  Required  
                                                    Time     Time  
      ---------------------------------------------------------------
      i_reset_      ^     i_reset_  -        -      0.000    0.050  
      U13/A         ^     i_reset_  INVX4    0.000  0.000    0.050  
      U13/Y         v     n126      INVX4    0.028  0.028    0.078  
      U74/A         v     n126      INVX8    0.000  0.028    0.078  
      U74/Y         ^     n128      INVX8    0.046  0.073    0.124  
      f_ack_reg/RN  ^     n128      SDFFRX1  0.000  0.073    0.124  
      ---------------------------------------------------------------
     Clock Rise Edge                      0.000
     = Beginpoint Arrival Time            0.000
     Other End Path:
      ----------------------------------------------------------
      Pin           Edge  Net  Cell     Delay  Arrival  Required  
                                               Time     Time  
      ----------------------------------------------------------
      clk           ^     clk  -        -      0.000    -0.050  
      f_ack_reg/CK  ^     clk  SDFFRX1  0.000  0.000    -0.050  
      ----------------------------------------------------------
Path 16: VIOLATED Removal Check with Pin f_state_reg_1_/CK 
Endpoint:   f_state_reg_1_/RN (^) checked with  leading edge of 'sclk'
Beginpoint: i_reset_          (^) triggered by  leading edge of '@'
Path Groups: {async_default}
Other End Arrival Time          0.000
+ Removal                       0.124
+ Phase Shift                   0.000
= Required Time                 0.124
  Arrival Time                  0.073
  Slack Time                   -0.050
     Clock Rise Edge                      0.000
     + Input Delay                        0.000
     = Beginpoint Arrival Time            0.000
     Timing Path:
      --------------------------------------------------------------------
      Pin                Edge  Net       Cell     Delay  Arrival  Required  
                                                         Time     Time  
      --------------------------------------------------------------------
      i_reset_           ^     i_reset_  -        -      0.000    0.050  
      U13/A              ^     i_reset_  INVX4    0.000  0.000    0.050  
      U13/Y              v     n126      INVX4    0.028  0.028    0.078  
      U74/A              v     n126      INVX8    0.000  0.028    0.078  
      U74/Y              ^     n128      INVX8    0.046  0.073    0.124  
      f_state_reg_1_/RN  ^     n128      SDFFRX1  0.000  0.073    0.124  
      --------------------------------------------------------------------
     Clock Rise Edge                      0.000
     = Beginpoint Arrival Time            0.000
     Other End Path:
      ---------------------------------------------------------------
      Pin                Edge  Net  Cell     Delay  Arrival  Required  
                                                    Time     Time  
      ---------------------------------------------------------------
      clk                ^     clk  -        -      0.000    -0.050  
      f_state_reg_1_/CK  ^     clk  SDFFRX1  0.000  0.000    -0.050  
      ---------------------------------------------------------------
Path 17: VIOLATED Removal Check with Pin f32_mux_0_data_reg_15_/CK 
Endpoint:   f32_mux_0_data_reg_15_/RN (^) checked with  leading edge of 'sclk'
Beginpoint: i_reset_                  (^) triggered by  leading edge of '@'
Path Groups: {async_default}
Other End Arrival Time          0.000
+ Removal                       0.124
+ Phase Shift                   0.000
= Required Time                 0.124
  Arrival Time                  0.075
  Slack Time                   -0.049
     Clock Rise Edge                      0.000
     + Input Delay                        0.000
     = Beginpoint Arrival Time            0.000
     Timing Path:
      ----------------------------------------------------------------------------
      Pin                        Edge  Net       Cell     Delay  Arrival  Required  
                                                                 Time     Time  
      ----------------------------------------------------------------------------
      i_reset_                   ^     i_reset_  -        -      0.000    0.049  
      U13/A                      ^     i_reset_  INVX4    0.000  0.000    0.049  
      U13/Y                      v     n126      INVX4    0.028  0.028    0.077  
      U15/A                      v     n126      INVX2    0.000  0.028    0.077  
      U15/Y                      ^     n129      INVX2    0.047  0.075    0.124  
      f32_mux_0_data_reg_15_/RN  ^     n129      SDFFRX1  0.000  0.075    0.124  
      ----------------------------------------------------------------------------
     Clock Rise Edge                      0.000
     = Beginpoint Arrival Time            0.000
     Other End Path:
      ---------------------------------------------------------------------------------
      Pin                        Edge  Net        Cell         Delay  Arrival  Required  
                                                                      Time     Time  
      ---------------------------------------------------------------------------------
      clk                        ^     clk        -            -      0.000    -0.049  
      clk_gate_mux/CK            ^     clk        TLATNTSCAX4  0.000  0.000    -0.049  
      clk_gate_mux/ECK           ^     net121966  TLATNTSCAX4  0.000  0.000    -0.049  
      f32_mux_0_data_reg_15_/CK  ^     net121966  SDFFRX1      0.000  0.000    -0.049  
      ---------------------------------------------------------------------------------
Path 18: VIOLATED Removal Check with Pin f32_mux_0_data_reg_16_/CK 
Endpoint:   f32_mux_0_data_reg_16_/RN (^) checked with  leading edge of 'sclk'
Beginpoint: i_reset_                  (^) triggered by  leading edge of '@'
Path Groups: {async_default}
Other End Arrival Time          0.000
+ Removal                       0.124
+ Phase Shift                   0.000
= Required Time                 0.124
  Arrival Time                  0.075
  Slack Time                   -0.049
     Clock Rise Edge                      0.000
     + Input Delay                        0.000
     = Beginpoint Arrival Time            0.000
     Timing Path:
      ----------------------------------------------------------------------------
      Pin                        Edge  Net       Cell     Delay  Arrival  Required  
                                                                 Time     Time  
      ----------------------------------------------------------------------------
      i_reset_                   ^     i_reset_  -        -      0.000    0.049  
      U13/A                      ^     i_reset_  INVX4    0.000  0.000    0.049  
      U13/Y                      v     n126      INVX4    0.028  0.028    0.077  
      U15/A                      v     n126      INVX2    0.000  0.028    0.077  
      U15/Y                      ^     n129      INVX2    0.047  0.075    0.124  
      f32_mux_0_data_reg_16_/RN  ^     n129      SDFFRX1  0.000  0.075    0.124  
      ----------------------------------------------------------------------------
     Clock Rise Edge                      0.000
     = Beginpoint Arrival Time            0.000
     Other End Path:
      ---------------------------------------------------------------------------------
      Pin                        Edge  Net        Cell         Delay  Arrival  Required  
                                                                      Time     Time  
      ---------------------------------------------------------------------------------
      clk                        ^     clk        -            -      0.000    -0.049  
      clk_gate_mux/CK            ^     clk        TLATNTSCAX4  0.000  0.000    -0.049  
      clk_gate_mux/ECK           ^     net121966  TLATNTSCAX4  0.000  0.000    -0.049  
      f32_mux_0_data_reg_16_/CK  ^     net121966  SDFFRX1      0.000  0.000    -0.049  
      ---------------------------------------------------------------------------------
Path 19: VIOLATED Removal Check with Pin o_reg_addr_reg_6_/CK 
Endpoint:   o_reg_addr_reg_6_/RN (^) checked with  leading edge of 'sclk'
Beginpoint: i_reset_             (^) triggered by  leading edge of '@'
Path Groups: {async_default}
Other End Arrival Time          0.000
+ Removal                       0.124
+ Phase Shift                   0.000
= Required Time                 0.124
  Arrival Time                  0.075
  Slack Time                   -0.049
     Clock Rise Edge                      0.000
     + Input Delay                        0.000
     = Beginpoint Arrival Time            0.000
     Timing Path:
      -----------------------------------------------------------------------
      Pin                   Edge  Net       Cell     Delay  Arrival  Required  
                                                            Time     Time  
      -----------------------------------------------------------------------
      i_reset_              ^     i_reset_  -        -      0.000    0.049  
      U13/A                 ^     i_reset_  INVX4    0.000  0.000    0.049  
      U13/Y                 v     n126      INVX4    0.028  0.028    0.077  
      U15/A                 v     n126      INVX2    0.000  0.028    0.077  
      U15/Y                 ^     n129      INVX2    0.047  0.075    0.124  
      o_reg_addr_reg_6_/RN  ^     n129      SDFFRX1  0.000  0.075    0.124  
      -----------------------------------------------------------------------
     Clock Rise Edge                      0.000
     = Beginpoint Arrival Time            0.000
     Other End Path:
      ----------------------------------------------------------------------------
      Pin                   Edge  Net        Cell         Delay  Arrival  Required  
                                                                 Time     Time  
      ----------------------------------------------------------------------------
      clk                   ^     clk        -            -      0.000    -0.049  
      clk_gate_addr/CK      ^     clk        TLATNTSCAX4  0.000  0.000    -0.049  
      clk_gate_addr/ECK     ^     net121972  TLATNTSCAX4  0.000  0.000    -0.049  
      o_reg_addr_reg_6_/CK  ^     net121972  SDFFRX1      0.000  0.000    -0.049  
      ----------------------------------------------------------------------------
Path 20: VIOLATED Removal Check with Pin n_write_reg/CK 
Endpoint:   n_write_reg/RN (^) checked with  leading edge of 'sclk'
Beginpoint: i_reset_       (^) triggered by  leading edge of '@'
Path Groups: {async_default}
Other End Arrival Time          0.000
+ Removal                       0.124
+ Phase Shift                   0.000
= Required Time                 0.124
  Arrival Time                  0.075
  Slack Time                   -0.049
     Clock Rise Edge                      0.000
     + Input Delay                        0.000
     = Beginpoint Arrival Time            0.000
     Timing Path:
      -----------------------------------------------------------------
      Pin             Edge  Net       Cell     Delay  Arrival  Required  
                                                      Time     Time  
      -----------------------------------------------------------------
      i_reset_        ^     i_reset_  -        -      0.000    0.049  
      U13/A           ^     i_reset_  INVX4    0.000  0.000    0.049  
      U13/Y           v     n126      INVX4    0.028  0.028    0.077  
      U15/A           v     n126      INVX2    0.000  0.028    0.077  
      U15/Y           ^     n129      INVX2    0.047  0.075    0.124  
      n_write_reg/RN  ^     n129      SDFFRX1  0.000  0.075    0.124  
      -----------------------------------------------------------------
     Clock Rise Edge                      0.000
     = Beginpoint Arrival Time            0.000
     Other End Path:
      ------------------------------------------------------------
      Pin             Edge  Net  Cell     Delay  Arrival  Required  
                                                 Time     Time  
      ------------------------------------------------------------
      clk             ^     clk  -        -      0.000    -0.049  
      n_write_reg/CK  ^     clk  SDFFRX1  0.000  0.000    -0.049  
      ------------------------------------------------------------
Path 21: VIOLATED Removal Check with Pin f_state_reg_2_/CK 
Endpoint:   f_state_reg_2_/RN (^) checked with  leading edge of 'sclk'
Beginpoint: i_reset_          (^) triggered by  leading edge of '@'
Path Groups: {async_default}
Other End Arrival Time          0.000
+ Removal                       0.124
+ Phase Shift                   0.000
= Required Time                 0.124
  Arrival Time                  0.075
  Slack Time                   -0.049
     Clock Rise Edge                      0.000
     + Input Delay                        0.000
     = Beginpoint Arrival Time            0.000
     Timing Path:
      --------------------------------------------------------------------
      Pin                Edge  Net       Cell     Delay  Arrival  Required  
                                                         Time     Time  
      --------------------------------------------------------------------
      i_reset_           ^     i_reset_  -        -      0.000    0.049  
      U13/A              ^     i_reset_  INVX4    0.000  0.000    0.049  
      U13/Y              v     n126      INVX4    0.028  0.028    0.077  
      U15/A              v     n126      INVX2    0.000  0.028    0.077  
      U15/Y              ^     n129      INVX2    0.047  0.075    0.124  
      f_state_reg_2_/RN  ^     n129      SDFFRX1  0.000  0.075    0.124  
      --------------------------------------------------------------------
     Clock Rise Edge                      0.000
     = Beginpoint Arrival Time            0.000
     Other End Path:
      ---------------------------------------------------------------
      Pin                Edge  Net  Cell     Delay  Arrival  Required  
                                                    Time     Time  
      ---------------------------------------------------------------
      clk                ^     clk  -        -      0.000    -0.049  
      f_state_reg_2_/CK  ^     clk  SDFFRX1  0.000  0.000    -0.049  
      ---------------------------------------------------------------
Path 22: MET Hold Check with Pin f32_mux_1_data_reg_28_/CK 
Endpoint:   f32_mux_1_data_reg_28_/SE (v) checked with  leading edge of 'sclk'
Beginpoint: scan_enable               (v) triggered by  leading edge of '@'
Path Groups: {sclk}
Other End Arrival Time          0.000
+ Hold                          0.000
+ Phase Shift                   0.000
= Required Time                 0.000
  Arrival Time                  0.000
  Slack Time                    0.000
     Clock Rise Edge                      0.000
     + Input Delay                        0.000
     = Beginpoint Arrival Time            0.000
     Timing Path:
      -------------------------------------------------------------------------------
      Pin                        Edge  Net          Cell     Delay  Arrival  Required  
                                                                    Time     Time  
      -------------------------------------------------------------------------------
      scan_enable                v     scan_enable  -        -      0.000    0.000  
      f32_mux_1_data_reg_28_/SE  v     scan_enable  SDFFRX1  0.000  0.000    0.000  
      -------------------------------------------------------------------------------
     Clock Rise Edge                      0.000
     = Beginpoint Arrival Time            0.000
     Other End Path:
      ---------------------------------------------------------------------------------
      Pin                        Edge  Net        Cell         Delay  Arrival  Required  
                                                                      Time     Time  
      ---------------------------------------------------------------------------------
      clk                        ^     clk        -            -      0.000    0.000  
      clk_gate_mux/CK            ^     clk        TLATNTSCAX4  0.000  0.000    0.000  
      clk_gate_mux/ECK           ^     net121966  TLATNTSCAX4  0.000  0.000    0.000  
      f32_mux_1_data_reg_28_/CK  ^     net121966  SDFFRX1      0.000  0.000    0.000  
      ---------------------------------------------------------------------------------
Path 23: MET Hold Check with Pin f32_mux_1_data_reg_27_/CK 
Endpoint:   f32_mux_1_data_reg_27_/SE (v) checked with  leading edge of 'sclk'
Beginpoint: scan_enable               (v) triggered by  leading edge of '@'
Path Groups: {sclk}
Other End Arrival Time          0.000
+ Hold                          0.000
+ Phase Shift                   0.000
= Required Time                 0.000
  Arrival Time                  0.000
  Slack Time                    0.000
     Clock Rise Edge                      0.000
     + Input Delay                        0.000
     = Beginpoint Arrival Time            0.000
     Timing Path:
      -------------------------------------------------------------------------------
      Pin                        Edge  Net          Cell     Delay  Arrival  Required  
                                                                    Time     Time  
      -------------------------------------------------------------------------------
      scan_enable                v     scan_enable  -        -      0.000    0.000  
      f32_mux_1_data_reg_27_/SE  v     scan_enable  SDFFRX1  0.000  0.000    0.000  
      -------------------------------------------------------------------------------
     Clock Rise Edge                      0.000
     = Beginpoint Arrival Time            0.000
     Other End Path:
      ---------------------------------------------------------------------------------
      Pin                        Edge  Net        Cell         Delay  Arrival  Required  
                                                                      Time     Time  
      ---------------------------------------------------------------------------------
      clk                        ^     clk        -            -      0.000    0.000  
      clk_gate_mux/CK            ^     clk        TLATNTSCAX4  0.000  0.000    0.000  
      clk_gate_mux/ECK           ^     net121966  TLATNTSCAX4  0.000  0.000    0.000  
      f32_mux_1_data_reg_27_/CK  ^     net121966  SDFFRX1      0.000  0.000    0.000  
      ---------------------------------------------------------------------------------
Path 24: MET Hold Check with Pin f32_mux_1_data_reg_26_/CK 
Endpoint:   f32_mux_1_data_reg_26_/SE (v) checked with  leading edge of 'sclk'
Beginpoint: scan_enable               (v) triggered by  leading edge of '@'
Path Groups: {sclk}
Other End Arrival Time          0.000
+ Hold                          0.000
+ Phase Shift                   0.000
= Required Time                 0.000
  Arrival Time                  0.000
  Slack Time                    0.000
     Clock Rise Edge                      0.000
     + Input Delay                        0.000
     = Beginpoint Arrival Time            0.000
     Timing Path:
      -------------------------------------------------------------------------------
      Pin                        Edge  Net          Cell     Delay  Arrival  Required  
                                                                    Time     Time  
      -------------------------------------------------------------------------------
      scan_enable                v     scan_enable  -        -      0.000    0.000  
      f32_mux_1_data_reg_26_/SE  v     scan_enable  SDFFRX1  0.000  0.000    0.000  
      -------------------------------------------------------------------------------
     Clock Rise Edge                      0.000
     = Beginpoint Arrival Time            0.000
     Other End Path:
      ---------------------------------------------------------------------------------
      Pin                        Edge  Net        Cell         Delay  Arrival  Required  
                                                                      Time     Time  
      ---------------------------------------------------------------------------------
      clk                        ^     clk        -            -      0.000    0.000  
      clk_gate_mux/CK            ^     clk        TLATNTSCAX4  0.000  0.000    0.000  
      clk_gate_mux/ECK           ^     net121966  TLATNTSCAX4  0.000  0.000    0.000  
      f32_mux_1_data_reg_26_/CK  ^     net121966  SDFFRX1      0.000  0.000    0.000  
      ---------------------------------------------------------------------------------
Path 25: MET Hold Check with Pin f32_mux_1_data_reg_25_/CK 
Endpoint:   f32_mux_1_data_reg_25_/SE (v) checked with  leading edge of 'sclk'
Beginpoint: scan_enable               (v) triggered by  leading edge of '@'
Path Groups: {sclk}
Other End Arrival Time          0.000
+ Hold                          0.000
+ Phase Shift                   0.000
= Required Time                 0.000
  Arrival Time                  0.000
  Slack Time                    0.000
     Clock Rise Edge                      0.000
     + Input Delay                        0.000
     = Beginpoint Arrival Time            0.000
     Timing Path:
      -------------------------------------------------------------------------------
      Pin                        Edge  Net          Cell     Delay  Arrival  Required  
                                                                    Time     Time  
      -------------------------------------------------------------------------------
      scan_enable                v     scan_enable  -        -      0.000    0.000  
      f32_mux_1_data_reg_25_/SE  v     scan_enable  SDFFRX1  0.000  0.000    0.000  
      -------------------------------------------------------------------------------
     Clock Rise Edge                      0.000
     = Beginpoint Arrival Time            0.000
     Other End Path:
      ---------------------------------------------------------------------------------
      Pin                        Edge  Net        Cell         Delay  Arrival  Required  
                                                                      Time     Time  
      ---------------------------------------------------------------------------------
      clk                        ^     clk        -            -      0.000    0.000  
      clk_gate_mux/CK            ^     clk        TLATNTSCAX4  0.000  0.000    0.000  
      clk_gate_mux/ECK           ^     net121966  TLATNTSCAX4  0.000  0.000    0.000  
      f32_mux_1_data_reg_25_/CK  ^     net121966  SDFFRX1      0.000  0.000    0.000  
      ---------------------------------------------------------------------------------
Path 26: MET Hold Check with Pin f32_mux_1_data_reg_24_/CK 
Endpoint:   f32_mux_1_data_reg_24_/SE (v) checked with  leading edge of 'sclk'
Beginpoint: scan_enable               (v) triggered by  leading edge of '@'
Path Groups: {sclk}
Other End Arrival Time          0.000
+ Hold                          0.000
+ Phase Shift                   0.000
= Required Time                 0.000
  Arrival Time                  0.000
  Slack Time                    0.000
     Clock Rise Edge                      0.000
     + Input Delay                        0.000
     = Beginpoint Arrival Time            0.000
     Timing Path:
      -------------------------------------------------------------------------------
      Pin                        Edge  Net          Cell     Delay  Arrival  Required  
                                                                    Time     Time  
      -------------------------------------------------------------------------------
      scan_enable                v     scan_enable  -        -      0.000    0.000  
      f32_mux_1_data_reg_24_/SE  v     scan_enable  SDFFRX1  0.000  0.000    0.000  
      -------------------------------------------------------------------------------
     Clock Rise Edge                      0.000
     = Beginpoint Arrival Time            0.000
     Other End Path:
      ---------------------------------------------------------------------------------
      Pin                        Edge  Net        Cell         Delay  Arrival  Required  
                                                                      Time     Time  
      ---------------------------------------------------------------------------------
      clk                        ^     clk        -            -      0.000    0.000  
      clk_gate_mux/CK            ^     clk        TLATNTSCAX4  0.000  0.000    0.000  
      clk_gate_mux/ECK           ^     net121966  TLATNTSCAX4  0.000  0.000    0.000  
      f32_mux_1_data_reg_24_/CK  ^     net121966  SDFFRX1      0.000  0.000    0.000  
      ---------------------------------------------------------------------------------
Path 27: MET Hold Check with Pin f32_mux_1_data_reg_23_/CK 
Endpoint:   f32_mux_1_data_reg_23_/SE (v) checked with  leading edge of 'sclk'
Beginpoint: scan_enable               (v) triggered by  leading edge of '@'
Path Groups: {sclk}
Other End Arrival Time          0.000
+ Hold                          0.000
+ Phase Shift                   0.000
= Required Time                 0.000
  Arrival Time                  0.000
  Slack Time                    0.000
     Clock Rise Edge                      0.000
     + Input Delay                        0.000
     = Beginpoint Arrival Time            0.000
     Timing Path:
      -------------------------------------------------------------------------------
      Pin                        Edge  Net          Cell     Delay  Arrival  Required  
                                                                    Time     Time  
      -------------------------------------------------------------------------------
      scan_enable                v     scan_enable  -        -      0.000    0.000  
      f32_mux_1_data_reg_23_/SE  v     scan_enable  SDFFRX1  0.000  0.000    0.000  
      -------------------------------------------------------------------------------
     Clock Rise Edge                      0.000
     = Beginpoint Arrival Time            0.000
     Other End Path:
      ---------------------------------------------------------------------------------
      Pin                        Edge  Net        Cell         Delay  Arrival  Required  
                                                                      Time     Time  
      ---------------------------------------------------------------------------------
      clk                        ^     clk        -            -      0.000    0.000  
      clk_gate_mux/CK            ^     clk        TLATNTSCAX4  0.000  0.000    0.000  
      clk_gate_mux/ECK           ^     net121966  TLATNTSCAX4  0.000  0.000    0.000  
      f32_mux_1_data_reg_23_/CK  ^     net121966  SDFFRX1      0.000  0.000    0.000  
      ---------------------------------------------------------------------------------
Path 28: MET Hold Check with Pin f32_mux_1_data_reg_22_/CK 
Endpoint:   f32_mux_1_data_reg_22_/SE (v) checked with  leading edge of 'sclk'
Beginpoint: scan_enable               (v) triggered by  leading edge of '@'
Path Groups: {sclk}
Other End Arrival Time          0.000
+ Hold                          0.000
+ Phase Shift                   0.000
= Required Time                 0.000
  Arrival Time                  0.000
  Slack Time                    0.000
     Clock Rise Edge                      0.000
     + Input Delay                        0.000
     = Beginpoint Arrival Time            0.000
     Timing Path:
      -------------------------------------------------------------------------------
      Pin                        Edge  Net          Cell     Delay  Arrival  Required  
                                                                    Time     Time  
      -------------------------------------------------------------------------------
      scan_enable                v     scan_enable  -        -      0.000    0.000  
      f32_mux_1_data_reg_22_/SE  v     scan_enable  SDFFRX1  0.000  0.000    0.000  
      -------------------------------------------------------------------------------
     Clock Rise Edge                      0.000
     = Beginpoint Arrival Time            0.000
     Other End Path:
      ---------------------------------------------------------------------------------
      Pin                        Edge  Net        Cell         Delay  Arrival  Required  
                                                                      Time     Time  
      ---------------------------------------------------------------------------------
      clk                        ^     clk        -            -      0.000    0.000  
      clk_gate_mux/CK            ^     clk        TLATNTSCAX4  0.000  0.000    0.000  
      clk_gate_mux/ECK           ^     net121966  TLATNTSCAX4  0.000  0.000    0.000  
      f32_mux_1_data_reg_22_/CK  ^     net121966  SDFFRX1      0.000  0.000    0.000  
      ---------------------------------------------------------------------------------
Path 29: MET Hold Check with Pin f32_mux_1_data_reg_21_/CK 
Endpoint:   f32_mux_1_data_reg_21_/SE (v) checked with  leading edge of 'sclk'
Beginpoint: scan_enable               (v) triggered by  leading edge of '@'
Path Groups: {sclk}
Other End Arrival Time          0.000
+ Hold                          0.000
+ Phase Shift                   0.000
= Required Time                 0.000
  Arrival Time                  0.000
  Slack Time                    0.000
     Clock Rise Edge                      0.000
     + Input Delay                        0.000
     = Beginpoint Arrival Time            0.000
     Timing Path:
      -------------------------------------------------------------------------------
      Pin                        Edge  Net          Cell     Delay  Arrival  Required  
                                                                    Time     Time  
      -------------------------------------------------------------------------------
      scan_enable                v     scan_enable  -        -      0.000    0.000  
      f32_mux_1_data_reg_21_/SE  v     scan_enable  SDFFRX1  0.000  0.000    0.000  
      -------------------------------------------------------------------------------
     Clock Rise Edge                      0.000
     = Beginpoint Arrival Time            0.000
     Other End Path:
      ---------------------------------------------------------------------------------
      Pin                        Edge  Net        Cell         Delay  Arrival  Required  
                                                                      Time     Time  
      ---------------------------------------------------------------------------------
      clk                        ^     clk        -            -      0.000    0.000  
      clk_gate_mux/CK            ^     clk        TLATNTSCAX4  0.000  0.000    0.000  
      clk_gate_mux/ECK           ^     net121966  TLATNTSCAX4  0.000  0.000    0.000  
      f32_mux_1_data_reg_21_/CK  ^     net121966  SDFFRX1      0.000  0.000    0.000  
      ---------------------------------------------------------------------------------
Path 30: MET Hold Check with Pin f32_mux_1_data_reg_20_/CK 
Endpoint:   f32_mux_1_data_reg_20_/SE (v) checked with  leading edge of 'sclk'
Beginpoint: scan_enable               (v) triggered by  leading edge of '@'
Path Groups: {sclk}
Other End Arrival Time          0.000
+ Hold                          0.000
+ Phase Shift                   0.000
= Required Time                 0.000
  Arrival Time                  0.000
  Slack Time                    0.000
     Clock Rise Edge                      0.000
     + Input Delay                        0.000
     = Beginpoint Arrival Time            0.000
     Timing Path:
      -------------------------------------------------------------------------------
      Pin                        Edge  Net          Cell     Delay  Arrival  Required  
                                                                    Time     Time  
      -------------------------------------------------------------------------------
      scan_enable                v     scan_enable  -        -      0.000    0.000  
      f32_mux_1_data_reg_20_/SE  v     scan_enable  SDFFRX1  0.000  0.000    0.000  
      -------------------------------------------------------------------------------
     Clock Rise Edge                      0.000
     = Beginpoint Arrival Time            0.000
     Other End Path:
      ---------------------------------------------------------------------------------
      Pin                        Edge  Net        Cell         Delay  Arrival  Required  
                                                                      Time     Time  
      ---------------------------------------------------------------------------------
      clk                        ^     clk        -            -      0.000    0.000  
      clk_gate_mux/CK            ^     clk        TLATNTSCAX4  0.000  0.000    0.000  
      clk_gate_mux/ECK           ^     net121966  TLATNTSCAX4  0.000  0.000    0.000  
      f32_mux_1_data_reg_20_/CK  ^     net121966  SDFFRX1      0.000  0.000    0.000  
      ---------------------------------------------------------------------------------
Path 31: MET Hold Check with Pin f32_mux_1_data_reg_19_/CK 
Endpoint:   f32_mux_1_data_reg_19_/SE (v) checked with  leading edge of 'sclk'
Beginpoint: scan_enable               (v) triggered by  leading edge of '@'
Path Groups: {sclk}
Other End Arrival Time          0.000
+ Hold                          0.000
+ Phase Shift                   0.000
= Required Time                 0.000
  Arrival Time                  0.000
  Slack Time                    0.000
     Clock Rise Edge                      0.000
     + Input Delay                        0.000
     = Beginpoint Arrival Time            0.000
     Timing Path:
      -------------------------------------------------------------------------------
      Pin                        Edge  Net          Cell     Delay  Arrival  Required  
                                                                    Time     Time  
      -------------------------------------------------------------------------------
      scan_enable                v     scan_enable  -        -      0.000    0.000  
      f32_mux_1_data_reg_19_/SE  v     scan_enable  SDFFRX1  0.000  0.000    0.000  
      -------------------------------------------------------------------------------
     Clock Rise Edge                      0.000
     = Beginpoint Arrival Time            0.000
     Other End Path:
      ---------------------------------------------------------------------------------
      Pin                        Edge  Net        Cell         Delay  Arrival  Required  
                                                                      Time     Time  
      ---------------------------------------------------------------------------------
      clk                        ^     clk        -            -      0.000    0.000  
      clk_gate_mux/CK            ^     clk        TLATNTSCAX4  0.000  0.000    0.000  
      clk_gate_mux/ECK           ^     net121966  TLATNTSCAX4  0.000  0.000    0.000  
      f32_mux_1_data_reg_19_/CK  ^     net121966  SDFFRX1      0.000  0.000    0.000  
      ---------------------------------------------------------------------------------
Path 32: MET Hold Check with Pin f32_mux_1_data_reg_18_/CK 
Endpoint:   f32_mux_1_data_reg_18_/SE (v) checked with  leading edge of 'sclk'
Beginpoint: scan_enable               (v) triggered by  leading edge of '@'
Path Groups: {sclk}
Other End Arrival Time          0.000
+ Hold                          0.000
+ Phase Shift                   0.000
= Required Time                 0.000
  Arrival Time                  0.000
  Slack Time                    0.000
     Clock Rise Edge                      0.000
     + Input Delay                        0.000
     = Beginpoint Arrival Time            0.000
     Timing Path:
      -------------------------------------------------------------------------------
      Pin                        Edge  Net          Cell     Delay  Arrival  Required  
                                                                    Time     Time  
      -------------------------------------------------------------------------------
      scan_enable                v     scan_enable  -        -      0.000    0.000  
      f32_mux_1_data_reg_18_/SE  v     scan_enable  SDFFRX1  0.000  0.000    0.000  
      -------------------------------------------------------------------------------
     Clock Rise Edge                      0.000
     = Beginpoint Arrival Time            0.000
     Other End Path:
      ---------------------------------------------------------------------------------
      Pin                        Edge  Net        Cell         Delay  Arrival  Required  
                                                                      Time     Time  
      ---------------------------------------------------------------------------------
      clk                        ^     clk        -            -      0.000    0.000  
      clk_gate_mux/CK            ^     clk        TLATNTSCAX4  0.000  0.000    0.000  
      clk_gate_mux/ECK           ^     net121966  TLATNTSCAX4  0.000  0.000    0.000  
      f32_mux_1_data_reg_18_/CK  ^     net121966  SDFFRX1      0.000  0.000    0.000  
      ---------------------------------------------------------------------------------
Path 33: MET Hold Check with Pin f32_mux_1_data_reg_17_/CK 
Endpoint:   f32_mux_1_data_reg_17_/SE (v) checked with  leading edge of 'sclk'
Beginpoint: scan_enable               (v) triggered by  leading edge of '@'
Path Groups: {sclk}
Other End Arrival Time          0.000
+ Hold                          0.000
+ Phase Shift                   0.000
= Required Time                 0.000
  Arrival Time                  0.000
  Slack Time                    0.000
     Clock Rise Edge                      0.000
     + Input Delay                        0.000
     = Beginpoint Arrival Time            0.000
     Timing Path:
      -------------------------------------------------------------------------------
      Pin                        Edge  Net          Cell     Delay  Arrival  Required  
                                                                    Time     Time  
      -------------------------------------------------------------------------------
      scan_enable                v     scan_enable  -        -      0.000    0.000  
      f32_mux_1_data_reg_17_/SE  v     scan_enable  SDFFRX1  0.000  0.000    0.000  
      -------------------------------------------------------------------------------
     Clock Rise Edge                      0.000
     = Beginpoint Arrival Time            0.000
     Other End Path:
      ---------------------------------------------------------------------------------
      Pin                        Edge  Net        Cell         Delay  Arrival  Required  
                                                                      Time     Time  
      ---------------------------------------------------------------------------------
      clk                        ^     clk        -            -      0.000    0.000  
      clk_gate_mux/CK            ^     clk        TLATNTSCAX4  0.000  0.000    0.000  
      clk_gate_mux/ECK           ^     net121966  TLATNTSCAX4  0.000  0.000    0.000  
      f32_mux_1_data_reg_17_/CK  ^     net121966  SDFFRX1      0.000  0.000    0.000  
      ---------------------------------------------------------------------------------
Path 34: MET Hold Check with Pin f32_mux_1_data_reg_16_/CK 
Endpoint:   f32_mux_1_data_reg_16_/SE (v) checked with  leading edge of 'sclk'
Beginpoint: scan_enable               (v) triggered by  leading edge of '@'
Path Groups: {sclk}
Other End Arrival Time          0.000
+ Hold                          0.000
+ Phase Shift                   0.000
= Required Time                 0.000
  Arrival Time                  0.000
  Slack Time                    0.000
     Clock Rise Edge                      0.000
     + Input Delay                        0.000
     = Beginpoint Arrival Time            0.000
     Timing Path:
      -------------------------------------------------------------------------------
      Pin                        Edge  Net          Cell     Delay  Arrival  Required  
                                                                    Time     Time  
      -------------------------------------------------------------------------------
      scan_enable                v     scan_enable  -        -      0.000    0.000  
      f32_mux_1_data_reg_16_/SE  v     scan_enable  SDFFRX1  0.000  0.000    0.000  
      -------------------------------------------------------------------------------
     Clock Rise Edge                      0.000
     = Beginpoint Arrival Time            0.000
     Other End Path:
      ---------------------------------------------------------------------------------
      Pin                        Edge  Net        Cell         Delay  Arrival  Required  
                                                                      Time     Time  
      ---------------------------------------------------------------------------------
      clk                        ^     clk        -            -      0.000    0.000  
      clk_gate_mux/CK            ^     clk        TLATNTSCAX4  0.000  0.000    0.000  
      clk_gate_mux/ECK           ^     net121966  TLATNTSCAX4  0.000  0.000    0.000  
      f32_mux_1_data_reg_16_/CK  ^     net121966  SDFFRX1      0.000  0.000    0.000  
      ---------------------------------------------------------------------------------
Path 35: MET Hold Check with Pin f32_mux_1_data_reg_15_/CK 
Endpoint:   f32_mux_1_data_reg_15_/SE (v) checked with  leading edge of 'sclk'
Beginpoint: scan_enable               (v) triggered by  leading edge of '@'
Path Groups: {sclk}
Other End Arrival Time          0.000
+ Hold                          0.000
+ Phase Shift                   0.000
= Required Time                 0.000
  Arrival Time                  0.000
  Slack Time                    0.000
     Clock Rise Edge                      0.000
     + Input Delay                        0.000
     = Beginpoint Arrival Time            0.000
     Timing Path:
      -------------------------------------------------------------------------------
      Pin                        Edge  Net          Cell     Delay  Arrival  Required  
                                                                    Time     Time  
      -------------------------------------------------------------------------------
      scan_enable                v     scan_enable  -        -      0.000    0.000  
      f32_mux_1_data_reg_15_/SE  v     scan_enable  SDFFRX1  0.000  0.000    0.000  
      -------------------------------------------------------------------------------
     Clock Rise Edge                      0.000
     = Beginpoint Arrival Time            0.000
     Other End Path:
      ---------------------------------------------------------------------------------
      Pin                        Edge  Net        Cell         Delay  Arrival  Required  
                                                                      Time     Time  
      ---------------------------------------------------------------------------------
      clk                        ^     clk        -            -      0.000    0.000  
      clk_gate_mux/CK            ^     clk        TLATNTSCAX4  0.000  0.000    0.000  
      clk_gate_mux/ECK           ^     net121966  TLATNTSCAX4  0.000  0.000    0.000  
      f32_mux_1_data_reg_15_/CK  ^     net121966  SDFFRX1      0.000  0.000    0.000  
      ---------------------------------------------------------------------------------
Path 36: MET Hold Check with Pin f32_mux_1_data_reg_14_/CK 
Endpoint:   f32_mux_1_data_reg_14_/SE (v) checked with  leading edge of 'sclk'
Beginpoint: scan_enable               (v) triggered by  leading edge of '@'
Path Groups: {sclk}
Other End Arrival Time          0.000
+ Hold                          0.000
+ Phase Shift                   0.000
= Required Time                 0.000
  Arrival Time                  0.000
  Slack Time                    0.000
     Clock Rise Edge                      0.000
     + Input Delay                        0.000
     = Beginpoint Arrival Time            0.000
     Timing Path:
      -------------------------------------------------------------------------------
      Pin                        Edge  Net          Cell     Delay  Arrival  Required  
                                                                    Time     Time  
      -------------------------------------------------------------------------------
      scan_enable                v     scan_enable  -        -      0.000    0.000  
      f32_mux_1_data_reg_14_/SE  v     scan_enable  SDFFRX1  0.000  0.000    0.000  
      -------------------------------------------------------------------------------
     Clock Rise Edge                      0.000
     = Beginpoint Arrival Time            0.000
     Other End Path:
      ---------------------------------------------------------------------------------
      Pin                        Edge  Net        Cell         Delay  Arrival  Required  
                                                                      Time     Time  
      ---------------------------------------------------------------------------------
      clk                        ^     clk        -            -      0.000    0.000  
      clk_gate_mux/CK            ^     clk        TLATNTSCAX4  0.000  0.000    0.000  
      clk_gate_mux/ECK           ^     net121966  TLATNTSCAX4  0.000  0.000    0.000  
      f32_mux_1_data_reg_14_/CK  ^     net121966  SDFFRX1      0.000  0.000    0.000  
      ---------------------------------------------------------------------------------
Path 37: MET Hold Check with Pin f32_mux_1_data_reg_13_/CK 
Endpoint:   f32_mux_1_data_reg_13_/SE (v) checked with  leading edge of 'sclk'
Beginpoint: scan_enable               (v) triggered by  leading edge of '@'
Path Groups: {sclk}
Other End Arrival Time          0.000
+ Hold                          0.000
+ Phase Shift                   0.000
= Required Time                 0.000
  Arrival Time                  0.000
  Slack Time                    0.000
     Clock Rise Edge                      0.000
     + Input Delay                        0.000
     = Beginpoint Arrival Time            0.000
     Timing Path:
      -------------------------------------------------------------------------------
      Pin                        Edge  Net          Cell     Delay  Arrival  Required  
                                                                    Time     Time  
      -------------------------------------------------------------------------------
      scan_enable                v     scan_enable  -        -      0.000    0.000  
      f32_mux_1_data_reg_13_/SE  v     scan_enable  SDFFRX1  0.000  0.000    0.000  
      -------------------------------------------------------------------------------
     Clock Rise Edge                      0.000
     = Beginpoint Arrival Time            0.000
     Other End Path:
      ---------------------------------------------------------------------------------
      Pin                        Edge  Net        Cell         Delay  Arrival  Required  
                                                                      Time     Time  
      ---------------------------------------------------------------------------------
      clk                        ^     clk        -            -      0.000    0.000  
      clk_gate_mux/CK            ^     clk        TLATNTSCAX4  0.000  0.000    0.000  
      clk_gate_mux/ECK           ^     net121966  TLATNTSCAX4  0.000  0.000    0.000  
      f32_mux_1_data_reg_13_/CK  ^     net121966  SDFFRX1      0.000  0.000    0.000  
      ---------------------------------------------------------------------------------
Path 38: MET Hold Check with Pin f32_mux_1_data_reg_12_/CK 
Endpoint:   f32_mux_1_data_reg_12_/SE (v) checked with  leading edge of 'sclk'
Beginpoint: scan_enable               (v) triggered by  leading edge of '@'
Path Groups: {sclk}
Other End Arrival Time          0.000
+ Hold                          0.000
+ Phase Shift                   0.000
= Required Time                 0.000
  Arrival Time                  0.000
  Slack Time                    0.000
     Clock Rise Edge                      0.000
     + Input Delay                        0.000
     = Beginpoint Arrival Time            0.000
     Timing Path:
      -------------------------------------------------------------------------------
      Pin                        Edge  Net          Cell     Delay  Arrival  Required  
                                                                    Time     Time  
      -------------------------------------------------------------------------------
      scan_enable                v     scan_enable  -        -      0.000    0.000  
      f32_mux_1_data_reg_12_/SE  v     scan_enable  SDFFRX1  0.000  0.000    0.000  
      -------------------------------------------------------------------------------
     Clock Rise Edge                      0.000
     = Beginpoint Arrival Time            0.000
     Other End Path:
      ---------------------------------------------------------------------------------
      Pin                        Edge  Net        Cell         Delay  Arrival  Required  
                                                                      Time     Time  
      ---------------------------------------------------------------------------------
      clk                        ^     clk        -            -      0.000    0.000  
      clk_gate_mux/CK            ^     clk        TLATNTSCAX4  0.000  0.000    0.000  
      clk_gate_mux/ECK           ^     net121966  TLATNTSCAX4  0.000  0.000    0.000  
      f32_mux_1_data_reg_12_/CK  ^     net121966  SDFFRX1      0.000  0.000    0.000  
      ---------------------------------------------------------------------------------
Path 39: MET Hold Check with Pin f32_mux_1_data_reg_11_/CK 
Endpoint:   f32_mux_1_data_reg_11_/SE (v) checked with  leading edge of 'sclk'
Beginpoint: scan_enable               (v) triggered by  leading edge of '@'
Path Groups: {sclk}
Other End Arrival Time          0.000
+ Hold                          0.000
+ Phase Shift                   0.000
= Required Time                 0.000
  Arrival Time                  0.000
  Slack Time                    0.000
     Clock Rise Edge                      0.000
     + Input Delay                        0.000
     = Beginpoint Arrival Time            0.000
     Timing Path:
      -------------------------------------------------------------------------------
      Pin                        Edge  Net          Cell     Delay  Arrival  Required  
                                                                    Time     Time  
      -------------------------------------------------------------------------------
      scan_enable                v     scan_enable  -        -      0.000    0.000  
      f32_mux_1_data_reg_11_/SE  v     scan_enable  SDFFRX1  0.000  0.000    0.000  
      -------------------------------------------------------------------------------
     Clock Rise Edge                      0.000
     = Beginpoint Arrival Time            0.000
     Other End Path:
      ---------------------------------------------------------------------------------
      Pin                        Edge  Net        Cell         Delay  Arrival  Required  
                                                                      Time     Time  
      ---------------------------------------------------------------------------------
      clk                        ^     clk        -            -      0.000    0.000  
      clk_gate_mux/CK            ^     clk        TLATNTSCAX4  0.000  0.000    0.000  
      clk_gate_mux/ECK           ^     net121966  TLATNTSCAX4  0.000  0.000    0.000  
      f32_mux_1_data_reg_11_/CK  ^     net121966  SDFFRX1      0.000  0.000    0.000  
      ---------------------------------------------------------------------------------
Path 40: MET Hold Check with Pin f32_mux_1_data_reg_10_/CK 
Endpoint:   f32_mux_1_data_reg_10_/SE (v) checked with  leading edge of 'sclk'
Beginpoint: scan_enable               (v) triggered by  leading edge of '@'
Path Groups: {sclk}
Other End Arrival Time          0.000
+ Hold                          0.000
+ Phase Shift                   0.000
= Required Time                 0.000
  Arrival Time                  0.000
  Slack Time                    0.000
     Clock Rise Edge                      0.000
     + Input Delay                        0.000
     = Beginpoint Arrival Time            0.000
     Timing Path:
      -------------------------------------------------------------------------------
      Pin                        Edge  Net          Cell     Delay  Arrival  Required  
                                                                    Time     Time  
      -------------------------------------------------------------------------------
      scan_enable                v     scan_enable  -        -      0.000    0.000  
      f32_mux_1_data_reg_10_/SE  v     scan_enable  SDFFRX1  0.000  0.000    0.000  
      -------------------------------------------------------------------------------
     Clock Rise Edge                      0.000
     = Beginpoint Arrival Time            0.000
     Other End Path:
      ---------------------------------------------------------------------------------
      Pin                        Edge  Net        Cell         Delay  Arrival  Required  
                                                                      Time     Time  
      ---------------------------------------------------------------------------------
      clk                        ^     clk        -            -      0.000    0.000  
      clk_gate_mux/CK            ^     clk        TLATNTSCAX4  0.000  0.000    0.000  
      clk_gate_mux/ECK           ^     net121966  TLATNTSCAX4  0.000  0.000    0.000  
      f32_mux_1_data_reg_10_/CK  ^     net121966  SDFFRX1      0.000  0.000    0.000  
      ---------------------------------------------------------------------------------
Path 41: MET Hold Check with Pin f32_mux_1_data_reg_9_/CK 
Endpoint:   f32_mux_1_data_reg_9_/SE (v) checked with  leading edge of 'sclk'
Beginpoint: scan_enable              (v) triggered by  leading edge of '@'
Path Groups: {sclk}
Other End Arrival Time          0.000
+ Hold                          0.000
+ Phase Shift                   0.000
= Required Time                 0.000
  Arrival Time                  0.000
  Slack Time                    0.000
     Clock Rise Edge                      0.000
     + Input Delay                        0.000
     = Beginpoint Arrival Time            0.000
     Timing Path:
      ------------------------------------------------------------------------------
      Pin                       Edge  Net          Cell     Delay  Arrival  Required  
                                                                   Time     Time  
      ------------------------------------------------------------------------------
      scan_enable               v     scan_enable  -        -      0.000    0.000  
      f32_mux_1_data_reg_9_/SE  v     scan_enable  SDFFRX1  0.000  0.000    0.000  
      ------------------------------------------------------------------------------
     Clock Rise Edge                      0.000
     = Beginpoint Arrival Time            0.000
     Other End Path:
      --------------------------------------------------------------------------------
      Pin                       Edge  Net        Cell         Delay  Arrival  Required  
                                                                     Time     Time  
      --------------------------------------------------------------------------------
      clk                       ^     clk        -            -      0.000    0.000  
      clk_gate_mux/CK           ^     clk        TLATNTSCAX4  0.000  0.000    0.000  
      clk_gate_mux/ECK          ^     net121966  TLATNTSCAX4  0.000  0.000    0.000  
      f32_mux_1_data_reg_9_/CK  ^     net121966  SDFFRX1      0.000  0.000    0.000  
      --------------------------------------------------------------------------------
Path 42: MET Hold Check with Pin f32_mux_1_data_reg_8_/CK 
Endpoint:   f32_mux_1_data_reg_8_/SE (v) checked with  leading edge of 'sclk'
Beginpoint: scan_enable              (v) triggered by  leading edge of '@'
Path Groups: {sclk}
Other End Arrival Time          0.000
+ Hold                          0.000
+ Phase Shift                   0.000
= Required Time                 0.000
  Arrival Time                  0.000
  Slack Time                    0.000
     Clock Rise Edge                      0.000
     + Input Delay                        0.000
     = Beginpoint Arrival Time            0.000
     Timing Path:
      ------------------------------------------------------------------------------
      Pin                       Edge  Net          Cell     Delay  Arrival  Required  
                                                                   Time     Time  
      ------------------------------------------------------------------------------
      scan_enable               v     scan_enable  -        -      0.000    0.000  
      f32_mux_1_data_reg_8_/SE  v     scan_enable  SDFFRX1  0.000  0.000    0.000  
      ------------------------------------------------------------------------------
     Clock Rise Edge                      0.000
     = Beginpoint Arrival Time            0.000
     Other End Path:
      --------------------------------------------------------------------------------
      Pin                       Edge  Net        Cell         Delay  Arrival  Required  
                                                                     Time     Time  
      --------------------------------------------------------------------------------
      clk                       ^     clk        -            -      0.000    0.000  
      clk_gate_mux/CK           ^     clk        TLATNTSCAX4  0.000  0.000    0.000  
      clk_gate_mux/ECK          ^     net121966  TLATNTSCAX4  0.000  0.000    0.000  
      f32_mux_1_data_reg_8_/CK  ^     net121966  SDFFRX1      0.000  0.000    0.000  
      --------------------------------------------------------------------------------
Path 43: MET Hold Check with Pin f32_mux_1_data_reg_7_/CK 
Endpoint:   f32_mux_1_data_reg_7_/SE (v) checked with  leading edge of 'sclk'
Beginpoint: scan_enable              (v) triggered by  leading edge of '@'
Path Groups: {sclk}
Other End Arrival Time          0.000
+ Hold                          0.000
+ Phase Shift                   0.000
= Required Time                 0.000
  Arrival Time                  0.000
  Slack Time                    0.000
     Clock Rise Edge                      0.000
     + Input Delay                        0.000
     = Beginpoint Arrival Time            0.000
     Timing Path:
      ------------------------------------------------------------------------------
      Pin                       Edge  Net          Cell     Delay  Arrival  Required  
                                                                   Time     Time  
      ------------------------------------------------------------------------------
      scan_enable               v     scan_enable  -        -      0.000    0.000  
      f32_mux_1_data_reg_7_/SE  v     scan_enable  SDFFRX1  0.000  0.000    0.000  
      ------------------------------------------------------------------------------
     Clock Rise Edge                      0.000
     = Beginpoint Arrival Time            0.000
     Other End Path:
      --------------------------------------------------------------------------------
      Pin                       Edge  Net        Cell         Delay  Arrival  Required  
                                                                     Time     Time  
      --------------------------------------------------------------------------------
      clk                       ^     clk        -            -      0.000    0.000  
      clk_gate_mux/CK           ^     clk        TLATNTSCAX4  0.000  0.000    0.000  
      clk_gate_mux/ECK          ^     net121966  TLATNTSCAX4  0.000  0.000    0.000  
      f32_mux_1_data_reg_7_/CK  ^     net121966  SDFFRX1      0.000  0.000    0.000  
      --------------------------------------------------------------------------------
Path 44: MET Hold Check with Pin f32_mux_1_data_reg_6_/CK 
Endpoint:   f32_mux_1_data_reg_6_/SE (v) checked with  leading edge of 'sclk'
Beginpoint: scan_enable              (v) triggered by  leading edge of '@'
Path Groups: {sclk}
Other End Arrival Time          0.000
+ Hold                          0.000
+ Phase Shift                   0.000
= Required Time                 0.000
  Arrival Time                  0.000
  Slack Time                    0.000
     Clock Rise Edge                      0.000
     + Input Delay                        0.000
     = Beginpoint Arrival Time            0.000
     Timing Path:
      ------------------------------------------------------------------------------
      Pin                       Edge  Net          Cell     Delay  Arrival  Required  
                                                                   Time     Time  
      ------------------------------------------------------------------------------
      scan_enable               v     scan_enable  -        -      0.000    0.000  
      f32_mux_1_data_reg_6_/SE  v     scan_enable  SDFFRX1  0.000  0.000    0.000  
      ------------------------------------------------------------------------------
     Clock Rise Edge                      0.000
     = Beginpoint Arrival Time            0.000
     Other End Path:
      --------------------------------------------------------------------------------
      Pin                       Edge  Net        Cell         Delay  Arrival  Required  
                                                                     Time     Time  
      --------------------------------------------------------------------------------
      clk                       ^     clk        -            -      0.000    0.000  
      clk_gate_mux/CK           ^     clk        TLATNTSCAX4  0.000  0.000    0.000  
      clk_gate_mux/ECK          ^     net121966  TLATNTSCAX4  0.000  0.000    0.000  
      f32_mux_1_data_reg_6_/CK  ^     net121966  SDFFRX1      0.000  0.000    0.000  
      --------------------------------------------------------------------------------
Path 45: MET Hold Check with Pin f32_mux_1_data_reg_5_/CK 
Endpoint:   f32_mux_1_data_reg_5_/SE (v) checked with  leading edge of 'sclk'
Beginpoint: scan_enable              (v) triggered by  leading edge of '@'
Path Groups: {sclk}
Other End Arrival Time          0.000
+ Hold                          0.000
+ Phase Shift                   0.000
= Required Time                 0.000
  Arrival Time                  0.000
  Slack Time                    0.000
     Clock Rise Edge                      0.000
     + Input Delay                        0.000
     = Beginpoint Arrival Time            0.000
     Timing Path:
      ------------------------------------------------------------------------------
      Pin                       Edge  Net          Cell     Delay  Arrival  Required  
                                                                   Time     Time  
      ------------------------------------------------------------------------------
      scan_enable               v     scan_enable  -        -      0.000    0.000  
      f32_mux_1_data_reg_5_/SE  v     scan_enable  SDFFRX1  0.000  0.000    0.000  
      ------------------------------------------------------------------------------
     Clock Rise Edge                      0.000
     = Beginpoint Arrival Time            0.000
     Other End Path:
      --------------------------------------------------------------------------------
      Pin                       Edge  Net        Cell         Delay  Arrival  Required  
                                                                     Time     Time  
      --------------------------------------------------------------------------------
      clk                       ^     clk        -            -      0.000    0.000  
      clk_gate_mux/CK           ^     clk        TLATNTSCAX4  0.000  0.000    0.000  
      clk_gate_mux/ECK          ^     net121966  TLATNTSCAX4  0.000  0.000    0.000  
      f32_mux_1_data_reg_5_/CK  ^     net121966  SDFFRX1      0.000  0.000    0.000  
      --------------------------------------------------------------------------------
Path 46: MET Hold Check with Pin f32_mux_1_data_reg_4_/CK 
Endpoint:   f32_mux_1_data_reg_4_/SE (v) checked with  leading edge of 'sclk'
Beginpoint: scan_enable              (v) triggered by  leading edge of '@'
Path Groups: {sclk}
Other End Arrival Time          0.000
+ Hold                          0.000
+ Phase Shift                   0.000
= Required Time                 0.000
  Arrival Time                  0.000
  Slack Time                    0.000
     Clock Rise Edge                      0.000
     + Input Delay                        0.000
     = Beginpoint Arrival Time            0.000
     Timing Path:
      ------------------------------------------------------------------------------
      Pin                       Edge  Net          Cell     Delay  Arrival  Required  
                                                                   Time     Time  
      ------------------------------------------------------------------------------
      scan_enable               v     scan_enable  -        -      0.000    0.000  
      f32_mux_1_data_reg_4_/SE  v     scan_enable  SDFFRX1  0.000  0.000    0.000  
      ------------------------------------------------------------------------------
     Clock Rise Edge                      0.000
     = Beginpoint Arrival Time            0.000
     Other End Path:
      --------------------------------------------------------------------------------
      Pin                       Edge  Net        Cell         Delay  Arrival  Required  
                                                                     Time     Time  
      --------------------------------------------------------------------------------
      clk                       ^     clk        -            -      0.000    0.000  
      clk_gate_mux/CK           ^     clk        TLATNTSCAX4  0.000  0.000    0.000  
      clk_gate_mux/ECK          ^     net121966  TLATNTSCAX4  0.000  0.000    0.000  
      f32_mux_1_data_reg_4_/CK  ^     net121966  SDFFRX1      0.000  0.000    0.000  
      --------------------------------------------------------------------------------
Path 47: MET Hold Check with Pin f32_mux_1_data_reg_3_/CK 
Endpoint:   f32_mux_1_data_reg_3_/SE (v) checked with  leading edge of 'sclk'
Beginpoint: scan_enable              (v) triggered by  leading edge of '@'
Path Groups: {sclk}
Other End Arrival Time          0.000
+ Hold                          0.000
+ Phase Shift                   0.000
= Required Time                 0.000
  Arrival Time                  0.000
  Slack Time                    0.000
     Clock Rise Edge                      0.000
     + Input Delay                        0.000
     = Beginpoint Arrival Time            0.000
     Timing Path:
      ------------------------------------------------------------------------------
      Pin                       Edge  Net          Cell     Delay  Arrival  Required  
                                                                   Time     Time  
      ------------------------------------------------------------------------------
      scan_enable               v     scan_enable  -        -      0.000    0.000  
      f32_mux_1_data_reg_3_/SE  v     scan_enable  SDFFRX1  0.000  0.000    0.000  
      ------------------------------------------------------------------------------
     Clock Rise Edge                      0.000
     = Beginpoint Arrival Time            0.000
     Other End Path:
      --------------------------------------------------------------------------------
      Pin                       Edge  Net        Cell         Delay  Arrival  Required  
                                                                     Time     Time  
      --------------------------------------------------------------------------------
      clk                       ^     clk        -            -      0.000    0.000  
      clk_gate_mux/CK           ^     clk        TLATNTSCAX4  0.000  0.000    0.000  
      clk_gate_mux/ECK          ^     net121966  TLATNTSCAX4  0.000  0.000    0.000  
      f32_mux_1_data_reg_3_/CK  ^     net121966  SDFFRX1      0.000  0.000    0.000  
      --------------------------------------------------------------------------------
Path 48: MET Hold Check with Pin f32_mux_1_data_reg_2_/CK 
Endpoint:   f32_mux_1_data_reg_2_/SE (v) checked with  leading edge of 'sclk'
Beginpoint: scan_enable              (v) triggered by  leading edge of '@'
Path Groups: {sclk}
Other End Arrival Time          0.000
+ Hold                          0.000
+ Phase Shift                   0.000
= Required Time                 0.000
  Arrival Time                  0.000
  Slack Time                    0.000
     Clock Rise Edge                      0.000
     + Input Delay                        0.000
     = Beginpoint Arrival Time            0.000
     Timing Path:
      ------------------------------------------------------------------------------
      Pin                       Edge  Net          Cell     Delay  Arrival  Required  
                                                                   Time     Time  
      ------------------------------------------------------------------------------
      scan_enable               v     scan_enable  -        -      0.000    0.000  
      f32_mux_1_data_reg_2_/SE  v     scan_enable  SDFFRX1  0.000  0.000    0.000  
      ------------------------------------------------------------------------------
     Clock Rise Edge                      0.000
     = Beginpoint Arrival Time            0.000
     Other End Path:
      --------------------------------------------------------------------------------
      Pin                       Edge  Net        Cell         Delay  Arrival  Required  
                                                                     Time     Time  
      --------------------------------------------------------------------------------
      clk                       ^     clk        -            -      0.000    0.000  
      clk_gate_mux/CK           ^     clk        TLATNTSCAX4  0.000  0.000    0.000  
      clk_gate_mux/ECK          ^     net121966  TLATNTSCAX4  0.000  0.000    0.000  
      f32_mux_1_data_reg_2_/CK  ^     net121966  SDFFRX1      0.000  0.000    0.000  
      --------------------------------------------------------------------------------
Path 49: MET Hold Check with Pin f32_mux_1_data_reg_1_/CK 
Endpoint:   f32_mux_1_data_reg_1_/SE (v) checked with  leading edge of 'sclk'
Beginpoint: scan_enable              (v) triggered by  leading edge of '@'
Path Groups: {sclk}
Other End Arrival Time          0.000
+ Hold                          0.000
+ Phase Shift                   0.000
= Required Time                 0.000
  Arrival Time                  0.000
  Slack Time                    0.000
     Clock Rise Edge                      0.000
     + Input Delay                        0.000
     = Beginpoint Arrival Time            0.000
     Timing Path:
      ------------------------------------------------------------------------------
      Pin                       Edge  Net          Cell     Delay  Arrival  Required  
                                                                   Time     Time  
      ------------------------------------------------------------------------------
      scan_enable               v     scan_enable  -        -      0.000    0.000  
      f32_mux_1_data_reg_1_/SE  v     scan_enable  SDFFRX1  0.000  0.000    0.000  
      ------------------------------------------------------------------------------
     Clock Rise Edge                      0.000
     = Beginpoint Arrival Time            0.000
     Other End Path:
      --------------------------------------------------------------------------------
      Pin                       Edge  Net        Cell         Delay  Arrival  Required  
                                                                     Time     Time  
      --------------------------------------------------------------------------------
      clk                       ^     clk        -            -      0.000    0.000  
      clk_gate_mux/CK           ^     clk        TLATNTSCAX4  0.000  0.000    0.000  
      clk_gate_mux/ECK          ^     net121966  TLATNTSCAX4  0.000  0.000    0.000  
      f32_mux_1_data_reg_1_/CK  ^     net121966  SDFFRX1      0.000  0.000    0.000  
      --------------------------------------------------------------------------------
Path 50: MET Hold Check with Pin f32_mux_1_data_reg_0_/CK 
Endpoint:   f32_mux_1_data_reg_0_/SE (v) checked with  leading edge of 'sclk'
Beginpoint: scan_enable              (v) triggered by  leading edge of '@'
Path Groups: {sclk}
Other End Arrival Time          0.000
+ Hold                          0.000
+ Phase Shift                   0.000
= Required Time                 0.000
  Arrival Time                  0.000
  Slack Time                    0.000
     Clock Rise Edge                      0.000
     + Input Delay                        0.000
     = Beginpoint Arrival Time            0.000
     Timing Path:
      ------------------------------------------------------------------------------
      Pin                       Edge  Net          Cell     Delay  Arrival  Required  
                                                                   Time     Time  
      ------------------------------------------------------------------------------
      scan_enable               v     scan_enable  -        -      0.000    0.000  
      f32_mux_1_data_reg_0_/SE  v     scan_enable  SDFFRX1  0.000  0.000    0.000  
      ------------------------------------------------------------------------------
     Clock Rise Edge                      0.000
     = Beginpoint Arrival Time            0.000
     Other End Path:
      --------------------------------------------------------------------------------
      Pin                       Edge  Net        Cell         Delay  Arrival  Required  
                                                                     Time     Time  
      --------------------------------------------------------------------------------
      clk                       ^     clk        -            -      0.000    0.000  
      clk_gate_mux/CK           ^     clk        TLATNTSCAX4  0.000  0.000    0.000  
      clk_gate_mux/ECK          ^     net121966  TLATNTSCAX4  0.000  0.000    0.000  
      f32_mux_1_data_reg_0_/CK  ^     net121966  SDFFRX1      0.000  0.000    0.000  
      --------------------------------------------------------------------------------

