Cadence Genus(TM) Synthesis Solution.
Copyright 2021 Cadence Design Systems, Inc. All rights reserved worldwide.
Cadence and the Cadence logo are registered trademarks and Genus is a trademark
of Cadence Design Systems, Inc. in the United States and other countries.

Version: 20.11-s111_1, built Mon Apr 26 02:27:38 PDT 2021
Options: -files run_synthesis.tcl 
Date:    Tue Mar 11 15:10:19 2025
Host:    APL2.kletech.ac.in (x86_64 w/Linux 4.18.0-425.3.1.el8.x86_64) (6cores*12cpus*1physical cpu*12th Gen Intel(R) Core(TM) i5-12500 18432KB) (32404148KB)
PID:     34231
OS:      Red Hat Enterprise Linux release 8.7 (Ootpa)

Checkout succeeded: Genus_Synthesis/EF29107615D411912BD3
	License file: 5280@14.139.1.126
	License Server: 5280@14.139.1.126
Checking out license: Genus_Synthesis


***********************************************************************************************************
***********************************************************************************************************



Loading tool scripts...
Finished loading tool scripts (5 seconds elapsed).

#@ Processing -files option
@genus 1> source run_synthesis.tcl
#@ Begin verbose source ./run_synthesis.tcl
@file(run_synthesis.tcl) 1: set DATE [clock format [clock seconds] -format "%b%d-%T"]
@file(run_synthesis.tcl) 2: read_libs ../TECHFILES/NangateOpenCellLibrary_slow_conditional_ccs.lib

Threads Configured:3

  Message Summary for Library NangateOpenCellLibrary_slow_conditional_ccs.lib:
  ****************************************************************************
  An unsupported construct was detected in this library. [LBR-40]: 7
  ****************************************************************************
 
Info    : Created nominal operating condition. [LBR-412]
        : Operating condition '_nominal_' was created for the PVT values (1.000000, 0.950000, 125.000000) in library 'NangateOpenCellLibrary_slow_conditional_ccs.lib'.
        : The nominal operating condition is represented, either by the nominal PVT values specified in the library source (via nom_process,nom_voltage and nom_temperature respectively), or by the default PVT values (1.0,1.0,1.0).
Warning : Library cell has no output pins defined. [LBR-9]
        : Library cell 'ANTENNA_X1' must have an output pin.
        : Add the missing output pin(s), then reload the library. Else the library cell will be marked as timing model i.e. unusable. Timing_model means that the cell does not have any defined function. If there is no output pin, Genus will mark library cell as unusable i.e. the attribute 'usable' will be marked to 'false' on the libcell. Therefore, the cell is not used for mapping and it will not be picked up from the library for synthesis. If you query the attribute 'unusable_reason' on the libcell; result will be: 'Library cell has no output pins.'Note: The message LBR-9 is only for the logical pins and not for the power_ground pins. Genus will depend upon the output function defined in the pin group (output pin) of the cell, to use it for mapping. The pg_pin will not have any function defined.
Warning : Library cell has no output pins defined. [LBR-9]
        : Library cell 'ANTENNA_X1' must have an output pin.
Warning : Library cell has no output pins defined. [LBR-9]
        : Library cell 'FILLCELL_X1' must have an output pin.
Warning : Library cell has no output pins defined. [LBR-9]
        : Library cell 'FILLCELL_X1' must have an output pin.
Warning : Library cell has no output pins defined. [LBR-9]
        : Library cell 'FILLCELL_X16' must have an output pin.
Warning : Library cell has no output pins defined. [LBR-9]
        : Library cell 'FILLCELL_X16' must have an output pin.
Warning : Library cell has no output pins defined. [LBR-9]
        : Library cell 'FILLCELL_X2' must have an output pin.
Warning : Library cell has no output pins defined. [LBR-9]
        : Library cell 'FILLCELL_X2' must have an output pin.
Warning : Library cell has no output pins defined. [LBR-9]
        : Library cell 'FILLCELL_X32' must have an output pin.
Warning : Library cell has no output pins defined. [LBR-9]
        : Library cell 'FILLCELL_X32' must have an output pin.
Warning : Library cell has no output pins defined. [LBR-9]
        : Library cell 'FILLCELL_X4' must have an output pin.
Warning : Library cell has no output pins defined. [LBR-9]
        : Library cell 'FILLCELL_X4' must have an output pin.
Warning : Library cell has no output pins defined. [LBR-9]
        : Library cell 'FILLCELL_X8' must have an output pin.
Warning : Library cell has no output pins defined. [LBR-9]
        : Library cell 'FILLCELL_X8' must have an output pin.
@file(run_synthesis.tcl) 3: read_hdl ../RTL/s298_Mod.v
@file(run_synthesis.tcl) 4: elaborate
Warning : Non-monotonic wireload model found. [LBR-81]
        : 'Length' table in wireload model '3K_hvratio_1_2' is non-monotonic.
        : Non-monotonic wireload models can cause problems during synthesis and/or mapping.  Raising some of the points in the curve to give it a monotonic shape.
Warning : Non-monotonic wireload model found. [LBR-81]
        : 'Length' table in wireload model '3K_hvratio_1_2' is non-monotonic.
Warning : Non-monotonic wireload model found. [LBR-81]
        : 'Length' table in wireload model '3K_hvratio_1_2' is non-monotonic.
Info    : Elaborating Design. [ELAB-1]
        : Elaborating top-level block 's298' from file '../RTL/s298_Mod.v'.
Warning : Empty port expression. [CDFG-436]
        : In module 'dff' in file '../RTL/s298_Mod.v' on line 12.
Info    : Done Elaborating Design. [ELAB-3]
        : Done elaborating 's298'.
Checking for analog nets...
Check completed for analog nets.
Checking for source RTL...
Check completed for source RTL.
Running Unified Mux Engine Tricks...
Completed Unified Mux Engine Tricks
--------------------------------------------------------
| Trick             | Accepts | Rejects | Runtime (ms) | 
--------------------------------------------------------
| ume_constant_bmux |       0 |       0 |         0.00 | 
--------------------------------------------------------
Starting clip mux common data inputs [v1.0] (stage: post_elab, startdef: s298, recur: true)
Completed clip mux common data inputs (accepts: 0, rejects: 0, runtime: 0.000s)
Starting clip the non-user hierarchies [v2.0] (stage: post_elab, startdef: s298, recur: true)
Completed clip the non-user hierarchies (accepts: 0, rejects: 0, runtime: 0.000s)
UM:   flow.cputime  flow.realtime  timing.setup.tns  timing.setup.wns  snapshot
UM:*                                                                   elaborate
@file(run_synthesis.tcl) 5: set_top_module
@file(run_synthesis.tcl) 6: check_design -unresolved


 	 Check Design Report (c)
	 ------------------- 

  Unresolved References & Empty Modules
  ------------------------------------- 
No unresolved references in design 's298'

No empty modules in design 's298'

  Done Checking the design.
@file(run_synthesis.tcl) 7: read_sdc ../SDC/s298.sdc
Statistics for commands executed by read_sdc:
 "create_clock"             - successful      1 , failed      0 (runtime  0.00)
 "get_ports"                - successful      1 , failed      0 (runtime  0.00)
read_sdc completed in 00:00:00 (hh:mm:ss)
@file(run_synthesis.tcl) 8: if {[llength [all_registers]] > 0} { 
  define_cost_group -name I2C -design s298
  define_cost_group -name C2O -design s298
  define_cost_group -name C2C -design s298
  path_group -from [all_registers] -to [all_registers] -group C2C -name C2C
  path_group -from [all_registers] -to [all_outputs] -group C2O -name C2O
  path_group -from [all_inputs]  -to [all_registers] -group I2C -name I2C
}
@file(run_synthesis.tcl) 16: define_cost_group -name I2O -design s298
@file(run_synthesis.tcl) 17: path_group -from [all_inputs]  -to [all_outputs] -group I2O -name I2O
@file(run_synthesis.tcl) 18: foreach cg [vfind / -cost_group *] {
  report_timing -group [list $cg] >> ./OUTPUTS_${DATE}/REPORTS_${DATE}/s298_pretim.rpt
}
@file(run_synthesis.tcl) 21: set_db syn_generic_effort medium
  Setting attribute of root '/': 'syn_generic_effort' = medium
@file(run_synthesis.tcl) 22: set_db syn_map_effort medium
  Setting attribute of root '/': 'syn_map_effort' = medium
@file(run_synthesis.tcl) 23: set_db syn_opt_effort medium
  Setting attribute of root '/': 'syn_opt_effort' = medium
@file(run_synthesis.tcl) 24: syn_generic
##Generic Timing Info for library domain: _default_ typical gate delay: 133.0 ps std_slew: 19.0 ps std_load: 1.8 fF
Starting mux data reorder optimization [v1.0] (stage: pre_to_gen_setup, startdef: s298, recur: true)
Completed mux data reorder optimization (accepts: 0, rejects: 0, runtime: 0.000s)
Info    : Synthesizing. [SYNTH-1]
        : Synthesizing 's298' to generic gates using 'medium' effort.
PBS_Generic-Start - Elapsed_Time 0, CPU_Time 0.0
stamp 'PBS_Generic-Start' being created for table 'pbs_debug'

  Total Time (Wall) |  Stage Time (Wall)  |   % (Wall)   |    Date - Time     |  Memory   | Stage
--------------------+---------------------+--------------+--------------------+-----------+----------------------
 00:00:04(00:00:03) |  00:00:00(00:00:00) |   0.0(  0.0) |   15:10:26 (Mar11) |  367.1 MB | PBS_Generic-Start
--------------------+---------------------+--------------+--------------------+-----------+----------------------
Number of threads: 8 * 1   (id: pbs_debug, time_info v1.57)
Info: (*N*) indicates data that was populated from previously saved time_info database
Info: CPU time includes time of parent + longest thread
TNS Restructuring config: no_value at stage: generic applied.
Info    : Partition Based Synthesis execution skipped. [PHYS-752]
        : Design size is less than the partition size '100000' for distributed generic optimization to kick in.
Starting mux data reorder optimization [v1.0] (stage: pre_to_gen_setup, startdef: s298, recur: true)
Completed mux data reorder optimization (accepts: 0, rejects: 0, runtime: 0.000s)
Starting mux data reorder optimization [v1.0] (stage: post_to_gen_setup, startdef: s298, recur: true)
Completed mux data reorder optimization (accepts: 0, rejects: 0, runtime: 0.000s)
Running Unified Mux Engine Tricks...
Completed Unified Mux Engine Tricks
--------------------------------------------
| Trick | Accepts | Rejects | Runtime (ms) | 
--------------------------------------------
--------------------------------------------
Starting infer macro optimization [v1.0] (stage: pre_rtlopt, startdef: s298, recur: true)
Completed infer macro optimization (accepts: 0, rejects: 0, runtime: 0.000s)
Starting decode mux sandwich optimization [v2.0] (stage: pre_rtlopt, startdef: s298, recur: true)
Completed decode mux sandwich optimization (accepts: 0, rejects: 0, runtime: 0.000s)
Starting decode mux optimization [v1.0] (stage: pre_rtlopt, startdef: s298, recur: true)
Completed decode mux optimization (accepts: 0, rejects: 0, runtime: 0.000s)
Starting chop wide muxes [v1.0] (stage: pre_rtlopt, startdef: s298, recur: true)
Completed chop wide muxes (accepts: 0, rejects: 0, runtime: 0.000s)
Starting common data mux cascade opt [v1.0] (stage: pre_rtlopt, startdef: s298, recur: true)
Completed common data mux cascade opt (accepts: 0, rejects: 0, runtime: 0.001s)
Starting mux input consolidation [v1.0] (stage: pre_rtlopt, startdef: s298, recur: true)
Completed mux input consolidation (accepts: 0, rejects: 0, runtime: 0.000s)
Starting priority mux optimization [v1.0] (stage: pre_rtlopt, startdef: s298, recur: true)
Completed priority mux optimization (accepts: 0, rejects: 0, runtime: 0.004s)
Starting constant-data mux optimization [v1.0] (stage: pre_rtlopt, startdef: s298, recur: true)
Completed constant-data mux optimization (accepts: 0, rejects: 0, runtime: 0.000s)
Starting chain-to-tree inequality transform [v2.0] (stage: pre_rtlopt, startdef: s298, recur: true)
Completed chain-to-tree inequality transform (accepts: 0, rejects: 0, runtime: 0.001s)
Starting reconvergence optimization [v1.0] (stage: pre_rtlopt, startdef: s298, recur: true)
Completed reconvergence optimization (accepts: 0, rejects: 0, runtime: 0.000s)
Starting logic restructure optimization [v1.0] (stage: pre_rtlopt, startdef: s298, recur: true)
Completed logic restructure optimization (accepts: 0, rejects: 0, runtime: 0.000s)
Starting common select mux optimization [v1.0] (stage: pre_rtlopt, startdef: s298, recur: true)
Completed common select mux optimization (accepts: 0, rejects: 0, runtime: 0.000s)
Starting identity transform [v3.0] (stage: pre_rtlopt, startdef: s298, recur: true)
Completed identity transform (accepts: 0, rejects: 0, runtime: 0.000s)
Starting reduce operator chain [v1.0] (stage: pre_rtlopt, startdef: s298, recur: true)
Completed reduce operator chain (accepts: 0, rejects: 0, runtime: 0.000s)
Starting common data mux cascade opt [v1.0] (stage: pre_rtlopt, startdef: s298, recur: true)
Completed common data mux cascade opt (accepts: 0, rejects: 0, runtime: 0.000s)
Starting mux input consolidation [v1.0] (stage: pre_rtlopt, startdef: s298, recur: true)
Completed mux input consolidation (accepts: 0, rejects: 0, runtime: 0.000s)
Starting optimize datapath elements [v1.0] (stage: pre_rtlopt, startdef: s298, recur: true)
Completed optimize datapath elements (accepts: 0, rejects: 0, runtime: 0.000s)
Starting clip mux common data inputs [v1.0] (stage: pre_rtlopt, startdef: s298, recur: true)
Completed clip mux common data inputs (accepts: 0, rejects: 0, runtime: 0.000s)
Starting clip the non-user hierarchies [v2.0] (stage: pre_rtlopt, startdef: s298, recur: true)
Completed clip the non-user hierarchies (accepts: 0, rejects: 0, runtime: 0.000s)
Running Unified Mux Engine Tricks...
Completed Unified Mux Engine Tricks
--------------------------------------------
| Trick | Accepts | Rejects | Runtime (ms) | 
--------------------------------------------
--------------------------------------------
Number of big hc bmuxes before = 0
Info    : Pre-processed datapath logic. [DPOPT-6]
        : No pre-processing optimizations applied to datapath logic in 's298'.
Info    : Skipping datapath optimization. [DPOPT-5]
        : There is no datapath logic in 's298'.
Number of big hc bmuxes after = 0
Starting logic reduction [v1.0] (stage: post_rtlopt, startdef: s298, recur: true)
Completed logic reduction (accepts: 0, rejects: 0, runtime: 0.000s)
Starting mux data reorder optimization [v1.0] (stage: post_rtlopt, startdef: s298, recur: true)
Completed mux data reorder optimization (accepts: 0, rejects: 0, runtime: 0.000s)
Starting mux speculation [v1.0] (stage: post_muxopt, startdef: s298, recur: true)
Starting speculation optimization
Completed speculation optimization (accepts:0)
Completed mux speculation (accepts: 0, rejects: 0, runtime: 0.002s)
==================================
Stage : to_generic 
==================================
  =================
   Message Summary
  =================
--------------------------------------------------------------------------------
|    Id    |  Sev   |Count |                   Message Text                    |
--------------------------------------------------------------------------------
| CDFG-436 |Warning |    1 |Empty port expression.                             |
| CDFG-500 |Info    |    2 |Unused module input port.                          |
|          |        |      |(In port definition within the module, the input p |
|          |        |      | ort is not used in any assignment statements or   |
|          |        |      | conditional expressions for decision statements.  |
| DPOPT-5  |Info    |    1 |Skipping datapath optimization.                    |
| DPOPT-6  |Info    |    1 |Pre-processed datapath logic.                      |
| ELAB-1   |Info    |    1 |Elaborating Design.                                |
| ELAB-2   |Info    |    1 |Elaborating Subdesign.                             |
| ELAB-3   |Info    |    1 |Done Elaborating Design.                           |
| LBR-9    |Warning |   14 |Library cell has no output pins defined.           |
|          |        |      |Add the missing output pin(s)                      |
|          |        |      | , then reload the library. Else the library cell  |
|          |        |      | will be marked as timing model i.e. unusable.     |
|          |        |      | Timing_model means that the cell does not have    |
|          |        |      | any defined function. If there is no output pin,  |
|          |        |      | Genus will mark library cell as unusable i.e. the |
|          |        |      | attribute 'usable' will be marked to 'false' on   |
|          |        |      | the libcell. Therefore, the cell is not used for  |
|          |        |      | mapping and it will not be picked up from the     |
|          |        |      | library for synthesis. If you query the attribute |
|          |        |      | 'unusable_reason' on the libcell; result will be: |
|          |        |      | 'Library cell has no output pins.'Note: The       |
|          |        |      | message LBR-9 is only for the logical pins and    |
|          |        |      | not for the power_ground pins. Genus will depend  |
|          |        |      | upon the output function defined in the pin group |
|          |        |      | (output pin)                                      |
|          |        |      | of the cell, to use it for mapping. The pg_pin    |
|          |        |      | will not have any function defined.               |
| LBR-40   |Info    |    7 |An unsupported construct was detected in this      |
|          |        |      | library.                                          |
|          |        |      |Check to see if this construct is really needed    |
|          |        |      | for synthesis. Many liberty constructs are not    |
|          |        |      | actually required.                                |
| LBR-81   |Warning |    3 |Non-monotonic wireload model found.                |
|          |        |      |Non-monotonic wireload models can cause problems   |
|          |        |      | during synthesis and/or mapping.  Raising some of |
|          |        |      | the points in the curve to give it a monotonic    |
|          |        |      | shape.                                            |
| LBR-155  |Info    |    1 |Mismatch in unateness between 'timing_sense'       |
|          |        |      | attribute and the function.                       |
|          |        |      |The 'timing_sense' attribute will be respected.    |
| LBR-162  |Info    |   15 |Both 'pos_unate' and 'neg_unate' timing_sense arcs |
|          |        |      | have been processed.                              |
|          |        |      |Setting the 'timing_sense' to non_unate.           |
| LBR-412  |Info    |    1 |Created nominal operating condition.               |
|          |        |      |The nominal operating condition is represented,    |
|          |        |      | either by the nominal PVT values specified in the |
|          |        |      | library source                                    |
|          |        |      | (via nom_process,nom_voltage and nom_temperature  |
|          |        |      | respectively)                                     |
|          |        |      | , or by the default PVT values (1.0,1.0,1.0).     |
| PHYS-752 |Info    |    1 |Partition Based Synthesis execution skipped.       |
| SYNTH-1  |Info    |    1 |Synthesizing.                                      |
| TIM-1000 |Info    |    1 |Multimode clock gating check is disabled.          |
--------------------------------------------------------------------------------
Mapper: Libraries have:
	domain _default_: 96 combo usable cells and 20 sequential usable cells
Multi-threaded constant propagation [1|0] ...
new_area=90253800  new_slack=3339.40  new_is_better=1
Multi-threaded Virtual Mapping    (8 threads, 8 of 12 CPUs usable)
 
Global mapping target info
==========================
Cost Group 'C2C' target slack:   144 ps
Target path end-point (Pin: DFF_1/q_reg/d)


State Retention Synthesis Status
================================

Category                        Flops   Percentage
--------------------------------------------------
Total instances                    14        100.0
Excluded from State Retention      14        100.0
    - Will not convert             14        100.0
      - Preserved                   0          0.0
      - Power intent excluded      14        100.0
    - Could not convert             0          0.0
      - Scan type                   0          0.0
      - No suitable cell            0          0.0
State Retention instances           0          0.0
--------------------------------------------------

PBS_Generic_Opt-Post - Elapsed_Time 0, CPU_Time -0.016656999999999478
stamp 'PBS_Generic_Opt-Post' being created for table 'pbs_debug'

  Total Time (Wall) |  Stage Time (Wall)  |   % (Wall)   |    Date - Time     |  Memory   | Stage
--------------------+---------------------+--------------+--------------------+-----------+----------------------
 00:00:04(00:00:03) |  00:00:00(00:00:00) |  -0.0(  0.0) |   15:10:26 (Mar11) |  367.1 MB | PBS_Generic-Start
--------------------+---------------------+--------------+--------------------+-----------+----------------------
 00:00:04(00:00:03) |  00:00:00(00:00:00) | 100.0(  0.0) |   15:10:26 (Mar11) |  367.1 MB | PBS_Generic_Opt-Post
--------------------+---------------------+--------------+--------------------+-----------+----------------------
Number of threads: 8 * 1   (id: pbs_debug, time_info v1.57)
Info: (*N*) indicates data that was populated from previously saved time_info database
Info: CPU time includes time of parent + longest thread
PBS_Generic-Postgen HBO Optimizations - Elapsed_Time 0, CPU_Time 0.0
stamp 'PBS_Generic-Postgen HBO Optimizations' being created for table 'pbs_debug'

  Total Time (Wall) |  Stage Time (Wall)  |   % (Wall)   |    Date - Time     |  Memory   | Stage
--------------------+---------------------+--------------+--------------------+-----------+----------------------
 00:00:04(00:00:03) |  00:00:00(00:00:00) |  -0.0(  0.0) |   15:10:26 (Mar11) |  367.1 MB | PBS_Generic-Start
--------------------+---------------------+--------------+--------------------+-----------+----------------------
 00:00:04(00:00:03) |  00:00:00(00:00:00) | 100.0(  0.0) |   15:10:26 (Mar11) |  367.1 MB | PBS_Generic_Opt-Post
--------------------+---------------------+--------------+--------------------+-----------+----------------------
 00:00:04(00:00:03) |  00:00:00(00:00:00) |  -0.0(  0.0) |   15:10:26 (Mar11) |  367.1 MB | PBS_Generic-Postgen HBO Optimizations
--------------------+---------------------+--------------+--------------------+-----------+----------------------
Number of threads: 8 * 1   (id: pbs_debug, time_info v1.57)
Info: (*N*) indicates data that was populated from previously saved time_info database
Info: CPU time includes time of parent + longest thread
##>=================== Cadence Confidential (Generic-Logical) ===================
##>=================== Cadence Confidential (Generic-Logical) ===================
##>Main Thread Summary:
##>----------------------------------------------------------------------------------------
##>STEP                           Elapsed       WNS       TNS     Insts      Area    Memory
##>----------------------------------------------------------------------------------------
##>G:Initial                            0         -         -       102       150       367
##>G:Setup                              0         -         -         -         -         -
##>G:Launch ST                          0         -         -         -         -         -
##>G:Design Partition                   0         -         -         -         -         -
##>G:Create Partition Netlists          0         -         -         -         -         -
##>G:Init Power                         0         -         -         -         -         -
##>G:Budgeting                          0         -         -         -         -         -
##>G:Derenv-DB                          0         -         -         -         -         -
##>G:Debug Outputs                      0         -         -         -         -         -
##>G:ST loading                         0         -         -         -         -         -
##>G:Distributed                        0         -         -         -         -         -
##>G:Timer                              0         -         -         -         -         -
##>G:Assembly                           0         -         -         -         -         -
##>G:DFT                                0         -         -         -         -         -
##>G:Const Prop                         0         -         -        95       128       367
##>G:Misc                               0
##>----------------------------------------------------------------------------------------
##>Total Elapsed                        0
##>========================================================================================
Info    : Done synthesizing. [SYNTH-2]
        : Done synthesizing 's298' to generic gates.
      flow.cputime  flow.realtime  timing.setup.tns  timing.setup.wns  snapshot
UM:*                                                                   syn_gen
@file(run_synthesis.tcl) 25: report_dp > ./OUTPUTS_${DATE}/REPORTS_${DATE}/generic/s298_datapath.rpt
Beginning report datapath command
Warning : The filename, column and line number information will not be available in the report. [RPT_DP-100]
        : The attribute for getting HDL filename and line number is not set.
        : You must set the 'hdl_track_filename_row_col' attribute to 'true' (before elaborate) to enable filename, column, and line number tracking in the datapath report.
@file(run_synthesis.tcl) 26: write_snapshot -outdir ./OUTPUTS_${DATE}/REPORTS_${DATE} -tag generic
%# Begin write_snapshot (03/11 15:10:26, mem=1264.28M)
%# Begin qos_stats (03/11 15:10:26, mem=1264.28M)
%# End qos_stats (03/11 15:10:27, total cpu=13:30:00, real=13:30:01, peak res=367.10M, current mem=1264.28M)


Working Directory = /home/01fe21bec223/DFT_TESSENT/GENUS/work
QoS Summary for s298
================================================================================
Metric                          generic        
================================================================================
Slack (ps):                     3,382
  R2R (ps):                     3,382
  I2R (ps):                  no_value
  R2O (ps):                  no_value
  I2O (ps):                  no_value
  CG  (ps):                  no_value
TNS (ps):                           0
  R2R (ps):                         0
  I2R (ps):                  no_value
  R2O (ps):                  no_value
  I2O (ps):                  no_value
  CG  (ps):                  no_value
Failing Paths:                      0
Cell Area:                        130
Total Cell Area:                  130
Leaf Instances:                    95
Total Instances:                   95
Utilization (%):                 0.00
Tot. Net Length (um):        no_value
Avg. Net Length (um):        no_value
Route Overflow H (%):        no_value
Route Overflow V (%):        no_value
MBCI(%) (bits/gate) :            0.00
Norm Cong Hotspot Area:
  Max Cong:                  no_value
  Tot Cong:                  no_value
================================================================================
CPU  Runtime (h:m:s):        00:30:03
Real Runtime (h:m:s):        00:30:03
CPU  Elapsed (h:m:s):        00:30:05
Real Elapsed (h:m:s):        00:30:05
Memory (MB):                  1264.28
================================================================================
================================================================================
Flow Settings:
================================================================================
Total Runtime (h:m:s): 00:30:04
Total Memory (MB):     1264.28
Executable Version:    20.11-s111_1
================================================================================
Total Cell Area =  Cell Area + Physical Cell Area
Total Instances =  Leaf Instances + Physical Instances




Warning : The details given in report might be incorrect or incomplete. [RPT-80]
        : The design design:s298 should be mapped to get accurate area details.
        : Map the design using syn_map before using the '-detail' option of the 'report_area' command.
Info    : Joules engine is used. [RPT-16]
        : Joules engine is being used for the command report_gates -power.
Only 14 violating paths found
Warning : Did not find power models when running power analysis on a generic netlist. [PA-17]
        : Design design:s298 has no power models available.
        : The power analysis results on a generic netlist are more accurate when detailed power models are used. Use command 'build_rtl_power_models' to build detailed power models.
Info   : ACTP-0001 [ACTPInfo] Activity propagation started for stim#0 netlist
       : s298
Info   : ACTP-0009 [ACTPInfo] Activity Propagation Progress Report :   0%   1%   2%   3%   4%   5%   6%   7%   8%   9%  10%  11%  12%  13%  14%  15%  16%  17%  18%  19%  20%  21%  22%  23%  24%  25%  26%  27%  28%  29%  30%  31%  32%  33%  34%  35%  36%  37%  38%  39%  40%  41%  42%  43%  44%  45%  46%  47%  48%  49%  50%  51%  52%  53%  54%  55%  56%  57%  58%  59%  60%  61%  62%  63%  64%  65%  66%  67%  68%  69%  70%  71%  72%  73%  74%  75%  76%  77%  78%  79%  80%  81%  82%  83%  84%  85%  86%  87%  88%  89%  90%  91%  92%  93%  94%  95%  96%  97%  98%  99% 100%
Info   : ACTP-0001 Activity propagation ended for stim#0
Info   : PWRA-0001 [PwrInfo] compute_power effective options 
       : -mode : vectorless
       : -skip_propagation : 1
       : -frequency_scaling_factor : 1.0
       : -use_clock_freq : stim
       : -stim :/stim#0
       : -fromGenus : 1
Info   : ACTP-0001 Timing initialization started
Info   : ACTP-0001 Timing initialization ended
Info   : PWRA-0002 [PwrInfo] Skipping activity propagation due to -skip_ap
       : option....
Warning: PWRA-0302 [PwrWarn] Frequency scaling is not applicable for vectorless
       : flow. Ignoring frequency scaling.
Warning: PWRA-0304 [PwrWarn] -stim option is not applicable with vectorless mode
       : of power analysis, ignored this option.
Info   : PWRA-0002 Started 'vectorless' power computation.
Info   : PWRA-0002 Finished power computation.
Info   : PWRA-0007 [PwrInfo] Completed successfully.
       : Info=6, Warn=2, Error=0, Fatal=0
Finished exporting design database to file './OUTPUTS_Mar11-15:10:25/REPORTS_Mar11-15:10:25/generic_s298.db' for 's298' (command execution time mm:ss cpu = 00:00, real = 00:00).
Finished generating snapshot at stage generic (command execution time mm:ss cpu = 00:00, real = 00:01).
%# End write_snapshot (03/11 15:10:27, total cpu=13:30:00, real=13:30:01, peak res=367.10M, current mem=1265.29M)
@file(run_synthesis.tcl) 27: report_summary -directory ./OUTPUTS_${DATE}/REPORTS_${DATE}


Working Directory = /home/01fe21bec223/DFT_TESSENT/GENUS/work
QoS Summary for s298
================================================================================
Metric                          generic        
================================================================================
Slack (ps):                     3,382
  R2R (ps):                     3,382
  I2R (ps):                  no_value
  R2O (ps):                  no_value
  I2O (ps):                  no_value
  CG  (ps):                  no_value
TNS (ps):                           0
  R2R (ps):                         0
  I2R (ps):                  no_value
  R2O (ps):                  no_value
  I2O (ps):                  no_value
  CG  (ps):                  no_value
Failing Paths:                      0
Cell Area:                        130
Total Cell Area:                  130
Leaf Instances:                    95
Total Instances:                   95
Utilization (%):                 0.00
Tot. Net Length (um):        no_value
Avg. Net Length (um):        no_value
Route Overflow H (%):        no_value
Route Overflow V (%):        no_value
MBCI(%) (bits/gate) :            0.00
Norm Cong Hotspot Area:
  Max Cong:                  no_value
  Tot Cong:                  no_value
================================================================================
CPU  Runtime (h:m:s):        00:30:03
Real Runtime (h:m:s):        00:30:03
CPU  Elapsed (h:m:s):        00:30:05
Real Elapsed (h:m:s):        00:30:05
Memory (MB):                  1264.28
================================================================================
================================================================================
Flow Settings:
================================================================================
Total Runtime (h:m:s): 00:30:04
Total Memory (MB):     1265.29
Executable Version:    20.11-s111_1
================================================================================
Total Cell Area =  Cell Area + Physical Cell Area
Total Instances =  Leaf Instances + Physical Instances




@file(run_synthesis.tcl) 28: syn_map
##Generic Timing Info for library domain: _default_ typical gate delay: 133.0 ps std_slew: 19.0 ps std_load: 1.8 fF
Info    : Mapping. [SYNTH-4]
        : Mapping 's298' using 'medium' effort.
Mapper: Libraries have:
	domain _default_: 96 combo usable cells and 20 sequential usable cells
Configuring mapper costing (none)
TNS Restructuring config: no_value at stage: map applied.
PBS_TechMap-Start - Elapsed_Time 0, CPU_Time 0.0
stamp 'PBS_TechMap-Start' being created for table 'pbs_debug'

  Total Time (Wall) |  Stage Time (Wall)  |   % (Wall)   |    Date - Time     |  Memory   | Stage
--------------------+---------------------+--------------+--------------------+-----------+----------------------
 00:00:04(00:00:03) |  00:00:00(00:00:00) |  -0.0(  0.0) |   15:10:26 (Mar11) |  367.1 MB | PBS_Generic-Start
--------------------+---------------------+--------------+--------------------+-----------+----------------------
 00:00:04(00:00:03) |  00:00:00(00:00:00) | 100.0(  0.0) |   15:10:26 (Mar11) |  367.1 MB | PBS_Generic_Opt-Post
--------------------+---------------------+--------------+--------------------+-----------+----------------------
 00:00:04(00:00:03) |  00:00:00(00:00:00) |  -0.0(  0.0) |   15:10:26 (Mar11) |  367.1 MB | PBS_Generic-Postgen HBO Optimizations
--------------------+---------------------+--------------+--------------------+-----------+----------------------
 00:00:04(00:00:04) |  00:00:00(00:00:01) |  -0.0(100.0) |   15:10:27 (Mar11) |  367.1 MB | PBS_TechMap-Start
--------------------+---------------------+--------------+--------------------+-----------+----------------------
Number of threads: 8 * 1   (id: pbs_debug, time_info v1.57)
Info: (*N*) indicates data that was populated from previously saved time_info database
Info: CPU time includes time of parent + longest thread
PBS_TechMap-Premap HBO Optimizations - Elapsed_Time 0, CPU_Time 0.0
stamp 'PBS_TechMap-Premap HBO Optimizations' being created for table 'pbs_debug'

  Total Time (Wall) |  Stage Time (Wall)  |   % (Wall)   |    Date - Time     |  Memory   | Stage
--------------------+---------------------+--------------+--------------------+-----------+----------------------
 00:00:04(00:00:03) |  00:00:00(00:00:00) |  -0.0(  0.0) |   15:10:26 (Mar11) |  367.1 MB | PBS_Generic-Start
--------------------+---------------------+--------------+--------------------+-----------+----------------------
 00:00:04(00:00:03) |  00:00:00(00:00:00) | 100.0(  0.0) |   15:10:26 (Mar11) |  367.1 MB | PBS_Generic_Opt-Post
--------------------+---------------------+--------------+--------------------+-----------+----------------------
 00:00:04(00:00:03) |  00:00:00(00:00:00) |  -0.0(  0.0) |   15:10:26 (Mar11) |  367.1 MB | PBS_Generic-Postgen HBO Optimizations
--------------------+---------------------+--------------+--------------------+-----------+----------------------
 00:00:04(00:00:04) |  00:00:00(00:00:01) |  -0.0(100.0) |   15:10:27 (Mar11) |  367.1 MB | PBS_TechMap-Start
--------------------+---------------------+--------------+--------------------+-----------+----------------------
 00:00:04(00:00:04) |  00:00:00(00:00:00) |  -0.0(  0.0) |   15:10:27 (Mar11) |  367.1 MB | PBS_TechMap-Premap HBO Optimizations
--------------------+---------------------+--------------+--------------------+-----------+----------------------
Number of threads: 8 * 1   (id: pbs_debug, time_info v1.57)
Info: (*N*) indicates data that was populated from previously saved time_info database
Info: CPU time includes time of parent + longest thread
Info    : Partition Based Synthesis execution skipped. [PHYS-752]
        : Design size is less than the partition size '100000' for distributed mapping optimization to kick in.
Mapper: Libraries have:
	domain _default_: 96 combo usable cells and 20 sequential usable cells
new_area=90749700  new_slack=3339.40  new_is_better=0
Multi-threaded Virtual Mapping    (8 threads, 8 of 12 CPUs usable)
==================================
Stage : first_condense 
==================================
  =================
   Message Summary
  =================
--------------------------------------------------------------------------------
|     Id     |  Sev   |Count |                  Message Text                   |
--------------------------------------------------------------------------------
| PHYS-752   |Info    |    1 |Partition Based Synthesis execution skipped.     |
| RPT_DP-100 |Warning |    1 |The filename, column and line number information |
|            |        |      | will not be available in the report.            |
|            |        |      |You must set the 'hdl_track_filename_row_col'    |
|            |        |      | attribute to 'true' (before elaborate)          |
|            |        |      | to enable filename, column, and line number     |
|            |        |      | tracking in the datapath report.                |
| SYNTH-2    |Info    |    1 |Done synthesizing.                               |
| SYNTH-4    |Info    |    1 |Mapping.                                         |
--------------------------------------------------------------------------------
 
Global mapping target info
==========================
Cost Group 'C2C' target slack:   144 ps
Target path end-point (Pin: DFF_6/q_reg/d)

Multi-threaded Technology Mapping (8 threads, 8 of 12 CPUs usable)
 
Global mapping status
=====================
                                   Group   
                                  Tot Wrst 
                           Total  Weighted 
Operation                   Area   Slacks  
 global_map                  142        0 

    Cost Group            Target    Slack    Diff.  Constr.
-----------------------------------------------------------
           C2C               144     3281              5000 

 
Global incremental target info
==============================
Cost Group 'C2C' target slack:    95 ps
Target path end-point (Pin: DFF_6/q_reg/D (DFF_X1/D))

==================================
Stage : global_incr_map 
==================================
  =================
   Message Summary
  =================
---------------------------------------------------------------------
|  Id  |Sev  |Count |                 Message Text                  |
---------------------------------------------------------------------
| PA-7 |Info |   16 |Resetting power analysis results.              |
|      |     |      |All computed switching activities are removed. |
---------------------------------------------------------------------
 
Global incremental optimization status
======================================
                                   Group   
                                  Tot Wrst 
                           Total  Weighted 
Operation                   Area   Slacks  
 global_incr                 142        0 

    Cost Group            Target    Slack    Diff.  Constr.
-----------------------------------------------------------
           C2C                95     3281              5000 


State Retention Synthesis Status
================================

Category                        Flops   Percentage
--------------------------------------------------
Total instances                    14        100.0
Excluded from State Retention      14        100.0
    - Will not convert             14        100.0
      - Preserved                   0          0.0
      - Power intent excluded      14        100.0
    - Could not convert             0          0.0
      - Scan type                   0          0.0
      - No suitable cell            0          0.0
State Retention instances           0          0.0
--------------------------------------------------

INFO: skipping constant propagation
PBS_Techmap-Global Mapping - Elapsed_Time 0, CPU_Time 0.9493399999999994
stamp 'PBS_Techmap-Global Mapping' being created for table 'pbs_debug'

  Total Time (Wall) |  Stage Time (Wall)  |   % (Wall)   |    Date - Time     |  Memory   | Stage
--------------------+---------------------+--------------+--------------------+-----------+----------------------
 00:00:04(00:00:03) |  00:00:00(00:00:00) |   0.0(  0.0) |   15:10:26 (Mar11) |  367.1 MB | PBS_Generic-Start
--------------------+---------------------+--------------+--------------------+-----------+----------------------
 00:00:04(00:00:03) |  00:00:00(00:00:00) |  -1.8(  0.0) |   15:10:26 (Mar11) |  367.1 MB | PBS_Generic_Opt-Post
--------------------+---------------------+--------------+--------------------+-----------+----------------------
 00:00:04(00:00:03) |  00:00:00(00:00:00) |   0.0(  0.0) |   15:10:26 (Mar11) |  367.1 MB | PBS_Generic-Postgen HBO Optimizations
--------------------+---------------------+--------------+--------------------+-----------+----------------------
 00:00:04(00:00:04) |  00:00:00(00:00:01) |   0.0(100.0) |   15:10:27 (Mar11) |  367.1 MB | PBS_TechMap-Start
--------------------+---------------------+--------------+--------------------+-----------+----------------------
 00:00:04(00:00:04) |  00:00:00(00:00:00) |   0.0(  0.0) |   15:10:27 (Mar11) |  367.1 MB | PBS_TechMap-Premap HBO Optimizations
--------------------+---------------------+--------------+--------------------+-----------+----------------------
 00:00:05(00:00:04) |  00:00:00(00:00:00) | 101.8(  0.0) |   15:10:27 (Mar11) |  367.1 MB | PBS_Techmap-Global Mapping
--------------------+---------------------+--------------+--------------------+-----------+----------------------
Number of threads: 8 * 1   (id: pbs_debug, time_info v1.57)
Info: (*N*) indicates data that was populated from previously saved time_info database
Info: CPU time includes time of parent + longest thread
Info    : Command 'commit_power_intent' cannot proceed as there is no power intent loaded. [CPI-506]
        : Command 'commit_power_intent' requires a valid power_intent to be loaded.
Info    : Forcing flat compare. [CFM-212]
        : The design hierarchies are too small to qualify for hierarchical comparison. Set the attribute wlec_hier_comp_threshold accordingly for hier compare
Info    : Wrote formal verification information. [CFM-5]
        : Wrote 'fv/s298/fv_map.fv.json' for netlist 'fv/s298/fv_map.v.gz'.
Info    : Wrote dofile. [CFM-1]
        : Dofile is 'fv/s298/rtl_to_fv_map.do'.
        : Alias mapping flow is enabled.
PBS_TechMap-Datapath Postmap Operations - Elapsed_Time 0, CPU_Time 0.0
stamp 'PBS_TechMap-Datapath Postmap Operations' being created for table 'pbs_debug'

  Total Time (Wall) |  Stage Time (Wall)  |   % (Wall)   |    Date - Time     |  Memory   | Stage
--------------------+---------------------+--------------+--------------------+-----------+----------------------
 00:00:04(00:00:03) |  00:00:00(00:00:00) |   0.0(  0.0) |   15:10:26 (Mar11) |  367.1 MB | PBS_Generic-Start
--------------------+---------------------+--------------+--------------------+-----------+----------------------
 00:00:04(00:00:03) |  00:00:00(00:00:00) |  -1.8(  0.0) |   15:10:26 (Mar11) |  367.1 MB | PBS_Generic_Opt-Post
--------------------+---------------------+--------------+--------------------+-----------+----------------------
 00:00:04(00:00:03) |  00:00:00(00:00:00) |   0.0(  0.0) |   15:10:26 (Mar11) |  367.1 MB | PBS_Generic-Postgen HBO Optimizations
--------------------+---------------------+--------------+--------------------+-----------+----------------------
 00:00:04(00:00:04) |  00:00:00(00:00:01) |   0.0(100.0) |   15:10:27 (Mar11) |  367.1 MB | PBS_TechMap-Start
--------------------+---------------------+--------------+--------------------+-----------+----------------------
 00:00:04(00:00:04) |  00:00:00(00:00:00) |   0.0(  0.0) |   15:10:27 (Mar11) |  367.1 MB | PBS_TechMap-Premap HBO Optimizations
--------------------+---------------------+--------------+--------------------+-----------+----------------------
 00:00:05(00:00:04) |  00:00:00(00:00:00) | 101.8(  0.0) |   15:10:27 (Mar11) |  367.1 MB | PBS_Techmap-Global Mapping
--------------------+---------------------+--------------+--------------------+-----------+----------------------
 00:00:05(00:00:04) |  00:00:00(00:00:00) |   0.0(  0.0) |   15:10:27 (Mar11) |  367.1 MB | PBS_TechMap-Datapath Postmap Operations
--------------------+---------------------+--------------+--------------------+-----------+----------------------
Number of threads: 8 * 1   (id: pbs_debug, time_info v1.57)
Info: (*N*) indicates data that was populated from previously saved time_info database
Info: CPU time includes time of parent + longest thread
PBS_TechMap-Postmap HBO Optimizations - Elapsed_Time 0, CPU_Time -0.0004229999999996181
stamp 'PBS_TechMap-Postmap HBO Optimizations' being created for table 'pbs_debug'

  Total Time (Wall) |  Stage Time (Wall)  |   % (Wall)   |    Date - Time     |  Memory   | Stage
--------------------+---------------------+--------------+--------------------+-----------+----------------------
 00:00:04(00:00:03) |  00:00:00(00:00:00) |   0.0(  0.0) |   15:10:26 (Mar11) |  367.1 MB | PBS_Generic-Start
--------------------+---------------------+--------------+--------------------+-----------+----------------------
 00:00:04(00:00:03) |  00:00:00(00:00:00) |  -1.8(  0.0) |   15:10:26 (Mar11) |  367.1 MB | PBS_Generic_Opt-Post
--------------------+---------------------+--------------+--------------------+-----------+----------------------
 00:00:04(00:00:03) |  00:00:00(00:00:00) |   0.0(  0.0) |   15:10:26 (Mar11) |  367.1 MB | PBS_Generic-Postgen HBO Optimizations
--------------------+---------------------+--------------+--------------------+-----------+----------------------
 00:00:04(00:00:04) |  00:00:00(00:00:01) |   0.0(100.0) |   15:10:27 (Mar11) |  367.1 MB | PBS_TechMap-Start
--------------------+---------------------+--------------+--------------------+-----------+----------------------
 00:00:04(00:00:04) |  00:00:00(00:00:00) |   0.0(  0.0) |   15:10:27 (Mar11) |  367.1 MB | PBS_TechMap-Premap HBO Optimizations
--------------------+---------------------+--------------+--------------------+-----------+----------------------
 00:00:05(00:00:04) |  00:00:00(00:00:00) | 101.8(  0.0) |   15:10:27 (Mar11) |  367.1 MB | PBS_Techmap-Global Mapping
--------------------+---------------------+--------------+--------------------+-----------+----------------------
 00:00:05(00:00:04) |  00:00:00(00:00:00) |   0.0(  0.0) |   15:10:27 (Mar11) |  367.1 MB | PBS_TechMap-Datapath Postmap Operations
--------------------+---------------------+--------------+--------------------+-----------+----------------------
 00:00:05(00:00:04) |  00:00:00(00:00:00) |  -0.0(  0.0) |   15:10:27 (Mar11) |  367.1 MB | PBS_TechMap-Postmap HBO Optimizations
--------------------+---------------------+--------------+--------------------+-----------+----------------------
Number of threads: 8 * 1   (id: pbs_debug, time_info v1.57)
Info: (*N*) indicates data that was populated from previously saved time_info database
Info: CPU time includes time of parent + longest thread
 Doing ConstProp on design:s298 ... 

IOPT-REDREM: Performing redundancy removal: Detected 0 redundant wires. CPU time 0.001 seconds.

PBS_TechMap-Postmap Clock Gating - Elapsed_Time 0, CPU_Time 0.0
stamp 'PBS_TechMap-Postmap Clock Gating' being created for table 'pbs_debug'

  Total Time (Wall) |  Stage Time (Wall)  |   % (Wall)   |    Date - Time     |  Memory   | Stage
--------------------+---------------------+--------------+--------------------+-----------+----------------------
 00:00:04(00:00:03) |  00:00:00(00:00:00) |   0.0(  0.0) |   15:10:26 (Mar11) |  367.1 MB | PBS_Generic-Start
--------------------+---------------------+--------------+--------------------+-----------+----------------------
 00:00:04(00:00:03) |  00:00:00(00:00:00) |  -1.8(  0.0) |   15:10:26 (Mar11) |  367.1 MB | PBS_Generic_Opt-Post
--------------------+---------------------+--------------+--------------------+-----------+----------------------
 00:00:04(00:00:03) |  00:00:00(00:00:00) |   0.0(  0.0) |   15:10:26 (Mar11) |  367.1 MB | PBS_Generic-Postgen HBO Optimizations
--------------------+---------------------+--------------+--------------------+-----------+----------------------
 00:00:04(00:00:04) |  00:00:00(00:00:01) |   0.0(100.0) |   15:10:27 (Mar11) |  367.1 MB | PBS_TechMap-Start
--------------------+---------------------+--------------+--------------------+-----------+----------------------
 00:00:04(00:00:04) |  00:00:00(00:00:00) |   0.0(  0.0) |   15:10:27 (Mar11) |  367.1 MB | PBS_TechMap-Premap HBO Optimizations
--------------------+---------------------+--------------+--------------------+-----------+----------------------
 00:00:05(00:00:04) |  00:00:00(00:00:00) | 101.8(  0.0) |   15:10:27 (Mar11) |  367.1 MB | PBS_Techmap-Global Mapping
--------------------+---------------------+--------------+--------------------+-----------+----------------------
 00:00:05(00:00:04) |  00:00:00(00:00:00) |   0.0(  0.0) |   15:10:27 (Mar11) |  367.1 MB | PBS_TechMap-Datapath Postmap Operations
--------------------+---------------------+--------------+--------------------+-----------+----------------------
 00:00:05(00:00:04) |  00:00:00(00:00:00) |  -0.0(  0.0) |   15:10:27 (Mar11) |  367.1 MB | PBS_TechMap-Postmap HBO Optimizations
--------------------+---------------------+--------------+--------------------+-----------+----------------------
 00:00:05(00:00:04) |  00:00:00(00:00:00) |   0.0(  0.0) |   15:10:27 (Mar11) |  367.1 MB | PBS_TechMap-Postmap Clock Gating
--------------------+---------------------+--------------+--------------------+-----------+----------------------
Number of threads: 8 * 1   (id: pbs_debug, time_info v1.57)
Info: (*N*) indicates data that was populated from previously saved time_info database
Info: CPU time includes time of parent + longest thread
-------------------------------------------------------------------------------
 hi_fo_buf                   142        0         0         0        0

           Trick     Calls     Accepts   Attempts    Time(secs) 
-----------------------------------------------------------
       hi_fo_buf         0  (        0 /        0 )  0.00

 
Incremental optimization status
===============================
                                   Group   
                                  Tot Wrst     Total - - DRC Totals - -
                           Total  Weighted      Neg      Max       Max 
Operation                   Area   Slacks      Slack    Trans      Cap 
 init_delay                  142        0         0         0        0

           Trick     Calls     Accepts   Attempts    Time(secs) 
-----------------------------------------------------------
       crit_upsz         0  (        0 /        0 )  0.00
    plc_bal_star         0  (        0 /        0 )  0.00
     drc_buftimb         0  (        0 /        0 )  0.00
          plc_st         0  (        0 /        0 )  0.00
    plc_st_fence         0  (        0 /        0 )  0.00
        plc_star         0  (        0 /        0 )  0.00
      plc_laf_st         0  (        0 /        0 )  0.00
 plc_laf_st_fence         0  (        0 /        0 )  0.00
     drc_buftims         0  (        0 /        0 )  0.00
            fopt         0  (        0 /        0 )  0.00
   plc_laf_lo_st         0  (        0 /        0 )  0.00
       plc_lo_st         0  (        0 /        0 )  0.00
        mb_split         0  (        0 /        0 )  0.00

 
Local TNS optimization status
=============================
                                   Group   
                                  Tot Wrst     Total - - DRC Totals - -
                           Total  Weighted      Neg      Max       Max 
Operation                   Area   Slacks      Slack    Trans      Cap 
 init_tns                    142        0         0         0        0

           Trick     Calls     Accepts   Attempts    Time(secs) 
-----------------------------------------------------------
    plc_bal_star         0  (        0 /        0 )  0.00
     drc_buftimb         0  (        0 /        0 )  0.00
     drc_buftims         0  (        0 /        0 )  0.00
       crit_upsz         0  (        0 /        0 )  0.00
   plc_laf_lo_st         0  (        0 /        0 )  0.00
       plc_lo_st         0  (        0 /        0 )  0.00
            fopt         0  (        0 /        0 )  0.00
       crit_dnsz         0  (        0 /        0 )  0.00
             dup         0  (        0 /        0 )  0.00
        setup_dn         0  (        0 /        0 )  0.00
        mb_split         0  (        0 /        0 )  0.00

PBS_TechMap-Postmap Cleanup - Elapsed_Time 0, CPU_Time -0.00034600000000040154
stamp 'PBS_TechMap-Postmap Cleanup' being created for table 'pbs_debug'

  Total Time (Wall) |  Stage Time (Wall)  |   % (Wall)   |    Date - Time     |  Memory   | Stage
--------------------+---------------------+--------------+--------------------+-----------+----------------------
 00:00:04(00:00:03) |  00:00:00(00:00:00) |   0.0(  0.0) |   15:10:26 (Mar11) |  367.1 MB | PBS_Generic-Start
--------------------+---------------------+--------------+--------------------+-----------+----------------------
 00:00:04(00:00:03) |  00:00:00(00:00:00) |  -1.8(  0.0) |   15:10:26 (Mar11) |  367.1 MB | PBS_Generic_Opt-Post
--------------------+---------------------+--------------+--------------------+-----------+----------------------
 00:00:04(00:00:03) |  00:00:00(00:00:00) |   0.0(  0.0) |   15:10:26 (Mar11) |  367.1 MB | PBS_Generic-Postgen HBO Optimizations
--------------------+---------------------+--------------+--------------------+-----------+----------------------
 00:00:04(00:00:04) |  00:00:00(00:00:01) |   0.0(100.0) |   15:10:27 (Mar11) |  367.1 MB | PBS_TechMap-Start
--------------------+---------------------+--------------+--------------------+-----------+----------------------
 00:00:04(00:00:04) |  00:00:00(00:00:00) |   0.0(  0.0) |   15:10:27 (Mar11) |  367.1 MB | PBS_TechMap-Premap HBO Optimizations
--------------------+---------------------+--------------+--------------------+-----------+----------------------
 00:00:05(00:00:04) |  00:00:00(00:00:00) | 101.9(  0.0) |   15:10:27 (Mar11) |  367.1 MB | PBS_Techmap-Global Mapping
--------------------+---------------------+--------------+--------------------+-----------+----------------------
 00:00:05(00:00:04) |  00:00:00(00:00:00) |   0.0(  0.0) |   15:10:27 (Mar11) |  367.1 MB | PBS_TechMap-Datapath Postmap Operations
--------------------+---------------------+--------------+--------------------+-----------+----------------------
 00:00:05(00:00:04) |  00:00:00(00:00:00) |  -0.0(  0.0) |   15:10:27 (Mar11) |  367.1 MB | PBS_TechMap-Postmap HBO Optimizations
--------------------+---------------------+--------------+--------------------+-----------+----------------------
 00:00:05(00:00:04) |  00:00:00(00:00:00) |   0.0(  0.0) |   15:10:27 (Mar11) |  367.1 MB | PBS_TechMap-Postmap Clock Gating
--------------------+---------------------+--------------+--------------------+-----------+----------------------
 00:00:05(00:00:04) |  00:00:00(00:00:00) |  -0.0(  0.0) |   15:10:27 (Mar11) |  367.1 MB | PBS_TechMap-Postmap Cleanup
--------------------+---------------------+--------------+--------------------+-----------+----------------------
Number of threads: 8 * 1   (id: pbs_debug, time_info v1.57)
Info: (*N*) indicates data that was populated from previously saved time_info database
Info: CPU time includes time of parent + longest thread
PBS_Techmap-Post_MBCI - Elapsed_Time 0, CPU_Time 0.0
stamp 'PBS_Techmap-Post_MBCI' being created for table 'pbs_debug'

  Total Time (Wall) |  Stage Time (Wall)  |   % (Wall)   |    Date - Time     |  Memory   | Stage
--------------------+---------------------+--------------+--------------------+-----------+----------------------
 00:00:04(00:00:03) |  00:00:00(00:00:00) |   0.0(  0.0) |   15:10:26 (Mar11) |  367.1 MB | PBS_Generic-Start
--------------------+---------------------+--------------+--------------------+-----------+----------------------
 00:00:04(00:00:03) |  00:00:00(00:00:00) |  -1.8(  0.0) |   15:10:26 (Mar11) |  367.1 MB | PBS_Generic_Opt-Post
--------------------+---------------------+--------------+--------------------+-----------+----------------------
 00:00:04(00:00:03) |  00:00:00(00:00:00) |   0.0(  0.0) |   15:10:26 (Mar11) |  367.1 MB | PBS_Generic-Postgen HBO Optimizations
--------------------+---------------------+--------------+--------------------+-----------+----------------------
 00:00:04(00:00:04) |  00:00:00(00:00:01) |   0.0(100.0) |   15:10:27 (Mar11) |  367.1 MB | PBS_TechMap-Start
--------------------+---------------------+--------------+--------------------+-----------+----------------------
 00:00:04(00:00:04) |  00:00:00(00:00:00) |   0.0(  0.0) |   15:10:27 (Mar11) |  367.1 MB | PBS_TechMap-Premap HBO Optimizations
--------------------+---------------------+--------------+--------------------+-----------+----------------------
 00:00:05(00:00:04) |  00:00:00(00:00:00) | 101.9(  0.0) |   15:10:27 (Mar11) |  367.1 MB | PBS_Techmap-Global Mapping
--------------------+---------------------+--------------+--------------------+-----------+----------------------
 00:00:05(00:00:04) |  00:00:00(00:00:00) |   0.0(  0.0) |   15:10:27 (Mar11) |  367.1 MB | PBS_TechMap-Datapath Postmap Operations
--------------------+---------------------+--------------+--------------------+-----------+----------------------
 00:00:05(00:00:04) |  00:00:00(00:00:00) |  -0.0(  0.0) |   15:10:27 (Mar11) |  367.1 MB | PBS_TechMap-Postmap HBO Optimizations
--------------------+---------------------+--------------+--------------------+-----------+----------------------
 00:00:05(00:00:04) |  00:00:00(00:00:00) |   0.0(  0.0) |   15:10:27 (Mar11) |  367.1 MB | PBS_TechMap-Postmap Clock Gating
--------------------+---------------------+--------------+--------------------+-----------+----------------------
 00:00:05(00:00:04) |  00:00:00(00:00:00) |  -0.0(  0.0) |   15:10:27 (Mar11) |  367.1 MB | PBS_TechMap-Postmap Cleanup
--------------------+---------------------+--------------+--------------------+-----------+----------------------
 00:00:05(00:00:04) |  00:00:00(00:00:00) |   0.0(  0.0) |   15:10:27 (Mar11) |  367.1 MB | PBS_Techmap-Post_MBCI
--------------------+---------------------+--------------+--------------------+-----------+----------------------
Number of threads: 8 * 1   (id: pbs_debug, time_info v1.57)
Info: (*N*) indicates data that was populated from previously saved time_info database
Info: CPU time includes time of parent + longest thread
##>=================== Cadence Confidential (Mapping-Logical) ===================
##>Main Thread Summary:
##>----------------------------------------------------------------------------------------
##>STEP                           Elapsed       WNS       TNS     Insts      Area    Memory
##>----------------------------------------------------------------------------------------
##>M:Initial                            0         -         -        95       128       367
##>M:Pre Cleanup                        0         -         -        95       128       367
##>M:Setup                              0         -         -         -         -         -
##>M:Launch ST                          0         -         -         -         -         -
##>M:Design Partition                   0         -         -         -         -         -
##>M:Create Partition Netlists          0         -         -         -         -         -
##>M:Init Power                         0         -         -         -         -         -
##>M:Budgeting                          0         -         -         -         -         -
##>M:Derenv-DB                          0         -         -         -         -         -
##>M:Debug Outputs                      0         -         -         -         -         -
##>M:ST loading                         0         -         -         -         -         -
##>M:Distributed                        0         -         -         -         -         -
##>M:Timer                              0         -         -         -         -         -
##>M:Assembly                           0         -         -         -         -         -
##>M:DFT                                0         -         -         -         -         -
##>M:DP Operations                      0         -         -        71       116       367
##>M:Const Prop                         0      3281         0        71       116       367
##>M:Cleanup                            0      3281         0        71       116       367
##>M:MBCI                               0         -         -        71       116       367
##>M:Const Gate Removal                 0         -         -         -         -         -
##>M:Misc                               0
##>----------------------------------------------------------------------------------------
##>Total Elapsed                        0
##>========================================================================================
Info    : Done mapping. [SYNTH-5]
        : Done mapping 's298'.
      flow.cputime  flow.realtime  timing.setup.tns  timing.setup.wns  snapshot
UM:*                                                                   syn_map
@file(run_synthesis.tcl) 29: write_snapshot -outdir ./OUTPUTS_${DATE}/REPORTS_${DATE} -tag map
%# Begin write_snapshot (03/11 15:10:28, mem=1303.95M)
%# Begin qos_stats (03/11 15:10:28, mem=1303.95M)
%# End qos_stats (03/11 15:10:28, total cpu=13:30:00, real=13:30:00, peak res=367.10M, current mem=1303.95M)


Working Directory = /home/01fe21bec223/DFT_TESSENT/GENUS/work
QoS Summary for s298
================================================================================
Metric                          generic         map            
================================================================================
Slack (ps):                     3,382           3,281
  R2R (ps):                     3,382           3,281
  I2R (ps):                  no_value        no_value
  R2O (ps):                  no_value        no_value
  I2O (ps):                  no_value        no_value
  CG  (ps):                  no_value        no_value
TNS (ps):                           0               0
  R2R (ps):                         0               0
  I2R (ps):                  no_value        no_value
  R2O (ps):                  no_value        no_value
  I2O (ps):                  no_value        no_value
  CG  (ps):                  no_value        no_value
Failing Paths:                      0               0
Cell Area:                        130             142
Total Cell Area:                  130             142
Leaf Instances:                    95              71
Total Instances:                   95              71
Utilization (%):                 0.00            0.00
Tot. Net Length (um):        no_value        no_value
Avg. Net Length (um):        no_value        no_value
Route Overflow H (%):        no_value        no_value
Route Overflow V (%):        no_value        no_value
MBCI(%) (bits/gate) :            0.00            0.00
Norm Cong Hotspot Area:
  Max Cong:                  no_value        no_value
  Tot Cong:                  no_value        no_value
================================================================================
CPU  Runtime (h:m:s):        00:30:03        00:30:01
Real Runtime (h:m:s):        00:30:03        00:30:02
CPU  Elapsed (h:m:s):        00:30:05        00:30:06
Real Elapsed (h:m:s):        00:30:05        00:30:06
Memory (MB):                  1264.28         1303.95
================================================================================
================================================================================
Flow Settings:
================================================================================
Total Runtime (h:m:s): 00:30:05
Total Memory (MB):     1312.95
Executable Version:    20.11-s111_1
================================================================================
Total Cell Area =  Cell Area + Physical Cell Area
Total Instances =  Leaf Instances + Physical Instances




Info    : Joules engine is used. [RPT-16]
        : Joules engine is being used for the command report_gates -power.
Only 14 violating paths found
Finished exporting design database to file './OUTPUTS_Mar11-15:10:25/REPORTS_Mar11-15:10:25/map_s298.db' for 's298' (command execution time mm:ss cpu = 00:00, real = 00:00).
Info   : ACTP-0001 [ACTPInfo] Activity propagation started for stim#0 netlist
       : s298
Info   : ACTP-0009 [ACTPInfo] Activity Propagation Progress Report :   0%   1%   2%   3%   4%   5%   6%   7%   8%   9%  10%  11%  12%  13%  14%  15%  16%  17%  18%  19%  20%  21%  22%  23%  24%  25%  26%  27%  28%  29%  30%  31%  32%  33%  34%  35%  36%  37%  38%  39%  40%  41%  42%  43%  44%  45%  46%  47%  48%  49%  50%  51%  52%  53%  54%  55%  56%  57%  58%  59%  60%  61%  62%  63%  64%  65%  66%  67%  68%  69%  70%  71%  72%  73%  74%  75%  76%  77%  78%  79%  80%  81%  82%  83%  84%  85%  86%  87%  88%  89%  90%  91%  92%  93%  94%  95%  96%  97%  98%  99% 100%
Info   : ACTP-0001 Activity propagation ended for stim#0
Info   : PWRA-0001 [PwrInfo] compute_power effective options 
       : -mode : vectorless
       : -skip_propagation : 1
       : -frequency_scaling_factor : 1.0
       : -use_clock_freq : stim
       : -stim :/stim#0
       : -fromGenus : 1
Info   : ACTP-0001 Timing initialization started
Info   : ACTP-0001 Timing initialization ended
Info   : PWRA-0002 [PwrInfo] Skipping activity propagation due to -skip_ap
       : option....
Warning: PWRA-0302 [PwrWarn] Frequency scaling is not applicable for vectorless
       : flow. Ignoring frequency scaling.
Warning: PWRA-0304 [PwrWarn] -stim option is not applicable with vectorless mode
       : of power analysis, ignored this option.
Info   : PWRA-0002 Started 'vectorless' power computation.
Info   : PWRA-0002 Finished power computation.
Info   : PWRA-0007 [PwrInfo] Completed successfully.
       : Info=6, Warn=2, Error=0, Fatal=0
Finished generating snapshot at stage map (command execution time mm:ss cpu = 00:00, real = 00:00).
%# End write_snapshot (03/11 15:10:28, total cpu=13:30:00, real=13:30:00, peak res=367.10M, current mem=1313.96M)
@file(run_synthesis.tcl) 30: report_summary -directory ./OUTPUTS_${DATE}/REPORTS_${DATE}


Working Directory = /home/01fe21bec223/DFT_TESSENT/GENUS/work
QoS Summary for s298
================================================================================
Metric                          generic         map            
================================================================================
Slack (ps):                     3,382           3,281
  R2R (ps):                     3,382           3,281
  I2R (ps):                  no_value        no_value
  R2O (ps):                  no_value        no_value
  I2O (ps):                  no_value        no_value
  CG  (ps):                  no_value        no_value
TNS (ps):                           0               0
  R2R (ps):                         0               0
  I2R (ps):                  no_value        no_value
  R2O (ps):                  no_value        no_value
  I2O (ps):                  no_value        no_value
  CG  (ps):                  no_value        no_value
Failing Paths:                      0               0
Cell Area:                        130             142
Total Cell Area:                  130             142
Leaf Instances:                    95              71
Total Instances:                   95              71
Utilization (%):                 0.00            0.00
Tot. Net Length (um):        no_value        no_value
Avg. Net Length (um):        no_value        no_value
Route Overflow H (%):        no_value        no_value
Route Overflow V (%):        no_value        no_value
MBCI(%) (bits/gate) :            0.00            0.00
Norm Cong Hotspot Area:
  Max Cong:                  no_value        no_value
  Tot Cong:                  no_value        no_value
================================================================================
CPU  Runtime (h:m:s):        00:30:03        00:30:01
Real Runtime (h:m:s):        00:30:03        00:30:02
CPU  Elapsed (h:m:s):        00:30:05        00:30:06
Real Elapsed (h:m:s):        00:30:05        00:30:06
Memory (MB):                  1264.28         1303.95
================================================================================
================================================================================
Flow Settings:
================================================================================
Total Runtime (h:m:s): 00:30:05
Total Memory (MB):     1313.96
Executable Version:    20.11-s111_1
================================================================================
Total Cell Area =  Cell Area + Physical Cell Area
Total Instances =  Leaf Instances + Physical Instances




@file(run_synthesis.tcl) 31: report_dp > ./OUTPUTS_${DATE}/REPORTS_${DATE}/map/s298_datapath.rpt
Beginning report datapath command
Warning : The filename, column and line number information will not be available in the report. [RPT_DP-100]
        : The attribute for getting HDL filename and line number is not set.
@file(run_synthesis.tcl) 32: syn_opt
Info    : Incrementally optimizing. [SYNTH-7]
        : Incrementally optimizing 's298' using 'medium' effort.
 
Incremental optimization status
===============================
                                   Group   
                                  Tot Wrst     Total - - DRC Totals - -
                           Total  Weighted      Neg      Max       Max 
Operation                   Area   Slacks      Slack    Trans      Cap 
 init_iopt                   142        0         0         0        0
IOPT-REDREM: Performing redundancy removal: Detected 0 redundant wires. CPU time 0.000 seconds.

-------------------------------------------------------------------------------
 const_prop                  142        0         0         0        0
 
Incremental optimization status
===============================
                                   Group   
                                  Tot Wrst     Total - - DRC Totals - -
                           Total  Weighted      Neg      Max       Max 
Operation                   Area   Slacks      Slack    Trans      Cap 
 init_delay                  142        0         0         0        0

           Trick     Calls     Accepts   Attempts    Time(secs) 
-----------------------------------------------------------
       crit_upsz         0  (        0 /        0 )  0.00
    plc_bal_star         0  (        0 /        0 )  0.00
     drc_buftimb         0  (        0 /        0 )  0.00
          plc_st         0  (        0 /        0 )  0.00
    plc_st_fence         0  (        0 /        0 )  0.00
        plc_star         0  (        0 /        0 )  0.00
      plc_laf_st         0  (        0 /        0 )  0.00
 plc_laf_st_fence         0  (        0 /        0 )  0.00
     drc_buftims         0  (        0 /        0 )  0.00
   plc_laf_lo_st         0  (        0 /        0 )  0.00
       plc_lo_st         0  (        0 /        0 )  0.00
            fopt         0  (        0 /        0 )  0.00
       crit_dnsz         0  (        0 /        0 )  0.00
             dup         0  (        0 /        0 )  0.00
            fopt         0  (        0 /        0 )  0.00
        setup_dn         0  (        0 /        0 )  0.00
         buf2inv         0  (        0 /        0 )  0.00
        mb_split         0  (        0 /        0 )  0.00
             exp         0  (        0 /        0 )  0.00
       gate_deco         0  (        0 /        0 )  0.00
       gcomp_tim         0  (        0 /        0 )  0.00
  inv_pair_2_buf         0  (        0 /        0 )  0.00

 init_drc                    142        0         0         0        0

           Trick     Calls     Accepts   Attempts    Time(secs) 
-----------------------------------------------------------
          plc_st         0  (        0 /        0 )  0.00
        plc_star         0  (        0 /        0 )  0.00
        drc_bufs         0  (        0 /        0 )  0.00
        drc_fopt         0  (        0 /        0 )  0.00
        drc_bufb         0  (        0 /        0 )  0.00
      simple_buf         0  (        0 /        0 )  0.00
             dup         0  (        0 /        0 )  0.00
       crit_dnsz         0  (        0 /        0 )  0.00
       crit_upsz         0  (        0 /        0 )  0.00


           Trick     Calls     Accepts   Attempts    Time(secs) 
-----------------------------------------------------------
          plc_st         0  (        0 /        0 )  0.00
        plc_star         0  (        0 /        0 )  0.00
      drc_buf_sp         0  (        0 /        0 )  0.00
        drc_bufs         0  (        0 /        0 )  0.00
        drc_fopt         0  (        0 /        0 )  0.00
        drc_bufb         0  (        0 /        0 )  0.00
      simple_buf         0  (        0 /        0 )  0.00
             dup         0  (        0 /        0 )  0.00
       crit_dnsz         0  (        0 /        0 )  0.00
       crit_upsz         0  (        0 /        0 )  0.00


           Trick     Calls     Accepts   Attempts    Time(secs) 
-----------------------------------------------------------
          plc_st         0  (        0 /        0 )  0.00
        plc_star         0  (        0 /        0 )  0.00
      drc_buf_sp         0  (        0 /        0 )  0.00
        drc_bufs         0  (        0 /        0 )  0.00
        drc_fopt         0  (        0 /        0 )  0.00
        drc_bufb         0  (        0 /        0 )  0.00
             dup         0  (        0 /        0 )  0.00
       crit_dnsz         0  (        0 /        0 )  0.00
       crit_upsz         0  (        0 /        0 )  0.00

 init_tns                    142        0         0         0        0

           Trick     Calls     Accepts   Attempts    Time(secs) 
-----------------------------------------------------------
    plc_bal_star         0  (        0 /        0 )  0.00
     drc_buftimb         0  (        0 /        0 )  0.00
     drc_buftims         0  (        0 /        0 )  0.00
       crit_upsz         0  (        0 /        0 )  0.00
   plc_laf_lo_st         0  (        0 /        0 )  0.00
       plc_lo_st         0  (        0 /        0 )  0.00
            fopt         0  (        0 /        0 )  0.00
       crit_dnsz         0  (        0 /        0 )  0.00
             dup         0  (        0 /        0 )  0.00
        setup_dn         0  (        0 /        0 )  0.00
         buf2inv         0  (        0 /        0 )  0.00
        mb_split         0  (        0 /        0 )  0.00

 init_area                   142        0         0         0        0

           Trick     Calls     Accepts   Attempts    Time(secs) 
-----------------------------------------------------------
           undup         0  (        0 /        0 )  0.00
         rem_buf         0  (        0 /        0 )  0.00
         rem_inv         0  (        0 /        0 )  0.00
        merge_bi         0  (        0 /        0 )  0.00
      rem_inv_qb         0  (        0 /        0 )  0.00
        io_phase         0  (        0 /        0 )  0.00
       gate_comp         0  (        0 /        0 )  0.00
       gcomp_mog         0  (        0 /        0 )  0.00
       glob_area         7  (        0 /        7 )  0.00
       area_down         0  (        0 /        0 )  0.00
      size_n_buf         0  (        0 /        0 )  0.00
  gate_deco_area         0  (        0 /        0 )  0.00
         rem_buf         0  (        0 /        0 )  0.00
         rem_inv         0  (        0 /        0 )  0.00
        merge_bi         0  (        0 /        0 )  0.00
      rem_inv_qb         0  (        0 /        0 )  0.00

 
Incremental optimization status
===============================
                                   Group   
                                  Tot Wrst     Total - - DRC Totals - -
                           Total  Weighted      Neg      Max       Max 
Operation                   Area   Slacks      Slack    Trans      Cap 
 init_delay                  142        0         0         0        0

           Trick     Calls     Accepts   Attempts    Time(secs) 
-----------------------------------------------------------
       crit_upsz         0  (        0 /        0 )  0.00
    plc_bal_star         0  (        0 /        0 )  0.00
     drc_buftimb         0  (        0 /        0 )  0.00
          plc_st         0  (        0 /        0 )  0.00
    plc_st_fence         0  (        0 /        0 )  0.00
        plc_star         0  (        0 /        0 )  0.00
      plc_laf_st         0  (        0 /        0 )  0.00
 plc_laf_st_fence         0  (        0 /        0 )  0.00
     drc_buftims         0  (        0 /        0 )  0.00
   plc_laf_lo_st         0  (        0 /        0 )  0.00
       plc_lo_st         0  (        0 /        0 )  0.00
            fopt         0  (        0 /        0 )  0.00
       crit_dnsz         0  (        0 /        0 )  0.00
             dup         0  (        0 /        0 )  0.00
            fopt         0  (        0 /        0 )  0.00
        setup_dn         0  (        0 /        0 )  0.00
         buf2inv         0  (        0 /        0 )  0.00
        mb_split         0  (        0 /        0 )  0.00
             exp         0  (        0 /        0 )  0.00
       gate_deco         0  (        0 /        0 )  0.00
       gcomp_tim         0  (        0 /        0 )  0.00
  inv_pair_2_buf         0  (        0 /        0 )  0.00

 init_drc                    142        0         0         0        0

           Trick     Calls     Accepts   Attempts    Time(secs) 
-----------------------------------------------------------
          plc_st         0  (        0 /        0 )  0.00
        plc_star         0  (        0 /        0 )  0.00
        drc_bufs         0  (        0 /        0 )  0.00
        drc_fopt         0  (        0 /        0 )  0.00
        drc_bufb         0  (        0 /        0 )  0.00
      simple_buf         0  (        0 /        0 )  0.00
             dup         0  (        0 /        0 )  0.00
       crit_dnsz         0  (        0 /        0 )  0.00
       crit_upsz         0  (        0 /        0 )  0.00


           Trick     Calls     Accepts   Attempts    Time(secs) 
-----------------------------------------------------------
          plc_st         0  (        0 /        0 )  0.00
        plc_star         0  (        0 /        0 )  0.00
        drc_bufs         0  (        0 /        0 )  0.00
        drc_fopt         0  (        0 /        0 )  0.00
        drc_bufb         0  (        0 /        0 )  0.00
      simple_buf         0  (        0 /        0 )  0.00
             dup         0  (        0 /        0 )  0.00
       crit_dnsz         0  (        0 /        0 )  0.00
       crit_upsz         0  (        0 /        0 )  0.00


           Trick     Calls     Accepts   Attempts    Time(secs) 
-----------------------------------------------------------
          plc_st         0  (        0 /        0 )  0.00
        plc_star         0  (        0 /        0 )  0.00
        drc_bufs         0  (        0 /        0 )  0.00
        drc_fopt         0  (        0 /        0 )  0.00
        drc_bufb         0  (        0 /        0 )  0.00
             dup         0  (        0 /        0 )  0.00
       crit_dnsz         0  (        0 /        0 )  0.00
       crit_upsz         0  (        0 /        0 )  0.00

 init_area                   142        0         0         0        0

           Trick     Calls     Accepts   Attempts    Time(secs) 
-----------------------------------------------------------
           undup         0  (        0 /        0 )  0.00
         rem_buf         0  (        0 /        0 )  0.00
         rem_inv         0  (        0 /        0 )  0.00
        merge_bi         0  (        0 /        0 )  0.00
      rem_inv_qb         0  (        0 /        0 )  0.00
        io_phase         0  (        0 /        0 )  0.00
       gate_comp         0  (        0 /        0 )  0.00
       gcomp_mog         0  (        0 /        0 )  0.00
       glob_area         7  (        0 /        7 )  0.00
       area_down         0  (        0 /        0 )  0.00
      size_n_buf         0  (        0 /        0 )  0.00
  gate_deco_area         0  (        0 /        0 )  0.00

==================================
Stage : incr_opt 
==================================
  =================
   Message Summary
  =================
--------------------------------------------------------------------------------
|     Id     |  Sev   |Count |                  Message Text                   |
--------------------------------------------------------------------------------
| CFM-1      |Info    |    1 |Wrote dofile.                                    |
| CFM-5      |Info    |    1 |Wrote formal verification information.           |
| CFM-212    |Info    |    1 |Forcing flat compare.                            |
| CPI-506    |Info    |    1 |Command 'commit_power_intent' cannot proceed as  |
|            |        |      | there is no power intent loaded.                |
| PA-7       |Info    |    4 |Resetting power analysis results.                |
|            |        |      |All computed switching activities are removed.   |
| RPT_DP-100 |Warning |    1 |The filename, column and line number information |
|            |        |      | will not be available in the report.            |
|            |        |      |You must set the 'hdl_track_filename_row_col'    |
|            |        |      | attribute to 'true' (before elaborate)          |
|            |        |      | to enable filename, column, and line number     |
|            |        |      | tracking in the datapath report.                |
| SYNTH-5    |Info    |    1 |Done mapping.                                    |
| SYNTH-7    |Info    |    1 |Incrementally optimizing.                        |
--------------------------------------------------------------------------------
Info    : Done incrementally optimizing. [SYNTH-8]
        : Done incrementally optimizing 's298'.
      flow.cputime  flow.realtime  timing.setup.tns  timing.setup.wns  snapshot
UM:*                                                                   syn_opt
@file(run_synthesis.tcl) 33: write_snapshot -outdir ./OUTPUTS_${DATE}/REPORTS_${DATE} -tag opt
%# Begin write_snapshot (03/11 15:10:28, mem=1270.94M)
%# Begin qos_stats (03/11 15:10:28, mem=1270.94M)
%# End qos_stats (03/11 15:10:28, total cpu=13:30:00, real=13:30:00, peak res=367.10M, current mem=1270.94M)


Working Directory = /home/01fe21bec223/DFT_TESSENT/GENUS/work
QoS Summary for s298
================================================================================
Metric                          generic         map             opt            
================================================================================
Slack (ps):                     3,382           3,281           3,281
  R2R (ps):                     3,382           3,281           3,281
  I2R (ps):                  no_value        no_value        no_value
  R2O (ps):                  no_value        no_value        no_value
  I2O (ps):                  no_value        no_value        no_value
  CG  (ps):                  no_value        no_value        no_value
TNS (ps):                           0               0               0
  R2R (ps):                         0               0               0
  I2R (ps):                  no_value        no_value        no_value
  R2O (ps):                  no_value        no_value        no_value
  I2O (ps):                  no_value        no_value        no_value
  CG  (ps):                  no_value        no_value        no_value
Failing Paths:                      0               0               0
Cell Area:                        130             142             142
Total Cell Area:                  130             142             142
Leaf Instances:                    95              71              71
Total Instances:                   95              71              71
Utilization (%):                 0.00            0.00            0.00
Tot. Net Length (um):        no_value        no_value        no_value
Avg. Net Length (um):        no_value        no_value        no_value
Route Overflow H (%):        no_value        no_value        no_value
Route Overflow V (%):        no_value        no_value        no_value
MBCI(%) (bits/gate) :            0.00            0.00            0.00
Norm Cong Hotspot Area:
  Max Cong:                  no_value        no_value        no_value
  Tot Cong:                  no_value        no_value        no_value
================================================================================
CPU  Runtime (h:m:s):        00:30:03        00:30:01        00:30:00
Real Runtime (h:m:s):        00:30:03        00:30:02        00:30:00
CPU  Elapsed (h:m:s):        00:30:05        00:30:06        00:30:06
Real Elapsed (h:m:s):        00:30:05        00:30:06        00:30:06
Memory (MB):                  1264.28         1303.95         1270.94
================================================================================
================================================================================
Flow Settings:
================================================================================
Total Runtime (h:m:s): 00:30:05
Total Memory (MB):     1270.94
Executable Version:    20.11-s111_1
================================================================================
Total Cell Area =  Cell Area + Physical Cell Area
Total Instances =  Leaf Instances + Physical Instances




Info    : Joules engine is used. [RPT-16]
        : Joules engine is being used for the command report_gates -power.
Only 14 violating paths found
Finished exporting design database to file './OUTPUTS_Mar11-15:10:25/REPORTS_Mar11-15:10:25/opt_s298.db' for 's298' (command execution time mm:ss cpu = 00:00, real = 00:00).
Info   : ACTP-0001 [ACTPInfo] Activity propagation started for stim#0 netlist
       : s298
Info   : ACTP-0009 [ACTPInfo] Activity Propagation Progress Report :   0%   1%   2%   3%   4%   5%   6%   7%   8%   9%  10%  11%  12%  13%  14%  15%  16%  17%  18%  19%  20%  21%  22%  23%  24%  25%  26%  27%  28%  29%  30%  31%  32%  33%  34%  35%  36%  37%  38%  39%  40%  41%  42%  43%  44%  45%  46%  47%  48%  49%  50%  51%  52%  53%  54%  55%  56%  57%  58%  59%  60%  61%  62%  63%  64%  65%  66%  67%  68%  69%  70%  71%  72%  73%  74%  75%  76%  77%  78%  79%  80%  81%  82%  83%  84%  85%  86%  87%  88%  89%  90%  91%  92%  93%  94%  95%  96%  97%  98%  99% 100%
Info   : ACTP-0001 Activity propagation ended for stim#0
Info   : PWRA-0001 [PwrInfo] compute_power effective options 
       : -mode : vectorless
       : -skip_propagation : 1
       : -frequency_scaling_factor : 1.0
       : -use_clock_freq : stim
       : -stim :/stim#0
       : -fromGenus : 1
Info   : ACTP-0001 Timing initialization started
Info   : ACTP-0001 Timing initialization ended
Info   : PWRA-0002 [PwrInfo] Skipping activity propagation due to -skip_ap
       : option....
Warning: PWRA-0302 [PwrWarn] Frequency scaling is not applicable for vectorless
       : flow. Ignoring frequency scaling.
Warning: PWRA-0304 [PwrWarn] -stim option is not applicable with vectorless mode
       : of power analysis, ignored this option.
Info   : PWRA-0002 Started 'vectorless' power computation.
Info   : PWRA-0002 Finished power computation.
Info   : PWRA-0007 [PwrInfo] Completed successfully.
       : Info=6, Warn=2, Error=0, Fatal=0
Finished generating snapshot at stage opt (command execution time mm:ss cpu = 00:00, real = 00:00).
%# End write_snapshot (03/11 15:10:28, total cpu=13:30:00, real=13:30:00, peak res=367.10M, current mem=1270.94M)
@file(run_synthesis.tcl) 34: report_summary -directory ./OUTPUTS_${DATE}/REPORTS_${DATE}


Working Directory = /home/01fe21bec223/DFT_TESSENT/GENUS/work
QoS Summary for s298
================================================================================
Metric                          generic         map             opt            
================================================================================
Slack (ps):                     3,382           3,281           3,281
  R2R (ps):                     3,382           3,281           3,281
  I2R (ps):                  no_value        no_value        no_value
  R2O (ps):                  no_value        no_value        no_value
  I2O (ps):                  no_value        no_value        no_value
  CG  (ps):                  no_value        no_value        no_value
TNS (ps):                           0               0               0
  R2R (ps):                         0               0               0
  I2R (ps):                  no_value        no_value        no_value
  R2O (ps):                  no_value        no_value        no_value
  I2O (ps):                  no_value        no_value        no_value
  CG  (ps):                  no_value        no_value        no_value
Failing Paths:                      0               0               0
Cell Area:                        130             142             142
Total Cell Area:                  130             142             142
Leaf Instances:                    95              71              71
Total Instances:                   95              71              71
Utilization (%):                 0.00            0.00            0.00
Tot. Net Length (um):        no_value        no_value        no_value
Avg. Net Length (um):        no_value        no_value        no_value
Route Overflow H (%):        no_value        no_value        no_value
Route Overflow V (%):        no_value        no_value        no_value
MBCI(%) (bits/gate) :            0.00            0.00            0.00
Norm Cong Hotspot Area:
  Max Cong:                  no_value        no_value        no_value
  Tot Cong:                  no_value        no_value        no_value
================================================================================
CPU  Runtime (h:m:s):        00:30:03        00:30:01        00:30:00
Real Runtime (h:m:s):        00:30:03        00:30:02        00:30:00
CPU  Elapsed (h:m:s):        00:30:05        00:30:06        00:30:06
Real Elapsed (h:m:s):        00:30:05        00:30:06        00:30:06
Memory (MB):                  1264.28         1303.95         1270.94
================================================================================
================================================================================
Flow Settings:
================================================================================
Total Runtime (h:m:s): 00:30:05
Total Memory (MB):     1270.94
Executable Version:    20.11-s111_1
================================================================================
Total Cell Area =  Cell Area + Physical Cell Area
Total Instances =  Leaf Instances + Physical Instances




@file(run_synthesis.tcl) 35: report_dp > ./OUTPUTS_${DATE}/REPORTS_${DATE}/opt/s298_datapath.rpt
Beginning report datapath command
Warning : The filename, column and line number information will not be available in the report. [RPT_DP-100]
        : The attribute for getting HDL filename and line number is not set.
@file(run_synthesis.tcl) 36: foreach cg [vfind / -cost_group *] {
  report_timing -group [list $cg] >> ./OUTPUTS_${DATE}/REPORTS_${DATE}/s298_post_opt_time.rpt
}
@file(run_synthesis.tcl) 39: write_hdl > ./OUTPUTS_${DATE}/s298_opt.v
@file(run_synthesis.tcl) 40: report_dp > ./OUTPUTS_${DATE}/REPORTS_${DATE}/s298_datapath_incr.rpt
Beginning report datapath command
Warning : The filename, column and line number information will not be available in the report. [RPT_DP-100]
        : The attribute for getting HDL filename and line number is not set.
@file(run_synthesis.tcl) 41: report_messages > ./OUTPUTS_${DATE}/REPORTS_${DATE}/s298_messages.rpt
@file(run_synthesis.tcl) 42: write_snapshot -outdir ./OUTPUTS_${DATE}/REPORTS_${DATE} -tag final
%# Begin write_snapshot (03/11 15:10:28, mem=1270.94M)
%# Begin qos_stats (03/11 15:10:28, mem=1270.94M)
%# End qos_stats (03/11 15:10:28, total cpu=13:30:00, real=13:30:00, peak res=367.10M, current mem=1270.94M)


Working Directory = /home/01fe21bec223/DFT_TESSENT/GENUS/work
QoS Summary for s298
==========================================================================================
Metric                          generic         map             opt             final          
==========================================================================================
Slack (ps):                     3,382           3,281           3,281           3,281
  R2R (ps):                     3,382           3,281           3,281           3,281
  I2R (ps):                  no_value        no_value        no_value        no_value
  R2O (ps):                  no_value        no_value        no_value        no_value
  I2O (ps):                  no_value        no_value        no_value        no_value
  CG  (ps):                  no_value        no_value        no_value        no_value
TNS (ps):                           0               0               0               0
  R2R (ps):                         0               0               0               0
  I2R (ps):                  no_value        no_value        no_value        no_value
  R2O (ps):                  no_value        no_value        no_value        no_value
  I2O (ps):                  no_value        no_value        no_value        no_value
  CG  (ps):                  no_value        no_value        no_value        no_value
Failing Paths:                      0               0               0               0
Cell Area:                        130             142             142             142
Total Cell Area:                  130             142             142             142
Leaf Instances:                    95              71              71              71
Total Instances:                   95              71              71              71
Utilization (%):                 0.00            0.00            0.00            0.00
Tot. Net Length (um):        no_value        no_value        no_value        no_value
Avg. Net Length (um):        no_value        no_value        no_value        no_value
Route Overflow H (%):        no_value        no_value        no_value        no_value
Route Overflow V (%):        no_value        no_value        no_value        no_value
MBCI(%) (bits/gate) :            0.00            0.00            0.00            0.00
Norm Cong Hotspot Area:
  Max Cong:                  no_value        no_value        no_value        no_value
  Tot Cong:                  no_value        no_value        no_value        no_value
==========================================================================================
CPU  Runtime (h:m:s):        00:30:03        00:30:01        00:30:00        00:30:00
Real Runtime (h:m:s):        00:30:03        00:30:02        00:30:00        00:30:00
CPU  Elapsed (h:m:s):        00:30:05        00:30:06        00:30:06        00:30:06
Real Elapsed (h:m:s):        00:30:05        00:30:06        00:30:06        00:30:06
Memory (MB):                  1264.28         1303.95         1270.94         1270.94
==========================================================================================
==========================================================================================
Flow Settings:
==========================================================================================
Total Runtime (h:m:s): 00:30:05
Total Memory (MB):     1270.94
Executable Version:    20.11-s111_1
==========================================================================================
Total Cell Area =  Cell Area + Physical Cell Area
Total Instances =  Leaf Instances + Physical Instances




Only 14 violating paths found
Info    : Joules engine is used. [RPT-16]
        : Joules engine is being used for the command report_gates -power.
Finished exporting design database to file './OUTPUTS_Mar11-15:10:25/REPORTS_Mar11-15:10:25/final_s298.db' for 's298' (command execution time mm:ss cpu = 00:00, real = 00:00).
Info   : ACTP-0001 [ACTPInfo] Activity propagation started for stim#0 netlist
       : s298
Info   : ACTP-0009 [ACTPInfo] Activity Propagation Progress Report :   0%   1%   2%   3%   4%   5%   6%   7%   8%   9%  10%  11%  12%  13%  14%  15%  16%  17%  18%  19%  20%  21%  22%  23%  24%  25%  26%  27%  28%  29%  30%  31%  32%  33%  34%  35%  36%  37%  38%  39%  40%  41%  42%  43%  44%  45%  46%  47%  48%  49%  50%  51%  52%  53%  54%  55%  56%  57%  58%  59%  60%  61%  62%  63%  64%  65%  66%  67%  68%  69%  70%  71%  72%  73%  74%  75%  76%  77%  78%  79%  80%  81%  82%  83%  84%  85%  86%  87%  88%  89%  90%  91%  92%  93%  94%  95%  96%  97%  98%  99% 100%
Info   : ACTP-0001 Activity propagation ended for stim#0
Info   : PWRA-0001 [PwrInfo] compute_power effective options 
       : -mode : vectorless
       : -skip_propagation : 1
       : -frequency_scaling_factor : 1.0
       : -use_clock_freq : stim
       : -stim :/stim#0
       : -fromGenus : 1
Info   : ACTP-0001 Timing initialization started
Info   : ACTP-0001 Timing initialization ended
Info   : PWRA-0002 [PwrInfo] Skipping activity propagation due to -skip_ap
       : option....
Warning: PWRA-0302 [PwrWarn] Frequency scaling is not applicable for vectorless
       : flow. Ignoring frequency scaling.
Warning: PWRA-0304 [PwrWarn] -stim option is not applicable with vectorless mode
       : of power analysis, ignored this option.
Info   : PWRA-0002 Started 'vectorless' power computation.
Info   : PWRA-0002 Finished power computation.
Info   : PWRA-0007 [PwrInfo] Completed successfully.
       : Info=6, Warn=2, Error=0, Fatal=0
Finished generating snapshot at stage final (command execution time mm:ss cpu = 00:00, real = 00:00).
%# End write_snapshot (03/11 15:10:28, total cpu=13:30:00, real=13:30:00, peak res=367.10M, current mem=1270.94M)
@file(run_synthesis.tcl) 43: report_summary -directory ./OUTPUTS_${DATE}/REPORTS_${DATE}


Working Directory = /home/01fe21bec223/DFT_TESSENT/GENUS/work
QoS Summary for s298
==========================================================================================
Metric                          generic         map             opt             final          
==========================================================================================
Slack (ps):                     3,382           3,281           3,281           3,281
  R2R (ps):                     3,382           3,281           3,281           3,281
  I2R (ps):                  no_value        no_value        no_value        no_value
  R2O (ps):                  no_value        no_value        no_value        no_value
  I2O (ps):                  no_value        no_value        no_value        no_value
  CG  (ps):                  no_value        no_value        no_value        no_value
TNS (ps):                           0               0               0               0
  R2R (ps):                         0               0               0               0
  I2R (ps):                  no_value        no_value        no_value        no_value
  R2O (ps):                  no_value        no_value        no_value        no_value
  I2O (ps):                  no_value        no_value        no_value        no_value
  CG  (ps):                  no_value        no_value        no_value        no_value
Failing Paths:                      0               0               0               0
Cell Area:                        130             142             142             142
Total Cell Area:                  130             142             142             142
Leaf Instances:                    95              71              71              71
Total Instances:                   95              71              71              71
Utilization (%):                 0.00            0.00            0.00            0.00
Tot. Net Length (um):        no_value        no_value        no_value        no_value
Avg. Net Length (um):        no_value        no_value        no_value        no_value
Route Overflow H (%):        no_value        no_value        no_value        no_value
Route Overflow V (%):        no_value        no_value        no_value        no_value
MBCI(%) (bits/gate) :            0.00            0.00            0.00            0.00
Norm Cong Hotspot Area:
  Max Cong:                  no_value        no_value        no_value        no_value
  Tot Cong:                  no_value        no_value        no_value        no_value
==========================================================================================
CPU  Runtime (h:m:s):        00:30:03        00:30:01        00:30:00        00:30:00
Real Runtime (h:m:s):        00:30:03        00:30:02        00:30:00        00:30:00
CPU  Elapsed (h:m:s):        00:30:05        00:30:06        00:30:06        00:30:06
Real Elapsed (h:m:s):        00:30:05        00:30:06        00:30:06        00:30:06
Memory (MB):                  1264.28         1303.95         1270.94         1270.94
==========================================================================================
==========================================================================================
Flow Settings:
==========================================================================================
Total Runtime (h:m:s): 00:30:05
Total Memory (MB):     1270.94
Executable Version:    20.11-s111_1
==========================================================================================
Total Cell Area =  Cell Area + Physical Cell Area
Total Instances =  Leaf Instances + Physical Instances




@file(run_synthesis.tcl) 44: write_sdc > ./OUTPUTS_${DATE}/s298_m.sdc
Finished SDC export (command execution time mm:ss (real) = 00:00).
@file(run_synthesis.tcl) 45: write_do_lec -golden_design fv_map -revised_design ./OUTPUTS_${DATE}/s298_m.v -logfile  ./intermediate2final.lec.log > ./OUTPUTS_${DATE}/intermediate2final.lec.do
Info    : Forcing flat compare. [CFM-212]
        : The design hierarchies are too small to qualify for hierarchical comparison. Set the attribute wlec_hier_comp_threshold accordingly for hier compare
Info    : Wrote formal verification information. [CFM-5]
        : Wrote 'fv/s298/s298_mv.fv.json' for netlist './OUTPUTS_Mar11-15:10:25/s298_m.v'.
Info    : Wrote dofile. [CFM-1]
        : Dofile is './OUTPUTS_Mar11-15:10:25/intermediate2final.lec.do'.
        : Alias mapping flow is enabled.
#@ End verbose source ./run_synthesis.tcl
WARNING: This version of the tool is 1415 days old.
@genus:root: 2> gui_show
GTD-INFO: Parsing file top.mtarpt...
Normal exit.