Cadence Genus(TM) Synthesis Solution.
Copyright 2022 Cadence Design Systems, Inc. All rights reserved worldwide.
Cadence and the Cadence logo are registered trademarks and Genus is a trademark
of Cadence Design Systems, Inc. in the United States and other countries.

[11:34:36.239505] Configured Lic search path (21.01-s002): 5280@10.3.0.68

Version: 21.14-s082_1, built Thu Jun 23 02:02:08 PDT 2022
Options: -files ../SCRIPTS/run.tcl 
Date:    Sat Jun 28 11:34:36 2025
Host:    CICS3.kletech.ac.in (x86_64 w/Linux 4.18.0-425.3.1.el8.x86_64) (16cores*24cpus*1physical cpu*13th Gen Intel(R) Core(TM) i7-13700 30720KB) (15881900KB)
PID:     10226
OS:      Red Hat Enterprise Linux release 8.7 (Ootpa)


[11:34:36.175929] Periodic Lic check successful
[11:34:36.175936] Feature usage summary:
[11:34:36.175937] Genus_Synthesis
Checking out license: Genus_Synthesis


***********************************************************************************************************
***********************************************************************************************************



Loading tool scripts...
Finished loading tool scripts (4 seconds elapsed).

#@ Processing -files option
@genus 1> source ../SCRIPTS/run.tcl
#@ Begin verbose source ../SCRIPTS/run.tcl
@file(run.tcl) 1: set DESIGN riscv_core
@file(run.tcl) 2: set LIB_PATH {../LIBS}
@file(run.tcl) 3: set RTL_PATH {../RTL}
@file(run.tcl) 4: set OUT_PATH {../OUTPUTS}
@file(run.tcl) 5: find $RTL_PATH -name *.v > rtl_path.f
@file(run.tcl) 6: read_hdl -f rtl_path.f
@file(run.tcl) 7: read_lib $LIB_PATH/NangateOpenCellLibrary_slow_conditional_ccs.lib

Threads Configured:3

  Message Summary for Library NangateOpenCellLibrary_slow_conditional_ccs.lib:
  ****************************************************************************
  An unsupported construct was detected in this library. [LBR-40]: 9
  ****************************************************************************
 
Info    : Created nominal operating condition. [LBR-412]
        : Operating condition '_nominal_' was created for the PVT values (1.000000, 0.950000, 125.000000) in library 'NangateOpenCellLibrary_slow_conditional_ccs.lib'.
        : The nominal operating condition is represented, either by the nominal PVT values specified in the library source (via nom_process,nom_voltage and nom_temperature respectively), or by the default PVT values (1.0,1.0,1.0).
Warning : Library cell has no output pins defined. [LBR-9]
        : Library cell 'ANTENNA_X1' must have an output pin.
        : Add the missing output pin(s), then reload the library. Else the library cell will be marked as timing model i.e. unusable. Timing_model means that the cell does not have any defined function. If there is no output pin, Genus will mark library cell as unusable i.e. the attribute 'usable' will be marked to 'false' on the libcell. Therefore, the cell is not used for mapping and it will not be picked up from the library for synthesis. If you query the attribute 'unusable_reason' on the libcell; result will be: 'Library cell has no output pins.'Note: The message LBR-9 is only for the logical pins and not for the power_ground pins. Genus will depend upon the output function defined in the pin group (output pin) of the cell, to use it for mapping. The pg_pin will not have any function defined.
Warning : Library cell has no output pins defined. [LBR-9]
        : Library cell 'ANTENNA_X1' must have an output pin.
Warning : Library cell has no output pins defined. [LBR-9]
        : Library cell 'FILLCELL_X1' must have an output pin.
Warning : Library cell has no output pins defined. [LBR-9]
        : Library cell 'FILLCELL_X1' must have an output pin.
Warning : Library cell has no output pins defined. [LBR-9]
        : Library cell 'FILLCELL_X16' must have an output pin.
Warning : Library cell has no output pins defined. [LBR-9]
        : Library cell 'FILLCELL_X16' must have an output pin.
Warning : Library cell has no output pins defined. [LBR-9]
        : Library cell 'FILLCELL_X2' must have an output pin.
Warning : Library cell has no output pins defined. [LBR-9]
        : Library cell 'FILLCELL_X2' must have an output pin.
Warning : Library cell has no output pins defined. [LBR-9]
        : Library cell 'FILLCELL_X32' must have an output pin.
Warning : Library cell has no output pins defined. [LBR-9]
        : Library cell 'FILLCELL_X32' must have an output pin.
Warning : Library cell has no output pins defined. [LBR-9]
        : Library cell 'FILLCELL_X4' must have an output pin.
Warning : Library cell has no output pins defined. [LBR-9]
        : Library cell 'FILLCELL_X4' must have an output pin.
Warning : Library cell has no output pins defined. [LBR-9]
        : Library cell 'FILLCELL_X8' must have an output pin.
Warning : Library cell has no output pins defined. [LBR-9]
        : Library cell 'FILLCELL_X8' must have an output pin.
@file(run.tcl) 8: read_physical -lef $LIB_PATH/NangateOpenCellLibrary.lef
Info    : Via with no resistance will have a value of '0.0' assigned for resistance value. [PHYS-129]
        : Via 'via1_0' has no resistance value.
        : If this is the expected behavior, this message can be ignored.
Info    : Via with no resistance will have a value of '0.0' assigned for resistance value. [PHYS-129]
        : Via 'via1_1' has no resistance value.
Info    : Via with no resistance will have a value of '0.0' assigned for resistance value. [PHYS-129]
        : Via 'via1_2' has no resistance value.
Info    : Via with no resistance will have a value of '0.0' assigned for resistance value. [PHYS-129]
        : Via 'via1_3' has no resistance value.
Info    : Via with no resistance will have a value of '0.0' assigned for resistance value. [PHYS-129]
        : Via 'via1_4' has no resistance value.
Info    : Via with no resistance will have a value of '0.0' assigned for resistance value. [PHYS-129]
        : Via 'via1_5' has no resistance value.
Info    : Via with no resistance will have a value of '0.0' assigned for resistance value. [PHYS-129]
        : Via 'via1_6' has no resistance value.
Info    : Via with no resistance will have a value of '0.0' assigned for resistance value. [PHYS-129]
        : Via 'via1_7' has no resistance value.
Info    : Via with no resistance will have a value of '0.0' assigned for resistance value. [PHYS-129]
        : Via 'via1_8' has no resistance value.
Info    : Via with no resistance will have a value of '0.0' assigned for resistance value. [PHYS-129]
        : Via 'via2_0' has no resistance value.
Info    : Via with no resistance will have a value of '0.0' assigned for resistance value. [PHYS-129]
        : Via 'via2_1' has no resistance value.
Info    : Via with no resistance will have a value of '0.0' assigned for resistance value. [PHYS-129]
        : Via 'via2_2' has no resistance value.
Info    : Via with no resistance will have a value of '0.0' assigned for resistance value. [PHYS-129]
        : Via 'via2_3' has no resistance value.
Info    : Via with no resistance will have a value of '0.0' assigned for resistance value. [PHYS-129]
        : Via 'via2_4' has no resistance value.
Info    : Via with no resistance will have a value of '0.0' assigned for resistance value. [PHYS-129]
        : Via 'via2_5' has no resistance value.
Info    : Via with no resistance will have a value of '0.0' assigned for resistance value. [PHYS-129]
        : Via 'via2_6' has no resistance value.
Info    : Via with no resistance will have a value of '0.0' assigned for resistance value. [PHYS-129]
        : Via 'via2_7' has no resistance value.
Info    : Via with no resistance will have a value of '0.0' assigned for resistance value. [PHYS-129]
        : Via 'via2_8' has no resistance value.
Info    : Via with no resistance will have a value of '0.0' assigned for resistance value. [PHYS-129]
        : Via 'via3_0' has no resistance value.
Info    : Via with no resistance will have a value of '0.0' assigned for resistance value. [PHYS-129]
        : Via 'via3_1' has no resistance value.
Warning : Maximum message print count reached. [MESG-11]
        : Maximum print count of '20' reached for message 'PHYS-129'.

  According to lef_library, there are total 10 routing layers [ V(5) / H(5) ]

Warning : The variant range of wire parameters is too large. An example of wire parameters are, a WIDTH for layer, PITCH for layer, MINSPACING for layers, etc. [PHYS-12]
        : The variant range (0.07, 0.8) of 'WIDTH' for layers 'metal3' and 'metal9' is too large.
        : Check the consistency of the parameters, and see if you can ignore this message or you're using different LEF file with wrong parameters.
Warning : The variant range of wire parameters is too large. An example of wire parameters are, a WIDTH for layer, PITCH for layer, MINSPACING for layers, etc. [PHYS-12]
        : The variant range (0.14, 1.6) of 'PITCH' for layers 'metal3' and 'metal9' is too large.
Warning : The variant range of wire parameters is too large. An example of wire parameters are, a WIDTH for layer, PITCH for layer, MINSPACING for layers, etc. [PHYS-12]
        : The variant range (0.065, 0.8) of 'MINSPACING' for layers 'metal1' and 'metal10' is too large.
Warning : Non-monotonic wireload model found. [LBR-81]
        : 'Length' table in wireload model '3K_hvratio_1_2' is non-monotonic.
        : Non-monotonic wireload models can cause problems during synthesis and/or mapping.  Raising some of the points in the curve to give it a monotonic shape.
Warning : Non-monotonic wireload model found. [LBR-81]
        : 'Length' table in wireload model '3K_hvratio_1_2' is non-monotonic.
Warning : Non-monotonic wireload model found. [LBR-81]
        : 'Length' table in wireload model '3K_hvratio_1_2' is non-monotonic.
@file(run.tcl) 9: elaborate $DESIGN
Warning : Non-monotonic wireload model found. [LBR-81]
        : 'Length' table in wireload model '3K_hvratio_1_2' is non-monotonic.
Warning : Non-monotonic wireload model found. [LBR-81]
        : 'Length' table in wireload model '3K_hvratio_1_2' is non-monotonic.
Warning : Non-monotonic wireload model found. [LBR-81]
        : 'Length' table in wireload model '3K_hvratio_1_2' is non-monotonic.
Info    : Elaborating Design. [ELAB-1]
        : Elaborating top-level block 'riscv_core' from file '../RTL/riscv_core.v'.
Warning : Using default parameter value for module elaboration. [CDFG-818]
        : Elaborating block 'riscv_core' with default parameters value.
Warning : Unreachable statements for case item. [CDFG-472]
        : Case item 'default' in module 'riscv_lsu_MEM_CACHE_ADDR_MIN32h80000000_MEM_CACHE_ADDR_MAX32h8fffffff' in file '../RTL/riscv_lsu.v' on line 314.
Warning : Removing unused register. [CDFG-508]
        : Removing unused latch register 'csr_mpriv_r' in module 'riscv_csr_regfile_SUPPORT_MTIMECMP1_SUPPORT_SUPER0' in file '../RTL/riscv_csr_regfile.v' on line 231.
        : Genus removes the flip-flop or latch inferred for an unused signal or variable. To preserve the flip-flop or latch, set the hdl_preserve_unused_registers attribute to true or use a pragma in the RTL.
Warning : Removing unused register. [CDFG-508]
        : Removing unused latch register 'csr_medeleg_r' in module 'riscv_csr_regfile_SUPPORT_MTIMECMP1_SUPPORT_SUPER0' in file '../RTL/riscv_csr_regfile.v' on line 236.
Warning : Removing unused register. [CDFG-508]
        : Removing unused latch register 'csr_mideleg_r' in module 'riscv_csr_regfile_SUPPORT_MTIMECMP1_SUPPORT_SUPER0' in file '../RTL/riscv_csr_regfile.v' on line 237.
Warning : Removing unused register. [CDFG-508]
        : Removing unused latch register 'csr_sepc_r' in module 'riscv_csr_regfile_SUPPORT_MTIMECMP1_SUPPORT_SUPER0' in file '../RTL/riscv_csr_regfile.v' on line 243.
Warning : Removing unused register. [CDFG-508]
        : Removing unused latch register 'csr_stvec_r' in module 'riscv_csr_regfile_SUPPORT_MTIMECMP1_SUPPORT_SUPER0' in file '../RTL/riscv_csr_regfile.v' on line 244.
Warning : Removing unused register. [CDFG-508]
        : Removing unused latch register 'csr_scause_r' in module 'riscv_csr_regfile_SUPPORT_MTIMECMP1_SUPPORT_SUPER0' in file '../RTL/riscv_csr_regfile.v' on line 245.
Warning : Removing unused register. [CDFG-508]
        : Removing unused latch register 'csr_stval_r' in module 'riscv_csr_regfile_SUPPORT_MTIMECMP1_SUPPORT_SUPER0' in file '../RTL/riscv_csr_regfile.v' on line 246.
Warning : Removing unused register. [CDFG-508]
        : Removing unused latch register 'csr_satp_r' in module 'riscv_csr_regfile_SUPPORT_MTIMECMP1_SUPPORT_SUPER0' in file '../RTL/riscv_csr_regfile.v' on line 247.
Warning : Removing unused register. [CDFG-508]
        : Removing unused latch register 'csr_sscratch_r' in module 'riscv_csr_regfile_SUPPORT_MTIMECMP1_SUPPORT_SUPER0' in file '../RTL/riscv_csr_regfile.v' on line 248.
Warning : Removing unused register. [CDFG-508]
        : Removing unused flip-flop register 'csr_medeleg_q' in module 'riscv_csr_regfile_SUPPORT_MTIMECMP1_SUPPORT_SUPER0' in file '../RTL/riscv_csr_regfile.v' on line 269.
Warning : Removing unused register. [CDFG-508]
        : Removing unused flip-flop register 'csr_scause_q' in module 'riscv_csr_regfile_SUPPORT_MTIMECMP1_SUPPORT_SUPER0' in file '../RTL/riscv_csr_regfile.v' on line 275.
Warning : Removing unused register. [CDFG-508]
        : Removing unused flip-flop register 'csr_stval_q' in module 'riscv_csr_regfile_SUPPORT_MTIMECMP1_SUPPORT_SUPER0' in file '../RTL/riscv_csr_regfile.v' on line 276.
Warning : Removing unused register. [CDFG-508]
        : Removing unused flip-flop register 'csr_sscratch_q' in module 'riscv_csr_regfile_SUPPORT_MTIMECMP1_SUPPORT_SUPER0' in file '../RTL/riscv_csr_regfile.v' on line 278.
Warning : Removing unused register. [CDFG-508]
        : Removing unused latch register 'csr_priv_r' in module 'riscv_csr_SUPPORT_MULDIV1_SUPPORT_SUPER0' in file '../RTL/riscv_csr.v' on line 123.
Warning : Removing unused register. [CDFG-508]
        : Removing unused latch register 'csr_readonly_r' in module 'riscv_csr_SUPPORT_MULDIV1_SUPPORT_SUPER0' in file '../RTL/riscv_csr.v' on line 124.
Warning : Removing unused register. [CDFG-508]
        : Removing unused flip-flop register 'result_e3_q' in module 'riscv_multiplier' in file '../RTL/riscv_multiplier.v' on line 75.
Warning : Removing unused register. [CDFG-508]
        : Removing unused flip-flop register 'npc_e1_q' in module 'riscv_pipe_ctrl_SUPPORT_LOAD_BYPASS1_SUPPORT_MUL_BYPASS1' in file '../RTL/riscv_pipe_ctrl.v' on line 160.
Warning : Removing unused register. [CDFG-508]
        : Removing unused flip-flop register 'npc_e2_q' in module 'riscv_pipe_ctrl_SUPPORT_LOAD_BYPASS1_SUPPORT_MUL_BYPASS1' in file '../RTL/riscv_pipe_ctrl.v' on line 238.
Warning : Removing unused register. [CDFG-508]
        : Removing unused flip-flop register 'npc_wb_q' in module 'riscv_pipe_ctrl_SUPPORT_LOAD_BYPASS1_SUPPORT_MUL_BYPASS1' in file '../RTL/riscv_pipe_ctrl.v' on line 364.
Warning : Removing unused register. [CDFG-508]
        : Removing unused flip-flop register 'stall_q' in module 'riscv_fetch_SUPPORT_MMU0' in file '../RTL/riscv_fetch.v' on line 140.
Warning : Undriven module output port. [ELABUTL-123]
        : Undriven bits of output port 'scan_out' in module 'riscv_core' in file '../RTL/riscv_core.v' on line 94, column 1, hid = 0.
Info    : Done Elaborating Design. [ELAB-3]
        : Done elaborating 'riscv_core'.
Checking for analog nets...
Check completed for analog nets.
Checking for source RTL...
Check completed for source RTL.
Running Unified Mux Engine Tricks...
Completed Unified Mux Engine Tricks

Stage: post_elab
--------------------------------------------------------
| Trick             | Accepts | Rejects | Runtime (ms) | 
--------------------------------------------------------
| ume_constant_bmux |       0 |       0 |         1.00 | 
--------------------------------------------------------
Starting clip mux common data inputs [v1.0] (stage: post_elab, startdef: riscv_core, recur: true)
Completed clip mux common data inputs (accepts: 0, rejects: 0, runtime: 0.000s)
Starting clip the non-user hierarchies [v2.0] (stage: post_elab, startdef: riscv_core, recur: true)
Completed clip the non-user hierarchies (accepts: 0, rejects: 0, runtime: 0.001s)

Stage: post_elab
---------------------------------------------------------
| Transform          | Accepts | Rejects | Runtime (ms) | 
---------------------------------------------------------
| hlo_clip_mux_input |       0 |       0 |         0.00 | 
| hlo_clip           |       0 |       0 |         1.00 | 
---------------------------------------------------------
UM:   flow.cputime  flow.realtime  timing.setup.tns  timing.setup.wns  snapshot
UM:*                                                                   elaborate
@file(run.tcl) 10: set_dont_use *SDFF*
@file(run.tcl) 11: syn_generic
  Library has 96 usable logic and 12 usable sequential lib-cells.
Warning : Non-monotonic wireload model found. [LBR-81]
        : 'Length' table in wireload model '3K_hvratio_1_2' is non-monotonic.
Warning : Non-monotonic wireload model found. [LBR-81]
        : 'Length' table in wireload model '3K_hvratio_1_2' is non-monotonic.
Warning : Non-monotonic wireload model found. [LBR-81]
        : 'Length' table in wireload model '3K_hvratio_1_2' is non-monotonic.
Info    : Undriven module output port. [ELABUTL-128]
        : Assuming a logic '0' value for undriven bits of output port 'scan_out' in module 'riscv_core'.
        : The 'hdl_unconnected_value' attribute controls treatment of undriven output port.

Stage: pre_early_cg
------------------------------------------------
| Transform | Accepts | Rejects | Runtime (ms) | 
------------------------------------------------
------------------------------------------------
Warning : Non-monotonic wireload model found. [LBR-81]
        : 'Length' table in wireload model '3K_hvratio_1_2' is non-monotonic.
Warning : Non-monotonic wireload model found. [LBR-81]
        : 'Length' table in wireload model '3K_hvratio_1_2' is non-monotonic.
Warning : Non-monotonic wireload model found. [LBR-81]
        : 'Length' table in wireload model '3K_hvratio_1_2' is non-monotonic.
##Generic Timing Info for library domain: _default_ typical gate delay: 133.9 ps std_slew: 19.0 ps std_load: 1.8 fF
Starting mux data reorder optimization [v1.0] (stage: pre_to_gen_setup, startdef: riscv_core, recur: true)
Completed mux data reorder optimization (accepts: 0, rejects: 0, runtime: 0.004s)

Stage: pre_to_gen_setup
------------------------------------------------------
| Transform       | Accepts | Rejects | Runtime (ms) | 
------------------------------------------------------
| hlo_mux_reorder |       0 |       0 |         4.00 | 
------------------------------------------------------
Info    : Deleting instances not driving any primary outputs. [GLO-34]
        : Deleting 317 sequential instances.
        : Optimizations such as constant propagation or redundancy removal could change the connections so a hierarchical instance does not drive any primary outputs anymore. To see the list of deleted hierarchical instances, set the 'information_level' attribute to 2 or above. If the message is truncated set the message attribute 'truncate' to false to see the complete list. To prevent this optimization, set the 'delete_unloaded_insts' root/subdesign attribute to 'false' or 'preserve' instance attribute to 'true'.
Info    : Deleting instances not driving any primary outputs. [GLO-34]
        : Deleting 39 hierarchical instances.
Info    : Replacing a flip-flop with a logic constant 1. [GLO-13]
        : The instance is 'u_csr/u_csrfile/irq_priv_q_reg[0]'.
        : To prevent this optimization, set the 'optimize_constant_1_flops' root attribute to 'false' or 'optimize_constant_1_seq' instance attribute to 'false'.
Info    : Replacing a flip-flop with a logic constant 1. [GLO-13]
        : The instance is 'u_csr/u_csrfile/irq_priv_q_reg[1]'.
Info    : Replacing a flip-flop with a logic constant 1. [GLO-13]
        : The instance is 'u_csr/u_csrfile/csr_mpriv_q_reg[0]'.
Info    : Replacing a flip-flop with a logic constant 1. [GLO-13]
        : The instance is 'u_csr/u_csrfile/csr_mpriv_q_reg[1]'.
Info    : Replacing a flip-flop with a logic constant 0. [GLO-12]
        : The instance is 'u_csr/u_csrfile/csr_mideleg_q_reg[7]'.
        : To prevent this optimization, set the 'optimize_constant_0_flops' root attribute to 'false' or 'optimize_constant_0_seq' instance attribute to 'false'. You can also see the complete list of deleted sequential with command "report sequential -deleted" (on Reason "constant0").
Info    : Replacing a flip-flop with a logic constant 0. [GLO-12]
        : The instance is 'u_csr/u_csrfile/csr_mideleg_q_reg[11]'.
Info    : Replacing a flip-flop with a logic constant 0. [GLO-12]
        : The instance is 'u_csr/u_csrfile/csr_sepc_q_reg[0]'.
Info    : Replacing a flip-flop with a logic constant 0. [GLO-12]
        : The instance is 'u_csr/u_csrfile/csr_sepc_q_reg[1]'.
Info    : Replacing a flip-flop with a logic constant 0. [GLO-12]
        : The instance is 'u_csr/u_csrfile/csr_sepc_q_reg[2]'.
Info    : Replacing a flip-flop with a logic constant 0. [GLO-12]
        : The instance is 'u_csr/u_csrfile/csr_sepc_q_reg[3]'.
Info    : Replacing a flip-flop with a logic constant 0. [GLO-12]
        : The instance is 'u_csr/u_csrfile/csr_sepc_q_reg[4]'.
Info    : Replacing a flip-flop with a logic constant 0. [GLO-12]
        : The instance is 'u_csr/u_csrfile/csr_sepc_q_reg[5]'.
Info    : Replacing a flip-flop with a logic constant 0. [GLO-12]
        : The instance is 'u_csr/u_csrfile/csr_sepc_q_reg[6]'.
Info    : Replacing a flip-flop with a logic constant 0. [GLO-12]
        : The instance is 'u_csr/u_csrfile/csr_sepc_q_reg[7]'.
Info    : Replacing a flip-flop with a logic constant 0. [GLO-12]
        : The instance is 'u_csr/u_csrfile/csr_sepc_q_reg[8]'.
Info    : Replacing a flip-flop with a logic constant 0. [GLO-12]
        : The instance is 'u_csr/u_csrfile/csr_sepc_q_reg[9]'.
Info    : Replacing a flip-flop with a logic constant 0. [GLO-12]
        : The instance is 'u_csr/u_csrfile/csr_sepc_q_reg[10]'.
Info    : Replacing a flip-flop with a logic constant 0. [GLO-12]
        : The instance is 'u_csr/u_csrfile/csr_sepc_q_reg[11]'.
Info    : Replacing a flip-flop with a logic constant 0. [GLO-12]
        : The instance is 'u_csr/u_csrfile/csr_sepc_q_reg[12]'.
Info    : Replacing a flip-flop with a logic constant 0. [GLO-12]
        : The instance is 'u_csr/u_csrfile/csr_sepc_q_reg[13]'.
Info    : Replacing a flip-flop with a logic constant 0. [GLO-12]
        : The instance is 'u_csr/u_csrfile/csr_sepc_q_reg[14]'.
Info    : Replacing a flip-flop with a logic constant 0. [GLO-12]
        : The instance is 'u_csr/u_csrfile/csr_sepc_q_reg[15]'.
Info    : Replacing a flip-flop with a logic constant 0. [GLO-12]
        : The instance is 'u_csr/u_csrfile/csr_sepc_q_reg[16]'.
Info    : Replacing a flip-flop with a logic constant 0. [GLO-12]
        : The instance is 'u_csr/u_csrfile/csr_sepc_q_reg[17]'.
Warning : Maximum message print count reached. [MESG-11]
        : Maximum print count of '20' reached for message 'GLO-12'.
Info    : Deleting instances not driving any primary outputs. [GLO-34]
        : Deleting 86 sequential instances.
Info    : Deleting instances not driving any primary outputs. [GLO-34]
        : Deleting 2 hierarchical instances.
Info    : Deleting instances not driving any primary outputs. [GLO-34]
        : Deleting 3 hierarchical instances.
Current PLE settings:

Aspect ratio        : 1.000
Shrink factor       : 1.000
Scale of res/length : 1.000
Scale of cap/length : 1.000
Net derating factor : 1.000
Thermal factor      : 1.000
Via Resistance      : 0.000 ohm (from default)
Site size           : 1.590 um (from lef [tech+cell])

                                   Capacitance  
  Layer                             / Length         Data source:
Name        Direction Utilization  (pF/micron)       lef_library
------------------------------------------------
metal1          H         0.00        0.000083  
metal2          V         1.00        0.000044  
metal3          H         1.00        0.000030  
metal4          V         1.00        0.000024  
metal5          H         1.00        0.000015  
metal6          V         1.00        0.000011  
metal7          H         1.00        0.000011  
metal8          V         1.00        0.000007  
metal9          H         1.00        0.000007  
metal10         V         1.00        0.000004  

                                    Resistance   
  Layer                              / Length         Data source:
Name        Direction Utilization  (ohm/micron)       lef_library
-------------------------------------------------
metal1          H         0.00         5.428571  
metal2          V         1.00         3.571429  
metal3          H         1.00         3.571429  
metal4          V         1.00         1.500000  
metal5          H         1.00         1.500000  
metal6          V         1.00         1.500000  
metal7          H         1.00         0.187500  
metal8          V         1.00         0.187500  
metal9          H         1.00         0.037500  
metal10         V         1.00         0.037500  

                                        Area     
  Layer                               / Length        Data source:
Name        Direction Utilization     (micron)        lef_library
-------------------------------------------------
metal1          H         0.00         0.070000  
metal2          V         1.00         0.070000  
metal3          H         1.00         0.070000  
metal4          V         1.00         0.140000  
metal5          H         1.00         0.140000  
metal6          V         1.00         0.140000  
metal7          H         1.00         0.400000  
metal8          V         1.00         0.400000  
metal9          H         1.00         0.800000  
metal10         V         1.00         0.800000  

Info    : Synthesizing. [SYNTH-1]
        : Synthesizing 'riscv_core' to generic gates using 'medium' effort.
PBS_Generic-Start - Elapsed_Time 0, CPU_Time 0.0
stamp 'PBS_Generic-Start' being created for table 'pbs_debug'

  Total Time (Wall) |  Stage Time (Wall)  |   % (Wall)   |    Date - Time     |  Memory   | Stage
--------------------+---------------------+--------------+--------------------+-----------+----------------------
 00:00:07(00:00:05) |  00:00:00(00:00:00) |   0.0(  0.0) |   11:34:43 (Jun28) |  496.8 MB | PBS_Generic-Start
--------------------+---------------------+--------------+--------------------+-----------+----------------------
Number of threads: 8 * 1   (id: pbs_debug, time_info v1.57)
Info: (*N*) indicates data that was populated from previously saved time_info database
Info: CPU time includes time of parent + longest thread
TNS Restructuring config: no_value at stage: generic applied.
Info    : Partition Based Synthesis execution skipped. [PHYS-752]
        : Design size is less than the partition size '100000' for distributed generic optimization to kick in.
Starting mux data reorder optimization [v1.0] (stage: pre_to_gen_setup, startdef: riscv_core, recur: true)
Completed mux data reorder optimization (accepts: 0, rejects: 0, runtime: 0.015s)

Stage: pre_to_gen_setup
------------------------------------------------------
| Transform       | Accepts | Rejects | Runtime (ms) | 
------------------------------------------------------
| hlo_mux_reorder |       0 |       0 |        15.00 | 
------------------------------------------------------
Info    : Deleting instances not driving any primary outputs. [GLO-34]
        : Deleting 2 hierarchical instances.
Starting mux data reorder optimization [v1.0] (stage: post_to_gen_setup, startdef: riscv_core, recur: true)
Completed mux data reorder optimization (accepts: 0, rejects: 0, runtime: 0.003s)

Stage: post_to_gen_setup
------------------------------------------------------
| Transform       | Accepts | Rejects | Runtime (ms) | 
------------------------------------------------------
| hlo_mux_reorder |       0 |       0 |         3.00 | 
------------------------------------------------------
Current PLE settings:

Aspect ratio        : 1.000
Shrink factor       : 1.000
Scale of res/length : 1.000
Scale of cap/length : 1.000
Net derating factor : 1.000
Thermal factor      : 1.000
Via Resistance      : 0.000 ohm (from default)
Site size           : 1.590 um (from lef [tech+cell])

                                   Capacitance  
  Layer                             / Length         Data source:
Name        Direction Utilization  (pF/micron)       lef_library
------------------------------------------------
metal1          H         0.00        0.000083  
metal2          V         1.00        0.000044  
metal3          H         1.00        0.000030  
metal4          V         1.00        0.000024  
metal5          H         1.00        0.000015  
metal6          V         1.00        0.000011  
metal7          H         1.00        0.000011  
metal8          V         1.00        0.000007  
metal9          H         1.00        0.000007  
metal10         V         1.00        0.000004  

                                    Resistance   
  Layer                              / Length         Data source:
Name        Direction Utilization  (ohm/micron)       lef_library
-------------------------------------------------
metal1          H         0.00         5.428571  
metal2          V         1.00         3.571429  
metal3          H         1.00         3.571429  
metal4          V         1.00         1.500000  
metal5          H         1.00         1.500000  
metal6          V         1.00         1.500000  
metal7          H         1.00         0.187500  
metal8          V         1.00         0.187500  
metal9          H         1.00         0.037500  
metal10         V         1.00         0.037500  

                                        Area     
  Layer                               / Length        Data source:
Name        Direction Utilization     (micron)        lef_library
-------------------------------------------------
metal1          H         0.00         0.070000  
metal2          V         1.00         0.070000  
metal3          H         1.00         0.070000  
metal4          V         1.00         0.140000  
metal5          H         1.00         0.140000  
metal6          V         1.00         0.140000  
metal7          H         1.00         0.400000  
metal8          V         1.00         0.400000  
metal9          H         1.00         0.800000  
metal10         V         1.00         0.800000  

Running Unified Mux Engine Tricks...
Completed Unified Mux Engine Tricks

Stage: pre_hlo_rtlopt
--------------------------------------------
| Trick | Accepts | Rejects | Runtime (ms) | 
--------------------------------------------
--------------------------------------------
Starting infer macro optimization [v1.0] (stage: pre_rtlopt, startdef: riscv_core, recur: true)
Info    : Deleting instances not driving any primary outputs. [GLO-34]
        : Deleting 4 hierarchical instances.
Completed infer macro optimization (accepts: 1, rejects: 96, runtime: 0.023s)
Starting decode mux sandwich optimization [v2.0] (stage: pre_rtlopt, startdef: riscv_core, recur: true)
Completed decode mux sandwich optimization (accepts: 0, rejects: 0, runtime: 0.000s)
Starting decode mux optimization [v1.0] (stage: pre_rtlopt, startdef: riscv_core, recur: true)
Completed decode mux optimization (accepts: 0, rejects: 0, runtime: 0.000s)
Starting chop wide muxes [v1.0] (stage: pre_rtlopt, startdef: riscv_core, recur: true)
Completed chop wide muxes (accepts: 0, rejects: 0, runtime: 0.001s)
Starting common data mux cascade opt [v1.0] (stage: pre_rtlopt, startdef: riscv_core, recur: true)
Completed common data mux cascade opt (accepts: 0, rejects: 0, runtime: 0.000s)
Starting mux input consolidation [v1.0] (stage: pre_rtlopt, startdef: riscv_core, recur: true)
Completed mux input consolidation (accepts: 0, rejects: 0, runtime: 0.002s)
Starting constant-data mux optimization [v1.0] (stage: pre_rtlopt, startdef: riscv_core, recur: true)
Completed constant-data mux optimization (accepts: 0, rejects: 0, runtime: 0.001s)
Starting chain-to-tree inequality transform [v2.0] (stage: pre_rtlopt, startdef: riscv_core, recur: true)
Completed chain-to-tree inequality transform (accepts: 0, rejects: 0, runtime: 0.022s)
Starting reconvergence optimization [v1.0] (stage: pre_rtlopt, startdef: riscv_core, recur: true)
Completed reconvergence optimization (accepts: 0, rejects: 0, runtime: 0.000s)
Starting logic restructure optimization [v1.0] (stage: pre_rtlopt, startdef: riscv_core, recur: true)
Completed logic restructure optimization (accepts: 0, rejects: 0, runtime: 0.002s)
Starting common select mux optimization [v1.0] (stage: pre_rtlopt, startdef: riscv_core, recur: true)
Completed common select mux optimization (accepts: 0, rejects: 2, runtime: 0.001s)
Starting identity transform [v3.0] (stage: pre_rtlopt, startdef: riscv_core, recur: true)
Completed identity transform (accepts: 0, rejects: 0, runtime: 0.003s)
Starting reduce operator chain [v1.0] (stage: pre_rtlopt, startdef: riscv_core, recur: true)
Completed reduce operator chain (accepts: 0, rejects: 0, runtime: 0.001s)
Starting common data mux cascade opt [v1.0] (stage: pre_rtlopt, startdef: riscv_core, recur: true)
Completed common data mux cascade opt (accepts: 0, rejects: 0, runtime: 0.000s)
Starting mux input consolidation [v1.0] (stage: pre_rtlopt, startdef: riscv_core, recur: true)
Completed mux input consolidation (accepts: 0, rejects: 0, runtime: 0.002s)
Starting optimize datapath elements [v1.0] (stage: pre_rtlopt, startdef: riscv_core, recur: true)
Completed optimize datapath elements (accepts: 98, rejects: 0, runtime: 0.026s)
Starting datapath recasting [v1.0] (stage: pre_rtlopt, startdef: riscv_core, recur: true)
Completed datapath recasting (accepts: 0, rejects: 0, runtime: 0.001s)
Starting clip mux common data inputs [v1.0] (stage: pre_rtlopt, startdef: riscv_core, recur: true)
Completed clip mux common data inputs (accepts: 2, rejects: 0, runtime: 0.001s)
Starting clip the non-user hierarchies [v2.0] (stage: pre_rtlopt, startdef: riscv_core, recur: true)
Completed clip the non-user hierarchies (accepts: 0, rejects: 0, runtime: 0.000s)

Stage: pre_rtlopt
----------------------------------------------------------------
| Transform                 | Accepts | Rejects | Runtime (ms) | 
----------------------------------------------------------------
| hlo_infer_macro           |       1 |      96 |        23.00 | 
| hlo_decode_mux_sandwich   |       0 |       0 |         0.00 | 
| hlo_mux_decode            |       0 |       0 |         0.00 | 
| hlo_chop_mux              |       0 |       0 |         1.00 | 
| hlo_mux_cascade_opt       |       0 |       0 |         0.00 | 
| hlo_mux_consolidation     |       0 |       0 |         2.00 | 
| hlo_constant_mux_opt      |       0 |       0 |         1.00 | 
| hlo_inequality_transform  |       0 |       0 |        22.00 | 
| hlo_reconv_opt            |       0 |       0 |         0.00 | 
| hlo_restructure           |       0 |       0 |         2.00 | 
| hlo_common_select_muxopto |       0 |       2 |         1.00 | 
| hlo_identity_transform    |       0 |       0 |         3.00 | 
| hlo_reduce_operator_chain |       0 |       0 |         1.00 | 
| hlo_mux_cascade_opt       |       0 |       0 |         0.00 | 
| hlo_mux_consolidation     |       0 |       0 |         2.00 | 
| hlo_optimize_datapath     |      98 |       0 |        26.00 | 
| hlo_datapath_recast       |       0 |       0 |         1.00 | 
| hlo_clip_mux_input        |       2 |       0 |         1.00 | 
| hlo_clip                  |       0 |       0 |         0.00 | 
----------------------------------------------------------------
Running Unified Mux Engine Tricks...
Completed Unified Mux Engine Tricks

Stage: post_hlo_rtlopt
--------------------------------------------------
| Trick       | Accepts | Rejects | Runtime (ms) | 
--------------------------------------------------
| ume_runtime |       0 |       0 |         0.00 | 
--------------------------------------------------
Number of big hc bmuxes before = 5
Number of non-ctl's : 23
g43 g44 g410 g411 g412 g413 mux_alu_func_r_111_26 mux_alu_func_r_171_31 mux_alu_func_r_207_31 mux_alu_func_r_225_31 mux_alu_input_a_r_111_26 mux_alu_input_a_r_171_31 mux_alu_input_a_r_207_31 mux_alu_input_a_r_225_31 mux_alu_input_b_r_111_26 mux_alu_input_b_r_171_31 mux_alu_input_b_r_207_31 mux_alu_input_b_r_225_31 mux_branch_r_334_31 mux_alu_func_r_171_51 mux_alu_func_r_235_418 mux_branch_r_326_420 mux_branch_taken_r_326_422 
SOP DEBUG : Module= riscv_exec, Cluster= ctl_111_26, ctl= 9, Non-ctl= 23
Selected impl_type 0 (ctl + 1-hot mux form) for sop cluster ctl_111_26.
Number of non-ctl's : 9
mux_mem_data_r_299_15 mux_mem_data_r_314_15 mux_mem_wr_r_299_15 mux_mem_wr_r_314_15 mux_mem_data_r_297_1588 mux_mem_wr_r_297_1594 mux_mem_data_r_312_1590 mux_mem_wr_r_312_1596 mux_mem_wr_r_292_1592 
SOP DEBUG : Module= riscv_lsu_MEM_CACHE_ADDR_MIN32h80000000_MEM_CACHE_ADDR_MAX32h8fffffff, Cluster= ctl_mem_addr_r_299_15, ctl= 7, Non-ctl= 9
Selected impl_type 0 (ctl + 1-hot mux form) for sop cluster ctl_mem_addr_r_299_15.
Info    : Deleting instances not driving any primary outputs. [GLO-34]
        : Deleting 3 sequential instances.
Info    : Pre-processed datapath logic. [DPOPT-6]
        : Pre-processing optimizations applied to datapath logic in 'riscv_core':
          live_trim(4) sop(2) output_trim(1) 
Info    : Deleting instances not driving any primary outputs. [GLO-34]
        : Deleting 1 hierarchical instance.
Info    : Optimizing datapath logic. [DPOPT-1]
        : Optimizing datapath logic in 'riscv_core'.
Info    : Implementing datapath configurations. [DPOPT-3]
        : Implementing datapath configurations for 'CDN_DP_region_1_2'
Info    : Accepted resource sharing opportunity. [RTLOPT-30]
        : Merged the following sets of instances in 'CDN_DP_region_1_2_c1 in riscv_core':
	  (u_exec_add_330_39, u_exec_add_324_35)
	  (u_div_sub_143_34, u_div_minus_125_23)
	  (u_exec_lt_367_46, u_exec_gte_372_46)
	  (u_div_minus_159_39, u_div_minus_157_39)

Number of non-ctl's : 2
u_exec_mux_branch_taken_r_334_31 u_exec_mux_branch_target_r_334_31 
SOP DEBUG : Module= CDN_DP_region_1_2_c1, Cluster= u_exec_ctl_334_31_create, ctl= 1, Non-ctl= 2
Selected impl_type 4 (factored_form (optimized)) for sop cluster u_exec_ctl_334_31_create.
Info    : Accepted resource sharing opportunity. [RTLOPT-30]
        : Merged the following sets of instances in 'CDN_DP_region_1_2_c2 in riscv_core':
	  (u_exec_add_330_39, u_exec_add_324_35)
	  (u_div_sub_143_34, u_div_minus_125_23)
	  (u_exec_lt_367_46, u_exec_gte_372_46)
	  (u_div_minus_159_39, u_div_minus_157_39)

Number of non-ctl's : 2
u_exec_mux_branch_taken_r_334_31 u_exec_mux_branch_target_r_334_31 
SOP DEBUG : Module= CDN_DP_region_1_2_c2, Cluster= u_exec_ctl_334_31_create, ctl= 1, Non-ctl= 2
Selected impl_type 4 (factored_form (optimized)) for sop cluster u_exec_ctl_334_31_create.
Info    : Accepted resource sharing opportunity. [RTLOPT-30]
        : Merged the following sets of instances in 'CDN_DP_region_1_2_c3 in riscv_core':
	  (u_exec_add_330_39, u_exec_add_324_35)
	  (u_div_sub_143_34, u_div_minus_125_23)
	  (u_exec_lt_367_46, u_exec_gte_372_46)
	  (u_div_minus_159_39, u_div_minus_157_39)

Number of non-ctl's : 2
u_exec_mux_branch_taken_r_334_31 u_exec_mux_branch_target_r_334_31 
SOP DEBUG : Module= CDN_DP_region_1_2_c3, Cluster= u_exec_ctl_334_31_create, ctl= 1, Non-ctl= 2
Selected impl_type 4 (factored_form (optimized)) for sop cluster u_exec_ctl_334_31_create.
Info    : Accepted resource sharing opportunity. [RTLOPT-30]
        : Merged the following sets of instances in 'CDN_DP_region_1_2_c4 in riscv_core':
	  (u_exec_add_330_39, u_exec_add_324_35)
	  (u_div_sub_143_34, u_div_minus_125_23)
	  (u_exec_lt_367_46, u_exec_gte_372_46)
	  (u_div_minus_159_39, u_div_minus_157_39)

Number of non-ctl's : 2
u_exec_mux_branch_taken_r_334_31 u_exec_mux_branch_target_r_334_31 
SOP DEBUG : Module= CDN_DP_region_1_2_c4, Cluster= u_exec_ctl_334_31_create, ctl= 1, Non-ctl= 2
Selected impl_type 4 (factored_form (optimized)) for sop cluster u_exec_ctl_334_31_create.
Info    : Accepted resource sharing opportunity. [RTLOPT-30]
        : Merged the following sets of instances in 'CDN_DP_region_1_2_c5 in riscv_core':
	  (u_exec_add_330_39, u_exec_add_324_35)
	  (u_div_sub_143_34, u_div_minus_125_23)
	  (u_exec_lt_367_46, u_exec_gte_372_46)
	  (u_div_minus_159_39, u_div_minus_157_39)

Number of non-ctl's : 2
u_exec_mux_branch_taken_r_334_31 u_exec_mux_branch_target_r_334_31 
SOP DEBUG : Module= CDN_DP_region_1_2_c5, Cluster= u_exec_ctl_334_31_create, ctl= 1, Non-ctl= 2
Selected impl_type 4 (factored_form (optimized)) for sop cluster u_exec_ctl_334_31_create.
Info    : Accepted resource sharing opportunity. [RTLOPT-30]
        : Merged the following sets of instances in 'CDN_DP_region_1_2_c6 in riscv_core':
	  (u_exec_add_330_39, u_exec_add_324_35)
	  (u_div_minus_125_23, u_div_sub_143_34)
	  (u_exec_gte_372_46, u_exec_lt_367_46)
	  (u_div_minus_157_39, u_div_minus_159_39)

Number of non-ctl's : 2
u_exec_mux_branch_taken_r_334_31 u_exec_mux_branch_target_r_334_31 
SOP DEBUG : Module= CDN_DP_region_1_2_c6, Cluster= u_exec_ctl_334_31_create, ctl= 1, Non-ctl= 2
Selected impl_type 4 (factored_form (optimized)) for sop cluster u_exec_ctl_334_31_create.
CDN_DP_region_1_2 level = 1 loads = 3 drivers = 2 is driven by : CDN_DP_region_1_4 CDN_DP_region_1_1 
CDN_DP_region_1_2_c0 in riscv_core: area: 60448226400 ,dp = 44 mux = 164 sg = slow         worst_clk_period: -1.0000 
    wns: 0  norm_wns:  -1.0000 
    fail_endp: -1 
    tns:  0  tns_per_endp:  -1.0000   norm_tns_per_endp:  -1.0000 
    tns_sense_max:  -1.0000  tns_sense_avg:  -1.0000   tns_sense_num: -1
 skipped
CDN_DP_region_1_2_c1 in riscv_core: area: 55649898000 ,dp = 23 mux = 167 sg = fast         worst_clk_period: -1.0000 
    wns: 0  norm_wns:  -1.0000 
    fail_endp: -1 
    tns:  0  tns_per_endp:  -1.0000   norm_tns_per_endp:  -1.0000 
    tns_sense_max:  -1.0000  tns_sense_avg:  -1.0000   tns_sense_num: -1
 is current best
CDN_DP_region_1_2_c2 in riscv_core: area: 55649898000 ,dp = 23 mux = 167 sg = very_slow    worst_clk_period: -1.0000 
    wns: 0  norm_wns:  -1.0000 
    fail_endp: -1 
    tns:  0  tns_per_endp:  -1.0000   norm_tns_per_endp:  -1.0000 
    tns_sense_max:  -1.0000  tns_sense_avg:  -1.0000   tns_sense_num: -1
 is current best
CDN_DP_region_1_2_c3 in riscv_core: area: 55649898000 ,dp = 23 mux = 167 sg = very_fast    worst_clk_period: -1.0000 
    wns: 0  norm_wns:  -1.0000 
    fail_endp: -1 
    tns:  0  tns_per_endp:  -1.0000   norm_tns_per_endp:  -1.0000 
    tns_sense_max:  -1.0000  tns_sense_avg:  -1.0000   tns_sense_num: -1
 is current best
CDN_DP_region_1_2_c4 in riscv_core: area: 55649898000 ,dp = 23 mux = 167 sg = very_fast    worst_clk_period: -1.0000 
    wns: 0  norm_wns:  -1.0000 
    fail_endp: -1 
    tns:  0  tns_per_endp:  -1.0000   norm_tns_per_endp:  -1.0000 
    tns_sense_max:  -1.0000  tns_sense_avg:  -1.0000   tns_sense_num: -1
 is current best
CDN_DP_region_1_2_c5 in riscv_core: area: 55649898000 ,dp = 23 mux = 167 sg = very_fast    worst_clk_period: -1.0000 
    wns: 0  norm_wns:  -1.0000 
    fail_endp: -1 
    tns:  0  tns_per_endp:  -1.0000   norm_tns_per_endp:  -1.0000 
    tns_sense_max:  -1.0000  tns_sense_avg:  -1.0000   tns_sense_num: -1
 is current best
CDN_DP_region_1_2_c6 in riscv_core: area: 55649898000 ,dp = 23 mux = 167 sg = very_fast    worst_clk_period: -1.0000 
    wns: 0  norm_wns:  -1.0000 
    fail_endp: -1 
    tns:  0  tns_per_endp:  -1.0000   norm_tns_per_endp:  -1.0000 
    tns_sense_max:  -1.0000  tns_sense_avg:  -1.0000   tns_sense_num: -1
 is current best
Best config: CDN_DP_region_1_2_c6 in riscv_core: area: 55649898000 ,dp = 23 mux = 167 sg = very_fast    worst_clk_period: -1.0000 
    wns: 0  norm_wns:  -1.0000 
    fail_endp: -1 
    tns:  0  tns_per_endp:  -1.0000   norm_tns_per_endp:  -1.0000 
    tns_sense_max:  -1.0000  tns_sense_avg:  -1.0000   tns_sense_num: -1
  Smallest config area : 55649898000.  Fastest config wns;  0
##>+----------------------------------------------------------------------------------------------------------------------------------------------------------------+
##>Summary table of configs (Best config is CDN_DP_region_1_2_c6)
##>+----------------------------------------------------------------------------------------------------------------------------------------------------------------+
##>                     0                  1                  2                  3                  4                  5                  6            
##>+----------------------------------------------------------------------------------------------------------------------------------------------------------------+
##>           Area      60448226400        55649898000        55649898000        55649898000        55649898000        55649898000        55649898000  
##>            WNS    +214748364.70      +214748364.70      +214748364.70      +214748364.70      +214748364.70      +214748364.70      +214748364.70  
##>            TNS                0                  0                  0                  0                  0                  0                  0  
##>    Num Rewrite                0                  0                  0                  0                  0                  0                  0  
##>     Num Factor                0                  0                  0                  0                  0                  0                  0  
##>      Num Share                0                  4                  4                  4                  4                  4                  4  
##>   Num CmultCse                0                  0                  0                  0                  0                  0                  0  
##>   Num Downsize                0                  0                  0                  0                  0                  0                  0  
##>  Num Speculate                0                  0                  0                  0                  0                  0                  0  
##>     Runtime(s)                0                  2                  2                  2                  2                  2                  2  
+----------------------------------------------------------------------------------------------------------------------------------------------------------------+
##>
##>
##>+------------------------------------------------------------------------------------------------------------------------------------------------------------+
##>Optimization Step DEBUG Table for config CDN_DP_region_1_2_c6
##>
##>                          Step                        Area   ( % Chg)        WNS (Change)        TNS (Change)          Runtime (s)        Comment                   
##>+------------------------------------------------------------------------------------------------------------------------------------------------------------+
##>createMaxCarrySave              START            60448226400 (      )    214748364.70 (        )             0 (        )              
##> datapath_rewrite_one_def       START            60448226400 ( +0.00)    214748364.70 (   +0.00)             0 (       0)              
##>  rewrite                       START            60448226400 ( +0.00)    214748364.70 (   +0.00)             0 (       0)              (na,csaa) leq_mx_dp_from --> sub_mx_dp_to
##>                                  END            61001650800 ( +0.92)    214748364.70 (   +0.00)             0 (       0)           0  
##>  fast_cse_elim                 START            60448226400 ( -0.91)    214748364.70 (   +0.00)             0 (       0)              
##>                                  END            58674888000 ( -2.93)    214748364.70 (   +0.00)             0 (       0)           0  
##>  fast_cse_elim                 START            58674888000 ( +0.00)    214748364.70 (   +0.00)             0 (       0)              
##>                                  END            58674888000 ( +0.00)    214748364.70 (   +0.00)             0 (       0)           0  
##>                                  END            58674888000 ( -2.93)    214748364.70 (   +0.00)             0 (       0)           0  
##> dpopt_share_one_def            START            58674888000 ( +0.00)    214748364.70 (   +0.00)             0 (       0)              
##>                                  END            56423502000 ( -3.84)    214748364.70 (   +0.00)             0 (       0)           1  
##> csa_opto                       START            56423502000 ( +0.00)    214748364.70 (   +0.00)             0 (       0)              
##>                                  END            56298535200 ( -0.22)    214748364.70 (   +0.00)             0 (       0)           0  
##>                                  END            56298535200 ( -6.86)    214748364.70 (   +0.00)             0 (       0)           1  
##>canonicalize_by_names           START            56298535200 ( +0.00)    214748364.70 (   +0.00)             0 (       0)              
##>                                  END            56298535200 ( +0.00)    214748364.70 (   +0.00)             0 (       0)           0  
##>datapath_rewrite_post_csa_one_  START            56298535200 ( +0.00)    214748364.70 (   +0.00)             0 (       0)              
##>                                  END            56298535200 ( +0.00)    214748364.70 (   +0.00)             0 (       0)           0  
##>datapath_csa_factoring_one_gde  START            56298535200 ( +0.00)    214748364.70 (   +0.00)             0 (       0)              
##>                                  END            56298535200 ( +0.00)    214748364.70 (   +0.00)             0 (       0)           0  
##>dpopt_share_one_def             START            56298535200 ( +0.00)    214748364.70 (   +0.00)             0 (       0)              
##>                                  END            56298535200 ( +0.00)    214748364.70 (   +0.00)             0 (       0)           0  
##>datapath_rewrite_post_share     START            56298535200 ( +0.00)    214748364.70 (   +0.00)             0 (       0)              
##>                                  END            56298535200 ( +0.00)    214748364.70 (   +0.00)             0 (       0)           0  
##>dp_combine_const_mult_with_com  START            56298535200 ( +0.00)    214748364.70 (   +0.00)             0 (       0)              
##>                                  END            56298535200 ( +0.00)    214748364.70 (   +0.00)             0 (       0)           0  
##>speculate_in_gdef               START            56298535200 ( +0.00)    214748364.70 (   +0.00)             0 (       0)              
##> pre_speculate_mux_merge        START            56298535200 ( +0.00)    214748364.70 (   +0.00)             0 (       0)              
##>                                  END            56298535200 ( +0.00)    214748364.70 (   +0.00)             0 (       0)           0  
##>                                  END            56298535200 ( +0.00)    214748364.70 (   +0.00)             0 (       0)           0  
##>dp_operator_level_decompositio  START            56298535200 ( +0.00)    214748364.70 (   +0.00)             0 (       0)              
##>                                  END            56298535200 ( +0.00)    214748364.70 (   +0.00)             0 (       0)           0  
##>selective_flatten_dp_config     START            56298535200 ( +0.00)    214748364.70 (   +0.00)             0 (       0)              
##>                                  END            56250928800 ( -0.08)    214748364.70 (   +0.00)             0 (       0)           0  
##>createMaxCarrySave              START            56250928800 ( +0.00)    214748364.70 (   +0.00)             0 (       0)              
##> datapath_rewrite_one_def       START            56250928800 ( +0.00)    214748364.70 (   +0.00)             0 (       0)              
##>  fast_cse_elim                 START            56250928800 ( +0.00)    214748364.70 (   +0.00)             0 (       0)              
##>                                  END            56250928800 ( +0.00)    214748364.70 (   +0.00)             0 (       0)           0  
##>  fast_cse_elim                 START            56250928800 ( +0.00)    214748364.70 (   +0.00)             0 (       0)              
##>                                  END            56250928800 ( +0.00)    214748364.70 (   +0.00)             0 (       0)           0  
##>                                  END            56250928800 ( +0.00)    214748364.70 (   +0.00)             0 (       0)           0  
##> dpopt_share_one_def            START            56250928800 ( +0.00)    214748364.70 (   +0.00)             0 (       0)              
##>                                  END            56250928800 ( +0.00)    214748364.70 (   +0.00)             0 (       0)           0  
##> csa_opto                       START            56250928800 ( +0.00)    214748364.70 (   +0.00)             0 (       0)              
##>                                  END            56250928800 ( +0.00)    214748364.70 (   +0.00)             0 (       0)           0  
##>                                  END            56250928800 ( +0.00)    214748364.70 (   +0.00)             0 (       0)           0  
##>context_based_simplify          START            56155716000 ( -0.17)    214748364.70 (   +0.00)             0 (       0)              
##>                                  END            55649898000 ( -0.90)    214748364.70 (   +0.00)             0 (       0)           0  
##>group_csa_final_adder_dp        START            55649898000 ( +0.00)    214748364.70 (   +0.00)             0 (       0)              
##>                                  END            55649898000 ( +0.00)    214748364.70 (   +0.00)             0 (       0)           0  
##>dpopt_flatten_critical_muxes_i  START            55649898000 ( +0.00)    214748364.70 (   +0.00)             0 (       0)              
##>                                  END            55649898000 ( +0.00)    214748364.70 (   +0.00)             0 (       0)           0  
##>speculate_in_gdef               START            55649898000 ( +0.00)    214748364.70 (   +0.00)             0 (       0)              
##> pre_speculate_mux_merge        START            55649898000 ( +0.00)    214748364.70 (   +0.00)             0 (       0)              
##>                                  END            55649898000 ( +0.00)    214748364.70 (   +0.00)             0 (       0)           0  
##>                                  END            55649898000 ( +0.00)    214748364.70 (   +0.00)             0 (       0)           0  
##>create_score                    START            55649898000 ( +0.00)    214748364.70 (   +0.00)             0 (       0)              
##>                                  END            55649898000 ( +0.00)    214748364.70 (   +0.00)             0 (       0)           0  
##>+------------------------------------------------------------------------------------------------------------------------------------------------------------+
Committed config: CDN_DP_region_1_2_c6
Info    : Done implementing datapath configurations. [DPOPT-4]
        : Selected 'very_fast' configuration 6 for module 'CDN_DP_region_1_2'.
          Optimizations applied to 'very_fast' configuration:
            rewriting(0), factoring(0), sharing(4), cmultcse(0), downsizing(0), speculation(0)
Info    : Implementing datapath configurations. [DPOPT-3]
        : Implementing datapath configurations for 'CDN_DP_region_1_0'
CSAGen Prep Share:0 Re-Write:0 Speculation: 0
MaxCSA: Successfully built Maximal CSA Expression Expr0
CDN_DP_region_1_0 level = 0 loads = 0 drivers = 0
CDN_DP_region_1_0_c0 in riscv_core: area: 25588440000 ,dp = 1 mux = 1 sg = slow         worst_clk_period: -1.0000 
    wns: 0  norm_wns:  -1.0000 
    fail_endp: -1 
    tns:  0  tns_per_endp:  -1.0000   norm_tns_per_endp:  -1.0000 
    tns_sense_max:  -1.0000  tns_sense_avg:  -1.0000   tns_sense_num: -1
 skipped
CDN_DP_region_1_0_c1 in riscv_core: area: 25588440000 ,dp = 1 mux = 1 sg = fast         worst_clk_period: -1.0000 
    wns: 0  norm_wns:  -1.0000 
    fail_endp: -1 
    tns:  0  tns_per_endp:  -1.0000   norm_tns_per_endp:  -1.0000 
    tns_sense_max:  -1.0000  tns_sense_avg:  -1.0000   tns_sense_num: -1
 is current best
CDN_DP_region_1_0_c2 in riscv_core: area: 25588440000 ,dp = 1 mux = 1 sg = very_slow    worst_clk_period: -1.0000 
    wns: 0  norm_wns:  -1.0000 
    fail_endp: -1 
    tns:  0  tns_per_endp:  -1.0000   norm_tns_per_endp:  -1.0000 
    tns_sense_max:  -1.0000  tns_sense_avg:  -1.0000   tns_sense_num: -1
 is current best
CDN_DP_region_1_0_c3 in riscv_core: area: 25588440000 ,dp = 1 mux = 1 sg = very_fast    worst_clk_period: -1.0000 
    wns: 0  norm_wns:  -1.0000 
    fail_endp: -1 
    tns:  0  tns_per_endp:  -1.0000   norm_tns_per_endp:  -1.0000 
    tns_sense_max:  -1.0000  tns_sense_avg:  -1.0000   tns_sense_num: -1
 is current best
CDN_DP_region_1_0_c4 in riscv_core: area: 25588440000 ,dp = 1 mux = 1 sg = very_fast    worst_clk_period: -1.0000 
    wns: 0  norm_wns:  -1.0000 
    fail_endp: -1 
    tns:  0  tns_per_endp:  -1.0000   norm_tns_per_endp:  -1.0000 
    tns_sense_max:  -1.0000  tns_sense_avg:  -1.0000   tns_sense_num: -1
 is current best
CDN_DP_region_1_0_c5 in riscv_core: area: 25588440000 ,dp = 1 mux = 1 sg = very_fast    worst_clk_period: -1.0000 
    wns: 0  norm_wns:  -1.0000 
    fail_endp: -1 
    tns:  0  tns_per_endp:  -1.0000   norm_tns_per_endp:  -1.0000 
    tns_sense_max:  -1.0000  tns_sense_avg:  -1.0000   tns_sense_num: -1
 is current best
CDN_DP_region_1_0_c6 in riscv_core: area: 25588440000 ,dp = 1 mux = 1 sg = very_fast    worst_clk_period: -1.0000 
    wns: 0  norm_wns:  -1.0000 
    fail_endp: -1 
    tns:  0  tns_per_endp:  -1.0000   norm_tns_per_endp:  -1.0000 
    tns_sense_max:  -1.0000  tns_sense_avg:  -1.0000   tns_sense_num: -1
 is current best
CDN_DP_region_1_0_c7 in riscv_core: area: 25588440000 ,dp = 1 mux = 1 sg = very_fast    worst_clk_period: -1.0000 
    wns: 0  norm_wns:  -1.0000 
    fail_endp: -1 
    tns:  0  tns_per_endp:  -1.0000   norm_tns_per_endp:  -1.0000 
    tns_sense_max:  -1.0000  tns_sense_avg:  -1.0000   tns_sense_num: -1
 is current best
Best config: CDN_DP_region_1_0_c7 in riscv_core: area: 25588440000 ,dp = 1 mux = 1 sg = very_fast    worst_clk_period: -1.0000 
    wns: 0  norm_wns:  -1.0000 
    fail_endp: -1 
    tns:  0  tns_per_endp:  -1.0000   norm_tns_per_endp:  -1.0000 
    tns_sense_max:  -1.0000  tns_sense_avg:  -1.0000   tns_sense_num: -1
  Smallest config area : 25588440000.  Fastest config wns;  0
##>+----------------------------------------------------------------------------------------------------------------------------------------------------------------+
##>Summary table of configs (Best config is CDN_DP_region_1_0_c7)
##>+----------------------------------------------------------------------------------------------------------------------------------------------------------------+
##>                     0                  1                  2                  3                  4                  5                  6                  7            
##>+----------------------------------------------------------------------------------------------------------------------------------------------------------------+
##>           Area      25588440000        25588440000        25588440000        25588440000        25588440000        25588440000        25588440000        25588440000  
##>            WNS    +214748364.70      +214748364.70      +214748364.70      +214748364.70      +214748364.70      +214748364.70      +214748364.70      +214748364.70  
##>            TNS                0                  0                  0                  0                  0                  0                  0                  0  
##>    Num Rewrite                0                  0                  0                  0                  0                  0                  0                  0  
##>     Num Factor                0                  0                  0                  0                  0                  0                  0                  0  
##>      Num Share                0                  0                  0                  0                  0                  0                  0                  0  
##>   Num CmultCse                0                  0                  0                  0                  0                  0                  0                  0  
##>   Num Downsize                0                  0                  0                  0                  0                  0                  0                  0  
##>  Num Speculate                0                  0                  0                  0                  0                  0                  0                  0  
##>     Runtime(s)                0                  0                  0                  0                  0                  0                  0                  1  
+----------------------------------------------------------------------------------------------------------------------------------------------------------------+
##>
##>
##>+------------------------------------------------------------------------------------------------------------------------------------------------------------+
##>Optimization Step DEBUG Table for config CDN_DP_region_1_0_c7
##>
##>                          Step                        Area   ( % Chg)        WNS (Change)        TNS (Change)          Runtime (s)        Comment                   
##>+------------------------------------------------------------------------------------------------------------------------------------------------------------+
##>EquationExtraction              START            25588440000 (      )    214748364.70 (        )             0 (        )              
##> rewrite                        START           111813548400 (+336.97)    214748364.70 (   +0.00)             0 (       0)              (a,ar) Expr0_from --> Expr0_to
##>                                  END            70441603200 (-37.00)    214748364.70 (   +0.00)             0 (       0)           0  
##>                                  END            25588440000 ( +0.00)    214748364.70 (   +0.00)             0 (       0)           1  
##>createMaxCarrySave              START            25588440000 ( +0.00)    214748364.70 (   +0.00)             0 (       0)              
##> datapath_rewrite_one_def       START            25588440000 ( +0.00)    214748364.70 (   +0.00)             0 (       0)              
##>                                  END            25588440000 ( +0.00)    214748364.70 (   +0.00)             0 (       0)           0  
##> csa_opto                       START            25588440000 ( +0.00)    214748364.70 (   +0.00)             0 (       0)              
##>                                  END            25588440000 ( +0.00)    214748364.70 (   +0.00)             0 (       0)           0  
##>                                  END            25588440000 ( +0.00)    214748364.70 (   +0.00)             0 (       0)           0  
##>canonicalize_by_names           START            25588440000 ( +0.00)    214748364.70 (   +0.00)             0 (       0)              
##>                                  END            25588440000 ( +0.00)    214748364.70 (   +0.00)             0 (       0)           0  
##>datapath_rewrite_post_csa_one_  START            25588440000 ( +0.00)    214748364.70 (   +0.00)             0 (       0)              
##>                                  END            25588440000 ( +0.00)    214748364.70 (   +0.00)             0 (       0)           0  
##>datapath_csa_factoring_one_gde  START            25588440000 ( +0.00)    214748364.70 (   +0.00)             0 (       0)              
##>                                  END            25588440000 ( +0.00)    214748364.70 (   +0.00)             0 (       0)           0  
##>dpopt_share_one_def             START            25588440000 ( +0.00)    214748364.70 (   +0.00)             0 (       0)              
##>                                  END            25588440000 ( +0.00)    214748364.70 (   +0.00)             0 (       0)           0  
##>datapath_rewrite_post_share     START            25588440000 ( +0.00)    214748364.70 (   +0.00)             0 (       0)              
##>                                  END            25588440000 ( +0.00)    214748364.70 (   +0.00)             0 (       0)           0  
##>dp_combine_const_mult_with_com  START            25588440000 ( +0.00)    214748364.70 (   +0.00)             0 (       0)              
##>                                  END            25588440000 ( +0.00)    214748364.70 (   +0.00)             0 (       0)           0  
##>dp_operator_level_decompositio  START            25588440000 ( +0.00)    214748364.70 (   +0.00)             0 (       0)              
##>                                  END            25588440000 ( +0.00)    214748364.70 (   +0.00)             0 (       0)           0  
##>selective_flatten_dp_config     START            25588440000 ( +0.00)    214748364.70 (   +0.00)             0 (       0)              
##>                                  END            25588440000 ( +0.00)    214748364.70 (   +0.00)             0 (       0)           0  
##>createMaxCarrySave              START            25588440000 ( +0.00)    214748364.70 (   +0.00)             0 (       0)              
##> datapath_rewrite_one_def       START            25588440000 ( +0.00)    214748364.70 (   +0.00)             0 (       0)              
##>  fast_cse_elim                 START            25588440000 ( +0.00)    214748364.70 (   +0.00)             0 (       0)              
##>                                  END            25588440000 ( +0.00)    214748364.70 (   +0.00)             0 (       0)           0  
##>  fast_cse_elim                 START            25588440000 ( +0.00)    214748364.70 (   +0.00)             0 (       0)              
##>                                  END            25588440000 ( +0.00)    214748364.70 (   +0.00)             0 (       0)           0  
##>                                  END            25588440000 ( +0.00)    214748364.70 (   +0.00)             0 (       0)           0  
##> csa_opto                       START            25588440000 ( +0.00)    214748364.70 (   +0.00)             0 (       0)              
##>                                  END            25588440000 ( +0.00)    214748364.70 (   +0.00)             0 (       0)           0  
##>                                  END            25588440000 ( +0.00)    214748364.70 (   +0.00)             0 (       0)           0  
##>context_based_simplify          START            25588440000 ( +0.00)    214748364.70 (   +0.00)             0 (       0)              
##>                                  END            25588440000 ( +0.00)    214748364.70 (   +0.00)             0 (       0)           0  
##>group_csa_final_adder_dp        START            25588440000 ( +0.00)    214748364.70 (   +0.00)             0 (       0)              
##>                                  END            25588440000 ( +0.00)    214748364.70 (   +0.00)             0 (       0)           0  
##>dpopt_flatten_critical_muxes_i  START            25588440000 ( +0.00)    214748364.70 (   +0.00)             0 (       0)              
##>                                  END            25588440000 ( +0.00)    214748364.70 (   +0.00)             0 (       0)           0  
##>create_score                    START            25588440000 ( +0.00)    214748364.70 (   +0.00)             0 (       0)              
##>                                  END            25588440000 ( +0.00)    214748364.70 (   +0.00)             0 (       0)           0  
##>+------------------------------------------------------------------------------------------------------------------------------------------------------------+
Committed config: CDN_DP_region_1_0_c7
Info    : Done implementing datapath configurations. [DPOPT-4]
        : Selected 'very_fast' configuration 7 for module 'CDN_DP_region_1_0'.
          Optimizations applied to 'very_fast' configuration:
            rewriting(0), factoring(0), sharing(0), cmultcse(0), downsizing(0), speculation(0)
Info    : Implementing datapath configurations. [DPOPT-3]
        : Implementing datapath configurations for 'CDN_DP_region_1_3'
CSAGen Prep Share:0 Re-Write:0 Speculation: 0
MaxCSA: Successfully built Maximal CSA Expression Expr1
CDN_DP_region_1_3 level = 2 loads = 0 drivers = 1 is driven by : CDN_DP_region_1_2 
CDN_DP_region_1_3_c0 in riscv_core: area: 809308800 ,dp = 1 mux = 1 sg = slow         worst_clk_period: -1.0000 
    wns: 0  norm_wns:  -1.0000 
    fail_endp: -1 
    tns:  0  tns_per_endp:  -1.0000   norm_tns_per_endp:  -1.0000 
    tns_sense_max:  -1.0000  tns_sense_avg:  -1.0000   tns_sense_num: -1
 skipped
CDN_DP_region_1_3_c1 in riscv_core: area: 809308800 ,dp = 1 mux = 1 sg = fast         worst_clk_period: -1.0000 
    wns: 0  norm_wns:  -1.0000 
    fail_endp: -1 
    tns:  0  tns_per_endp:  -1.0000   norm_tns_per_endp:  -1.0000 
    tns_sense_max:  -1.0000  tns_sense_avg:  -1.0000   tns_sense_num: -1
 is current best
CDN_DP_region_1_3_c2 in riscv_core: area: 809308800 ,dp = 1 mux = 1 sg = very_slow    worst_clk_period: -1.0000 
    wns: 0  norm_wns:  -1.0000 
    fail_endp: -1 
    tns:  0  tns_per_endp:  -1.0000   norm_tns_per_endp:  -1.0000 
    tns_sense_max:  -1.0000  tns_sense_avg:  -1.0000   tns_sense_num: -1
 is current best
CDN_DP_region_1_3_c3 in riscv_core: area: 809308800 ,dp = 1 mux = 1 sg = very_fast    worst_clk_period: -1.0000 
    wns: 0  norm_wns:  -1.0000 
    fail_endp: -1 
    tns:  0  tns_per_endp:  -1.0000   norm_tns_per_endp:  -1.0000 
    tns_sense_max:  -1.0000  tns_sense_avg:  -1.0000   tns_sense_num: -1
 is current best
CDN_DP_region_1_3_c4 in riscv_core: area: 809308800 ,dp = 1 mux = 1 sg = very_fast    worst_clk_period: -1.0000 
    wns: 0  norm_wns:  -1.0000 
    fail_endp: -1 
    tns:  0  tns_per_endp:  -1.0000   norm_tns_per_endp:  -1.0000 
    tns_sense_max:  -1.0000  tns_sense_avg:  -1.0000   tns_sense_num: -1
 is current best
CDN_DP_region_1_3_c5 in riscv_core: area: 809308800 ,dp = 1 mux = 1 sg = very_fast    worst_clk_period: -1.0000 
    wns: 0  norm_wns:  -1.0000 
    fail_endp: -1 
    tns:  0  tns_per_endp:  -1.0000   norm_tns_per_endp:  -1.0000 
    tns_sense_max:  -1.0000  tns_sense_avg:  -1.0000   tns_sense_num: -1
 is current best
CDN_DP_region_1_3_c6 in riscv_core: area: 809308800 ,dp = 1 mux = 1 sg = very_fast    worst_clk_period: -1.0000 
    wns: 0  norm_wns:  -1.0000 
    fail_endp: -1 
    tns:  0  tns_per_endp:  -1.0000   norm_tns_per_endp:  -1.0000 
    tns_sense_max:  -1.0000  tns_sense_avg:  -1.0000   tns_sense_num: -1
 is current best
CDN_DP_region_1_3_c7 in riscv_core: area: 809308800 ,dp = 1 mux = 1 sg = very_fast    worst_clk_period: -1.0000 
    wns: 0  norm_wns:  -1.0000 
    fail_endp: -1 
    tns:  0  tns_per_endp:  -1.0000   norm_tns_per_endp:  -1.0000 
    tns_sense_max:  -1.0000  tns_sense_avg:  -1.0000   tns_sense_num: -1
 is current best
Best config: CDN_DP_region_1_3_c7 in riscv_core: area: 809308800 ,dp = 1 mux = 1 sg = very_fast    worst_clk_period: -1.0000 
    wns: 0  norm_wns:  -1.0000 
    fail_endp: -1 
    tns:  0  tns_per_endp:  -1.0000   norm_tns_per_endp:  -1.0000 
    tns_sense_max:  -1.0000  tns_sense_avg:  -1.0000   tns_sense_num: -1
  Smallest config area : 809308800.  Fastest config wns;  0
##>+----------------------------------------------------------------------------------------------------------------------------------------------------------------+
##>Summary table of configs (Best config is CDN_DP_region_1_3_c7)
##>+----------------------------------------------------------------------------------------------------------------------------------------------------------------+
##>                     0                  1                  2                  3                  4                  5                  6                  7            
##>+----------------------------------------------------------------------------------------------------------------------------------------------------------------+
##>           Area        809308800          809308800          809308800          809308800          809308800          809308800          809308800          809308800  
##>            WNS    +214748364.70      +214748364.70      +214748364.70      +214748364.70      +214748364.70      +214748364.70      +214748364.70      +214748364.70  
##>            TNS                0                  0                  0                  0                  0                  0                  0                  0  
##>    Num Rewrite                0                  0                  0                  0                  0                  0                  0                  0  
##>     Num Factor                0                  0                  0                  0                  0                  0                  0                  0  
##>      Num Share                0                  0                  0                  0                  0                  0                  0                  0  
##>   Num CmultCse                0                  0                  0                  0                  0                  0                  0                  0  
##>   Num Downsize                0                  0                  0                  0                  0                  0                  0                  0  
##>  Num Speculate                0                  0                  0                  0                  0                  0                  0                  0  
##>     Runtime(s)                0                  0                  0                  0                  0                  0                  0                  0  
+----------------------------------------------------------------------------------------------------------------------------------------------------------------+
##>
##>
##>+------------------------------------------------------------------------------------------------------------------------------------------------------------+
##>Optimization Step DEBUG Table for config CDN_DP_region_1_3_c7
##>
##>                          Step                        Area   ( % Chg)        WNS (Change)        TNS (Change)          Runtime (s)        Comment                   
##>+------------------------------------------------------------------------------------------------------------------------------------------------------------+
##>EquationExtraction              START              809308800 (      )    214748364.70 (        )             0 (        )              
##> rewrite                        START             1208012400 (+49.26)    214748364.70 (   +0.00)             0 (       0)              (a,ar) Expr1_from --> Expr1_to
##>                                  END             3780741600 (+212.97)    214748364.70 (   +0.00)             0 (       0)           0  
##>                                  END              809308800 ( +0.00)    214748364.70 (   +0.00)             0 (       0)           0  
##>createMaxCarrySave              START              809308800 ( +0.00)    214748364.70 (   +0.00)             0 (       0)              
##> datapath_rewrite_one_def       START              809308800 ( +0.00)    214748364.70 (   +0.00)             0 (       0)              
##>                                  END              809308800 ( +0.00)    214748364.70 (   +0.00)             0 (       0)           0  
##> csa_opto                       START              809308800 ( +0.00)    214748364.70 (   +0.00)             0 (       0)              
##>                                  END              809308800 ( +0.00)    214748364.70 (   +0.00)             0 (       0)           0  
##>                                  END              809308800 ( +0.00)    214748364.70 (   +0.00)             0 (       0)           0  
##>canonicalize_by_names           START              809308800 ( +0.00)    214748364.70 (   +0.00)             0 (       0)              
##>                                  END              809308800 ( +0.00)    214748364.70 (   +0.00)             0 (       0)           0  
##>datapath_rewrite_post_csa_one_  START              809308800 ( +0.00)    214748364.70 (   +0.00)             0 (       0)              
##>                                  END              809308800 ( +0.00)    214748364.70 (   +0.00)             0 (       0)           0  
##>datapath_csa_factoring_one_gde  START              809308800 ( +0.00)    214748364.70 (   +0.00)             0 (       0)              
##>                                  END              809308800 ( +0.00)    214748364.70 (   +0.00)             0 (       0)           0  
##>dpopt_share_one_def             START              809308800 ( +0.00)    214748364.70 (   +0.00)             0 (       0)              
##>                                  END              809308800 ( +0.00)    214748364.70 (   +0.00)             0 (       0)           0  
##>datapath_rewrite_post_share     START              809308800 ( +0.00)    214748364.70 (   +0.00)             0 (       0)              
##>                                  END              809308800 ( +0.00)    214748364.70 (   +0.00)             0 (       0)           0  
##>dp_combine_const_mult_with_com  START              809308800 ( +0.00)    214748364.70 (   +0.00)             0 (       0)              
##>                                  END              809308800 ( +0.00)    214748364.70 (   +0.00)             0 (       0)           0  
##>dp_operator_level_decompositio  START              809308800 ( +0.00)    214748364.70 (   +0.00)             0 (       0)              
##>                                  END              809308800 ( +0.00)    214748364.70 (   +0.00)             0 (       0)           0  
##>selective_flatten_dp_config     START              809308800 ( +0.00)    214748364.70 (   +0.00)             0 (       0)              
##>                                  END              809308800 ( +0.00)    214748364.70 (   +0.00)             0 (       0)           0  
##>createMaxCarrySave              START              809308800 ( +0.00)    214748364.70 (   +0.00)             0 (       0)              
##> datapath_rewrite_one_def       START              809308800 ( +0.00)    214748364.70 (   +0.00)             0 (       0)              
##>  fast_cse_elim                 START              809308800 ( +0.00)    214748364.70 (   +0.00)             0 (       0)              
##>                                  END              809308800 ( +0.00)    214748364.70 (   +0.00)             0 (       0)           0  
##>  fast_cse_elim                 START              809308800 ( +0.00)    214748364.70 (   +0.00)             0 (       0)              
##>                                  END              809308800 ( +0.00)    214748364.70 (   +0.00)             0 (       0)           0  
##>                                  END              809308800 ( +0.00)    214748364.70 (   +0.00)             0 (       0)           0  
##> csa_opto                       START              809308800 ( +0.00)    214748364.70 (   +0.00)             0 (       0)              
##>                                  END              809308800 ( +0.00)    214748364.70 (   +0.00)             0 (       0)           0  
##>                                  END              809308800 ( +0.00)    214748364.70 (   +0.00)             0 (       0)           0  
##>context_based_simplify          START              809308800 ( +0.00)    214748364.70 (   +0.00)             0 (       0)              
##>                                  END              809308800 ( +0.00)    214748364.70 (   +0.00)             0 (       0)           0  
##>group_csa_final_adder_dp        START              809308800 ( +0.00)    214748364.70 (   +0.00)             0 (       0)              
##>                                  END              809308800 ( +0.00)    214748364.70 (   +0.00)             0 (       0)           0  
##>dpopt_flatten_critical_muxes_i  START              809308800 ( +0.00)    214748364.70 (   +0.00)             0 (       0)              
##>                                  END              809308800 ( +0.00)    214748364.70 (   +0.00)             0 (       0)           0  
##>create_score                    START              809308800 ( +0.00)    214748364.70 (   +0.00)             0 (       0)              
##>                                  END              809308800 ( +0.00)    214748364.70 (   +0.00)             0 (       0)           0  
##>+------------------------------------------------------------------------------------------------------------------------------------------------------------+
Committed config: CDN_DP_region_1_3_c7
Info    : Done implementing datapath configurations. [DPOPT-4]
        : Selected 'very_fast' configuration 7 for module 'CDN_DP_region_1_3'.
          Optimizations applied to 'very_fast' configuration:
            rewriting(0), factoring(0), sharing(0), cmultcse(0), downsizing(0), speculation(0)
Info    : Implementing datapath configurations. [DPOPT-3]
        : Implementing datapath configurations for 'CDN_DP_region_1_4'
CSAGen Prep Share:0 Re-Write:0 Speculation: 0
CDN_DP_region_1_4 level = 0 loads = 1 drivers = 0
CDN_DP_region_1_4_c0 in riscv_core: area: 97196400 ,dp = 0 mux = 1 sg = slow         worst_clk_period: -1.0000 
    wns: 0  norm_wns:  -1.0000 
    fail_endp: -1 
    tns:  0  tns_per_endp:  -1.0000   norm_tns_per_endp:  -1.0000 
    tns_sense_max:  -1.0000  tns_sense_avg:  -1.0000   tns_sense_num: -1
 skipped
CDN_DP_region_1_4_c1 in riscv_core: area: 97196400 ,dp = 0 mux = 1 sg = fast         worst_clk_period: -1.0000 
    wns: 0  norm_wns:  -1.0000 
    fail_endp: -1 
    tns:  0  tns_per_endp:  -1.0000   norm_tns_per_endp:  -1.0000 
    tns_sense_max:  -1.0000  tns_sense_avg:  -1.0000   tns_sense_num: -1
 is current best
CDN_DP_region_1_4_c2 in riscv_core: area: 97196400 ,dp = 0 mux = 1 sg = very_slow    worst_clk_period: -1.0000 
    wns: 0  norm_wns:  -1.0000 
    fail_endp: -1 
    tns:  0  tns_per_endp:  -1.0000   norm_tns_per_endp:  -1.0000 
    tns_sense_max:  -1.0000  tns_sense_avg:  -1.0000   tns_sense_num: -1
 is current best
CDN_DP_region_1_4_c3 in riscv_core: area: 97196400 ,dp = 0 mux = 1 sg = very_fast    worst_clk_period: -1.0000 
    wns: 0  norm_wns:  -1.0000 
    fail_endp: -1 
    tns:  0  tns_per_endp:  -1.0000   norm_tns_per_endp:  -1.0000 
    tns_sense_max:  -1.0000  tns_sense_avg:  -1.0000   tns_sense_num: -1
 is current best
CDN_DP_region_1_4_c4 in riscv_core: area: 97196400 ,dp = 0 mux = 1 sg = very_fast    worst_clk_period: -1.0000 
    wns: 0  norm_wns:  -1.0000 
    fail_endp: -1 
    tns:  0  tns_per_endp:  -1.0000   norm_tns_per_endp:  -1.0000 
    tns_sense_max:  -1.0000  tns_sense_avg:  -1.0000   tns_sense_num: -1
 is current best
CDN_DP_region_1_4_c5 in riscv_core: area: 97196400 ,dp = 0 mux = 1 sg = very_fast    worst_clk_period: -1.0000 
    wns: 0  norm_wns:  -1.0000 
    fail_endp: -1 
    tns:  0  tns_per_endp:  -1.0000   norm_tns_per_endp:  -1.0000 
    tns_sense_max:  -1.0000  tns_sense_avg:  -1.0000   tns_sense_num: -1
 is current best
CDN_DP_region_1_4_c6 in riscv_core: area: 97196400 ,dp = 0 mux = 1 sg = very_fast    worst_clk_period: -1.0000 
    wns: 0  norm_wns:  -1.0000 
    fail_endp: -1 
    tns:  0  tns_per_endp:  -1.0000   norm_tns_per_endp:  -1.0000 
    tns_sense_max:  -1.0000  tns_sense_avg:  -1.0000   tns_sense_num: -1
 is current best
CDN_DP_region_1_4_c7 in riscv_core: area: 97196400 ,dp = 0 mux = 1 sg = very_fast    worst_clk_period: -1.0000 
    wns: 0  norm_wns:  -1.0000 
    fail_endp: -1 
    tns:  0  tns_per_endp:  -1.0000   norm_tns_per_endp:  -1.0000 
    tns_sense_max:  -1.0000  tns_sense_avg:  -1.0000   tns_sense_num: -1
 is current best
Best config: CDN_DP_region_1_4_c7 in riscv_core: area: 97196400 ,dp = 0 mux = 1 sg = very_fast    worst_clk_period: -1.0000 
    wns: 0  norm_wns:  -1.0000 
    fail_endp: -1 
    tns:  0  tns_per_endp:  -1.0000   norm_tns_per_endp:  -1.0000 
    tns_sense_max:  -1.0000  tns_sense_avg:  -1.0000   tns_sense_num: -1
  Smallest config area : 97196400.  Fastest config wns;  0
##>+----------------------------------------------------------------------------------------------------------------------------------------------------------------+
##>Summary table of configs (Best config is CDN_DP_region_1_4_c7)
##>+----------------------------------------------------------------------------------------------------------------------------------------------------------------+
##>                     0                  1                  2                  3                  4                  5                  6                  7            
##>+----------------------------------------------------------------------------------------------------------------------------------------------------------------+
##>           Area         97196400           97196400           97196400           97196400           97196400           97196400           97196400           97196400  
##>            WNS    +214748364.70      +214748364.70      +214748364.70      +214748364.70      +214748364.70      +214748364.70      +214748364.70      +214748364.70  
##>            TNS                0                  0                  0                  0                  0                  0                  0                  0  
##>    Num Rewrite                0                  0                  0                  0                  0                  0                  0                  0  
##>     Num Factor                0                  0                  0                  0                  0                  0                  0                  0  
##>      Num Share                0                  0                  0                  0                  0                  0                  0                  0  
##>   Num CmultCse                0                  0                  0                  0                  0                  0                  0                  0  
##>   Num Downsize                0                  0                  0                  0                  0                  0                  0                  0  
##>  Num Speculate                0                  0                  0                  0                  0                  0                  0                  0  
##>     Runtime(s)                0                  0                  0                  0                  0                  0                  0                  0  
+----------------------------------------------------------------------------------------------------------------------------------------------------------------+
##>
##>
##>+------------------------------------------------------------------------------------------------------------------------------------------------------------+
##>Optimization Step DEBUG Table for config CDN_DP_region_1_4_c7
##>
##>                          Step                        Area   ( % Chg)        WNS (Change)        TNS (Change)          Runtime (s)        Comment                   
##>+------------------------------------------------------------------------------------------------------------------------------------------------------------+
##>EquationExtraction              START               97196400 (      )    214748364.70 (        )             0 (        )              
##>                                  END               97196400 ( +0.00)    214748364.70 (   +0.00)             0 (       0)           0  
##>createMaxCarrySave              START               97196400 ( +0.00)    214748364.70 (   +0.00)             0 (       0)              
##> datapath_rewrite_one_def       START               97196400 ( +0.00)    214748364.70 (   +0.00)             0 (       0)              
##>                                  END               97196400 ( +0.00)    214748364.70 (   +0.00)             0 (       0)           0  
##> csa_opto                       START               97196400 ( +0.00)    214748364.70 (   +0.00)             0 (       0)              
##>                                  END               97196400 ( +0.00)    214748364.70 (   +0.00)             0 (       0)           0  
##>                                  END               97196400 ( +0.00)    214748364.70 (   +0.00)             0 (       0)           0  
##>canonicalize_by_names           START               97196400 ( +0.00)    214748364.70 (   +0.00)             0 (       0)              
##>                                  END               97196400 ( +0.00)    214748364.70 (   +0.00)             0 (       0)           0  
##>datapath_rewrite_post_csa_one_  START               97196400 ( +0.00)    214748364.70 (   +0.00)             0 (       0)              
##>                                  END               97196400 ( +0.00)    214748364.70 (   +0.00)             0 (       0)           0  
##>datapath_csa_factoring_one_gde  START               97196400 ( +0.00)    214748364.70 (   +0.00)             0 (       0)              
##>                                  END               97196400 ( +0.00)    214748364.70 (   +0.00)             0 (       0)           0  
##>dpopt_share_one_def             START               97196400 ( +0.00)    214748364.70 (   +0.00)             0 (       0)              
##>                                  END               97196400 ( +0.00)    214748364.70 (   +0.00)             0 (       0)           0  
##>datapath_rewrite_post_share     START               97196400 ( +0.00)    214748364.70 (   +0.00)             0 (       0)              
##>                                  END               97196400 ( +0.00)    214748364.70 (   +0.00)             0 (       0)           0  
##>dp_combine_const_mult_with_com  START               97196400 ( +0.00)    214748364.70 (   +0.00)             0 (       0)              
##>                                  END               97196400 ( +0.00)    214748364.70 (   +0.00)             0 (       0)           0  
##>dp_operator_level_decompositio  START               97196400 ( +0.00)    214748364.70 (   +0.00)             0 (       0)              
##>                                  END               97196400 ( +0.00)    214748364.70 (   +0.00)             0 (       0)           0  
##>selective_flatten_dp_config     START               97196400 ( +0.00)    214748364.70 (   +0.00)             0 (       0)              
##>                                  END               97196400 ( +0.00)    214748364.70 (   +0.00)             0 (       0)           0  
##>createMaxCarrySave              START               97196400 ( +0.00)    214748364.70 (   +0.00)             0 (       0)              
##> datapath_rewrite_one_def       START               97196400 ( +0.00)    214748364.70 (   +0.00)             0 (       0)              
##>  fast_cse_elim                 START               97196400 ( +0.00)    214748364.70 (   +0.00)             0 (       0)              
##>                                  END               97196400 ( +0.00)    214748364.70 (   +0.00)             0 (       0)           0  
##>  fast_cse_elim                 START               97196400 ( +0.00)    214748364.70 (   +0.00)             0 (       0)              
##>                                  END               97196400 ( +0.00)    214748364.70 (   +0.00)             0 (       0)           0  
##>                                  END               97196400 ( +0.00)    214748364.70 (   +0.00)             0 (       0)           0  
##> csa_opto                       START               97196400 ( +0.00)    214748364.70 (   +0.00)             0 (       0)              
##>                                  END               97196400 ( +0.00)    214748364.70 (   +0.00)             0 (       0)           0  
##>                                  END               97196400 ( +0.00)    214748364.70 (   +0.00)             0 (       0)           0  
##>context_based_simplify          START               97196400 ( +0.00)    214748364.70 (   +0.00)             0 (       0)              
##>                                  END               97196400 ( +0.00)    214748364.70 (   +0.00)             0 (       0)           0  
##>group_csa_final_adder_dp        START               97196400 ( +0.00)    214748364.70 (   +0.00)             0 (       0)              
##>                                  END               97196400 ( +0.00)    214748364.70 (   +0.00)             0 (       0)           0  
##>dpopt_flatten_critical_muxes_i  START               97196400 ( +0.00)    214748364.70 (   +0.00)             0 (       0)              
##>                                  END               97196400 ( +0.00)    214748364.70 (   +0.00)             0 (       0)           0  
##>create_score                    START               97196400 ( +0.00)    214748364.70 (   +0.00)             0 (       0)              
##>                                  END               97196400 ( +0.00)    214748364.70 (   +0.00)             0 (       0)           0  
##>+------------------------------------------------------------------------------------------------------------------------------------------------------------+
Committed config: CDN_DP_region_1_4_c7
Info    : Done implementing datapath configurations. [DPOPT-4]
        : Selected 'very_fast' configuration 7 for module 'CDN_DP_region_1_4'.
          Optimizations applied to 'very_fast' configuration:
            rewriting(0), factoring(0), sharing(0), cmultcse(0), downsizing(0), speculation(0)
Info    : Implementing datapath configurations. [DPOPT-3]
        : Implementing datapath configurations for 'CDN_DP_region_1_5'
CSAGen Prep Share:0 Re-Write:0 Speculation: 0
MaxCSA: Successfully built Maximal CSA Expression Expr2
Info    : Accepted resource sharing opportunity. [RTLOPT-30]
        : Merged the following sets of instances in 'CDN_DP_region_1_5_c7 in riscv_core':
	  (SUB_TC_OP, ADD_TC_OP)

CDN_DP_region_1_5 level = 0 loads = 0 drivers = 0
CDN_DP_region_1_5_c0 in riscv_core: area: 35704800 ,dp = 2 mux = 1 sg = slow         worst_clk_period: -1.0000 
    wns: 0  norm_wns:  -1.0000 
    fail_endp: -1 
    tns:  0  tns_per_endp:  -1.0000   norm_tns_per_endp:  -1.0000 
    tns_sense_max:  -1.0000  tns_sense_avg:  -1.0000   tns_sense_num: -1
 skipped
CDN_DP_region_1_5_c1 in riscv_core: area: 33721200 ,dp = 2 mux = 1 sg = fast         worst_clk_period: -1.0000 
    wns: 0  norm_wns:  -1.0000 
    fail_endp: -1 
    tns:  0  tns_per_endp:  -1.0000   norm_tns_per_endp:  -1.0000 
    tns_sense_max:  -1.0000  tns_sense_avg:  -1.0000   tns_sense_num: -1
 is current best
CDN_DP_region_1_5_c2 in riscv_core: area: 33721200 ,dp = 2 mux = 1 sg = very_slow    worst_clk_period: -1.0000 
    wns: 0  norm_wns:  -1.0000 
    fail_endp: -1 
    tns:  0  tns_per_endp:  -1.0000   norm_tns_per_endp:  -1.0000 
    tns_sense_max:  -1.0000  tns_sense_avg:  -1.0000   tns_sense_num: -1
 is current best
CDN_DP_region_1_5_c3 in riscv_core: area: 33721200 ,dp = 2 mux = 1 sg = very_fast    worst_clk_period: -1.0000 
    wns: 0  norm_wns:  -1.0000 
    fail_endp: -1 
    tns:  0  tns_per_endp:  -1.0000   norm_tns_per_endp:  -1.0000 
    tns_sense_max:  -1.0000  tns_sense_avg:  -1.0000   tns_sense_num: -1
 is current best
CDN_DP_region_1_5_c4 in riscv_core: area: 33721200 ,dp = 2 mux = 1 sg = very_fast    worst_clk_period: -1.0000 
    wns: 0  norm_wns:  -1.0000 
    fail_endp: -1 
    tns:  0  tns_per_endp:  -1.0000   norm_tns_per_endp:  -1.0000 
    tns_sense_max:  -1.0000  tns_sense_avg:  -1.0000   tns_sense_num: -1
 is current best
CDN_DP_region_1_5_c5 in riscv_core: area: 33721200 ,dp = 2 mux = 1 sg = very_fast    worst_clk_period: -1.0000 
    wns: 0  norm_wns:  -1.0000 
    fail_endp: -1 
    tns:  0  tns_per_endp:  -1.0000   norm_tns_per_endp:  -1.0000 
    tns_sense_max:  -1.0000  tns_sense_avg:  -1.0000   tns_sense_num: -1
 is current best
CDN_DP_region_1_5_c6 in riscv_core: area: 33721200 ,dp = 2 mux = 1 sg = very_fast    worst_clk_period: -1.0000 
    wns: 0  norm_wns:  -1.0000 
    fail_endp: -1 
    tns:  0  tns_per_endp:  -1.0000   norm_tns_per_endp:  -1.0000 
    tns_sense_max:  -1.0000  tns_sense_avg:  -1.0000   tns_sense_num: -1
 is current best
CDN_DP_region_1_5_c7 in riscv_core: area: 59508000 ,dp = 1 mux = 0 sg = very_fast    worst_clk_period: -1.0000 
    wns: 0  norm_wns:  -1.0000 
    fail_endp: -1 
    tns:  0  tns_per_endp:  -1.0000   norm_tns_per_endp:  -1.0000 
    tns_sense_max:  -1.0000  tns_sense_avg:  -1.0000   tns_sense_num: -1

Best config: CDN_DP_region_1_5_c6 in riscv_core: area: 33721200 ,dp = 2 mux = 1 sg = very_fast    worst_clk_period: -1.0000 
    wns: 0  norm_wns:  -1.0000 
    fail_endp: -1 
    tns:  0  tns_per_endp:  -1.0000   norm_tns_per_endp:  -1.0000 
    tns_sense_max:  -1.0000  tns_sense_avg:  -1.0000   tns_sense_num: -1
  Smallest config area : 33721200.  Fastest config wns;  0
##>+----------------------------------------------------------------------------------------------------------------------------------------------------------------+
##>Summary table of configs (Best config is CDN_DP_region_1_5_c6)
##>+----------------------------------------------------------------------------------------------------------------------------------------------------------------+
##>                     0                  1                  2                  3                  4                  5                  6                  7            
##>+----------------------------------------------------------------------------------------------------------------------------------------------------------------+
##>           Area         35704800           33721200           33721200           33721200           33721200           33721200           33721200           59508000  
##>            WNS    +214748364.70      +214748364.70      +214748364.70      +214748364.70      +214748364.70      +214748364.70      +214748364.70      +214748364.70  
##>            TNS                0                  0                  0                  0                  0                  0                  0                  0  
##>    Num Rewrite                0                  0                  0                  0                  0                  0                  0                  1  
##>     Num Factor                0                  0                  0                  0                  0                  0                  0                  0  
##>      Num Share                0                  0                  0                  0                  0                  0                  0                  1  
##>   Num CmultCse                0                  0                  0                  0                  0                  0                  0                  0  
##>   Num Downsize                0                  0                  0                  0                  0                  0                  0                  0  
##>  Num Speculate                0                  0                  0                  0                  0                  0                  0                  0  
##>     Runtime(s)                0                  0                  0                  0                  0                  0                  0                  0  
+----------------------------------------------------------------------------------------------------------------------------------------------------------------+
##>
##>
##>+------------------------------------------------------------------------------------------------------------------------------------------------------------+
##>Optimization Step DEBUG Table for config CDN_DP_region_1_5_c6
##>
##>                          Step                        Area   ( % Chg)        WNS (Change)        TNS (Change)          Runtime (s)        Comment                   
##>+------------------------------------------------------------------------------------------------------------------------------------------------------------+
##>createMaxCarrySave              START               35704800 (      )    214748364.70 (        )             0 (        )              
##> datapath_rewrite_one_def       START               35704800 ( +0.00)    214748364.70 (   +0.00)             0 (       0)              
##>  fast_cse_elim                 START               35704800 ( +0.00)    214748364.70 (   +0.00)             0 (       0)              
##>                                  END               35704800 ( +0.00)    214748364.70 (   +0.00)             0 (       0)           0  
##>  fast_cse_elim                 START               35704800 ( +0.00)    214748364.70 (   +0.00)             0 (       0)              
##>                                  END               35704800 ( +0.00)    214748364.70 (   +0.00)             0 (       0)           0  
##>  rewrite                       START               35704800 ( +0.00)    214748364.70 (   +0.00)             0 (       0)              (na,csaa) uneven_sub_add_with_select --> uneven_sub_add_with_mux_v2
##>                                  END               69426000 (+94.44)    214748364.70 (   +0.00)             0 (       0)           0  
##>                                  END               35704800 ( +0.00)    214748364.70 (   +0.00)             0 (       0)           0  
##> dpopt_share_one_def            START               35704800 ( +0.00)    214748364.70 (   +0.00)             0 (       0)              
##>                                  END               35704800 ( +0.00)    214748364.70 (   +0.00)             0 (       0)           0  
##> csa_opto                       START               35704800 ( +0.00)    214748364.70 (   +0.00)             0 (       0)              
##>                                  END               51573600 (+44.44)    214748364.70 (   +0.00)             0 (       0)           0  
##>                                  END               51573600 (+44.44)    214748364.70 (   +0.00)             0 (       0)           0  
##>canonicalize_by_names           START               51573600 ( +0.00)    214748364.70 (   +0.00)             0 (       0)              
##>                                  END               51573600 ( +0.00)    214748364.70 (   +0.00)             0 (       0)           0  
##>datapath_rewrite_post_csa_one_  START               51573600 ( +0.00)    214748364.70 (   +0.00)             0 (       0)              
##>                                  END               51573600 ( +0.00)    214748364.70 (   +0.00)             0 (       0)           0  
##>datapath_csa_factoring_one_gde  START               51573600 ( +0.00)    214748364.70 (   +0.00)             0 (       0)              
##>                                  END               51573600 ( +0.00)    214748364.70 (   +0.00)             0 (       0)           0  
##>dpopt_share_one_def             START               51573600 ( +0.00)    214748364.70 (   +0.00)             0 (       0)              
##>                                  END               51573600 ( +0.00)    214748364.70 (   +0.00)             0 (       0)           0  
##>datapath_rewrite_post_share     START               51573600 ( +0.00)    214748364.70 (   +0.00)             0 (       0)              
##>                                  END               51573600 ( +0.00)    214748364.70 (   +0.00)             0 (       0)           0  
##>dp_combine_const_mult_with_com  START               51573600 ( +0.00)    214748364.70 (   +0.00)             0 (       0)              
##>                                  END               51573600 ( +0.00)    214748364.70 (   +0.00)             0 (       0)           0  
##>dp_operator_level_decompositio  START               51573600 ( +0.00)    214748364.70 (   +0.00)             0 (       0)              
##>                                  END               51573600 ( +0.00)    214748364.70 (   +0.00)             0 (       0)           0  
##>selective_flatten_dp_config     START               51573600 ( +0.00)    214748364.70 (   +0.00)             0 (       0)              
##>                                  END               51573600 ( +0.00)    214748364.70 (   +0.00)             0 (       0)           0  
##>createMaxCarrySave              START               51573600 ( +0.00)    214748364.70 (   +0.00)             0 (       0)              
##> datapath_rewrite_one_def       START               51573600 ( +0.00)    214748364.70 (   +0.00)             0 (       0)              
##>  fast_cse_elim                 START               51573600 ( +0.00)    214748364.70 (   +0.00)             0 (       0)              
##>                                  END               51573600 ( +0.00)    214748364.70 (   +0.00)             0 (       0)           0  
##>  fast_cse_elim                 START               51573600 ( +0.00)    214748364.70 (   +0.00)             0 (       0)              
##>                                  END               51573600 ( +0.00)    214748364.70 (   +0.00)             0 (       0)           0  
##>                                  END               51573600 ( +0.00)    214748364.70 (   +0.00)             0 (       0)           0  
##> dpopt_share_one_def            START               51573600 ( +0.00)    214748364.70 (   +0.00)             0 (       0)              
##>                                  END               51573600 ( +0.00)    214748364.70 (   +0.00)             0 (       0)           0  
##> csa_opto                       START               51573600 ( +0.00)    214748364.70 (   +0.00)             0 (       0)              
##>                                  END               51573600 ( +0.00)    214748364.70 (   +0.00)             0 (       0)           0  
##>                                  END               51573600 ( +0.00)    214748364.70 (   +0.00)             0 (       0)           0  
##>context_based_simplify          START               33721200 (-34.62)    214748364.70 (   +0.00)             0 (       0)              
##>                                  END               33721200 ( +0.00)    214748364.70 (   +0.00)             0 (       0)           0  
##>group_csa_final_adder_dp        START               33721200 ( +0.00)    214748364.70 (   +0.00)             0 (       0)              
##>                                  END               33721200 ( +0.00)    214748364.70 (   +0.00)             0 (       0)           0  
##>dpopt_flatten_critical_muxes_i  START               33721200 ( +0.00)    214748364.70 (   +0.00)             0 (       0)              
##>                                  END               33721200 ( +0.00)    214748364.70 (   +0.00)             0 (       0)           0  
##>create_score                    START               33721200 ( +0.00)    214748364.70 (   +0.00)             0 (       0)              
##>                                  END               33721200 ( +0.00)    214748364.70 (   +0.00)             0 (       0)           0  
##>+------------------------------------------------------------------------------------------------------------------------------------------------------------+
Committed config: CDN_DP_region_1_5_c6
Info    : Done implementing datapath configurations. [DPOPT-4]
        : Selected 'very_fast' configuration 6 for module 'CDN_DP_region_1_5'.
          Optimizations applied to 'very_fast' configuration:
            rewriting(0), factoring(0), sharing(0), cmultcse(0), downsizing(0), speculation(0)
Info    : Implementing datapath configurations. [DPOPT-3]
        : Implementing datapath configurations for 'CDN_DP_region_0_0'
CSAGen Prep Share:0 Re-Write:1 Speculation: 0
MaxCSA: Successfully built Maximal CSA Expression Expr3
Info    : Accepted resource sharing opportunity. [RTLOPT-30]
        : Merged the following sets of instances in 'CDN_DP_region_0_0_c7 in riscv_alu':
	  (SUB_TC_OP_1, SUB_TC_OP, ADD_TC_OP)

Info    : Accepted resource sharing opportunity. [RTLOPT-30]
        : Merged the following sets of instances in 'CDN_DP_region_0_0_c1 in riscv_alu':
	  (sub_73_37, add_163_38)

Info    : Accepted resource sharing opportunity. [RTLOPT-30]
        : Merged the following sets of instances in 'CDN_DP_region_0_0_c2 in riscv_alu':
	  (sub_73_37, add_163_38)

Info    : Accepted resource sharing opportunity. [RTLOPT-30]
        : Merged the following sets of instances in 'CDN_DP_region_0_0_c3 in riscv_alu':
	  (sub_73_37, add_163_38)

Info    : Accepted resource sharing opportunity. [RTLOPT-30]
        : Merged the following sets of instances in 'CDN_DP_region_0_0_c4 in riscv_alu':
	  (sub_73_37, add_163_38)

Info    : Accepted resource sharing opportunity. [RTLOPT-30]
        : Merged the following sets of instances in 'CDN_DP_region_0_0_c5 in riscv_alu':
	  (sub_73_37, add_163_38)

Info    : Accepted resource sharing opportunity. [RTLOPT-30]
        : Merged the following sets of instances in 'CDN_DP_region_0_0_c6 in riscv_alu':
	  (sub_73_37, add_163_38)

CDN_DP_region_0_0 level = 2 loads = 0 drivers = 1 is driven by : CDN_DP_region_1_2 
CDN_DP_region_0_0_c0 in riscv_alu: area: 8273595600 ,dp = 7 mux = 16 sg = slow         worst_clk_period: -1.0000 
    wns: 0  norm_wns:  -1.0000 
    fail_endp: -1 
    tns:  0  tns_per_endp:  -1.0000   norm_tns_per_endp:  -1.0000 
    tns_sense_max:  -1.0000  tns_sense_avg:  -1.0000   tns_sense_num: -1
 skipped
CDN_DP_region_0_0_c1 in riscv_alu: area: 6805731600 ,dp = 3 mux = 17 sg = fast         worst_clk_period: -1.0000 
    wns: 0  norm_wns:  -1.0000 
    fail_endp: -1 
    tns:  0  tns_per_endp:  -1.0000   norm_tns_per_endp:  -1.0000 
    tns_sense_max:  -1.0000  tns_sense_avg:  -1.0000   tns_sense_num: -1
 is current best
CDN_DP_region_0_0_c2 in riscv_alu: area: 6805731600 ,dp = 3 mux = 17 sg = very_slow    worst_clk_period: -1.0000 
    wns: 0  norm_wns:  -1.0000 
    fail_endp: -1 
    tns:  0  tns_per_endp:  -1.0000   norm_tns_per_endp:  -1.0000 
    tns_sense_max:  -1.0000  tns_sense_avg:  -1.0000   tns_sense_num: -1
 is current best
CDN_DP_region_0_0_c3 in riscv_alu: area: 6805731600 ,dp = 3 mux = 17 sg = very_fast    worst_clk_period: -1.0000 
    wns: 0  norm_wns:  -1.0000 
    fail_endp: -1 
    tns:  0  tns_per_endp:  -1.0000   norm_tns_per_endp:  -1.0000 
    tns_sense_max:  -1.0000  tns_sense_avg:  -1.0000   tns_sense_num: -1
 is current best
CDN_DP_region_0_0_c4 in riscv_alu: area: 6805731600 ,dp = 3 mux = 17 sg = very_fast    worst_clk_period: -1.0000 
    wns: 0  norm_wns:  -1.0000 
    fail_endp: -1 
    tns:  0  tns_per_endp:  -1.0000   norm_tns_per_endp:  -1.0000 
    tns_sense_max:  -1.0000  tns_sense_avg:  -1.0000   tns_sense_num: -1
 is current best
CDN_DP_region_0_0_c5 in riscv_alu: area: 6805731600 ,dp = 3 mux = 17 sg = very_fast    worst_clk_period: -1.0000 
    wns: 0  norm_wns:  -1.0000 
    fail_endp: -1 
    tns:  0  tns_per_endp:  -1.0000   norm_tns_per_endp:  -1.0000 
    tns_sense_max:  -1.0000  tns_sense_avg:  -1.0000   tns_sense_num: -1
 is current best
CDN_DP_region_0_0_c6 in riscv_alu: area: 6805731600 ,dp = 3 mux = 17 sg = very_fast    worst_clk_period: -1.0000 
    wns: 0  norm_wns:  -1.0000 
    fail_endp: -1 
    tns:  0  tns_per_endp:  -1.0000   norm_tns_per_endp:  -1.0000 
    tns_sense_max:  -1.0000  tns_sense_avg:  -1.0000   tns_sense_num: -1
 is current best
CDN_DP_region_0_0_c7 in riscv_alu: area: 6835485600 ,dp = 2 mux = 19 sg = very_fast    worst_clk_period: -1.0000 
    wns: 0  norm_wns:  -1.0000 
    fail_endp: -1 
    tns:  0  tns_per_endp:  -1.0000   norm_tns_per_endp:  -1.0000 
    tns_sense_max:  -1.0000  tns_sense_avg:  -1.0000   tns_sense_num: -1

Best config: CDN_DP_region_0_0_c6 in riscv_alu: area: 6805731600 ,dp = 3 mux = 17 sg = very_fast    worst_clk_period: -1.0000 
    wns: 0  norm_wns:  -1.0000 
    fail_endp: -1 
    tns:  0  tns_per_endp:  -1.0000   norm_tns_per_endp:  -1.0000 
    tns_sense_max:  -1.0000  tns_sense_avg:  -1.0000   tns_sense_num: -1
  Smallest config area : 6805731600.  Fastest config wns;  0
##>+----------------------------------------------------------------------------------------------------------------------------------------------------------------+
##>Summary table of configs (Best config is CDN_DP_region_0_0_c6)
##>+----------------------------------------------------------------------------------------------------------------------------------------------------------------+
##>                     0                  1                  2                  3                  4                  5                  6                  7            
##>+----------------------------------------------------------------------------------------------------------------------------------------------------------------+
##>           Area       8273595600         6805731600         6805731600         6805731600         6805731600         6805731600         6805731600         6835485600  
##>            WNS    +214748364.70      +214748364.70      +214748364.70      +214748364.70      +214748364.70      +214748364.70      +214748364.70      +214748364.70  
##>            TNS                0                  0                  0                  0                  0                  0                  0                  0  
##>    Num Rewrite                0                  0                  0                  0                  0                  0                  0                  1  
##>     Num Factor                0                  0                  0                  0                  0                  0                  0                  0  
##>      Num Share                0                  1                  1                  1                  1                  1                  1                  1  
##>   Num CmultCse                0                  0                  0                  0                  0                  0                  0                  0  
##>   Num Downsize                0                  0                  0                  0                  0                  0                  0                  0  
##>  Num Speculate                0                  0                  0                  0                  0                  0                  0                  0  
##>     Runtime(s)                0                  0                  0                  0                  0                  0                  0                  0  
+----------------------------------------------------------------------------------------------------------------------------------------------------------------+
##>
##>
##>+------------------------------------------------------------------------------------------------------------------------------------------------------------+
##>Optimization Step DEBUG Table for config CDN_DP_region_0_0_c6
##>
##>                          Step                        Area   ( % Chg)        WNS (Change)        TNS (Change)          Runtime (s)        Comment                   
##>+------------------------------------------------------------------------------------------------------------------------------------------------------------+
##>createMaxCarrySave              START             8273595600 (      )    214748364.70 (        )             0 (        )              
##> datapath_rewrite_one_def       START             8273595600 ( +0.00)    214748364.70 (   +0.00)             0 (       0)              
##>  fast_cse_elim                 START             8273595600 ( +0.00)    214748364.70 (   +0.00)             0 (       0)              
##>                                  END             8273595600 ( +0.00)    214748364.70 (   +0.00)             0 (       0)           0  
##>  fast_cse_elim                 START             8273595600 ( +0.00)    214748364.70 (   +0.00)             0 (       0)              
##>                                  END             8273595600 ( +0.00)    214748364.70 (   +0.00)             0 (       0)           0  
##>                                  END             8273595600 ( +0.00)    214748364.70 (   +0.00)             0 (       0)           0  
##> dpopt_share_one_def            START             8273595600 ( +0.00)    214748364.70 (   +0.00)             0 (       0)              
##>                                  END             6950534400 (-15.99)    214748364.70 (   +0.00)             0 (       0)           0  
##> csa_opto                       START             6950534400 ( +0.00)    214748364.70 (   +0.00)             0 (       0)              
##>                                  END             6950534400 ( +0.00)    214748364.70 (   +0.00)             0 (       0)           0  
##>                                  END             6950534400 (-15.99)    214748364.70 (   +0.00)             0 (       0)           0  
##>canonicalize_by_names           START             6950534400 ( +0.00)    214748364.70 (   +0.00)             0 (       0)              
##>                                  END             6950534400 ( +0.00)    214748364.70 (   +0.00)             0 (       0)           0  
##>datapath_rewrite_post_csa_one_  START             6950534400 ( +0.00)    214748364.70 (   +0.00)             0 (       0)              
##>                                  END             6950534400 ( +0.00)    214748364.70 (   +0.00)             0 (       0)           0  
##>datapath_csa_factoring_one_gde  START             6950534400 ( +0.00)    214748364.70 (   +0.00)             0 (       0)              
##>                                  END             6950534400 ( +0.00)    214748364.70 (   +0.00)             0 (       0)           0  
##>dpopt_share_one_def             START             6950534400 ( +0.00)    214748364.70 (   +0.00)             0 (       0)              
##>                                  END             6950534400 ( +0.00)    214748364.70 (   +0.00)             0 (       0)           0  
##>datapath_rewrite_post_share     START             6950534400 ( +0.00)    214748364.70 (   +0.00)             0 (       0)              
##>                                  END             6950534400 ( +0.00)    214748364.70 (   +0.00)             0 (       0)           0  
##>dp_combine_const_mult_with_com  START             6950534400 ( +0.00)    214748364.70 (   +0.00)             0 (       0)              
##>                                  END             6950534400 ( +0.00)    214748364.70 (   +0.00)             0 (       0)           0  
##>speculate_in_gdef               START             6950534400 ( +0.00)    214748364.70 (   +0.00)             0 (       0)              
##> pre_speculate_mux_merge        START             6950534400 ( +0.00)    214748364.70 (   +0.00)             0 (       0)              
##>                                  END             6950534400 ( +0.00)    214748364.70 (   +0.00)             0 (       0)           0  
##>                                  END             6950534400 ( +0.00)    214748364.70 (   +0.00)             0 (       0)           0  
##>dp_operator_level_decompositio  START             6950534400 ( +0.00)    214748364.70 (   +0.00)             0 (       0)              
##>                                  END             6950534400 ( +0.00)    214748364.70 (   +0.00)             0 (       0)           0  
##>selective_flatten_dp_config     START             6950534400 ( +0.00)    214748364.70 (   +0.00)             0 (       0)              
##>                                  END             6946567200 ( -0.06)    214748364.70 (   +0.00)             0 (       0)           0  
##>createMaxCarrySave              START             6946567200 ( +0.00)    214748364.70 (   +0.00)             0 (       0)              
##> datapath_rewrite_one_def       START             6946567200 ( +0.00)    214748364.70 (   +0.00)             0 (       0)              
##>  fast_cse_elim                 START             6946567200 ( +0.00)    214748364.70 (   +0.00)             0 (       0)              
##>                                  END             6942600000 ( -0.06)    214748364.70 (   +0.00)             0 (       0)           0  
##>  fast_cse_elim                 START             6942600000 ( +0.00)    214748364.70 (   +0.00)             0 (       0)              
##>                                  END             6942600000 ( +0.00)    214748364.70 (   +0.00)             0 (       0)           0  
##>                                  END             6942600000 ( -0.06)    214748364.70 (   +0.00)             0 (       0)           0  
##> dpopt_share_one_def            START             6942600000 ( +0.00)    214748364.70 (   +0.00)             0 (       0)              
##>                                  END             6942600000 ( +0.00)    214748364.70 (   +0.00)             0 (       0)           0  
##> csa_opto                       START             6942600000 ( +0.00)    214748364.70 (   +0.00)             0 (       0)              
##>                                  END             6942600000 ( +0.00)    214748364.70 (   +0.00)             0 (       0)           0  
##>                                  END             6942600000 ( -0.06)    214748364.70 (   +0.00)             0 (       0)           0  
##>context_based_simplify          START             6942600000 ( +0.00)    214748364.70 (   +0.00)             0 (       0)              
##>                                  END             6805731600 ( -1.97)    214748364.70 (   +0.00)             0 (       0)           0  
##>group_csa_final_adder_dp        START             6805731600 ( +0.00)    214748364.70 (   +0.00)             0 (       0)              
##>                                  END             6805731600 ( +0.00)    214748364.70 (   +0.00)             0 (       0)           0  
##>dpopt_flatten_critical_muxes_i  START             6805731600 ( +0.00)    214748364.70 (   +0.00)             0 (       0)              
##>                                  END             6805731600 ( +0.00)    214748364.70 (   +0.00)             0 (       0)           0  
##>speculate_in_gdef               START             6805731600 ( +0.00)    214748364.70 (   +0.00)             0 (       0)              
##> pre_speculate_mux_merge        START             6805731600 ( +0.00)    214748364.70 (   +0.00)             0 (       0)              
##>                                  END             6805731600 ( +0.00)    214748364.70 (   +0.00)             0 (       0)           0  
##>                                  END             6805731600 ( +0.00)    214748364.70 (   +0.00)             0 (       0)           0  
##>create_score                    START             6805731600 ( +0.00)    214748364.70 (   +0.00)             0 (       0)              
##>                                  END             6805731600 ( +0.00)    214748364.70 (   +0.00)             0 (       0)           0  
##>+------------------------------------------------------------------------------------------------------------------------------------------------------------+
Committed config: CDN_DP_region_0_0_c6
Info    : Done implementing datapath configurations. [DPOPT-4]
        : Selected 'very_fast' configuration 6 for module 'CDN_DP_region_0_0'.
          Optimizations applied to 'very_fast' configuration:
            rewriting(0), factoring(0), sharing(1), cmultcse(0), downsizing(0), speculation(0)
Info    : Implementing datapath configurations. [DPOPT-3]
        : Implementing datapath configurations for 'CDN_DP_region_1_6'
CSAGen Prep Share:0 Re-Write:0 Speculation: 0
MaxCSA: Successfully built Maximal CSA Expression Expr4
CDN_DP_region_1_6 level = 0 loads = 0 drivers = 0
CDN_DP_region_1_6_c0 in riscv_core: area: 1983600 ,dp = 1 mux = 0 sg = slow         worst_clk_period: -1.0000 
    wns: 0  norm_wns:  -1.0000 
    fail_endp: -1 
    tns:  0  tns_per_endp:  -1.0000   norm_tns_per_endp:  -1.0000 
    tns_sense_max:  -1.0000  tns_sense_avg:  -1.0000   tns_sense_num: -1
 skipped
CDN_DP_region_1_6_c1 in riscv_core: area: 1983600 ,dp = 1 mux = 0 sg = fast         worst_clk_period: -1.0000 
    wns: 0  norm_wns:  -1.0000 
    fail_endp: -1 
    tns:  0  tns_per_endp:  -1.0000   norm_tns_per_endp:  -1.0000 
    tns_sense_max:  -1.0000  tns_sense_avg:  -1.0000   tns_sense_num: -1
 is current best
CDN_DP_region_1_6_c2 in riscv_core: area: 1983600 ,dp = 1 mux = 0 sg = very_slow    worst_clk_period: -1.0000 
    wns: 0  norm_wns:  -1.0000 
    fail_endp: -1 
    tns:  0  tns_per_endp:  -1.0000   norm_tns_per_endp:  -1.0000 
    tns_sense_max:  -1.0000  tns_sense_avg:  -1.0000   tns_sense_num: -1
 is current best
CDN_DP_region_1_6_c3 in riscv_core: area: 1983600 ,dp = 1 mux = 0 sg = very_fast    worst_clk_period: -1.0000 
    wns: 0  norm_wns:  -1.0000 
    fail_endp: -1 
    tns:  0  tns_per_endp:  -1.0000   norm_tns_per_endp:  -1.0000 
    tns_sense_max:  -1.0000  tns_sense_avg:  -1.0000   tns_sense_num: -1
 is current best
CDN_DP_region_1_6_c4 in riscv_core: area: 1983600 ,dp = 1 mux = 0 sg = very_fast    worst_clk_period: -1.0000 
    wns: 0  norm_wns:  -1.0000 
    fail_endp: -1 
    tns:  0  tns_per_endp:  -1.0000   norm_tns_per_endp:  -1.0000 
    tns_sense_max:  -1.0000  tns_sense_avg:  -1.0000   tns_sense_num: -1
 is current best
CDN_DP_region_1_6_c5 in riscv_core: area: 1983600 ,dp = 1 mux = 0 sg = very_fast    worst_clk_period: -1.0000 
    wns: 0  norm_wns:  -1.0000 
    fail_endp: -1 
    tns:  0  tns_per_endp:  -1.0000   norm_tns_per_endp:  -1.0000 
    tns_sense_max:  -1.0000  tns_sense_avg:  -1.0000   tns_sense_num: -1
 is current best
CDN_DP_region_1_6_c6 in riscv_core: area: 1983600 ,dp = 1 mux = 0 sg = very_fast    worst_clk_period: -1.0000 
    wns: 0  norm_wns:  -1.0000 
    fail_endp: -1 
    tns:  0  tns_per_endp:  -1.0000   norm_tns_per_endp:  -1.0000 
    tns_sense_max:  -1.0000  tns_sense_avg:  -1.0000   tns_sense_num: -1
 is current best
CDN_DP_region_1_6_c7 in riscv_core: area: 1983600 ,dp = 1 mux = 0 sg = very_fast    worst_clk_period: -1.0000 
    wns: 0  norm_wns:  -1.0000 
    fail_endp: -1 
    tns:  0  tns_per_endp:  -1.0000   norm_tns_per_endp:  -1.0000 
    tns_sense_max:  -1.0000  tns_sense_avg:  -1.0000   tns_sense_num: -1
 is current best
Best config: CDN_DP_region_1_6_c7 in riscv_core: area: 1983600 ,dp = 1 mux = 0 sg = very_fast    worst_clk_period: -1.0000 
    wns: 0  norm_wns:  -1.0000 
    fail_endp: -1 
    tns:  0  tns_per_endp:  -1.0000   norm_tns_per_endp:  -1.0000 
    tns_sense_max:  -1.0000  tns_sense_avg:  -1.0000   tns_sense_num: -1
  Smallest config area : 1983600.  Fastest config wns;  0
##>+----------------------------------------------------------------------------------------------------------------------------------------------------------------+
##>Summary table of configs (Best config is CDN_DP_region_1_6_c7)
##>+----------------------------------------------------------------------------------------------------------------------------------------------------------------+
##>                     0                  1                  2                  3                  4                  5                  6                  7            
##>+----------------------------------------------------------------------------------------------------------------------------------------------------------------+
##>           Area          1983600            1983600            1983600            1983600            1983600            1983600            1983600            1983600  
##>            WNS    +214748364.70      +214748364.70      +214748364.70      +214748364.70      +214748364.70      +214748364.70      +214748364.70      +214748364.70  
##>            TNS                0                  0                  0                  0                  0                  0                  0                  0  
##>    Num Rewrite                0                  0                  0                  0                  0                  0                  0                  0  
##>     Num Factor                0                  0                  0                  0                  0                  0                  0                  0  
##>      Num Share                0                  0                  0                  0                  0                  0                  0                  0  
##>   Num CmultCse                0                  0                  0                  0                  0                  0                  0                  0  
##>   Num Downsize                0                  0                  0                  0                  0                  0                  0                  0  
##>  Num Speculate                0                  0                  0                  0                  0                  0                  0                  0  
##>     Runtime(s)                0                  0                  0                  0                  0                  0                  0                  0  
+----------------------------------------------------------------------------------------------------------------------------------------------------------------+
##>
##>
##>+------------------------------------------------------------------------------------------------------------------------------------------------------------+
##>Optimization Step DEBUG Table for config CDN_DP_region_1_6_c7
##>
##>                          Step                        Area   ( % Chg)        WNS (Change)        TNS (Change)          Runtime (s)        Comment                   
##>+------------------------------------------------------------------------------------------------------------------------------------------------------------+
##>EquationExtraction              START                1983600 (      )    214748364.70 (        )             0 (        )              
##> rewrite                        START                3967200 (+100.00)    214748364.70 (   +0.00)             0 (       0)              (a,ar) Expr4_from --> Expr4_to
##>                                  END                9918000 (+150.00)    214748364.70 (   +0.00)             0 (       0)           0  
##>                                  END                1983600 ( +0.00)    214748364.70 (   +0.00)             0 (       0)           0  
##>createMaxCarrySave              START                1983600 ( +0.00)    214748364.70 (   +0.00)             0 (       0)              
##> datapath_rewrite_one_def       START                1983600 ( +0.00)    214748364.70 (   +0.00)             0 (       0)              
##>                                  END                1983600 ( +0.00)    214748364.70 (   +0.00)             0 (       0)           0  
##> csa_opto                       START                1983600 ( +0.00)    214748364.70 (   +0.00)             0 (       0)              
##>                                  END                3967200 (+100.00)    214748364.70 (   +0.00)             0 (       0)           0  
##>                                  END                3967200 (+100.00)    214748364.70 (   +0.00)             0 (       0)           0  
##>canonicalize_by_names           START                3967200 ( +0.00)    214748364.70 (   +0.00)             0 (       0)              
##>                                  END                3967200 ( +0.00)    214748364.70 (   +0.00)             0 (       0)           0  
##>datapath_rewrite_post_csa_one_  START                3967200 ( +0.00)    214748364.70 (   +0.00)             0 (       0)              
##>                                  END                3967200 ( +0.00)    214748364.70 (   +0.00)             0 (       0)           0  
##>datapath_csa_factoring_one_gde  START                3967200 ( +0.00)    214748364.70 (   +0.00)             0 (       0)              
##>                                  END                3967200 ( +0.00)    214748364.70 (   +0.00)             0 (       0)           0  
##>dpopt_share_one_def             START                3967200 ( +0.00)    214748364.70 (   +0.00)             0 (       0)              
##>                                  END                3967200 ( +0.00)    214748364.70 (   +0.00)             0 (       0)           0  
##>datapath_rewrite_post_share     START                3967200 ( +0.00)    214748364.70 (   +0.00)             0 (       0)              
##>                                  END                3967200 ( +0.00)    214748364.70 (   +0.00)             0 (       0)           0  
##>dp_combine_const_mult_with_com  START                3967200 ( +0.00)    214748364.70 (   +0.00)             0 (       0)              
##>                                  END                3967200 ( +0.00)    214748364.70 (   +0.00)             0 (       0)           0  
##>dp_operator_level_decompositio  START                3967200 ( +0.00)    214748364.70 (   +0.00)             0 (       0)              
##>                                  END                3967200 ( +0.00)    214748364.70 (   +0.00)             0 (       0)           0  
##>selective_flatten_dp_config     START                3967200 ( +0.00)    214748364.70 (   +0.00)             0 (       0)              
##>                                  END                3967200 ( +0.00)    214748364.70 (   +0.00)             0 (       0)           0  
##>createMaxCarrySave              START                3967200 ( +0.00)    214748364.70 (   +0.00)             0 (       0)              
##> datapath_rewrite_one_def       START                3967200 ( +0.00)    214748364.70 (   +0.00)             0 (       0)              
##>  fast_cse_elim                 START                3967200 ( +0.00)    214748364.70 (   +0.00)             0 (       0)              
##>                                  END                3967200 ( +0.00)    214748364.70 (   +0.00)             0 (       0)           0  
##>  fast_cse_elim                 START                3967200 ( +0.00)    214748364.70 (   +0.00)             0 (       0)              
##>                                  END                3967200 ( +0.00)    214748364.70 (   +0.00)             0 (       0)           0  
##>                                  END                3967200 ( +0.00)    214748364.70 (   +0.00)             0 (       0)           0  
##> csa_opto                       START                3967200 ( +0.00)    214748364.70 (   +0.00)             0 (       0)              
##>                                  END                3967200 ( +0.00)    214748364.70 (   +0.00)             0 (       0)           0  
##>                                  END                3967200 ( +0.00)    214748364.70 (   +0.00)             0 (       0)           0  
##>context_based_simplify          START                1983600 (-50.00)    214748364.70 (   +0.00)             0 (       0)              
##>                                  END                1983600 ( +0.00)    214748364.70 (   +0.00)             0 (       0)           0  
##>group_csa_final_adder_dp        START                1983600 ( +0.00)    214748364.70 (   +0.00)             0 (       0)              
##>                                  END                1983600 ( +0.00)    214748364.70 (   +0.00)             0 (       0)           0  
##>dpopt_flatten_critical_muxes_i  START                1983600 ( +0.00)    214748364.70 (   +0.00)             0 (       0)              
##>                                  END                1983600 ( +0.00)    214748364.70 (   +0.00)             0 (       0)           0  
##>create_score                    START                1983600 ( +0.00)    214748364.70 (   +0.00)             0 (       0)              
##>                                  END                1983600 ( +0.00)    214748364.70 (   +0.00)             0 (       0)           0  
##>+------------------------------------------------------------------------------------------------------------------------------------------------------------+
Committed config: CDN_DP_region_1_6_c7
Info    : Done implementing datapath configurations. [DPOPT-4]
        : Selected 'very_fast' configuration 7 for module 'CDN_DP_region_1_6'.
          Optimizations applied to 'very_fast' configuration:
            rewriting(0), factoring(0), sharing(0), cmultcse(0), downsizing(0), speculation(0)
Info    : Implementing datapath configurations. [DPOPT-3]
        : Implementing datapath configurations for 'CDN_DP_region_1_1'
CSAGen Prep Share:0 Re-Write:0 Speculation: 0
CDN_DP_region_1_1 level = 2 loads = 1 drivers = 1 is driven by : CDN_DP_region_1_2 
CDN_DP_region_1_1_c0 in riscv_core: area: 285638400 ,dp = 1 mux = 3 sg = slow         worst_clk_period: -1.0000 
    wns: 0  norm_wns:  -1.0000 
    fail_endp: -1 
    tns:  0  tns_per_endp:  -1.0000   norm_tns_per_endp:  -1.0000 
    tns_sense_max:  -1.0000  tns_sense_avg:  -1.0000   tns_sense_num: -1
 skipped
CDN_DP_region_1_1_c1 in riscv_core: area: 281671200 ,dp = 0 mux = 3 sg = fast         worst_clk_period: -1.0000 
    wns: 0  norm_wns:  -1.0000 
    fail_endp: -1 
    tns:  0  tns_per_endp:  -1.0000   norm_tns_per_endp:  -1.0000 
    tns_sense_max:  -1.0000  tns_sense_avg:  -1.0000   tns_sense_num: -1
 is current best
CDN_DP_region_1_1_c2 in riscv_core: area: 281671200 ,dp = 0 mux = 3 sg = very_slow    worst_clk_period: -1.0000 
    wns: 0  norm_wns:  -1.0000 
    fail_endp: -1 
    tns:  0  tns_per_endp:  -1.0000   norm_tns_per_endp:  -1.0000 
    tns_sense_max:  -1.0000  tns_sense_avg:  -1.0000   tns_sense_num: -1
 is current best
CDN_DP_region_1_1_c3 in riscv_core: area: 281671200 ,dp = 0 mux = 3 sg = very_fast    worst_clk_period: -1.0000 
    wns: 0  norm_wns:  -1.0000 
    fail_endp: -1 
    tns:  0  tns_per_endp:  -1.0000   norm_tns_per_endp:  -1.0000 
    tns_sense_max:  -1.0000  tns_sense_avg:  -1.0000   tns_sense_num: -1
 is current best
CDN_DP_region_1_1_c4 in riscv_core: area: 281671200 ,dp = 0 mux = 3 sg = very_fast    worst_clk_period: -1.0000 
    wns: 0  norm_wns:  -1.0000 
    fail_endp: -1 
    tns:  0  tns_per_endp:  -1.0000   norm_tns_per_endp:  -1.0000 
    tns_sense_max:  -1.0000  tns_sense_avg:  -1.0000   tns_sense_num: -1
 is current best
CDN_DP_region_1_1_c5 in riscv_core: area: 281671200 ,dp = 0 mux = 3 sg = very_fast    worst_clk_period: -1.0000 
    wns: 0  norm_wns:  -1.0000 
    fail_endp: -1 
    tns:  0  tns_per_endp:  -1.0000   norm_tns_per_endp:  -1.0000 
    tns_sense_max:  -1.0000  tns_sense_avg:  -1.0000   tns_sense_num: -1
 is current best
CDN_DP_region_1_1_c6 in riscv_core: area: 281671200 ,dp = 0 mux = 3 sg = very_fast    worst_clk_period: -1.0000 
    wns: 0  norm_wns:  -1.0000 
    fail_endp: -1 
    tns:  0  tns_per_endp:  -1.0000   norm_tns_per_endp:  -1.0000 
    tns_sense_max:  -1.0000  tns_sense_avg:  -1.0000   tns_sense_num: -1
 is current best
CDN_DP_region_1_1_c7 in riscv_core: area: 281671200 ,dp = 0 mux = 3 sg = very_fast    worst_clk_period: -1.0000 
    wns: 0  norm_wns:  -1.0000 
    fail_endp: -1 
    tns:  0  tns_per_endp:  -1.0000   norm_tns_per_endp:  -1.0000 
    tns_sense_max:  -1.0000  tns_sense_avg:  -1.0000   tns_sense_num: -1
 is current best
Best config: CDN_DP_region_1_1_c7 in riscv_core: area: 281671200 ,dp = 0 mux = 3 sg = very_fast    worst_clk_period: -1.0000 
    wns: 0  norm_wns:  -1.0000 
    fail_endp: -1 
    tns:  0  tns_per_endp:  -1.0000   norm_tns_per_endp:  -1.0000 
    tns_sense_max:  -1.0000  tns_sense_avg:  -1.0000   tns_sense_num: -1
  Smallest config area : 281671200.  Fastest config wns;  0
##>+----------------------------------------------------------------------------------------------------------------------------------------------------------------+
##>Summary table of configs (Best config is CDN_DP_region_1_1_c7)
##>+----------------------------------------------------------------------------------------------------------------------------------------------------------------+
##>                     0                  1                  2                  3                  4                  5                  6                  7            
##>+----------------------------------------------------------------------------------------------------------------------------------------------------------------+
##>           Area        285638400          281671200          281671200          281671200          281671200          281671200          281671200          281671200  
##>            WNS    +214748364.70      +214748364.70      +214748364.70      +214748364.70      +214748364.70      +214748364.70      +214748364.70      +214748364.70  
##>            TNS                0                  0                  0                  0                  0                  0                  0                  0  
##>    Num Rewrite                0                  0                  0                  0                  0                  0                  0                  0  
##>     Num Factor                0                  0                  0                  0                  0                  0                  0                  0  
##>      Num Share                0                  0                  0                  0                  0                  0                  0                  0  
##>   Num CmultCse                0                  0                  0                  0                  0                  0                  0                  0  
##>   Num Downsize                0                  0                  0                  0                  0                  0                  0                  0  
##>  Num Speculate                0                  0                  0                  0                  0                  0                  0                  0  
##>     Runtime(s)                0                  0                  0                  0                  0                  0                  0                  0  
+----------------------------------------------------------------------------------------------------------------------------------------------------------------+
##>
##>
##>+------------------------------------------------------------------------------------------------------------------------------------------------------------+
##>Optimization Step DEBUG Table for config CDN_DP_region_1_1_c7
##>
##>                          Step                        Area   ( % Chg)        WNS (Change)        TNS (Change)          Runtime (s)        Comment                   
##>+------------------------------------------------------------------------------------------------------------------------------------------------------------+
##>EquationExtraction              START              285638400 (      )    214748364.70 (        )             0 (        )              
##>                                  END              285638400 ( +0.00)    214748364.70 (   +0.00)             0 (       0)           0  
##>createMaxCarrySave              START              285638400 ( +0.00)    214748364.70 (   +0.00)             0 (       0)              
##> datapath_rewrite_one_def       START              285638400 ( +0.00)    214748364.70 (   +0.00)             0 (       0)              
##>                                  END              285638400 ( +0.00)    214748364.70 (   +0.00)             0 (       0)           0  
##> speculate_in_gdef              START              285638400 ( +0.00)    214748364.70 (   +0.00)             0 (       0)              
##>  pre_speculate_mux_merge       START              285638400 ( +0.00)    214748364.70 (   +0.00)             0 (       0)              
##>                                  END              285638400 ( +0.00)    214748364.70 (   +0.00)             0 (       0)           0  
##>                                  END              285638400 ( +0.00)    214748364.70 (   +0.00)             0 (       0)           0  
##> csa_opto                       START              285638400 ( +0.00)    214748364.70 (   +0.00)             0 (       0)              
##>                                  END              285638400 ( +0.00)    214748364.70 (   +0.00)             0 (       0)           0  
##>                                  END              285638400 ( +0.00)    214748364.70 (   +0.00)             0 (       0)           0  
##>canonicalize_by_names           START              285638400 ( +0.00)    214748364.70 (   +0.00)             0 (       0)              
##>                                  END              285638400 ( +0.00)    214748364.70 (   +0.00)             0 (       0)           0  
##>datapath_rewrite_post_csa_one_  START              285638400 ( +0.00)    214748364.70 (   +0.00)             0 (       0)              
##>                                  END              285638400 ( +0.00)    214748364.70 (   +0.00)             0 (       0)           0  
##>datapath_csa_factoring_one_gde  START              285638400 ( +0.00)    214748364.70 (   +0.00)             0 (       0)              
##>                                  END              285638400 ( +0.00)    214748364.70 (   +0.00)             0 (       0)           0  
##>dpopt_share_one_def             START              285638400 ( +0.00)    214748364.70 (   +0.00)             0 (       0)              
##>                                  END              285638400 ( +0.00)    214748364.70 (   +0.00)             0 (       0)           0  
##>datapath_rewrite_post_share     START              285638400 ( +0.00)    214748364.70 (   +0.00)             0 (       0)              
##>                                  END              285638400 ( +0.00)    214748364.70 (   +0.00)             0 (       0)           0  
##>dp_combine_const_mult_with_com  START              285638400 ( +0.00)    214748364.70 (   +0.00)             0 (       0)              
##>                                  END              285638400 ( +0.00)    214748364.70 (   +0.00)             0 (       0)           0  
##>speculate_in_gdef               START              285638400 ( +0.00)    214748364.70 (   +0.00)             0 (       0)              
##> pre_speculate_mux_merge        START              285638400 ( +0.00)    214748364.70 (   +0.00)             0 (       0)              
##>                                  END              285638400 ( +0.00)    214748364.70 (   +0.00)             0 (       0)           0  
##>                                  END              285638400 ( +0.00)    214748364.70 (   +0.00)             0 (       0)           0  
##>dp_operator_level_decompositio  START              285638400 ( +0.00)    214748364.70 (   +0.00)             0 (       0)              
##>                                  END              285638400 ( +0.00)    214748364.70 (   +0.00)             0 (       0)           0  
##>selective_flatten_dp_config     START              285638400 ( +0.00)    214748364.70 (   +0.00)             0 (       0)              
##>                                  END              285638400 ( +0.00)    214748364.70 (   +0.00)             0 (       0)           0  
##>createMaxCarrySave              START              285638400 ( +0.00)    214748364.70 (   +0.00)             0 (       0)              
##> datapath_rewrite_one_def       START              285638400 ( +0.00)    214748364.70 (   +0.00)             0 (       0)              
##>  fast_cse_elim                 START              285638400 ( +0.00)    214748364.70 (   +0.00)             0 (       0)              
##>                                  END              281671200 ( -1.39)    214748364.70 (   +0.00)             0 (       0)           0  
##>  fast_cse_elim                 START              281671200 ( +0.00)    214748364.70 (   +0.00)             0 (       0)              
##>                                  END              281671200 ( +0.00)    214748364.70 (   +0.00)             0 (       0)           0  
##>                                  END              281671200 ( -1.39)    214748364.70 (   +0.00)             0 (       0)           0  
##> speculate_in_gdef              START              281671200 ( +0.00)    214748364.70 (   +0.00)             0 (       0)              
##>  pre_speculate_mux_merge       START              281671200 ( +0.00)    214748364.70 (   +0.00)             0 (       0)              
##>                                  END              281671200 ( +0.00)    214748364.70 (   +0.00)             0 (       0)           0  
##>                                  END              281671200 ( +0.00)    214748364.70 (   +0.00)             0 (       0)           0  
##> csa_opto                       START              281671200 ( +0.00)    214748364.70 (   +0.00)             0 (       0)              
##>                                  END              281671200 ( +0.00)    214748364.70 (   +0.00)             0 (       0)           0  
##>                                  END              281671200 ( -1.39)    214748364.70 (   +0.00)             0 (       0)           0  
##>context_based_simplify          START              281671200 ( +0.00)    214748364.70 (   +0.00)             0 (       0)              
##>                                  END              281671200 ( +0.00)    214748364.70 (   +0.00)             0 (       0)           0  
##>group_csa_final_adder_dp        START              281671200 ( +0.00)    214748364.70 (   +0.00)             0 (       0)              
##>                                  END              281671200 ( +0.00)    214748364.70 (   +0.00)             0 (       0)           0  
##>dpopt_flatten_critical_muxes_i  START              281671200 ( +0.00)    214748364.70 (   +0.00)             0 (       0)              
##>                                  END              281671200 ( +0.00)    214748364.70 (   +0.00)             0 (       0)           0  
##>speculate_in_gdef               START              281671200 ( +0.00)    214748364.70 (   +0.00)             0 (       0)              
##> pre_speculate_mux_merge        START              281671200 ( +0.00)    214748364.70 (   +0.00)             0 (       0)              
##>                                  END              281671200 ( +0.00)    214748364.70 (   +0.00)             0 (       0)           0  
##>                                  END              281671200 ( +0.00)    214748364.70 (   +0.00)             0 (       0)           0  
##>create_score                    START              281671200 ( +0.00)    214748364.70 (   +0.00)             0 (       0)              
##>                                  END              281671200 ( +0.00)    214748364.70 (   +0.00)             0 (       0)           0  
##>+------------------------------------------------------------------------------------------------------------------------------------------------------------+
Committed config: CDN_DP_region_1_1_c7
Info    : Done implementing datapath configurations. [DPOPT-4]
        : Selected 'very_fast' configuration 7 for module 'CDN_DP_region_1_1'.
          Optimizations applied to 'very_fast' configuration:
            rewriting(0), factoring(0), sharing(0), cmultcse(0), downsizing(0), speculation(0)
Info    : Deleting instances not driving any primary outputs. [GLO-34]
        : Deleting 1 sequential instance.
Info    : Done optimizing datapath logic. [DPOPT-2]
        : Done optimizing datapath logic in 'riscv_core'.
Number of big hc bmuxes after = 5
Starting logic reduction [v1.0] (stage: post_rtlopt, startdef: riscv_core, recur: true)
Completed logic reduction (accepts: 0, rejects: 0, runtime: 0.000s)
Starting mux data reorder optimization [v1.0] (stage: post_rtlopt, startdef: riscv_core, recur: true)
Completed mux data reorder optimization (accepts: 0, rejects: 0, runtime: 0.030s)

Stage: post_rtlopt
----------------------------------------------------------
| Transform           | Accepts | Rejects | Runtime (ms) | 
----------------------------------------------------------
| hlo_logic_reduction |       0 |       0 |         0.00 | 
| hlo_mux_reorder     |       0 |       0 |        30.00 | 
----------------------------------------------------------
Info    : Deleting instances not driving any primary outputs. [GLO-34]
        : Deleting 49 sequential instances.
Info    : Deleting instances not driving any primary outputs. [GLO-34]
        : Deleting 20 hierarchical instances.
Starting mux speculation [v1.0] (stage: post_muxopt, startdef: riscv_core, recur: true)
Starting speculation optimization
Completed speculation optimization (accepts:0)
Completed mux speculation (accepts: 0, rejects: 0, runtime: 0.308s)

Stage: post_muxopt
------------------------------------------------------
| Transform       | Accepts | Rejects | Runtime (ms) | 
------------------------------------------------------
| hlo_speculation |       0 |       0 |       308.00 | 
------------------------------------------------------
==================================
Stage : to_generic 
==================================
  =================
   Message Summary
  =================
--------------------------------------------------------------------------------
|     Id      |  Sev   |Count |                 Message Text                   |
--------------------------------------------------------------------------------
| CDFG-250    |Info    |    1 |Processing multi-dimensional arrays.            |
| CDFG-372    |Info    |    8 |Bitwidth mismatch in assignment.                |
|             |        |      |Review and make sure the mismatch is            |
|             |        |      | unintentional. Genus can possibly issue        |
|             |        |      | bitwidth mismatch warning for explicit         |
|             |        |      | assignments present in RTL as-well-as for      |
|             |        |      | implicit assignments inferred by the tool. For |
|             |        |      | example, in case of enum declaration without   |
|             |        |      | value, the tool will implicitly assign value   |
|             |        |      | to the enum variables. It also issues the      |
|             |        |      | warning for any bitwidth mismatch that appears |
|             |        |      | in this implicit assignment.                   |
| CDFG-472    |Warning |    1 |Unreachable statements for case item.           |
| CDFG-500    |Info    |   46 |Unused module input port.                       |
|             |        |      |(In port definition within the module, the inpu |
|             |        |      | t port is not used in any assignment           |
|             |        |      | statements or conditional expressions for      |
|             |        |      | decision statements.                           |
| CDFG-508    |Warning |   20 |Removing unused register.                       |
|             |        |      |Genus removes the flip-flop or latch inferred   |
|             |        |      | for an unused signal or variable. To preserve  |
|             |        |      | the flip-flop or latch, set the                |
|             |        |      | hdl_preserve_unused_registers attribute to     |
|             |        |      | true or use a pragma in the RTL.               |
| CDFG-738    |Info    |   48 |Common subexpression eliminated.                |
| CDFG-739    |Info    |   48 |Common subexpression kept.                      |
| CDFG-769    |Info    |    4 |Identified sum-of-products logic to be          |
|             |        |      | optimized during syn_generic.                  |
| CDFG-771    |Info    |    4 |Replaced logic with a constant value.           |
| CDFG-818    |Warning |    1 |Using default parameter value for module        |
|             |        |      | elaboration.                                   |
| CWD-19      |Info    |  771 |An implementation was inferred.                 |
| DPOPT-1     |Info    |    1 |Optimizing datapath logic.                      |
| DPOPT-2     |Info    |    1 |Done optimizing datapath logic.                 |
| DPOPT-3     |Info    |    8 |Implementing datapath configurations.           |
| DPOPT-4     |Info    |    8 |Done implementing datapath configurations.      |
| DPOPT-6     |Info    |    1 |Pre-processed datapath logic.                   |
| DPOPT-10    |Info    |    1 |Optimized a mux chain.                          |
| ELAB-1      |Info    |    1 |Elaborating Design.                             |
| ELAB-2      |Info    |   15 |Elaborating Subdesign.                          |
| ELAB-3      |Info    |    1 |Done Elaborating Design.                        |
| ELABUTL-123 |Warning |    1 |Undriven module output port.                    |
| ELABUTL-128 |Info    |    1 |Undriven module output port.                    |
|             |        |      |The 'hdl_unconnected_value' attribute controls  |
|             |        |      | treatment of undriven output port.             |
| ELABUTL-132 |Info    |    2 |Unused instance port.                           |
|             |        |      |Please check the reported scenario of           |
|             |        |      | unconnected instance port to ensure that it    |
|             |        |      | matches the design intent.                     |
| GB-6        |Info    |    8 |A datapath component has been ungrouped.        |
| GLO-12      |Info    |   67 |Replacing a flip-flop with a logic constant 0.  |
|             |        |      |To prevent this optimization, set the           |
|             |        |      | 'optimize_constant_0_flops' root attribute to  |
|             |        |      | 'false' or 'optimize_constant_0_seq' instance  |
|             |        |      | attribute to 'false'. You can also see the     |
|             |        |      | complete list of deleted sequential with       |
|             |        |      | command 'report sequential -deleted'           |
|             |        |      | (on Reason 'constant0').                       |
| GLO-13      |Info    |    4 |Replacing a flip-flop with a logic constant 1.  |
|             |        |      |To prevent this optimization, set the           |
|             |        |      | 'optimize_constant_1_flops' root attribute to  |
|             |        |      | 'false' or 'optimize_constant_1_seq' instance  |
|             |        |      | attribute to 'false'.                          |
| GLO-34      |Info    |   12 |Deleting instances not driving any primary      |
|             |        |      | outputs.                                       |
|             |        |      |Optimizations such as constant propagation or   |
|             |        |      | redundancy removal could change the            |
|             |        |      | connections so a hierarchical instance does    |
|             |        |      | not drive any primary outputs anymore. To see  |
|             |        |      | the list of deleted hierarchical instances,    |
|             |        |      | set the 'information_level' attribute to 2 or  |
|             |        |      | above. If the message is truncated set the     |
|             |        |      | message attribute 'truncate' to false to see   |
|             |        |      | the complete list. To prevent this             |
|             |        |      | optimization, set the 'delete_unloaded_insts'  |
|             |        |      | root/subdesign attribute to 'false' or         |
|             |        |      | 'preserve' instance attribute to 'true'.       |
| GLO-40      |Info    |  108 |Combinational hierarchical blocks with          |
|             |        |      | identical inputs have been merged.             |
|             |        |      |This optimization usually reduces design area.  |
|             |        |      | To prevent merging of combinational            |
|             |        |      | hierarchical blocks, set the                   |
|             |        |      | 'merge_combinational_hier_instances' root      |
|             |        |      | attribute to 'false' or the                    |
|             |        |      | 'merge_combinational_hier_instance' instance   |
|             |        |      | attribute to 'false'.                          |
| GLO-42      |Info    |    1 |Equivalent sequential instances have been       |
|             |        |      | merged.                                        |
|             |        |      |To prevent merging of sequential instances, set |
|             |        |      | the 'optimize_merge_flops' and                 |
|             |        |      | 'optimize_merge_latches' root attributes to    |
|             |        |      | 'false' or the 'optimize_merge_seq' instance   |
|             |        |      | attribute to 'false'.                          |
| GLO-51      |Info    |   12 |Hierarchical instance automatically ungrouped.  |
|             |        |      |Hierarchical instances can be automatically     |
|             |        |      | ungrouped to allow for better area or timing   |
|             |        |      | optimization. To prevent this ungroup, set the |
|             |        |      | root-level attribute 'auto_ungroup' to 'none'. |
|             |        |      | You can also prevent individual ungroup with   |
|             |        |      | setting the attribute 'ungroup_ok' of          |
|             |        |      | instances or modules to 'false'.               |
| LBR-9       |Warning |   14 |Library cell has no output pins defined.        |
|             |        |      |Add the missing output pin(s)                   |
|             |        |      | , then reload the library. Else the library    |
|             |        |      | cell will be marked as timing model i.e.       |
|             |        |      | unusable. Timing_model means that the cell     |
|             |        |      | does not have any defined function. If there   |
|             |        |      | is no output pin, Genus will mark library cell |
|             |        |      | as unusable i.e. the attribute 'usable' will   |
|             |        |      | be marked to 'false' on the libcell.           |
|             |        |      | Therefore, the cell is not used for mapping    |
|             |        |      | and it will not be picked up from the library  |
|             |        |      | for synthesis. If you query the attribute      |
|             |        |      | 'unusable_reason' on the libcell; result will  |
|             |        |      | be: 'Library cell has no output pins.'Note:    |
|             |        |      | The message LBR-9 is only for the logical pins |
|             |        |      | and not for the power_ground pins. Genus will  |
|             |        |      | depend upon the output function defined in the |
|             |        |      | pin group (output pin)                         |
|             |        |      | of the cell, to use it for mapping. The pg_pin |
|             |        |      | will not have any function defined.            |
| LBR-40      |Info    |    9 |An unsupported construct was detected in this   |
|             |        |      | library.                                       |
|             |        |      |Check to see if this construct is really needed |
|             |        |      | for synthesis. Many liberty constructs are not |
|             |        |      | actually required.                             |
| LBR-81      |Warning |   12 |Non-monotonic wireload model found.             |
|             |        |      |Non-monotonic wireload models can cause         |
|             |        |      | problems during synthesis and/or mapping.      |
|             |        |      | Raising some of the points in the curve to     |
|             |        |      | give it a monotonic shape.                     |
| LBR-155     |Info    |    3 |Mismatch in unateness between 'timing_sense'    |
|             |        |      | attribute and the function.                    |
|             |        |      |The 'timing_sense' attribute will be respected. |
| LBR-162     |Info    |   15 |Both 'pos_unate' and 'neg_unate' timing_sense   |
|             |        |      | arcs have been processed.                      |
|             |        |      |Setting the 'timing_sense' to non_unate.        |
| LBR-412     |Info    |    1 |Created nominal operating condition.            |
|             |        |      |The nominal operating condition is represented, |
|             |        |      | either by the nominal PVT values specified in  |
|             |        |      | the library source                             |
|             |        |      | (via nom_process,nom_voltage and nom_temperatu |
|             |        |      | re respectively)                               |
|             |        |      | , or by the default PVT values (1.0,1.0,1.0).  |
| PHYS-12     |Warning |    3 |The variant range of wire parameters is too     |
|             |        |      | large. An example of wire parameters are, a    |
|             |        |      | WIDTH for layer, PITCH for layer, MINSPACING   |
|             |        |      | for layers, etc.                               |
|             |        |      |Check the consistency of the parameters, and    |
|             |        |      | see if you can ignore this message or you're   |
|             |        |      | using different LEF file with wrong            |
|             |        |      | parameters.                                    |
| PHYS-129    |Info    |   27 |Via with no resistance will have a value of     |
|             |        |      | '0.0' assigned for resistance value.           |
|             |        |      |If this is the expected behavior, this message  |
|             |        |      | can be ignored.                                |
| PHYS-752    |Info    |    1 |Partition Based Synthesis execution skipped.    |
| RTLOPT-30   |Info    |   14 |Accepted resource sharing opportunity.          |
| RTLOPT-40   |Info    |    1 |Transformed datapath macro.                     |
| SYNTH-1     |Info    |    1 |Synthesizing.                                   |
--------------------------------------------------------------------------------
Current PLE settings:

Aspect ratio        : 1.000
Shrink factor       : 1.000
Scale of res/length : 1.000
Scale of cap/length : 1.000
Net derating factor : 1.000
Thermal factor      : 1.000
Via Resistance      : 0.000 ohm (from default)
Site size           : 1.590 um (from lef [tech+cell])

                                   Capacitance  
  Layer                             / Length         Data source:
Name        Direction Utilization  (pF/micron)       lef_library
------------------------------------------------
metal1          H         0.00        0.000083  
metal2          V         1.00        0.000044  
metal3          H         1.00        0.000030  
metal4          V         1.00        0.000024  
metal5          H         1.00        0.000015  
metal6          V         1.00        0.000011  
metal7          H         1.00        0.000011  
metal8          V         1.00        0.000007  
metal9          H         1.00        0.000007  
metal10         V         1.00        0.000004  

                                    Resistance   
  Layer                              / Length         Data source:
Name        Direction Utilization  (ohm/micron)       lef_library
-------------------------------------------------
metal1          H         0.00         5.428571  
metal2          V         1.00         3.571429  
metal3          H         1.00         3.571429  
metal4          V         1.00         1.500000  
metal5          H         1.00         1.500000  
metal6          V         1.00         1.500000  
metal7          H         1.00         0.187500  
metal8          V         1.00         0.187500  
metal9          H         1.00         0.037500  
metal10         V         1.00         0.037500  

                                        Area     
  Layer                               / Length        Data source:
Name        Direction Utilization     (micron)        lef_library
-------------------------------------------------
metal1          H         0.00         0.070000  
metal2          V         1.00         0.070000  
metal3          H         1.00         0.070000  
metal4          V         1.00         0.140000  
metal5          H         1.00         0.140000  
metal6          V         1.00         0.140000  
metal7          H         1.00         0.400000  
metal8          V         1.00         0.400000  
metal9          H         1.00         0.800000  
metal10         V         1.00         0.800000  

Mapper: Libraries have:
	domain _default_: 96 combo usable cells and 12 sequential usable cells
Multi-threaded constant propagation [1|0] ...
Info    : Replacing the synchronous part of an always feeding back flip-flop with a logic constant. [GLO-45]
        : The instance is 'u_issue_u_pipe_ctrl_exception_e1_q_reg[1]'. The constant is '0'.
        : To prevent this optimization, set 'optimize_constant_feedback_seqs' root attribute to 'false'. The instance attribute 'optimize_constant_feedback_seq' controls this optimization. 
Info    : Replacing the synchronous part of an always feeding back flip-flop with a logic constant. [GLO-45]
        : The instance is 'u_fetch_skid_buffer_q_reg[65]'. The constant is '0'.
Info    : Replacing the synchronous part of an always feeding back flip-flop with a logic constant. [GLO-45]
        : The instance is 'u_fetch_skid_buffer_q_reg[33]'. The constant is '0'.
Info    : Replacing the synchronous part of an always feeding back flip-flop with a logic constant. [GLO-45]
        : The instance is 'u_fetch_skid_buffer_q_reg[32]'. The constant is '0'.
Info    : Replacing the synchronous part of an always feeding back flip-flop with a logic constant. [GLO-45]
        : The instance is 'u_csr_u_csrfile_csr_mie_q_reg[31]'. The constant is '0'.
Info    : Replacing the synchronous part of an always feeding back flip-flop with a logic constant. [GLO-45]
        : The instance is 'u_csr_u_csrfile_csr_mie_q_reg[30]'. The constant is '0'.
Info    : Replacing the synchronous part of an always feeding back flip-flop with a logic constant. [GLO-45]
        : The instance is 'u_csr_u_csrfile_csr_mie_q_reg[29]'. The constant is '0'.
Info    : Replacing the synchronous part of an always feeding back flip-flop with a logic constant. [GLO-45]
        : The instance is 'u_csr_u_csrfile_csr_mie_q_reg[28]'. The constant is '0'.
Info    : Replacing the synchronous part of an always feeding back flip-flop with a logic constant. [GLO-45]
        : The instance is 'u_csr_u_csrfile_csr_mie_q_reg[27]'. The constant is '0'.
Info    : Replacing the synchronous part of an always feeding back flip-flop with a logic constant. [GLO-45]
        : The instance is 'u_csr_u_csrfile_csr_mie_q_reg[26]'. The constant is '0'.
Info    : Replacing the synchronous part of an always feeding back flip-flop with a logic constant. [GLO-45]
        : The instance is 'u_csr_u_csrfile_csr_mie_q_reg[25]'. The constant is '0'.
Info    : Replacing the synchronous part of an always feeding back flip-flop with a logic constant. [GLO-45]
        : The instance is 'u_csr_u_csrfile_csr_mie_q_reg[24]'. The constant is '0'.
Info    : Replacing the synchronous part of an always feeding back flip-flop with a logic constant. [GLO-45]
        : The instance is 'u_csr_u_csrfile_csr_mie_q_reg[23]'. The constant is '0'.
Info    : Replacing the synchronous part of an always feeding back flip-flop with a logic constant. [GLO-45]
        : The instance is 'u_csr_u_csrfile_csr_mie_q_reg[22]'. The constant is '0'.
Info    : Replacing the synchronous part of an always feeding back flip-flop with a logic constant. [GLO-45]
        : The instance is 'u_csr_u_csrfile_csr_mie_q_reg[21]'. The constant is '0'.
Info    : Replacing the synchronous part of an always feeding back flip-flop with a logic constant. [GLO-45]
        : The instance is 'u_csr_u_csrfile_csr_mie_q_reg[20]'. The constant is '0'.
Info    : Replacing the synchronous part of an always feeding back flip-flop with a logic constant. [GLO-45]
        : The instance is 'u_csr_u_csrfile_csr_mie_q_reg[19]'. The constant is '0'.
Info    : Replacing the synchronous part of an always feeding back flip-flop with a logic constant. [GLO-45]
        : The instance is 'u_csr_u_csrfile_csr_mie_q_reg[18]'. The constant is '0'.
Info    : Replacing the synchronous part of an always feeding back flip-flop with a logic constant. [GLO-45]
        : The instance is 'u_csr_u_csrfile_csr_mie_q_reg[17]'. The constant is '0'.
Info    : Replacing the synchronous part of an always feeding back flip-flop with a logic constant. [GLO-45]
        : The instance is 'u_csr_u_csrfile_csr_mie_q_reg[16]'. The constant is '0'.
Warning : Maximum message print count reached. [MESG-11]
        : Maximum print count of '20' reached for message 'GLO-45'.
Info    : Replacing a flip-flop with a logic constant 0. [GLO-12]
        : The instance is 'u_csr_u_csrfile_csr_mie_q_reg[0]'.
Info    : Replacing a flip-flop with a logic constant 0. [GLO-12]
        : The instance is 'u_csr_u_csrfile_csr_mie_q_reg[2]'.
Info    : Replacing a flip-flop with a logic constant 0. [GLO-12]
        : The instance is 'u_csr_u_csrfile_csr_mie_q_reg[4]'.
Info    : Replacing a flip-flop with a logic constant 0. [GLO-12]
        : The instance is 'u_csr_u_csrfile_csr_mie_q_reg[6]'.
Info    : Replacing a flip-flop with a logic constant 0. [GLO-12]
        : The instance is 'u_csr_u_csrfile_csr_mie_q_reg[8]'.
Info    : Replacing a flip-flop with a logic constant 0. [GLO-12]
        : The instance is 'u_csr_u_csrfile_csr_mie_q_reg[10]'.
Info    : Replacing a flip-flop with a logic constant 0. [GLO-12]
        : The instance is 'u_csr_u_csrfile_csr_mie_q_reg[12]'.
Info    : Replacing a flip-flop with a logic constant 0. [GLO-12]
        : The instance is 'u_csr_u_csrfile_csr_mie_q_reg[13]'.
Info    : Replacing a flip-flop with a logic constant 0. [GLO-12]
        : The instance is 'u_csr_u_csrfile_csr_mie_q_reg[14]'.
Info    : Replacing a flip-flop with a logic constant 0. [GLO-12]
        : The instance is 'u_csr_u_csrfile_csr_mie_q_reg[15]'.
Info    : Replacing a flip-flop with a logic constant 0. [GLO-12]
        : The instance is 'u_csr_u_csrfile_csr_mie_q_reg[16]'.
Info    : Replacing a flip-flop with a logic constant 0. [GLO-12]
        : The instance is 'u_csr_u_csrfile_csr_mie_q_reg[17]'.
Info    : Replacing a flip-flop with a logic constant 0. [GLO-12]
        : The instance is 'u_csr_u_csrfile_csr_mie_q_reg[18]'.
Info    : Replacing a flip-flop with a logic constant 0. [GLO-12]
        : The instance is 'u_csr_u_csrfile_csr_mie_q_reg[19]'.
Info    : Replacing a flip-flop with a logic constant 0. [GLO-12]
        : The instance is 'u_csr_u_csrfile_csr_mie_q_reg[20]'.
Info    : Replacing a flip-flop with a logic constant 0. [GLO-12]
        : The instance is 'u_csr_u_csrfile_csr_mie_q_reg[21]'.
Info    : Replacing a flip-flop with a logic constant 0. [GLO-12]
        : The instance is 'u_csr_u_csrfile_csr_mie_q_reg[22]'.
Info    : Replacing a flip-flop with a logic constant 0. [GLO-12]
        : The instance is 'u_csr_u_csrfile_csr_mie_q_reg[23]'.
Info    : Replacing a flip-flop with a logic constant 0. [GLO-12]
        : The instance is 'u_csr_u_csrfile_csr_mie_q_reg[24]'.
Info    : Replacing a flip-flop with a logic constant 0. [GLO-12]
        : The instance is 'u_csr_u_csrfile_csr_mie_q_reg[25]'.
Info    : Deleting instances not driving any primary outputs. [GLO-34]
        : Deleting 94 sequential instances.
Multi-threaded Virtual Mapping    (8 threads per ST process, 8 of 24 CPUs usable)
==================================
Stage : first_condense 
==================================
  =================
   Message Summary
  =================
--------------------------------------------------------------------------------
|   Id   |Sev  |Count |                     Message Text                       |
--------------------------------------------------------------------------------
| GB-6   |Info |    7 |A datapath component has been ungrouped.                |
| GLO-12 |Info |   68 |Replacing a flip-flop with a logic constant 0.          |
|        |     |      |To prevent this optimization, set the                   |
|        |     |      | 'optimize_constant_0_flops' root attribute to 'false'  |
|        |     |      | or 'optimize_constant_0_seq' instance attribute to     |
|        |     |      | 'false'. You can also see the complete list of deleted |
|        |     |      | sequential with command 'report sequential -deleted'   |
|        |     |      | (on Reason 'constant0').                               |
| GLO-34 |Info |    1 |Deleting instances not driving any primary outputs.     |
|        |     |      |Optimizations such as constant propagation or           |
|        |     |      | redundancy removal could change the connections so a   |
|        |     |      | hierarchical instance does not drive any primary       |
|        |     |      | outputs anymore. To see the list of deleted            |
|        |     |      | hierarchical instances, set the 'information_level'    |
|        |     |      | attribute to 2 or above. If the message is truncated   |
|        |     |      | set the message attribute 'truncate' to false to see   |
|        |     |      | the complete list. To prevent this optimization, set   |
|        |     |      | the 'delete_unloaded_insts' root/subdesign attribute   |
|        |     |      | to 'false' or 'preserve' instance attribute to 'true'. |
| GLO-45 |Info |   66 |Replacing the synchronous part of an always feeding     |
|        |     |      | back flip-flop with a logic constant.                  |
|        |     |      |To prevent this optimization, set                       |
|        |     |      | 'optimize_constant_feedback_seqs' root attribute to    |
|        |     |      | 'false'. The instance attribute                        |
|        |     |      | 'optimize_constant_feedback_seq' controls this         |
|        |     |      | optimization.                                          |
--------------------------------------------------------------------------------
 
Global mapping target info
==========================
Cost Group 'default' target slack: Unconstrained


State Retention Synthesis Status
================================

Category                        Flops   Percentage
--------------------------------------------------
Total instances                  2319        100.0
Excluded from State Retention    2319        100.0
    - Will not convert           2319        100.0
      - Preserved                   0          0.0
      - Power intent excluded    2319        100.0
    - Could not convert             0          0.0
      - Scan type                   0          0.0
      - No suitable cell            0          0.0
State Retention instances           0          0.0
--------------------------------------------------

PBS_Generic_Opt-Post - Elapsed_Time 65, CPU_Time 65.738063
stamp 'PBS_Generic_Opt-Post' being created for table 'pbs_debug'

  Total Time (Wall) |  Stage Time (Wall)  |   % (Wall)   |    Date - Time     |  Memory   | Stage
--------------------+---------------------+--------------+--------------------+-----------+----------------------
 00:00:07(00:00:05) |  00:00:00(00:00:00) |   0.0(  0.0) |   11:34:43 (Jun28) |  496.8 MB | PBS_Generic-Start
--------------------+---------------------+--------------+--------------------+-----------+----------------------
 00:01:12(00:01:10) |  00:01:05(00:01:05) | 100.0(100.0) |   11:35:48 (Jun28) |  977.8 MB | PBS_Generic_Opt-Post
--------------------+---------------------+--------------+--------------------+-----------+----------------------
Number of threads: 8 * 1   (id: pbs_debug, time_info v1.57)
Info: (*N*) indicates data that was populated from previously saved time_info database
Info: CPU time includes time of parent + longest thread
PBS_Generic-Postgen HBO Optimizations - Elapsed_Time 0, CPU_Time 0.0
stamp 'PBS_Generic-Postgen HBO Optimizations' being created for table 'pbs_debug'

  Total Time (Wall) |  Stage Time (Wall)  |   % (Wall)   |    Date - Time     |  Memory   | Stage
--------------------+---------------------+--------------+--------------------+-----------+----------------------
 00:00:07(00:00:05) |  00:00:00(00:00:00) |   0.0(  0.0) |   11:34:43 (Jun28) |  496.8 MB | PBS_Generic-Start
--------------------+---------------------+--------------+--------------------+-----------+----------------------
 00:01:12(00:01:10) |  00:01:05(00:01:05) | 100.0(100.0) |   11:35:48 (Jun28) |  977.8 MB | PBS_Generic_Opt-Post
--------------------+---------------------+--------------+--------------------+-----------+----------------------
 00:01:12(00:01:10) |  00:00:00(00:00:00) |   0.0(  0.0) |   11:35:48 (Jun28) |  977.8 MB | PBS_Generic-Postgen HBO Optimizations
--------------------+---------------------+--------------+--------------------+-----------+----------------------
Number of threads: 8 * 1   (id: pbs_debug, time_info v1.57)
Info: (*N*) indicates data that was populated from previously saved time_info database
Info: CPU time includes time of parent + longest thread
##>=================== Cadence Confidential (Generic-Logical) ===================
##>=================== Cadence Confidential (Generic-Logical) ===================
##>Main Thread Summary:
##>----------------------------------------------------------------------------------------
##>STEP                           Elapsed       WNS       TNS     Insts      Area    Memory
##>----------------------------------------------------------------------------------------
##>G:Initial                            0         -         -     28544     44361       496
##>G:Setup                              0         -         -         -         -         -
##>G:Launch ST                          0         -         -         -         -         -
##>G:Design Partition                   0         -         -         -         -         -
##>G:Create Partition Netlists          0         -         -         -         -         -
##>G:Init Power                         0         -         -         -         -         -
##>G:Budgeting                          0         -         -         -         -         -
##>G:Derenv-DB                          0         -         -         -         -         -
##>G:Debug Outputs                      0         -         -         -         -         -
##>G:ST loading                         0         -         -         -         -         -
##>G:Distributed                        0         -         -         -         -         -
##>G:Timer                              0         -         -         -         -         -
##>G:Assembly                           0         -         -         -         -         -
##>G:DFT                                0         -         -         -         -         -
##>G:Const Prop                         0         -         -     30317     35791       977
##>G:Misc                              65
##>----------------------------------------------------------------------------------------
##>Total Elapsed                       65
##>========================================================================================
Info    : Done synthesizing. [SYNTH-2]
        : Done synthesizing 'riscv_core' to generic gates.
      flow.cputime  flow.realtime  timing.setup.tns  timing.setup.wns  snapshot
UM:*                                                                   syn_gen
@file(run.tcl) 12: syn_map
Warning : Non-monotonic wireload model found. [LBR-81]
        : 'Length' table in wireload model '3K_hvratio_1_2' is non-monotonic.
Warning : Non-monotonic wireload model found. [LBR-81]
        : 'Length' table in wireload model '3K_hvratio_1_2' is non-monotonic.
Warning : Non-monotonic wireload model found. [LBR-81]
        : 'Length' table in wireload model '3K_hvratio_1_2' is non-monotonic.
##Generic Timing Info for library domain: _default_ typical gate delay: 133.9 ps std_slew: 19.0 ps std_load: 1.8 fF
Current PLE settings:

Aspect ratio        : 1.000
Shrink factor       : 1.000
Scale of res/length : 1.000
Scale of cap/length : 1.000
Net derating factor : 1.000
Thermal factor      : 1.000
Via Resistance      : 0.000 ohm (from default)
Site size           : 1.590 um (from lef [tech+cell])

                                   Capacitance  
  Layer                             / Length         Data source:
Name        Direction Utilization  (pF/micron)       lef_library
------------------------------------------------
metal1          H         0.00        0.000083  
metal2          V         1.00        0.000044  
metal3          H         1.00        0.000030  
metal4          V         1.00        0.000024  
metal5          H         1.00        0.000015  
metal6          V         1.00        0.000011  
metal7          H         1.00        0.000011  
metal8          V         1.00        0.000007  
metal9          H         1.00        0.000007  
metal10         V         1.00        0.000004  

                                    Resistance   
  Layer                              / Length         Data source:
Name        Direction Utilization  (ohm/micron)       lef_library
-------------------------------------------------
metal1          H         0.00         5.428571  
metal2          V         1.00         3.571429  
metal3          H         1.00         3.571429  
metal4          V         1.00         1.500000  
metal5          H         1.00         1.500000  
metal6          V         1.00         1.500000  
metal7          H         1.00         0.187500  
metal8          V         1.00         0.187500  
metal9          H         1.00         0.037500  
metal10         V         1.00         0.037500  

                                        Area     
  Layer                               / Length        Data source:
Name        Direction Utilization     (micron)        lef_library
-------------------------------------------------
metal1          H         0.00         0.070000  
metal2          V         1.00         0.070000  
metal3          H         1.00         0.070000  
metal4          V         1.00         0.140000  
metal5          H         1.00         0.140000  
metal6          V         1.00         0.140000  
metal7          H         1.00         0.400000  
metal8          V         1.00         0.400000  
metal9          H         1.00         0.800000  
metal10         V         1.00         0.800000  

Info    : Mapping. [SYNTH-4]
        : Mapping 'riscv_core' using 'high' effort.
Mapper: Libraries have:
	domain _default_: 96 combo usable cells and 12 sequential usable cells
Configuring mapper costing (none)
TNS Restructuring config: no_value at stage: map applied.
PBS_TechMap-Start - Elapsed_Time 0, CPU_Time 0.0
stamp 'PBS_TechMap-Start' being created for table 'pbs_debug'

  Total Time (Wall) |  Stage Time (Wall)  |   % (Wall)   |    Date - Time     |  Memory   | Stage
--------------------+---------------------+--------------+--------------------+-----------+----------------------
 00:00:07(00:00:05) |  00:00:00(00:00:00) |   0.0(  0.0) |   11:34:43 (Jun28) |  496.8 MB | PBS_Generic-Start
--------------------+---------------------+--------------+--------------------+-----------+----------------------
 00:01:12(00:01:10) |  00:01:05(00:01:05) | 100.0(100.0) |   11:35:48 (Jun28) |  977.8 MB | PBS_Generic_Opt-Post
--------------------+---------------------+--------------+--------------------+-----------+----------------------
 00:01:12(00:01:10) |  00:00:00(00:00:00) |   0.0(  0.0) |   11:35:48 (Jun28) |  977.8 MB | PBS_Generic-Postgen HBO Optimizations
--------------------+---------------------+--------------+--------------------+-----------+----------------------
 00:01:12(00:01:10) |  00:00:00(00:00:00) |   0.0(  0.0) |   11:35:48 (Jun28) |  977.8 MB | PBS_TechMap-Start
--------------------+---------------------+--------------+--------------------+-----------+----------------------
Number of threads: 8 * 1   (id: pbs_debug, time_info v1.57)
Info: (*N*) indicates data that was populated from previously saved time_info database
Info: CPU time includes time of parent + longest thread
PBS_TechMap-Premap HBO Optimizations - Elapsed_Time 1, CPU_Time 1.0
stamp 'PBS_TechMap-Premap HBO Optimizations' being created for table 'pbs_debug'

  Total Time (Wall) |  Stage Time (Wall)  |   % (Wall)   |    Date - Time     |  Memory   | Stage
--------------------+---------------------+--------------+--------------------+-----------+----------------------
 00:00:07(00:00:05) |  00:00:00(00:00:00) |   0.0(  0.0) |   11:34:43 (Jun28) |  496.8 MB | PBS_Generic-Start
--------------------+---------------------+--------------+--------------------+-----------+----------------------
 00:01:12(00:01:10) |  00:01:05(00:01:05) |  98.5( 98.5) |   11:35:48 (Jun28) |  977.8 MB | PBS_Generic_Opt-Post
--------------------+---------------------+--------------+--------------------+-----------+----------------------
 00:01:12(00:01:10) |  00:00:00(00:00:00) |   0.0(  0.0) |   11:35:48 (Jun28) |  977.8 MB | PBS_Generic-Postgen HBO Optimizations
--------------------+---------------------+--------------+--------------------+-----------+----------------------
 00:01:12(00:01:10) |  00:00:00(00:00:00) |   0.0(  0.0) |   11:35:48 (Jun28) |  977.8 MB | PBS_TechMap-Start
--------------------+---------------------+--------------+--------------------+-----------+----------------------
 00:01:13(00:01:11) |  00:00:01(00:00:01) |   1.5(  1.5) |   11:35:49 (Jun28) |  977.8 MB | PBS_TechMap-Premap HBO Optimizations
--------------------+---------------------+--------------+--------------------+-----------+----------------------
Number of threads: 8 * 1   (id: pbs_debug, time_info v1.57)
Info: (*N*) indicates data that was populated from previously saved time_info database
Info: CPU time includes time of parent + longest thread
Info    : Partition Based Synthesis execution skipped. [PHYS-752]
        : Design size is less than the partition size '100000' for distributed mapping optimization to kick in.
Current PLE settings:

Aspect ratio        : 1.000
Shrink factor       : 1.000
Scale of res/length : 1.000
Scale of cap/length : 1.000
Net derating factor : 1.000
Thermal factor      : 1.000
Via Resistance      : 0.000 ohm (from default)
Site size           : 1.590 um (from lef [tech+cell])

                                   Capacitance  
  Layer                             / Length         Data source:
Name        Direction Utilization  (pF/micron)       lef_library
------------------------------------------------
metal1          H         0.00        0.000083  
metal2          V         1.00        0.000044  
metal3          H         1.00        0.000030  
metal4          V         1.00        0.000024  
metal5          H         1.00        0.000015  
metal6          V         1.00        0.000011  
metal7          H         1.00        0.000011  
metal8          V         1.00        0.000007  
metal9          H         1.00        0.000007  
metal10         V         1.00        0.000004  

                                    Resistance   
  Layer                              / Length         Data source:
Name        Direction Utilization  (ohm/micron)       lef_library
-------------------------------------------------
metal1          H         0.00         5.428571  
metal2          V         1.00         3.571429  
metal3          H         1.00         3.571429  
metal4          V         1.00         1.500000  
metal5          H         1.00         1.500000  
metal6          V         1.00         1.500000  
metal7          H         1.00         0.187500  
metal8          V         1.00         0.187500  
metal9          H         1.00         0.037500  
metal10         V         1.00         0.037500  

                                        Area     
  Layer                               / Length        Data source:
Name        Direction Utilization     (micron)        lef_library
-------------------------------------------------
metal1          H         0.00         0.070000  
metal2          V         1.00         0.070000  
metal3          H         1.00         0.070000  
metal4          V         1.00         0.140000  
metal5          H         1.00         0.140000  
metal6          V         1.00         0.140000  
metal7          H         1.00         0.400000  
metal8          V         1.00         0.400000  
metal9          H         1.00         0.800000  
metal10         V         1.00         0.800000  

Mapper: Libraries have:
	domain _default_: 96 combo usable cells and 12 sequential usable cells
Info    : Attempting to launch a super-threading server. [ST-120]
        : Attempting to Launch server 1 of 8.
        : The tool is entering super-threading mode and is launching a CPU server process.  This is enabled by the root attribute 'super_thread_servers' or 'auto_super_thread'.
Info    : Connection established with super-threading server. [ST-110]
        : The server 'localhost_1_0' is process '11012' on this host.
        : The tool is entering super-threading mode and has established a connection with a CPU server process.  This is enabled by the root attributes 'super_thread_servers' or 'auto_super_thread'.
                  Library loading done successfully on server 'localhost_1_0'.
Info    : Connection established with super-threading server. [ST-110]
        : The server 'localhost_1_1' is forked process '11246' on this host.
Info    : Connection established with super-threading server. [ST-110]
        : The server 'localhost_1_2' is forked process '11248' on this host.
Info    : Connection established with super-threading server. [ST-110]
        : The server 'localhost_1_3' is forked process '11250' on this host.
Info    : Connection established with super-threading server. [ST-110]
        : The server 'localhost_1_4' is forked process '11252' on this host.
Info    : Connection established with super-threading server. [ST-110]
        : The server 'localhost_1_5' is forked process '11254' on this host.
Info    : Connection established with super-threading server. [ST-110]
        : The server 'localhost_1_6' is forked process '11256' on this host.
Info    : Connection established with super-threading server. [ST-110]
        : The server 'localhost_1_7' is forked process '11258' on this host.
Multi-threaded Virtual Mapping    (8 threads per ST process, 8 of 24 CPUs usable)
        Distributing super-thread jobs: mult_signed_1631 leq_unsigned_rtlopto_model_17_2192 cb_part increment_unsigned_349_2187_1926 increment_unsigned_349_2187
          Sending 'mult_signed_1631' to server 'localhost_1_6'...
            Sent 'mult_signed_1631' to server 'localhost_1_6'.
          Sending 'leq_unsigned_rtlopto_model_17_2192' to server 'localhost_1_3'...
            Sent 'leq_unsigned_rtlopto_model_17_2192' to server 'localhost_1_3'.
          Sending 'cb_part' to server 'localhost_1_5'...
            Sent 'cb_part' to server 'localhost_1_5'.
          Sending 'increment_unsigned_349_2187_1926' to server 'localhost_1_2'...
            Sent 'increment_unsigned_349_2187_1926' to server 'localhost_1_2'.
          Sending 'increment_unsigned_349_2187' to server 'localhost_1_1'...
            Sent 'increment_unsigned_349_2187' to server 'localhost_1_1'.
          Received 'increment_unsigned_349_2187_1926' from server 'localhost_1_2'. (109 ms elapsed)
          Received 'cb_part' from server 'localhost_1_5'. (163 ms elapsed)
          Received 'increment_unsigned_349_2187' from server 'localhost_1_1'. (157 ms elapsed)
          Received 'leq_unsigned_rtlopto_model_17_2192' from server 'localhost_1_3'. (167 ms elapsed)
          Received 'mult_signed_1631' from server 'localhost_1_6'. (838 ms elapsed)
        Distributing super-thread jobs: riscv_decoder
          Sending 'riscv_decoder' to server 'localhost_1_6'...
            Sent 'riscv_decoder' to server 'localhost_1_6'.
          Received 'riscv_decoder' from server 'localhost_1_6'. (120 ms elapsed)
        Distributing super-thread jobs: cb_part_5365
          Sending 'cb_part_5365' to server 'localhost_1_6'...
            Sent 'cb_part_5365' to server 'localhost_1_6'.
          Received 'cb_part_5365' from server 'localhost_1_6'. (3865 ms elapsed)
        Distributing super-thread jobs: addsub_unsigned_2480 add_unsigned_5 add_unsigned_5_1935 add_unsigned_5_1936 sub_unsigned_3 sub_unsigned_3_1934 sub_unsigned_3_1933 lt_unsigned_1_rtlopto_model_2625 sub_unsigned_1758_1932 sub_unsigned_1758
          Sending 'addsub_unsigned_2480' to server 'localhost_1_6'...
            Sent 'addsub_unsigned_2480' to server 'localhost_1_6'.
          Sending 'add_unsigned_5' to server 'localhost_1_3'...
            Sent 'add_unsigned_5' to server 'localhost_1_3'.
          Sending 'add_unsigned_5_1935' to server 'localhost_1_5'...
            Sent 'add_unsigned_5_1935' to server 'localhost_1_5'.
          Sending 'add_unsigned_5_1936' to server 'localhost_1_2'...
            Sent 'add_unsigned_5_1936' to server 'localhost_1_2'.
          Sending 'sub_unsigned_3' to server 'localhost_1_1'...
            Sent 'sub_unsigned_3' to server 'localhost_1_1'.
          Sending 'sub_unsigned_3_1934' to server 'localhost_1_4'...
            Sent 'sub_unsigned_3_1934' to server 'localhost_1_4'.
          Sending 'sub_unsigned_3_1933' to server 'localhost_1_0'...
            Sent 'sub_unsigned_3_1933' to server 'localhost_1_0'.
          Sending 'lt_unsigned_1_rtlopto_model_2625' to server 'localhost_1_7'...
            Sent 'lt_unsigned_1_rtlopto_model_2625' to server 'localhost_1_7'.
          Received 'addsub_unsigned_2480' from server 'localhost_1_6'. (61 ms elapsed)
          Sending 'sub_unsigned_1758_1932' to server 'localhost_1_6'...
            Sent 'sub_unsigned_1758_1932' to server 'localhost_1_6'.
          Received 'add_unsigned_5' from server 'localhost_1_3'. (65 ms elapsed)
          Sending 'sub_unsigned_1758' to server 'localhost_1_3'...
            Sent 'sub_unsigned_1758' to server 'localhost_1_3'.
          Received 'sub_unsigned_3' from server 'localhost_1_1'. (82 ms elapsed)
          Received 'add_unsigned_5_1935' from server 'localhost_1_5'. (97 ms elapsed)
          Received 'sub_unsigned_1758' from server 'localhost_1_3'. (67 ms elapsed)
          Received 'sub_unsigned_1758_1932' from server 'localhost_1_6'. (75 ms elapsed)
          Received 'add_unsigned_5_1936' from server 'localhost_1_2'. (127 ms elapsed)
          Received 'sub_unsigned_3_1934' from server 'localhost_1_4'. (124 ms elapsed)
          Received 'sub_unsigned_3_1933' from server 'localhost_1_0'. (539 ms elapsed)
          Received 'lt_unsigned_1_rtlopto_model_2625' from server 'localhost_1_7'. (537 ms elapsed)
        Distributing super-thread jobs: cb_part_5367
          Sending 'cb_part_5367' to server 'localhost_1_6'...
            Sent 'cb_part_5367' to server 'localhost_1_6'.
          Received 'cb_part_5367' from server 'localhost_1_6'. (361 ms elapsed)
        Distributing super-thread jobs: cb_seq
          Sending 'cb_seq' to server 'localhost_1_6'...
            Sent 'cb_seq' to server 'localhost_1_6'.
          Received 'cb_seq' from server 'localhost_1_6'. (3138 ms elapsed)
 
Global mapping target info
==========================
Cost Group 'default' target slack: Unconstrained

Multi-threaded Technology Mapping (8 threads per ST process, 8 of 24 CPUs usable)
        Distributing super-thread jobs: cb_seq
          Sending 'cb_seq' to server 'localhost_1_6'...
            Sent 'cb_seq' to server 'localhost_1_6'.
          Received 'cb_seq' from server 'localhost_1_6'. (3135 ms elapsed)
        Distributing super-thread jobs: cb_part_5367
          Sending 'cb_part_5367' to server 'localhost_1_6'...
            Sent 'cb_part_5367' to server 'localhost_1_6'.
          Received 'cb_part_5367' from server 'localhost_1_6'. (412 ms elapsed)
        Distributing super-thread jobs: addsub_unsigned_2480 add_unsigned_5 add_unsigned_5_1935 add_unsigned_5_1936 sub_unsigned_3 sub_unsigned_3_1934 sub_unsigned_3_1933 lt_unsigned_1_rtlopto_model_2625 sub_unsigned_1758 sub_unsigned_1758_1932
          Sending 'addsub_unsigned_2480' to server 'localhost_1_6'...
            Sent 'addsub_unsigned_2480' to server 'localhost_1_6'.
          Sending 'add_unsigned_5' to server 'localhost_1_3'...
            Sent 'add_unsigned_5' to server 'localhost_1_3'.
          Sending 'add_unsigned_5_1935' to server 'localhost_1_5'...
            Sent 'add_unsigned_5_1935' to server 'localhost_1_5'.
          Sending 'add_unsigned_5_1936' to server 'localhost_1_2'...
            Sent 'add_unsigned_5_1936' to server 'localhost_1_2'.
          Sending 'sub_unsigned_3' to server 'localhost_1_1'...
            Sent 'sub_unsigned_3' to server 'localhost_1_1'.
          Sending 'sub_unsigned_3_1934' to server 'localhost_1_4'...
            Sent 'sub_unsigned_3_1934' to server 'localhost_1_4'.
          Sending 'sub_unsigned_3_1933' to server 'localhost_1_0'...
            Sent 'sub_unsigned_3_1933' to server 'localhost_1_0'.
          Sending 'lt_unsigned_1_rtlopto_model_2625' to server 'localhost_1_7'...
            Sent 'lt_unsigned_1_rtlopto_model_2625' to server 'localhost_1_7'.
          Received 'sub_unsigned_3_1934' from server 'localhost_1_4'. (193 ms elapsed)
          Sending 'sub_unsigned_1758' to server 'localhost_1_4'...
            Sent 'sub_unsigned_1758' to server 'localhost_1_4'.
          Received 'add_unsigned_5_1936' from server 'localhost_1_2'. (239 ms elapsed)
          Sending 'sub_unsigned_1758_1932' to server 'localhost_1_2'...
            Sent 'sub_unsigned_1758_1932' to server 'localhost_1_2'.
          Received 'add_unsigned_5' from server 'localhost_1_3'. (271 ms elapsed)
          Received 'sub_unsigned_3' from server 'localhost_1_1'. (311 ms elapsed)
          Received 'addsub_unsigned_2480' from server 'localhost_1_6'. (399 ms elapsed)
          Received 'sub_unsigned_1758_1932' from server 'localhost_1_2'. (154 ms elapsed)
          Received 'sub_unsigned_3_1933' from server 'localhost_1_0'. (565 ms elapsed)
          Received 'lt_unsigned_1_rtlopto_model_2625' from server 'localhost_1_7'. (562 ms elapsed)
          Received 'add_unsigned_5_1935' from server 'localhost_1_5'. (639 ms elapsed)
          Received 'sub_unsigned_1758' from server 'localhost_1_4'. (544 ms elapsed)
        Distributing super-thread jobs: cb_part_5365
          Sending 'cb_part_5365' to server 'localhost_1_6'...
            Sent 'cb_part_5365' to server 'localhost_1_6'.
          Received 'cb_part_5365' from server 'localhost_1_6'. (2382 ms elapsed)
        Distributing super-thread jobs: riscv_decoder
          Sending 'riscv_decoder' to server 'localhost_1_6'...
            Sent 'riscv_decoder' to server 'localhost_1_6'.
          Received 'riscv_decoder' from server 'localhost_1_6'. (107 ms elapsed)
        Distributing super-thread jobs: mult_signed_1631 leq_unsigned_rtlopto_model_17_2192 cb_part increment_unsigned_349_2187 increment_unsigned_349_2187_1926
          Sending 'mult_signed_1631' to server 'localhost_1_6'...
            Sent 'mult_signed_1631' to server 'localhost_1_6'.
          Sending 'leq_unsigned_rtlopto_model_17_2192' to server 'localhost_1_3'...
            Sent 'leq_unsigned_rtlopto_model_17_2192' to server 'localhost_1_3'.
          Sending 'cb_part' to server 'localhost_1_5'...
            Sent 'cb_part' to server 'localhost_1_5'.
          Sending 'increment_unsigned_349_2187' to server 'localhost_1_2'...
            Sent 'increment_unsigned_349_2187' to server 'localhost_1_2'.
          Sending 'increment_unsigned_349_2187_1926' to server 'localhost_1_1'...
            Sent 'increment_unsigned_349_2187_1926' to server 'localhost_1_1'.
          Received 'cb_part' from server 'localhost_1_5'. (96 ms elapsed)
          Received 'increment_unsigned_349_2187' from server 'localhost_1_2'. (193 ms elapsed)
          Received 'leq_unsigned_rtlopto_model_17_2192' from server 'localhost_1_3'. (241 ms elapsed)
          Received 'increment_unsigned_349_2187_1926' from server 'localhost_1_1'. (591 ms elapsed)
          Received 'mult_signed_1631' from server 'localhost_1_6'. (6443 ms elapsed)
 
Global mapping status
=====================
                                    Worst 
                           Total  Weighted
Operation                   Area  Neg Slk Worst Path
 global_map                47060        0  N/A

    Cost Group            Target    Slack    Diff.  Constr.
-----------------------------------------------------------
       default          unconst. unconst.              N.A. 

 
Global incremental target info
==============================
Cost Group 'default' target slack: Unconstrained

              Distributing super-thread jobs: cb_seq
                Sending 'cb_seq' to server 'localhost_1_6'...
                  Sent 'cb_seq' to server 'localhost_1_6'.
                Received 'cb_seq' from server 'localhost_1_6'. (934 ms elapsed)
              Distributing super-thread jobs: cb_part_5367
                Sending 'cb_part_5367' to server 'localhost_1_6'...
                  Sent 'cb_part_5367' to server 'localhost_1_6'.
                Received 'cb_part_5367' from server 'localhost_1_6'. (89 ms elapsed)
              Distributing super-thread jobs: cb_part_5365 mult_signed_1631
                Sending 'cb_part_5365' to server 'localhost_1_6'...
                  Sent 'cb_part_5365' to server 'localhost_1_6'.
                Sending 'mult_signed_1631' to server 'localhost_1_3'...
                  Sent 'mult_signed_1631' to server 'localhost_1_3'.
                Received 'cb_part_5365' from server 'localhost_1_6'. (380 ms elapsed)
                Received 'mult_signed_1631' from server 'localhost_1_3'. (673 ms elapsed)
==================================
Stage : global_incr_map 
==================================
  =================
   Message Summary
  =================
--------------------------------------------------------------------------------
|    Id    |  Sev   |Count |                   Message Text                    |
--------------------------------------------------------------------------------
| GLO-51   |Info    |    1 |Hierarchical instance automatically ungrouped.     |
|          |        |      |Hierarchical instances can be automatically        |
|          |        |      | ungrouped to allow for better area or timing      |
|          |        |      | optimization. To prevent this ungroup, set the    |
|          |        |      | root-level attribute 'auto_ungroup' to 'none'.    |
|          |        |      | You can also prevent individual ungroup with      |
|          |        |      | setting the attribute 'ungroup_ok' of instances   |
|          |        |      | or modules to 'false'.                            |
| LBR-81   |Warning |    3 |Non-monotonic wireload model found.                |
|          |        |      |Non-monotonic wireload models can cause problems   |
|          |        |      | during synthesis and/or mapping.  Raising some of |
|          |        |      | the points in the curve to give it a monotonic    |
|          |        |      | shape.                                            |
| LBR-155  |Info    |    1 |Mismatch in unateness between 'timing_sense'       |
|          |        |      | attribute and the function.                       |
|          |        |      |The 'timing_sense' attribute will be respected.    |
| PA-7     |Info    |   36 |Resetting power analysis results.                  |
|          |        |      |All computed switching activities are removed.     |
| PHYS-752 |Info    |    1 |Partition Based Synthesis execution skipped.       |
| ST-110   |Info    |    8 |Connection established with super-threading        |
|          |        |      | server.                                           |
|          |        |      |The tool is entering super-threading mode and has  |
|          |        |      | established a connection with a CPU server        |
|          |        |      | process.  This is enabled by the root attributes  |
|          |        |      | 'super_thread_servers' or 'auto_super_thread'.    |
| ST-120   |Info    |    1 |Attempting to launch a super-threading server.     |
|          |        |      |The tool is entering super-threading mode and is   |
|          |        |      | launching a CPU server process.  This is enabled  |
|          |        |      | by the root attribute 'super_thread_servers' or   |
|          |        |      | 'auto_super_thread'.                              |
| ST-128   |Info    |    2 |Super thread servers are launched successfully.    |
| SYNTH-2  |Info    |    1 |Done synthesizing.                                 |
| SYNTH-4  |Info    |    1 |Mapping.                                           |
--------------------------------------------------------------------------------
 
Global incremental optimization status
======================================
                                    Worst 
                           Total  Weighted
Operation                   Area  Neg Slk Worst Path
 global_incr               47139        0  N/A

    Cost Group            Target    Slack    Diff.  Constr.
-----------------------------------------------------------
       default          unconst. unconst.              N.A. 


+-----------+-----------+-----+----------------------+---------------------------+
|   Host    |  Machine  | CPU | Physical Memory (MB) | Peak Physical Memory (MB) |
+-----------+-----------+-----+----------------------+---------------------------+
| localhost | localhost |  8  |        1443.5        |          1443.5           |
+-----------+-----------+-----+----------------------+---------------------------+

+---------------+----------------------+---------------------------+
|    Server     | Physical Memory (MB) | Peak Physical Memory (MB) |
+---------------+----------------------+---------------------------+
| localhost_1_0 |      572.9 [1]       |         572.9 [1]         |
| localhost_1_4 |       56.0 [2]       |          [2] [3]          |
| localhost_1_7 |       55.3 [2]       |          [2] [3]          |
| localhost_1_2 |       57.1 [2]       |          [2] [3]          |
| localhost_1_5 |       57.2 [2]       |          [2] [3]          |
| localhost_1_6 |      144.1 [2]       |          [2] [3]          |
| localhost_1_1 |       56.2 [2]       |          [2] [3]          |
| localhost_1_3 |       63.6 [2]       |          [2] [3]          |
+---------------+----------------------+---------------------------+
[1] Memory of child processes is included.
[2] Memory is included in parent localhost_1_0.
[3] Peak physical memory is not available for forked background servers.


State Retention Synthesis Status
================================

Category                        Flops   Percentage
--------------------------------------------------
Total instances                  2319        100.0
Excluded from State Retention    2319        100.0
    - Will not convert           2319        100.0
      - Preserved                   0          0.0
      - Power intent excluded    2319        100.0
    - Could not convert             0          0.0
      - Scan type                   0          0.0
      - No suitable cell            0          0.0
State Retention instances           0          0.0
--------------------------------------------------

INFO: skipping constant propagation
PBS_Techmap-Global Mapping - Elapsed_Time 48, CPU_Time 36.65075200000001
stamp 'PBS_Techmap-Global Mapping' being created for table 'pbs_debug'

  Total Time (Wall) |  Stage Time (Wall)  |   % (Wall)   |    Date - Time     |  Memory   | Stage
--------------------+---------------------+--------------+--------------------+-----------+----------------------
 00:00:07(00:00:05) |  00:00:00(00:00:00) |   0.0(  0.0) |   11:34:43 (Jun28) |  496.8 MB | PBS_Generic-Start
--------------------+---------------------+--------------+--------------------+-----------+----------------------
 00:01:12(00:01:10) |  00:01:05(00:01:05) |  63.6( 57.0) |   11:35:48 (Jun28) |  977.8 MB | PBS_Generic_Opt-Post
--------------------+---------------------+--------------+--------------------+-----------+----------------------
 00:01:12(00:01:10) |  00:00:00(00:00:00) |   0.0(  0.0) |   11:35:48 (Jun28) |  977.8 MB | PBS_Generic-Postgen HBO Optimizations
--------------------+---------------------+--------------+--------------------+-----------+----------------------
 00:01:12(00:01:10) |  00:00:00(00:00:00) |   0.0(  0.0) |   11:35:48 (Jun28) |  977.8 MB | PBS_TechMap-Start
--------------------+---------------------+--------------+--------------------+-----------+----------------------
 00:01:13(00:01:11) |  00:00:01(00:00:01) |   1.0(  0.9) |   11:35:49 (Jun28) |  977.8 MB | PBS_TechMap-Premap HBO Optimizations
--------------------+---------------------+--------------+--------------------+-----------+----------------------
 00:01:50(00:01:59) |  00:00:36(00:00:48) |  35.4( 42.1) |   11:36:37 (Jun28) |   1.24 GB | PBS_Techmap-Global Mapping
--------------------+---------------------+--------------+--------------------+-----------+----------------------
Number of threads: 8 * 1   (id: pbs_debug, time_info v1.57)
Info: (*N*) indicates data that was populated from previously saved time_info database
Info: CPU time includes time of parent + longest thread
Warning : Command 'commit_power_intent' cannot proceed as there is no power intent loaded. [CPI-506]
        : Command 'commit_power_intent' requires a valid power_intent to be loaded.
Info    : Wrote formal verification information. [CFM-5]
        : Wrote 'fv/riscv_core/fv_map.fv.json' for netlist 'fv/riscv_core/fv_map.v.gz'.
Info    : Wrote dofile. [CFM-1]
        : Dofile is 'fv/riscv_core/rtl_to_fv_map.do'.
        : Alias mapping flow is enabled.
PBS_TechMap-Datapath Postmap Operations - Elapsed_Time 1, CPU_Time 1.9272840000000002
stamp 'PBS_TechMap-Datapath Postmap Operations' being created for table 'pbs_debug'

  Total Time (Wall) |  Stage Time (Wall)  |   % (Wall)   |    Date - Time     |  Memory   | Stage
--------------------+---------------------+--------------+--------------------+-----------+----------------------
 00:00:07(00:00:05) |  00:00:00(00:00:00) |   0.0(  0.0) |   11:34:43 (Jun28) |  496.8 MB | PBS_Generic-Start
--------------------+---------------------+--------------+--------------------+-----------+----------------------
 00:01:12(00:01:10) |  00:01:05(00:01:05) |  62.4( 56.5) |   11:35:48 (Jun28) |  977.8 MB | PBS_Generic_Opt-Post
--------------------+---------------------+--------------+--------------------+-----------+----------------------
 00:01:12(00:01:10) |  00:00:00(00:00:00) |   0.0(  0.0) |   11:35:48 (Jun28) |  977.8 MB | PBS_Generic-Postgen HBO Optimizations
--------------------+---------------------+--------------+--------------------+-----------+----------------------
 00:01:12(00:01:10) |  00:00:00(00:00:00) |   0.0(  0.0) |   11:35:48 (Jun28) |  977.8 MB | PBS_TechMap-Start
--------------------+---------------------+--------------+--------------------+-----------+----------------------
 00:01:13(00:01:11) |  00:00:01(00:00:01) |   0.9(  0.9) |   11:35:49 (Jun28) |  977.8 MB | PBS_TechMap-Premap HBO Optimizations
--------------------+---------------------+--------------+--------------------+-----------+----------------------
 00:01:50(00:01:59) |  00:00:36(00:00:48) |  34.8( 41.7) |   11:36:37 (Jun28) |   1.24 GB | PBS_Techmap-Global Mapping
--------------------+---------------------+--------------+--------------------+-----------+----------------------
 00:01:52(00:02:00) |  00:00:01(00:00:01) |   1.8(  0.9) |   11:36:38 (Jun28) |   1.24 GB | PBS_TechMap-Datapath Postmap Operations
--------------------+---------------------+--------------+--------------------+-----------+----------------------
Number of threads: 8 * 1   (id: pbs_debug, time_info v1.57)
Info: (*N*) indicates data that was populated from previously saved time_info database
Info: CPU time includes time of parent + longest thread
PBS_TechMap-Postmap HBO Optimizations - Elapsed_Time 0, CPU_Time -0.07221900000000403
stamp 'PBS_TechMap-Postmap HBO Optimizations' being created for table 'pbs_debug'

  Total Time (Wall) |  Stage Time (Wall)  |   % (Wall)   |    Date - Time     |  Memory   | Stage
--------------------+---------------------+--------------+--------------------+-----------+----------------------
 00:00:07(00:00:05) |  00:00:00(00:00:00) |   0.0(  0.0) |   11:34:43 (Jun28) |  496.8 MB | PBS_Generic-Start
--------------------+---------------------+--------------+--------------------+-----------+----------------------
 00:01:12(00:01:10) |  00:01:05(00:01:05) |  62.5( 56.5) |   11:35:48 (Jun28) |  977.8 MB | PBS_Generic_Opt-Post
--------------------+---------------------+--------------+--------------------+-----------+----------------------
 00:01:12(00:01:10) |  00:00:00(00:00:00) |   0.0(  0.0) |   11:35:48 (Jun28) |  977.8 MB | PBS_Generic-Postgen HBO Optimizations
--------------------+---------------------+--------------+--------------------+-----------+----------------------
 00:01:12(00:01:10) |  00:00:00(00:00:00) |   0.0(  0.0) |   11:35:48 (Jun28) |  977.8 MB | PBS_TechMap-Start
--------------------+---------------------+--------------+--------------------+-----------+----------------------
 00:01:13(00:01:11) |  00:00:01(00:00:01) |   1.0(  0.9) |   11:35:49 (Jun28) |  977.8 MB | PBS_TechMap-Premap HBO Optimizations
--------------------+---------------------+--------------+--------------------+-----------+----------------------
 00:01:50(00:01:59) |  00:00:36(00:00:48) |  34.8( 41.7) |   11:36:37 (Jun28) |   1.24 GB | PBS_Techmap-Global Mapping
--------------------+---------------------+--------------+--------------------+-----------+----------------------
 00:01:52(00:02:00) |  00:00:01(00:00:01) |   1.8(  0.9) |   11:36:38 (Jun28) |   1.24 GB | PBS_TechMap-Datapath Postmap Operations
--------------------+---------------------+--------------+--------------------+-----------+----------------------
 00:01:52(00:02:00) |  00:00:00(00:00:00) |  -0.1(  0.0) |   11:36:38 (Jun28) |   1.24 GB | PBS_TechMap-Postmap HBO Optimizations
--------------------+---------------------+--------------+--------------------+-----------+----------------------
Number of threads: 8 * 1   (id: pbs_debug, time_info v1.57)
Info: (*N*) indicates data that was populated from previously saved time_info database
Info: CPU time includes time of parent + longest thread
 Doing ConstProp on design:riscv_core ... 

Time taken by ConstProp Step: 00:00:01
PBS_TechMap-Postmap Clock Gating - Elapsed_Time 1, CPU_Time 0.0
stamp 'PBS_TechMap-Postmap Clock Gating' being created for table 'pbs_debug'

  Total Time (Wall) |  Stage Time (Wall)  |   % (Wall)   |    Date - Time     |  Memory   | Stage
--------------------+---------------------+--------------+--------------------+-----------+----------------------
 00:00:07(00:00:05) |  00:00:00(00:00:00) |   0.0(  0.0) |   11:34:43 (Jun28) |  496.8 MB | PBS_Generic-Start
--------------------+---------------------+--------------+--------------------+-----------+----------------------
 00:01:12(00:01:10) |  00:01:05(00:01:05) |  62.5( 56.0) |   11:35:48 (Jun28) |  977.8 MB | PBS_Generic_Opt-Post
--------------------+---------------------+--------------+--------------------+-----------+----------------------
 00:01:12(00:01:10) |  00:00:00(00:00:00) |   0.0(  0.0) |   11:35:48 (Jun28) |  977.8 MB | PBS_Generic-Postgen HBO Optimizations
--------------------+---------------------+--------------+--------------------+-----------+----------------------
 00:01:12(00:01:10) |  00:00:00(00:00:00) |   0.0(  0.0) |   11:35:48 (Jun28) |  977.8 MB | PBS_TechMap-Start
--------------------+---------------------+--------------+--------------------+-----------+----------------------
 00:01:13(00:01:11) |  00:00:01(00:00:01) |   1.0(  0.9) |   11:35:49 (Jun28) |  977.8 MB | PBS_TechMap-Premap HBO Optimizations
--------------------+---------------------+--------------+--------------------+-----------+----------------------
 00:01:50(00:01:59) |  00:00:36(00:00:48) |  34.8( 41.4) |   11:36:37 (Jun28) |   1.24 GB | PBS_Techmap-Global Mapping
--------------------+---------------------+--------------+--------------------+-----------+----------------------
 00:01:52(00:02:00) |  00:00:01(00:00:01) |   1.8(  0.9) |   11:36:38 (Jun28) |   1.24 GB | PBS_TechMap-Datapath Postmap Operations
--------------------+---------------------+--------------+--------------------+-----------+----------------------
 00:01:52(00:02:00) |  00:00:00(00:00:00) |  -0.1(  0.0) |   11:36:38 (Jun28) |   1.24 GB | PBS_TechMap-Postmap HBO Optimizations
--------------------+---------------------+--------------+--------------------+-----------+----------------------
 00:01:52(00:02:01) |  00:00:00(00:00:01) |   0.0(  0.9) |   11:36:39 (Jun28) |   1.24 GB | PBS_TechMap-Postmap Clock Gating
--------------------+---------------------+--------------+--------------------+-----------+----------------------
Number of threads: 8 * 1   (id: pbs_debug, time_info v1.57)
Info: (*N*) indicates data that was populated from previously saved time_info database
Info: CPU time includes time of parent + longest thread
Warning : Non-monotonic wireload model found. [LBR-81]
        : 'Length' table in wireload model '3K_hvratio_1_2' is non-monotonic.
Warning : Non-monotonic wireload model found. [LBR-81]
        : 'Length' table in wireload model '3K_hvratio_1_2' is non-monotonic.
Warning : Non-monotonic wireload model found. [LBR-81]
        : 'Length' table in wireload model '3K_hvratio_1_2' is non-monotonic.
-------------------------------------------------------------------------------
 hi_fo_buf                 47130        0         0         0        0

           Trick     Calls     Accepts   Attempts    Time(secs) 
-----------------------------------------------------------
       hi_fo_buf         2  (        1 /        1 )  0.03

 
Incremental optimization status
===============================
                                    Worst     Total - - DRC Totals - -
                           Total  Weighted     Neg      Max       Max 
Operation                   Area  Neg Slk     Slack    Trans      Cap 
 init_delay                47130        0         0         0        0

           Trick     Calls     Accepts   Attempts    Time(secs) 
-----------------------------------------------------------
       crit_upsz         0  (        0 /        0 )  0.00
    plc_bal_star         0  (        0 /        0 )  0.00
     drc_buftimb         0  (        0 /        0 )  0.00
          plc_st         0  (        0 /        0 )  0.00
    plc_st_fence         0  (        0 /        0 )  0.00
        plc_star         0  (        0 /        0 )  0.00
      plc_laf_st         0  (        0 /        0 )  0.00
 plc_laf_st_fence         0  (        0 /        0 )  0.00
     drc_buftims         0  (        0 /        0 )  0.00
            fopt         0  (        0 /        0 )  0.00
   plc_laf_lo_st         0  (        0 /        0 )  0.00
       plc_lo_st         0  (        0 /        0 )  0.00
        mb_split         0  (        0 /        0 )  0.00

 
Local TNS optimization status
=============================
                                    Worst     Total - - DRC Totals - -
                           Total  Weighted     Neg      Max       Max 
Operation                   Area  Neg Slk     Slack    Trans      Cap 
 init_tns                  47130        0         0         0        0

           Trick     Calls     Accepts   Attempts    Time(secs) 
-----------------------------------------------------------
    plc_bal_star         0  (        0 /        0 )  0.00
     drc_buftimb         0  (        0 /        0 )  0.00
     drc_buftims         0  (        0 /        0 )  0.00
       crit_upsz         0  (        0 /        0 )  0.00
   plc_laf_lo_st         0  (        0 /        0 )  0.00
       plc_lo_st         0  (        0 /        0 )  0.00
            fopt         0  (        0 /        0 )  0.00
       crit_dnsz         0  (        0 /        0 )  0.00
             dup         0  (        0 /        0 )  0.00
        setup_dn         0  (        0 /        0 )  0.00
        mb_split         0  (        0 /        0 )  0.00

PBS_TechMap-Postmap Cleanup - Elapsed_Time 0, CPU_Time 0.9028660000000173
stamp 'PBS_TechMap-Postmap Cleanup' being created for table 'pbs_debug'

  Total Time (Wall) |  Stage Time (Wall)  |   % (Wall)   |    Date - Time     |  Memory   | Stage
--------------------+---------------------+--------------+--------------------+-----------+----------------------
 00:00:07(00:00:05) |  00:00:00(00:00:00) |   0.0(  0.0) |   11:34:43 (Jun28) |  496.8 MB | PBS_Generic-Start
--------------------+---------------------+--------------+--------------------+-----------+----------------------
 00:01:12(00:01:10) |  00:01:05(00:01:05) |  61.9( 56.0) |   11:35:48 (Jun28) |  977.8 MB | PBS_Generic_Opt-Post
--------------------+---------------------+--------------+--------------------+-----------+----------------------
 00:01:12(00:01:10) |  00:00:00(00:00:00) |   0.0(  0.0) |   11:35:48 (Jun28) |  977.8 MB | PBS_Generic-Postgen HBO Optimizations
--------------------+---------------------+--------------+--------------------+-----------+----------------------
 00:01:12(00:01:10) |  00:00:00(00:00:00) |   0.0(  0.0) |   11:35:48 (Jun28) |  977.8 MB | PBS_TechMap-Start
--------------------+---------------------+--------------+--------------------+-----------+----------------------
 00:01:13(00:01:11) |  00:00:01(00:00:01) |   0.9(  0.9) |   11:35:49 (Jun28) |  977.8 MB | PBS_TechMap-Premap HBO Optimizations
--------------------+---------------------+--------------+--------------------+-----------+----------------------
 00:01:50(00:01:59) |  00:00:36(00:00:48) |  34.5( 41.4) |   11:36:37 (Jun28) |   1.24 GB | PBS_Techmap-Global Mapping
--------------------+---------------------+--------------+--------------------+-----------+----------------------
 00:01:52(00:02:00) |  00:00:01(00:00:01) |   1.8(  0.9) |   11:36:38 (Jun28) |   1.24 GB | PBS_TechMap-Datapath Postmap Operations
--------------------+---------------------+--------------+--------------------+-----------+----------------------
 00:01:52(00:02:00) |  00:00:00(00:00:00) |  -0.1(  0.0) |   11:36:38 (Jun28) |   1.24 GB | PBS_TechMap-Postmap HBO Optimizations
--------------------+---------------------+--------------+--------------------+-----------+----------------------
 00:01:52(00:02:01) |  00:00:00(00:00:01) |   0.0(  0.9) |   11:36:39 (Jun28) |   1.24 GB | PBS_TechMap-Postmap Clock Gating
--------------------+---------------------+--------------+--------------------+-----------+----------------------
 00:01:53(00:02:01) |  00:00:00(00:00:00) |   0.9(  0.0) |   11:36:39 (Jun28) |   1.24 GB | PBS_TechMap-Postmap Cleanup
--------------------+---------------------+--------------+--------------------+-----------+----------------------
Number of threads: 8 * 1   (id: pbs_debug, time_info v1.57)
Info: (*N*) indicates data that was populated from previously saved time_info database
Info: CPU time includes time of parent + longest thread
PBS_Techmap-Post_MBCI - Elapsed_Time 0, CPU_Time 0.0
stamp 'PBS_Techmap-Post_MBCI' being created for table 'pbs_debug'

  Total Time (Wall) |  Stage Time (Wall)  |   % (Wall)   |    Date - Time     |  Memory   | Stage
--------------------+---------------------+--------------+--------------------+-----------+----------------------
 00:00:07(00:00:05) |  00:00:00(00:00:00) |   0.0(  0.0) |   11:34:43 (Jun28) |  496.8 MB | PBS_Generic-Start
--------------------+---------------------+--------------+--------------------+-----------+----------------------
 00:01:12(00:01:10) |  00:01:05(00:01:05) |  61.9( 56.0) |   11:35:48 (Jun28) |  977.8 MB | PBS_Generic_Opt-Post
--------------------+---------------------+--------------+--------------------+-----------+----------------------
 00:01:12(00:01:10) |  00:00:00(00:00:00) |   0.0(  0.0) |   11:35:48 (Jun28) |  977.8 MB | PBS_Generic-Postgen HBO Optimizations
--------------------+---------------------+--------------+--------------------+-----------+----------------------
 00:01:12(00:01:10) |  00:00:00(00:00:00) |   0.0(  0.0) |   11:35:48 (Jun28) |  977.8 MB | PBS_TechMap-Start
--------------------+---------------------+--------------+--------------------+-----------+----------------------
 00:01:13(00:01:11) |  00:00:01(00:00:01) |   0.9(  0.9) |   11:35:49 (Jun28) |  977.8 MB | PBS_TechMap-Premap HBO Optimizations
--------------------+---------------------+--------------+--------------------+-----------+----------------------
 00:01:50(00:01:59) |  00:00:36(00:00:48) |  34.5( 41.4) |   11:36:37 (Jun28) |   1.24 GB | PBS_Techmap-Global Mapping
--------------------+---------------------+--------------+--------------------+-----------+----------------------
 00:01:52(00:02:00) |  00:00:01(00:00:01) |   1.8(  0.9) |   11:36:38 (Jun28) |   1.24 GB | PBS_TechMap-Datapath Postmap Operations
--------------------+---------------------+--------------+--------------------+-----------+----------------------
 00:01:52(00:02:00) |  00:00:00(00:00:00) |  -0.1(  0.0) |   11:36:38 (Jun28) |   1.24 GB | PBS_TechMap-Postmap HBO Optimizations
--------------------+---------------------+--------------+--------------------+-----------+----------------------
 00:01:52(00:02:01) |  00:00:00(00:00:01) |   0.0(  0.9) |   11:36:39 (Jun28) |   1.24 GB | PBS_TechMap-Postmap Clock Gating
--------------------+---------------------+--------------+--------------------+-----------+----------------------
 00:01:53(00:02:01) |  00:00:00(00:00:00) |   0.9(  0.0) |   11:36:39 (Jun28) |   1.24 GB | PBS_TechMap-Postmap Cleanup
--------------------+---------------------+--------------+--------------------+-----------+----------------------
 00:01:53(00:02:01) |  00:00:00(00:00:00) |   0.0(  0.0) |   11:36:39 (Jun28) |   1.24 GB | PBS_Techmap-Post_MBCI
--------------------+---------------------+--------------+--------------------+-----------+----------------------
Number of threads: 8 * 1   (id: pbs_debug, time_info v1.57)
Info: (*N*) indicates data that was populated from previously saved time_info database
Info: CPU time includes time of parent + longest thread
##>=================== Cadence Confidential (Mapping-Logical) ===================
##>Main Thread Summary:
##>----------------------------------------------------------------------------------------
##>STEP                           Elapsed       WNS       TNS     Insts      Area    Memory
##>----------------------------------------------------------------------------------------
##>M:Initial                            0         -         -     30317     35791       977
##>M:Pre Cleanup                        0         -         -     30317     35791       977
##>M:Setup                              0         -         -         -         -         -
##>M:Launch ST                          0         -         -         -         -         -
##>M:Design Partition                   0         -         -         -         -         -
##>M:Create Partition Netlists          0         -         -         -         -         -
##>M:Init Power                         0         -         -         -         -         -
##>M:Budgeting                          0         -         -         -         -         -
##>M:Derenv-DB                          0         -         -         -         -         -
##>M:Debug Outputs                      0         -         -         -         -         -
##>M:ST loading                         0         -         -         -         -         -
##>M:Distributed                        0         -         -         -         -         -
##>M:Timer                              0         -         -         -         -         -
##>M:Assembly                           0         -         -         -         -         -
##>M:DFT                                0         -         -         -         -         -
##>M:DP Operations                      1         -         -     13761     27048      1239
##>M:Const Prop                         0         -         0     13761     27048      1239
##>M:Cleanup                            0         -         0     13774     27055      1239
##>M:MBCI                               0         -         -     13774     27055      1239
##>M:Const Gate Removal                 0         -         -         -         -         -
##>M:Misc                              50
##>----------------------------------------------------------------------------------------
##>Total Elapsed                       51
##>========================================================================================

+-----------+-----------+-----+----------------------+---------------------------+
|   Host    |  Machine  | CPU | Physical Memory (MB) | Peak Physical Memory (MB) |
+-----------+-----------+-----+----------------------+---------------------------+
| localhost | localhost |  1  |        1239.0        |          1443.5           |
+-----------+-----------+-----+----------------------+---------------------------+

+---------------+----------------------+---------------------------+
|    Server     | Physical Memory (MB) | Peak Physical Memory (MB) |
+---------------+----------------------+---------------------------+
| localhost_1_0 |        326.2         |           572.9           |
+---------------+----------------------+---------------------------+

Info    : Done mapping. [SYNTH-5]
        : Done mapping 'riscv_core'.
      flow.cputime  flow.realtime  timing.setup.tns  timing.setup.wns  snapshot
UM:*                                                                   syn_map
@file(run.tcl) 13: syn_opt
Current PLE settings:

Aspect ratio        : 1.000
Shrink factor       : 1.000
Scale of res/length : 1.000
Scale of cap/length : 1.000
Net derating factor : 1.000
Thermal factor      : 1.000
Via Resistance      : 0.000 ohm (from default)
Site size           : 1.590 um (from lef [tech+cell])

                                   Capacitance  
  Layer                             / Length         Data source:
Name        Direction Utilization  (pF/micron)       lef_library
------------------------------------------------
metal1          H         0.00        0.000083  
metal2          V         1.00        0.000044  
metal3          H         1.00        0.000030  
metal4          V         1.00        0.000024  
metal5          H         1.00        0.000015  
metal6          V         1.00        0.000011  
metal7          H         1.00        0.000011  
metal8          V         1.00        0.000007  
metal9          H         1.00        0.000007  
metal10         V         1.00        0.000004  

                                    Resistance   
  Layer                              / Length         Data source:
Name        Direction Utilization  (ohm/micron)       lef_library
-------------------------------------------------
metal1          H         0.00         5.428571  
metal2          V         1.00         3.571429  
metal3          H         1.00         3.571429  
metal4          V         1.00         1.500000  
metal5          H         1.00         1.500000  
metal6          V         1.00         1.500000  
metal7          H         1.00         0.187500  
metal8          V         1.00         0.187500  
metal9          H         1.00         0.037500  
metal10         V         1.00         0.037500  

                                        Area     
  Layer                               / Length        Data source:
Name        Direction Utilization     (micron)        lef_library
-------------------------------------------------
metal1          H         0.00         0.070000  
metal2          V         1.00         0.070000  
metal3          H         1.00         0.070000  
metal4          V         1.00         0.140000  
metal5          H         1.00         0.140000  
metal6          V         1.00         0.140000  
metal7          H         1.00         0.400000  
metal8          V         1.00         0.400000  
metal9          H         1.00         0.800000  
metal10         V         1.00         0.800000  

Info    : Incrementally optimizing. [SYNTH-7]
        : Incrementally optimizing 'riscv_core' using 'high' effort.
 
Incremental optimization status
===============================
                                    Worst     Total - - DRC Totals - -
                           Total  Weighted     Neg      Max       Max 
Operation                   Area  Neg Slk     Slack    Trans      Cap 
 init_iopt                 47130        0         0         0        0
-------------------------------------------------------------------------------
 const_prop                47130        0         0         0        0
 simp_cc_inputs            47068        0         0         0        0
-------------------------------------------------------------------------------
 hi_fo_buf                 47068        0         0         0        0

           Trick     Calls     Accepts   Attempts    Time(secs) 
-----------------------------------------------------------
       hi_fo_buf         1  (        0 /        0 )  0.00

 
Incremental optimization status
===============================
                                    Worst     Total - - DRC Totals - -
                           Total  Weighted     Neg      Max       Max 
Operation                   Area  Neg Slk     Slack    Trans      Cap 
 init_delay                47068        0         0         0        0

           Trick     Calls     Accepts   Attempts    Time(secs) 
-----------------------------------------------------------
        crit_msz         0  (        0 /        0 )  0.00
       crit_upsz         0  (        0 /        0 )  0.00
       crit_slew         0  (        0 /        0 )  0.00
        setup_dn         0  (        0 /        0 )  0.00
    plc_bal_star         0  (        0 /        0 )  0.00
     drc_buftimb         0  (        0 /        0 )  0.00
          plc_st         0  (        0 /        0 )  0.00
    plc_st_fence         0  (        0 /        0 )  0.00
        plc_star         0  (        0 /        0 )  0.00
      plc_laf_st         0  (        0 /        0 )  0.00
 plc_laf_st_fence         0  (        0 /        0 )  0.00
     drc_buftims         0  (        0 /        0 )  0.00
   plc_laf_lo_st         0  (        0 /        0 )  0.00
       plc_lo_st         0  (        0 /        0 )  0.00
            fopt         0  (        0 /        0 )  0.00
       crit_swap         0  (        0 /        0 )  0.00
       mux2_swap         0  (        0 /        0 )  0.00
       crit_dnsz         0  (        0 /        0 )  0.00
       load_swap         0  (        0 /        0 )  0.00
            fopt         0  (        0 /        0 )  0.00
        setup_dn         0  (        0 /        0 )  0.00
       load_isol         0  (        0 /        0 )  0.00
       load_isol         0  (        0 /        0 )  0.00
        move_for         0  (        0 /        0 )  0.00
        move_for         0  (        0 /        0 )  0.00
          rem_bi         0  (        0 /        0 )  0.00
         offload         0  (        0 /        0 )  0.00
          rem_bi         0  (        0 /        0 )  0.00
         offload         0  (        0 /        0 )  0.00
           phase         0  (        0 /        0 )  0.00
        in_phase         0  (        0 /        0 )  0.00
       merge_bit         0  (        0 /        0 )  0.00
     merge_idrvr         0  (        0 /        0 )  0.00
     merge_iload         0  (        0 /        0 )  0.00
    merge_idload         0  (        0 /        0 )  0.00
      merge_drvr         0  (        0 /        0 )  0.00
      merge_load         0  (        0 /        0 )  0.00
          decomp         0  (        0 /        0 )  0.00
        p_decomp         0  (        0 /        0 )  0.00
        levelize         0  (        0 /        0 )  0.00
        mb_split         0  (        0 /        0 )  0.00
             dup         0  (        0 /        0 )  0.00
      mux_retime         0  (        0 /        0 )  0.00
         buf2inv         0  (        0 /        0 )  0.00
             exp         0  (        0 /        0 )  0.00
       gate_deco         0  (        0 /        0 )  0.00
       gcomp_tim         0  (        0 /        0 )  0.00
  inv_pair_2_buf         0  (        0 /        0 )  0.00


           Trick     Calls     Accepts   Attempts    Time(secs) 
-----------------------------------------------------------
         crr_220         0  (        0 /        0 )  0.00
        crr_glob         0  (        0 /        0 )  0.00
         crr_200         0  (        0 /        0 )  0.00
        crr_glob         0  (        0 /        0 )  0.00
         crr_300         0  (        0 /        0 )  0.00
        crr_glob         0  (        0 /        0 )  0.00
         crr_400         0  (        0 /        0 )  0.00
        crr_glob         0  (        0 /        0 )  0.00
         crr_111         0  (        0 /        0 )  0.00
        crr_glob         0  (        0 /        0 )  0.00
         crr_210         0  (        0 /        0 )  0.00
        crr_glob         0  (        0 /        0 )  0.00
         crr_110         0  (        0 /        0 )  0.00
        crr_glob         0  (        0 /        0 )  0.00
         crr_101         0  (        0 /        0 )  0.00
        crr_glob         0  (        0 /        0 )  0.00
         crr_201         0  (        0 /        0 )  0.00
        crr_glob         0  (        0 /        0 )  0.00
         crr_211         0  (        0 /        0 )  0.00
        crr_glob         0  (        0 /        0 )  0.00
        crit_msz         0  (        0 /        0 )  0.00
       crit_upsz         0  (        0 /        0 )  0.00
       crit_slew         0  (        0 /        0 )  0.00
        setup_dn         0  (        0 /        0 )  0.00
    plc_bal_star         0  (        0 /        0 )  0.00
     drc_buftimb         0  (        0 /        0 )  0.00
          plc_st         0  (        0 /        0 )  0.00
    plc_st_fence         0  (        0 /        0 )  0.00
        plc_star         0  (        0 /        0 )  0.00
      plc_laf_st         0  (        0 /        0 )  0.00
 plc_laf_st_fence         0  (        0 /        0 )  0.00
     drc_buftims         0  (        0 /        0 )  0.00
       plc_lo_st         0  (        0 /        0 )  0.00
            fopt         0  (        0 /        0 )  0.00
       crit_swap         0  (        0 /        0 )  0.00
       mux2_swap         0  (        0 /        0 )  0.00
       crit_dnsz         0  (        0 /        0 )  0.00
       load_swap         0  (        0 /        0 )  0.00
            fopt         0  (        0 /        0 )  0.00
        setup_dn         0  (        0 /        0 )  0.00
       load_isol         0  (        0 /        0 )  0.00
       load_isol         0  (        0 /        0 )  0.00
        move_for         0  (        0 /        0 )  0.00
        move_for         0  (        0 /        0 )  0.00
          rem_bi         0  (        0 /        0 )  0.00
         offload         0  (        0 /        0 )  0.00
          rem_bi         0  (        0 /        0 )  0.00
         offload         0  (        0 /        0 )  0.00
       merge_bit         0  (        0 /        0 )  0.00
     merge_idrvr         0  (        0 /        0 )  0.00
     merge_iload         0  (        0 /        0 )  0.00
    merge_idload         0  (        0 /        0 )  0.00
      merge_drvr         0  (        0 /        0 )  0.00
      merge_load         0  (        0 /        0 )  0.00
           phase         0  (        0 /        0 )  0.00
          decomp         0  (        0 /        0 )  0.00
        p_decomp         0  (        0 /        0 )  0.00
        levelize         0  (        0 /        0 )  0.00
        mb_split         0  (        0 /        0 )  0.00
        in_phase         0  (        0 /        0 )  0.00
             dup         0  (        0 /        0 )  0.00
      mux_retime         0  (        0 /        0 )  0.00
         buf2inv         0  (        0 /        0 )  0.00
             exp         0  (        0 /        0 )  0.00
       gate_deco         0  (        0 /        0 )  0.00
       gcomp_tim         0  (        0 /        0 )  0.00
  inv_pair_2_buf         0  (        0 /        0 )  0.00
 init_drc                  47068        0         0         0        0

           Trick     Calls     Accepts   Attempts    Time(secs) 
-----------------------------------------------------------
          plc_st         0  (        0 /        0 )  0.00
        plc_star         0  (        0 /        0 )  0.00
        drc_bufs         0  (        0 /        0 )  0.00
        drc_fopt         0  (        0 /        0 )  0.00
        drc_bufb         0  (        0 /        0 )  0.00
      simple_buf         0  (        0 /        0 )  0.00
             dup         0  (        0 /        0 )  0.00
       crit_dnsz         0  (        0 /        0 )  0.00
       crit_upsz         0  (        0 /        0 )  0.00
       crit_slew         0  (        0 /        0 )  0.00


           Trick     Calls     Accepts   Attempts    Time(secs) 
-----------------------------------------------------------
          plc_st         0  (        0 /        0 )  0.00
        plc_star         0  (        0 /        0 )  0.00
      drc_buf_sp         0  (        0 /        0 )  0.00
        drc_bufs         0  (        0 /        0 )  0.00
        drc_fopt         0  (        0 /        0 )  0.00
        drc_bufb         0  (        0 /        0 )  0.00
      simple_buf         0  (        0 /        0 )  0.00
             dup         0  (        0 /        0 )  0.00
       crit_dnsz         0  (        0 /        0 )  0.00
       crit_upsz         0  (        0 /        0 )  0.00


           Trick     Calls     Accepts   Attempts    Time(secs) 
-----------------------------------------------------------
          plc_st         0  (        0 /        0 )  0.00
        plc_star         0  (        0 /        0 )  0.00
      drc_buf_sp         0  (        0 /        0 )  0.00
        drc_bufs         0  (        0 /        0 )  0.00
        drc_fopt         0  (        0 /        0 )  0.00
        drc_bufb         0  (        0 /        0 )  0.00
             dup         0  (        0 /        0 )  0.00
       crit_dnsz         0  (        0 /        0 )  0.00
       crit_upsz         0  (        0 /        0 )  0.00

 init_tns                  47068        0         0         0        0

           Trick     Calls     Accepts   Attempts    Time(secs) 
-----------------------------------------------------------
            fopt         0  (        0 /        0 )  0.00
    plc_bal_star         0  (        0 /        0 )  0.00
     drc_buftimb         0  (        0 /        0 )  0.00
     drc_buftims         0  (        0 /        0 )  0.00
        crit_msz         0  (        0 /        0 )  0.00
       crit_upsz         0  (        0 /        0 )  0.00
   plc_laf_lo_st         0  (        0 /        0 )  0.00
       plc_lo_st         0  (        0 /        0 )  0.00
       crit_swap         0  (        0 /        0 )  0.00
       mux2_swap         0  (        0 /        0 )  0.00
       crit_dnsz         0  (        0 /        0 )  0.00
       load_swap         0  (        0 /        0 )  0.00
            fopt         0  (        0 /        0 )  0.00
        setup_dn         0  (        0 /        0 )  0.00
       load_isol         0  (        0 /        0 )  0.00
       load_isol         0  (        0 /        0 )  0.00
        move_for         0  (        0 /        0 )  0.00
        move_for         0  (        0 /        0 )  0.00
          rem_bi         0  (        0 /        0 )  0.00
         offload         0  (        0 /        0 )  0.00
          rem_bi         0  (        0 /        0 )  0.00
         offload         0  (        0 /        0 )  0.00
       merge_bit         0  (        0 /        0 )  0.00
     merge_idrvr         0  (        0 /        0 )  0.00
     merge_iload         0  (        0 /        0 )  0.00
    merge_idload         0  (        0 /        0 )  0.00
      merge_drvr         0  (        0 /        0 )  0.00
      merge_load         0  (        0 /        0 )  0.00
           phase         0  (        0 /        0 )  0.00
          decomp         0  (        0 /        0 )  0.00
        p_decomp         0  (        0 /        0 )  0.00
        levelize         0  (        0 /        0 )  0.00
        mb_split         0  (        0 /        0 )  0.00
             dup         0  (        0 /        0 )  0.00
      mux_retime         0  (        0 /        0 )  0.00
       crr_local         0  (        0 /        0 )  0.00
         buf2inv         0  (        0 /        0 )  0.00

 init_area                 47068        0         0         0        0
 undup                     47066        0         0         0        0
 rem_buf                   46998        0         0         0        0
 rem_inv                   46724        0         0         0        0
 merge_bi                  46555        0         0         0        0
 rem_inv_qb                46457        0         0         0        0
 io_phase                  46448        0         0         0        0
 gate_comp                 46438        0         0         0        0
 gate_deco_area            46411        0         0         0        0
 rem_buf                   46382        0         0         0        0

           Trick     Calls     Accepts   Attempts    Time(secs) 
-----------------------------------------------------------
           undup         1  (        1 /        1 )  0.03
         rem_buf        42  (       42 /       42 )  0.10
         rem_inv       227  (      200 /      200 )  0.64
        merge_bi       121  (      121 /      121 )  0.47
      rem_inv_qb       106  (        3 /        3 )  0.07
    seq_res_area        27  (        0 /        0 )  3.22
        io_phase        12  (        7 /        7 )  0.05
       gate_comp       141  (        8 /        8 )  0.61
       gcomp_mog         2  (        0 /        0 )  0.19
       glob_area        50  (        0 /       50 )  0.04
       area_down        23  (        0 /        0 )  0.12
      size_n_buf         0  (        0 /        0 )  0.01
  gate_deco_area         9  (        9 /        9 )  0.03
         rem_buf        18  (       18 /       18 )  0.03
         rem_inv         5  (        0 /        0 )  0.01
        merge_bi         0  (        0 /        0 )  0.01
      rem_inv_qb        13  (        0 /        0 )  0.01

 
Incremental optimization status
===============================
                                    Worst     Total - - DRC Totals - -
                           Total  Weighted     Neg      Max       Max 
Operation                   Area  Neg Slk     Slack    Trans      Cap 
 init_delay                46382        0         0         0        0

           Trick     Calls     Accepts   Attempts    Time(secs) 
-----------------------------------------------------------
         crr_220         0  (        0 /        0 )  0.00
        crr_glob         0  (        0 /        0 )  0.00
         crr_200         0  (        0 /        0 )  0.00
        crr_glob         0  (        0 /        0 )  0.00
         crr_300         0  (        0 /        0 )  0.00
        crr_glob         0  (        0 /        0 )  0.00
         crr_400         0  (        0 /        0 )  0.00
        crr_glob         0  (        0 /        0 )  0.00
         crr_111         0  (        0 /        0 )  0.00
        crr_glob         0  (        0 /        0 )  0.00
         crr_210         0  (        0 /        0 )  0.00
        crr_glob         0  (        0 /        0 )  0.00
         crr_110         0  (        0 /        0 )  0.00
        crr_glob         0  (        0 /        0 )  0.00
         crr_101         0  (        0 /        0 )  0.00
        crr_glob         0  (        0 /        0 )  0.00
         crr_201         0  (        0 /        0 )  0.00
        crr_glob         0  (        0 /        0 )  0.00
         crr_211         0  (        0 /        0 )  0.00
        crr_glob         0  (        0 /        0 )  0.00
        crit_msz         0  (        0 /        0 )  0.00
       crit_upsz         0  (        0 /        0 )  0.00
       crit_slew         0  (        0 /        0 )  0.00
        setup_dn         0  (        0 /        0 )  0.00
    plc_bal_star         0  (        0 /        0 )  0.00
     drc_buftimb         0  (        0 /        0 )  0.00
          plc_st         0  (        0 /        0 )  0.00
    plc_st_fence         0  (        0 /        0 )  0.00
        plc_star         0  (        0 /        0 )  0.00
      plc_laf_st         0  (        0 /        0 )  0.00
 plc_laf_st_fence         0  (        0 /        0 )  0.00
     drc_buftims         0  (        0 /        0 )  0.00
       plc_lo_st         0  (        0 /        0 )  0.00
            fopt         0  (        0 /        0 )  0.00
       crit_swap         0  (        0 /        0 )  0.00
       mux2_swap         0  (        0 /        0 )  0.00
       crit_dnsz         0  (        0 /        0 )  0.00
       load_swap         0  (        0 /        0 )  0.00
            fopt         0  (        0 /        0 )  0.00
        setup_dn         0  (        0 /        0 )  0.00
       load_isol         0  (        0 /        0 )  0.00
       load_isol         0  (        0 /        0 )  0.00
        move_for         0  (        0 /        0 )  0.00
        move_for         0  (        0 /        0 )  0.00
          rem_bi         0  (        0 /        0 )  0.00
         offload         0  (        0 /        0 )  0.00
          rem_bi         0  (        0 /        0 )  0.00
         offload         0  (        0 /        0 )  0.00
       merge_bit         0  (        0 /        0 )  0.00
     merge_idrvr         0  (        0 /        0 )  0.00
     merge_iload         0  (        0 /        0 )  0.00
    merge_idload         0  (        0 /        0 )  0.00
      merge_drvr         0  (        0 /        0 )  0.00
      merge_load         0  (        0 /        0 )  0.00
           phase         0  (        0 /        0 )  0.00
          decomp         0  (        0 /        0 )  0.00
        p_decomp         0  (        0 /        0 )  0.00
        levelize         0  (        0 /        0 )  0.00
        mb_split         0  (        0 /        0 )  0.00
        in_phase         0  (        0 /        0 )  0.00
             dup         0  (        0 /        0 )  0.00
      mux_retime         0  (        0 /        0 )  0.00
         buf2inv         0  (        0 /        0 )  0.00
             exp         0  (        0 /        0 )  0.00
       gate_deco         0  (        0 /        0 )  0.00
       gcomp_tim         0  (        0 /        0 )  0.00
  inv_pair_2_buf         0  (        0 /        0 )  0.00
 init_drc                  46382        0         0         0        0

           Trick     Calls     Accepts   Attempts    Time(secs) 
-----------------------------------------------------------
          plc_st         0  (        0 /        0 )  0.00
        plc_star         0  (        0 /        0 )  0.00
        drc_bufs         0  (        0 /        0 )  0.00
        drc_fopt         0  (        0 /        0 )  0.00
        drc_bufb         0  (        0 /        0 )  0.00
      simple_buf         0  (        0 /        0 )  0.00
             dup         0  (        0 /        0 )  0.00
       crit_dnsz         0  (        0 /        0 )  0.00
       crit_upsz         0  (        0 /        0 )  0.00
       crit_slew         0  (        0 /        0 )  0.00


           Trick     Calls     Accepts   Attempts    Time(secs) 
-----------------------------------------------------------
          plc_st         0  (        0 /        0 )  0.00
        plc_star         0  (        0 /        0 )  0.00
        drc_bufs         0  (        0 /        0 )  0.00
        drc_fopt         0  (        0 /        0 )  0.00
        drc_bufb         0  (        0 /        0 )  0.00
      simple_buf         0  (        0 /        0 )  0.00
             dup         0  (        0 /        0 )  0.00
       crit_dnsz         0  (        0 /        0 )  0.00
       crit_upsz         0  (        0 /        0 )  0.00


           Trick     Calls     Accepts   Attempts    Time(secs) 
-----------------------------------------------------------
          plc_st         0  (        0 /        0 )  0.00
        plc_star         0  (        0 /        0 )  0.00
        drc_bufs         0  (        0 /        0 )  0.00
        drc_fopt         0  (        0 /        0 )  0.00
        drc_bufb         0  (        0 /        0 )  0.00
             dup         0  (        0 /        0 )  0.00
       crit_dnsz         0  (        0 /        0 )  0.00
       crit_upsz         0  (        0 /        0 )  0.00

 init_tns                  46382        0         0         0        0

           Trick     Calls     Accepts   Attempts    Time(secs) 
-----------------------------------------------------------
            fopt         0  (        0 /        0 )  0.00
    plc_bal_star         0  (        0 /        0 )  0.00
     drc_buftimb         0  (        0 /        0 )  0.00
     drc_buftims         0  (        0 /        0 )  0.00
        crit_msz         0  (        0 /        0 )  0.00
       crit_upsz         0  (        0 /        0 )  0.00
   plc_laf_lo_st         0  (        0 /        0 )  0.00
       plc_lo_st         0  (        0 /        0 )  0.00
       crit_swap         0  (        0 /        0 )  0.00
       mux2_swap         0  (        0 /        0 )  0.00
       crit_dnsz         0  (        0 /        0 )  0.00
       load_swap         0  (        0 /        0 )  0.00
            fopt         0  (        0 /        0 )  0.00
        setup_dn         0  (        0 /        0 )  0.00
       load_isol         0  (        0 /        0 )  0.00
       load_isol         0  (        0 /        0 )  0.00
        move_for         0  (        0 /        0 )  0.00
        move_for         0  (        0 /        0 )  0.00
          rem_bi         0  (        0 /        0 )  0.00
         offload         0  (        0 /        0 )  0.00
          rem_bi         0  (        0 /        0 )  0.00
         offload         0  (        0 /        0 )  0.00
       merge_bit         0  (        0 /        0 )  0.00
     merge_idrvr         0  (        0 /        0 )  0.00
     merge_iload         0  (        0 /        0 )  0.00
    merge_idload         0  (        0 /        0 )  0.00
      merge_drvr         0  (        0 /        0 )  0.00
      merge_load         0  (        0 /        0 )  0.00
           phase         0  (        0 /        0 )  0.00
          decomp         0  (        0 /        0 )  0.00
        p_decomp         0  (        0 /        0 )  0.00
        levelize         0  (        0 /        0 )  0.00
        mb_split         0  (        0 /        0 )  0.00
             dup         0  (        0 /        0 )  0.00
      mux_retime         0  (        0 /        0 )  0.00
       crr_local         0  (        0 /        0 )  0.00
         buf2inv         0  (        0 /        0 )  0.00

 init_area                 46382        0         0         0        0
 undup                     46365        0         0         0        0
 merge_bi                  46363        0         0         0        0

           Trick     Calls     Accepts   Attempts    Time(secs) 
-----------------------------------------------------------
           undup         7  (        7 /        7 )  0.05
         rem_buf         0  (        0 /        0 )  0.00
         rem_inv         5  (        0 /        0 )  0.01
        merge_bi         2  (        2 /        2 )  0.03
      rem_inv_qb        13  (        0 /        0 )  0.01
        io_phase         5  (        0 /        0 )  0.02
       gate_comp       128  (        0 /        0 )  0.57
       gcomp_mog         2  (        0 /        0 )  0.18
       glob_area        50  (        0 /       50 )  0.04
       area_down        23  (        0 /        0 )  0.12
      size_n_buf         0  (        0 /        0 )  0.01
  gate_deco_area         0  (        0 /        0 )  0.00

 
Incremental optimization status
===============================
                                    Worst     Total - - DRC Totals - -
                           Total  Weighted     Neg      Max       Max 
Operation                   Area  Neg Slk     Slack    Trans      Cap 
 init_delay                46363        0         0         0        0

           Trick     Calls     Accepts   Attempts    Time(secs) 
-----------------------------------------------------------
        crit_msz         0  (        0 /        0 )  0.00
       crit_upsz         0  (        0 /        0 )  0.00
       crit_slew         0  (        0 /        0 )  0.00
        setup_dn         0  (        0 /        0 )  0.00
    plc_bal_star         0  (        0 /        0 )  0.00
     drc_buftimb         0  (        0 /        0 )  0.00
          plc_st         0  (        0 /        0 )  0.00
    plc_st_fence         0  (        0 /        0 )  0.00
        plc_star         0  (        0 /        0 )  0.00
      plc_laf_st         0  (        0 /        0 )  0.00
 plc_laf_st_fence         0  (        0 /        0 )  0.00
     drc_buftims         0  (        0 /        0 )  0.00
   plc_laf_lo_st         0  (        0 /        0 )  0.00
       plc_lo_st         0  (        0 /        0 )  0.00
            fopt         0  (        0 /        0 )  0.00
       crit_swap         0  (        0 /        0 )  0.00
       mux2_swap         0  (        0 /        0 )  0.00
       crit_dnsz         0  (        0 /        0 )  0.00
       load_swap         0  (        0 /        0 )  0.00
            fopt         0  (        0 /        0 )  0.00
        setup_dn         0  (        0 /        0 )  0.00
       load_isol         0  (        0 /        0 )  0.00
       load_isol         0  (        0 /        0 )  0.00
        move_for         0  (        0 /        0 )  0.00
        move_for         0  (        0 /        0 )  0.00
          rem_bi         0  (        0 /        0 )  0.00
         offload         0  (        0 /        0 )  0.00
          rem_bi         0  (        0 /        0 )  0.00
         offload         0  (        0 /        0 )  0.00
           phase         0  (        0 /        0 )  0.00
        in_phase         0  (        0 /        0 )  0.00
       merge_bit         0  (        0 /        0 )  0.00
     merge_idrvr         0  (        0 /        0 )  0.00
     merge_iload         0  (        0 /        0 )  0.00
    merge_idload         0  (        0 /        0 )  0.00
      merge_drvr         0  (        0 /        0 )  0.00
      merge_load         0  (        0 /        0 )  0.00
          decomp         0  (        0 /        0 )  0.00
        p_decomp         0  (        0 /        0 )  0.00
        levelize         0  (        0 /        0 )  0.00
        mb_split         0  (        0 /        0 )  0.00
             dup         0  (        0 /        0 )  0.00
      mux_retime         0  (        0 /        0 )  0.00
         buf2inv         0  (        0 /        0 )  0.00
             exp         0  (        0 /        0 )  0.00
       gate_deco         0  (        0 /        0 )  0.00
       gcomp_tim         0  (        0 /        0 )  0.00
  inv_pair_2_buf         0  (        0 /        0 )  0.00

 init_drc                  46363        0         0         0        0

           Trick     Calls     Accepts   Attempts    Time(secs) 
-----------------------------------------------------------
          plc_st         0  (        0 /        0 )  0.00
        plc_star         0  (        0 /        0 )  0.00
        drc_bufs         0  (        0 /        0 )  0.00
        drc_fopt         0  (        0 /        0 )  0.00
        drc_bufb         0  (        0 /        0 )  0.00
      simple_buf         0  (        0 /        0 )  0.00
             dup         0  (        0 /        0 )  0.00
       crit_dnsz         0  (        0 /        0 )  0.00
       crit_upsz         0  (        0 /        0 )  0.00
       crit_slew         0  (        0 /        0 )  0.00


           Trick     Calls     Accepts   Attempts    Time(secs) 
-----------------------------------------------------------
          plc_st         0  (        0 /        0 )  0.00
        plc_star         0  (        0 /        0 )  0.00
        drc_bufs         0  (        0 /        0 )  0.00
        drc_fopt         0  (        0 /        0 )  0.00
        drc_bufb         0  (        0 /        0 )  0.00
      simple_buf         0  (        0 /        0 )  0.00
             dup         0  (        0 /        0 )  0.00
       crit_dnsz         0  (        0 /        0 )  0.00
       crit_upsz         0  (        0 /        0 )  0.00


           Trick     Calls     Accepts   Attempts    Time(secs) 
-----------------------------------------------------------
          plc_st         0  (        0 /        0 )  0.00
        plc_star         0  (        0 /        0 )  0.00
        drc_bufs         0  (        0 /        0 )  0.00
        drc_fopt         0  (        0 /        0 )  0.00
        drc_bufb         0  (        0 /        0 )  0.00
             dup         0  (        0 /        0 )  0.00
       crit_dnsz         0  (        0 /        0 )  0.00
       crit_upsz         0  (        0 /        0 )  0.00

==================================
Stage : incr_opt 
==================================
  =================
   Message Summary
  =================
-------------------------------------------------------------------------------------------------------------------------------------------------------------------------------------------------------------------
|   Id    |  Sev   |Count |                                                                                     Message Text                                                                                      |
-------------------------------------------------------------------------------------------------------------------------------------------------------------------------------------------------------------------
| CFM-1   |Info    |    1 |Wrote dofile.                                                                                                                                                                          |
| CFM-5   |Info    |    1 |Wrote formal verification information.                                                                                                                                                 |
| CPI-506 |Warning |    1 |Command 'commit_power_intent' cannot proceed as there is no power intent loaded.                                                                                                       |
| GLO-51  |Info    |   15 |Hierarchical instance automatically ungrouped.                                                                                                                                         |
|         |        |      |Hierarchical instances can be automatically ungrouped to allow for better area or timing optimization. To prevent this ungroup, set the root-level attribute 'auto_ungroup' to 'none'. |
|         |        |      | You can also prevent individual ungroup with setting the attribute 'ungroup_ok' of instances or modules to 'false'.                                                                   |
| LBR-81  |Warning |    3 |Non-monotonic wireload model found.                                                                                                                                                    |
|         |        |      |Non-monotonic wireload models can cause problems during synthesis and/or mapping.  Raising some of the points in the curve to give it a monotonic shape.                               |
| LBR-155 |Info    |    1 |Mismatch in unateness between 'timing_sense' attribute and the function.                                                                                                               |
|         |        |      |The 'timing_sense' attribute will be respected.                                                                                                                                        |
| PA-7    |Info    |    4 |Resetting power analysis results.                                                                                                                                                      |
|         |        |      |All computed switching activities are removed.                                                                                                                                         |
| ST-112  |Info    |    7 |A super-threading server has been shut down normally.                                                                                                                                  |
|         |        |      |A super-threaded optimization is complete and a CPU server was successfully shut down.                                                                                                 |
| SYNTH-5 |Info    |    1 |Done mapping.                                                                                                                                                                          |
| SYNTH-7 |Info    |    1 |Incrementally optimizing.                                                                                                                                                              |
-------------------------------------------------------------------------------------------------------------------------------------------------------------------------------------------------------------------
Info    : Done incrementally optimizing. [SYNTH-8]
        : Done incrementally optimizing 'riscv_core'.
      flow.cputime  flow.realtime  timing.setup.tns  timing.setup.wns  snapshot
UM:*                                                                   syn_opt
@file(run.tcl) 14: report_gates > $OUT_PATH/gates.rep
@file(run.tcl) 15: write_hdl > $OUT_PATH/riscv_core_net.v
#@ End verbose source ../SCRIPTS/run.tcl
WARNING: This version of the tool is 1100 days old.
@genus:root: 2> exit

Lic Summary:
[11:46:22.419859] Cdslmd servers: cadence
[11:46:22.419864] Feature usage summary:
[11:46:22.419864] Genus_Synthesis

Normal exit.