###############################################################
#  Generated by:      Cadence Tempus 20.20-p001_1
#  OS:                Linux x86_64(Host ID APL4.kletech.ac.in)
#  Generated on:      Fri Apr  4 17:15:05 2025
#  Design:            momal
#  Command:           check_design -type timing -out_file outputs/check_design.rpt
###############################################################
#Design Check : timing (14150)
# --------------------------------------------------------------------------------------
# Message: Clock pin %s of instance %s has no clock constraint for view name %s.
#    Help: 
# --------------------------------------------------------------------------------------
dict set design_checks timing CHKTIM-4 {
  severity warning
  count 14150
  violations {
    {GN lckup74 default_emulate_view}
    {GN lckup73 default_emulate_view}
    {GN lckup72 default_emulate_view}
    {GN lckup71 default_emulate_view}
    {GN lckup70 default_emulate_view}
    {GN lckup69 default_emulate_view}
    {GN lckup68 default_emulate_view}
    {GN lckup67 default_emulate_view}
    {GN lckup66 default_emulate_view}
    {GN lckup65 default_emulate_view}
    {GN lckup64 default_emulate_view}
    {GN lckup63 default_emulate_view}
    {GN lckup62 default_emulate_view}
    {GN lckup61 default_emulate_view}
    {GN lckup60 default_emulate_view}
    {GN lckup59 default_emulate_view}
    {GN lckup58 default_emulate_view}
    {GN lckup57 default_emulate_view}
    {GN lckup56 default_emulate_view}
    {GN lckup55 default_emulate_view}
    {GN lckup54 default_emulate_view}
    {GN lckup53 default_emulate_view}
    {GN lckup52 default_emulate_view}
    {GN lckup51 default_emulate_view}
    {GN lckup50 default_emulate_view}
    {GN lckup49 default_emulate_view}
    {GN lckup48 default_emulate_view}
    {GN lckup47 default_emulate_view}
    {GN lckup46 default_emulate_view}
    {GN lckup45 default_emulate_view}
    {GN lckup44 default_emulate_view}
    {GN lckup43 default_emulate_view}
    {GN lckup42 default_emulate_view}
    {GN lckup41 default_emulate_view}
    {GN lckup40 default_emulate_view}
    {GN lckup39 default_emulate_view}
    {GN lckup38 default_emulate_view}
    {GN lckup36 default_emulate_view}
    {GN lckup34 default_emulate_view}
    {GN lckup33 default_emulate_view}
    {GN lckup32 default_emulate_view}
    {GN lckup30 default_emulate_view}
    {GN lckup29 default_emulate_view}
    {GN lckup28 default_emulate_view}
    {GN lckup27 default_emulate_view}
    {GN lckup26 default_emulate_view}
    {GN lckup25 default_emulate_view}
    {GN lckup24 default_emulate_view}
    {GN lckup23 default_emulate_view}
    {GN lckup22 default_emulate_view}
    {GN lckup21 default_emulate_view}
    {GN lckup20 default_emulate_view}
    {GN lckup19 default_emulate_view}
    {GN lckup18 default_emulate_view}
    {GN lckup17 default_emulate_view}
    {GN lckup16 default_emulate_view}
    {GN lckup15 default_emulate_view}
    {GN lckup14 default_emulate_view}
    {GN lckup13 default_emulate_view}
    {GN lckup12 default_emulate_view}
    {GN lckup11 default_emulate_view}
    {GN lckup10 default_emulate_view}
    {GN lckup9 default_emulate_view}
    {GN lckup8 default_emulate_view}
    {GN lckup7 default_emulate_view}
    {GN lckup6 default_emulate_view}
    {GN lckup5 default_emulate_view}
    {GN lckup4 default_emulate_view}
    {GN lckup3 default_emulate_view}
    {GN lckup2 default_emulate_view}
    {GN lckup1 default_emulate_view}
    {CK storm_U1_reg_12 default_emulate_view}
    {CK storm_U2_reg_10 default_emulate_view}
    {CK storm_U3_reg_3 default_emulate_view}
    {CK storm_U4_reg_77 default_emulate_view}
    {CK U5_reg_93 default_emulate_view}
    {CK kasa_U6_reg default_emulate_view}
    {CK U7_reg_3 default_emulate_view}
    {CK U9_reg_4 default_emulate_view}
    {CK U10_reg_137 default_emulate_view}
    {CK U11_reg_175 default_emulate_view}
    {CK U12_reg_81 default_emulate_view}
    {CK U13_reg_19 default_emulate_view}
    {CK tiki_U14_reg_reg_141_2 default_emulate_view}
    {CK tiki_U14_reg_reg_212_11 default_emulate_view}
    {CK tiki_U15_reg_12 default_emulate_view}
    {CK storm_U16_reg_24 default_emulate_view}
    {CK U17_reg_43 default_emulate_view}
    {CK U18_reg_1 default_emulate_view}
    {CK U19_reg_79 default_emulate_view}
    {CK U20_reg_429 default_emulate_view}
    {CK tiki_U14_reg_reg_70_0 default_emulate_view}
    {CK tiki_U14_reg_reg_184_7 default_emulate_view}
    {CK tiki_U14_reg_reg_69_4 default_emulate_view}
    {CK tiki_U14_reg_reg_187_8 default_emulate_view}
    {CK tiki_U21_reg_50 default_emulate_view}
    {CK storm_U22_reg_4 default_emulate_view}
    {CK storm_U23_reg_175 default_emulate_view}
    {CK U24_reg_1 default_emulate_view}
    {CK tiki_U14_reg_reg_174_0 default_emulate_view}
    {CK tiki_U14_reg_reg_178_0 default_emulate_view}
    {CK storm_U25_reg_1 default_emulate_view}
    {CK storm_U26_reg_11 default_emulate_view}
    {CK tiki_U27_reg_5 default_emulate_view}
    {CK U28_reg_3 default_emulate_view}
    {CK U29_reg_55 default_emulate_view}
    {CK tiki_U14_reg_reg_145_3 default_emulate_view}
    {CK U30_reg_28 default_emulate_view}
    {CK U31_reg_52 default_emulate_view}
    {CK U32_reg_188 default_emulate_view}
    {CK storm_U34_reg_117 default_emulate_view}
    {CK storm_U25_reg_9 default_emulate_view}
    {CK tiki_U14_reg_reg_193_7 default_emulate_view}
    {CK tiki_U14_reg_reg_88_9 default_emulate_view}
    {CK U35_reg_35 default_emulate_view}
    {CK storm_U22_reg_176 default_emulate_view}
    {CK U36_reg_4 default_emulate_view}
    {CK tiki_U14_reg_reg_200_4 default_emulate_view}
    {CK tiki_U37_reg_161 default_emulate_view}
    {CK U30_reg_238 default_emulate_view}
    {CK U38_reg_238 default_emulate_view}
    {CK U39_reg_18 default_emulate_view}
    {CK storm_U26_reg_15 default_emulate_view}
    {CK storm_U23_reg_135 default_emulate_view}
    {CK storm_U41_reg_122 default_emulate_view}
    {CK U42_reg_5 default_emulate_view}
    {CK tiki_U14_reg_reg_115_2 default_emulate_view}
    {CK storm_U22_reg_188 default_emulate_view}
    {CK storm_U43_reg_119 default_emulate_view}
    {CK tiki_U14_reg_reg_179_10 default_emulate_view}
    {CK tiki_U37_reg_124 default_emulate_view}
    {CK U45_reg_7 default_emulate_view}
    {CK U30_reg_21 default_emulate_view}
    {CK U46_reg_1 default_emulate_view}
    {CK U10_reg_182 default_emulate_view}
    {CK tiki_U47_reg_117 default_emulate_view}
    {CK storm_U22_reg_128 default_emulate_view}
    {CK kasa_U48_reg default_emulate_view}
    {CK storm_U3_reg_138 default_emulate_view}
    {CK U49_reg_14 default_emulate_view}
    {CK storm_U50_reg_170 default_emulate_view}
    {CK tiki_U47_reg_163 default_emulate_view}
    {CK tiki_U14_reg_reg_53_10 default_emulate_view}
    {CK U30_reg_217 default_emulate_view}
    {CK U11_reg_193 default_emulate_view}
    {CK tiki_U47_reg_132 default_emulate_view}
    {CK storm_U23_reg_164 default_emulate_view}
    {CK U51_reg_3 default_emulate_view}
    {CK storm_U52_reg_134 default_emulate_view}
    {CK storm_U53_reg_120 default_emulate_view}
    {CK tiki_U14_reg_reg_183_0 default_emulate_view}
    {CK U54_reg_0 default_emulate_view}
    {CK U55_reg_0 default_emulate_view}
    {CK tiki_U14_reg_reg_42_11 default_emulate_view}
    {CK tiki_U56_reg_1 default_emulate_view}
    {CK tiki_U14_reg_reg_245_6 default_emulate_view}
    {CK U29_reg_36 default_emulate_view}
    {CK storm_U1_reg_189 default_emulate_view}
    {CK storm_U22_reg_140 default_emulate_view}
    {CK tiki_U14_reg_reg_70_5 default_emulate_view}
    {CK U20_reg_218 default_emulate_view}
    {CK tiki_U14_reg_reg_66_4 default_emulate_view}
    {CK U32_reg_69 default_emulate_view}
    {CK U58_reg_4 default_emulate_view}
    {CK U5_reg_129 default_emulate_view}
    {CK storm_U59_reg_122 default_emulate_view}
    {CK storm_U41_reg_143 default_emulate_view}
    {CK kasa_U60_reg default_emulate_view}
    {CK kasa_U61_reg default_emulate_view}
    {CK storm_U62_reg_136 default_emulate_view}
    {CK U63_reg_67 default_emulate_view}
    {CK tiki_U14_reg_reg_188_1 default_emulate_view}
    {CK tiki_U14_reg_reg_161_10 default_emulate_view}
    {CK U20_reg_541 default_emulate_view}
    {CK U38_reg_101 default_emulate_view}
    {CK tiki_U14_reg_reg_134_11 default_emulate_view}
    {CK U30_reg_288 default_emulate_view}
    {CK U10_reg_117 default_emulate_view}
    {CK U65_reg_601 default_emulate_view}
    {CK U42_reg_0 default_emulate_view}
    {CK U10_reg_161 default_emulate_view}
    {CK U11_reg_230 default_emulate_view}
    {CK U11_reg_127 default_emulate_view}
    {CK U67_reg_2 default_emulate_view}
    {CK U68_reg default_emulate_view}
    {CK U12_reg_63 default_emulate_view}
    {CK U38_reg_8 default_emulate_view}
    {CK U38_reg_130 default_emulate_view}
    {CK U69_reg default_emulate_view}
    {CK U70_reg_3 default_emulate_view}
    {CK U71_reg_65 default_emulate_view}
    {CK U11_reg_101 default_emulate_view}
    {CK U20_reg_477 default_emulate_view}
    {CK U20_reg_186 default_emulate_view}
    {CK tiki_U14_reg_reg_101_8 default_emulate_view}
    {CK tiki_U14_reg_reg_201_9 default_emulate_view}
    {CK tiki_U14_reg_reg_218_11 default_emulate_view}
    {CK tiki_U14_reg_reg_111_11 default_emulate_view}
    {CK tiki_U14_reg_reg_189_3 default_emulate_view}
    {CK tiki_U14_reg_reg_2_9 default_emulate_view}
    {CK U24_reg_56 default_emulate_view}
    {CK tiki_U37_reg_131 default_emulate_view}
    {CK tiki_U14_reg_reg_181_10 default_emulate_view}
    {CK tiki_U47_reg_8 default_emulate_view}
    {CK tiki_U14_reg_reg_104_8 default_emulate_view}
    {CK U72_reg_5 default_emulate_view}
    {CK tiki_U14_reg_reg_80_2 default_emulate_view}
    {CK tiki_U14_reg_reg_133_4 default_emulate_view}
    {CK U73_reg_62 default_emulate_view}
    {CK tiki_U14_reg_reg_131_0 default_emulate_view}
    {CK U38_reg_144 default_emulate_view}
    {CK U19_reg_22 default_emulate_view}
    {CK tiki_U14_reg_reg_198_3 default_emulate_view}
    {CK U35_reg_26 default_emulate_view}
    {CK tiki_U14_reg_reg_217_3 default_emulate_view}
    {CK tiki_U21_reg_240 default_emulate_view}
    {CK U45_reg_54 default_emulate_view}
    {CK tiki_U14_reg_reg_136_4 default_emulate_view}
    {CK U10_reg_21 default_emulate_view}
    {CK storm_U43_reg_79 default_emulate_view}
    {CK storm_U50_reg_89 default_emulate_view}
    {CK storm_U3_reg_55 default_emulate_view}
    {CK kasa_U75_reg default_emulate_view}
    {CK tiki_U14_reg_reg_71_0 default_emulate_view}
    {CK tiki_U14_reg_reg_146_7 default_emulate_view}
    {CK U76_reg_59 default_emulate_view}
    {CK storm_U59_reg_61 default_emulate_view}
    {CK storm_U43_reg_69 default_emulate_view}
    {CK tiki_U14_reg_reg_6_3 default_emulate_view}
    {CK tiki_U14_reg_reg_160_7 default_emulate_view}
    {CK U77_reg_2 default_emulate_view}
    {CK U58_reg_65 default_emulate_view}
    {CK storm_U43_reg_87 default_emulate_view}
    {CK storm_U59_reg_184 default_emulate_view}
    {CK storm_U78_reg_211 default_emulate_view}
    {CK tiki_U14_reg_reg_229_3 default_emulate_view}
    {CK storm_U50_reg_76 default_emulate_view}
    {CK tiki_U14_reg_reg_77_1 default_emulate_view}
    {CK U49_reg_28 default_emulate_view}
    {CK storm_U50_reg_66 default_emulate_view}
    {CK U79_reg_5 default_emulate_view}
    {CK tiki_U14_reg_reg_166_2 default_emulate_view}
    {CK storm_U25_reg_197 default_emulate_view}
    {CK U5_reg_34 default_emulate_view}
    {CK U38_reg_75 default_emulate_view}
    {CK U51_reg_27 default_emulate_view}
    {CK storm_U80_reg_81 default_emulate_view}
    {CK storm_U78_reg_108 default_emulate_view}
    {CK storm_U1_reg_182 default_emulate_view}
    {CK tiki_U14_reg_reg_75_4 default_emulate_view}
    {CK tiki_U81_reg_11 default_emulate_view}
    {CK kasa_U82_reg default_emulate_view}
    {CK U83_reg_79 default_emulate_view}
    {CK storm_U34_reg_64 default_emulate_view}
    {CK storm_U2_reg_75 default_emulate_view}
    {CK tiki_U14_reg_reg_167_11 default_emulate_view}
    {CK tiki_U14_reg_reg_15_11 default_emulate_view}
    {CK tiki_U21_reg_168 default_emulate_view}
    {CK U30_reg_95 default_emulate_view}
    {CK U84_reg_60 default_emulate_view}
    {CK storm_U23_reg_192 default_emulate_view}
    {CK U5_reg_189 default_emulate_view}
    {CK U51_reg_90 default_emulate_view}
    {CK storm_U34_reg_87 default_emulate_view}
    {CK storm_U78_reg_67 default_emulate_view}
    {CK storm_U3_reg_185 default_emulate_view}
    {CK U85_reg_1 default_emulate_view}
    {CK storm_U80_reg_77 default_emulate_view}
    {CK U63_reg_53 default_emulate_view}
    {CK tiki_U86_reg_8 default_emulate_view}
    {CK U32_reg_15 default_emulate_view}
    {CK U87_reg_8 default_emulate_view}
    {CK U11_reg_217 default_emulate_view}
    {CK storm_U88_reg_79 default_emulate_view}
    {CK tiki_U14_reg_reg_4_11 default_emulate_view}
    {CK U10_reg_93 default_emulate_view}
    {CK tiki_U37_reg_138 default_emulate_view}
    {CK U65_reg_411 default_emulate_view}
    {CK tiki_U14_reg_reg_152_4 default_emulate_view}
    {CK storm_U59_reg_190 default_emulate_view}
    {CK storm_U25_reg_165 default_emulate_view}
    {CK storm_U3_reg_173 default_emulate_view}
    {CK storm_U88_reg_41 default_emulate_view}
    {CK storm_U88_reg_113 default_emulate_view}
    {CK storm_U89_reg_4 default_emulate_view}
    {CK U90_reg_5 default_emulate_view}
    {CK kasa_U91_reg default_emulate_view}
    {CK U17_reg_55 default_emulate_view}
    {CK U87_reg_78 default_emulate_view}
    {CK U87_reg_34 default_emulate_view}
    {CK tiki_U14_reg_reg_219_9 default_emulate_view}
    {CK tiki_U92_reg_6 default_emulate_view}
    {CK tiki_U37_reg_210 default_emulate_view}
    {CK tiki_U14_reg_reg_27_11 default_emulate_view}
    {CK storm_U16_reg_140 default_emulate_view}
    {CK tiki_U14_reg_reg_203_5 default_emulate_view}
    {CK U65_reg_111 default_emulate_view}
    {CK U65_reg_671 default_emulate_view}
    {CK U93_reg default_emulate_view}
    {CK U20_reg_259 default_emulate_view}
    {CK tiki_U14_reg_reg_111_1 default_emulate_view}
    {CK tiki_U14_reg_reg_91_7 default_emulate_view}
    {CK tiki_U14_reg_reg_68_10 default_emulate_view}
    {CK tiki_U14_reg_reg_49_8 default_emulate_view}
    {CK storm_U4_reg_122 default_emulate_view}
    {CK storm_U94_reg_14 default_emulate_view}
    {CK storm_U41_reg_197 default_emulate_view}
    {CK storm_U52_reg_194 default_emulate_view}
    {CK U29_reg_25 default_emulate_view}
    {CK U76_reg_32 default_emulate_view}
    {CK tiki_U95_reg_4 default_emulate_view}
    {CK tiki_U14_reg_reg_165_6 default_emulate_view}
    {CK tiki_U14_reg_reg_244_1 default_emulate_view}
    {CK storm_U96_reg_6 default_emulate_view}
    {CK storm_U88_reg_13 default_emulate_view}
    {CK storm_U53_reg_188 default_emulate_view}
    {CK tiki_U14_reg_reg_15_5 default_emulate_view}
    {CK storm_U88_reg_88 default_emulate_view}
    {CK storm_U4_reg_98 default_emulate_view}
    {CK U20_reg_395 default_emulate_view}
    {CK U65_reg_247 default_emulate_view}
    {CK tiki_U14_reg_reg_8_10 default_emulate_view}
    {CK tiki_U81_reg_18 default_emulate_view}
    {CK U38_reg_247 default_emulate_view}
    {CK U97_reg_11 default_emulate_view}
    {CK U98_reg_3 default_emulate_view}
    {CK U99_reg_10 default_emulate_view}
    {CK storm_U26_reg_141 default_emulate_view}
    {CK storm_U1_reg_215 default_emulate_view}
    {CK storm_U34_reg_167 default_emulate_view}
    {CK U20_reg_258 default_emulate_view}
    {CK kasa_U100_reg default_emulate_view}
    {CK storm_U101_reg_7 default_emulate_view}
    {CK U102_reg_1 default_emulate_view}
    {CK U20_reg_134 default_emulate_view}
    {CK U20_reg_135 default_emulate_view}
    {CK U104_reg_15 default_emulate_view}
    {CK U58_reg_43 default_emulate_view}
    {CK U17_reg_90 default_emulate_view}
    {CK U105_reg_11 default_emulate_view}
    {CK tiki_U47_reg_244 default_emulate_view}
    {CK U11_reg_194 default_emulate_view}
    {CK storm_U41_reg_170 default_emulate_view}
    {CK U5_reg_234 default_emulate_view}
    {CK U32_reg_193 default_emulate_view}
    {CK storm_U52_reg_115 default_emulate_view}
    {CK storm_U89_reg_1 default_emulate_view}
    {CK U65_reg_459 default_emulate_view}
    {CK U106_reg_3 default_emulate_view}
    {CK tiki_U21_reg_84 default_emulate_view}
    {CK tiki_U14_reg_reg_28_1 default_emulate_view}
    {CK U83_reg_0 default_emulate_view}
    {CK U20_reg_47 default_emulate_view}
    {CK U20_reg_46 default_emulate_view}
    {CK tiki_U14_reg_reg_59_5 default_emulate_view}
    {CK U30_reg_212 default_emulate_view}
    {CK U38_reg_197 default_emulate_view}
    {CK U38_reg_56 default_emulate_view}
    {CK tiki_U14_reg_reg_151_6 default_emulate_view}
    {CK storm_U34_reg_121 default_emulate_view}
    {CK storm_U2_reg_184 default_emulate_view}
    {CK U107_reg_3 default_emulate_view}
    {CK tiki_U14_reg_reg_124_9 default_emulate_view}
    {CK tiki_U47_reg_172 default_emulate_view}
    {CK U20_reg_307 default_emulate_view}
    {CK U65_reg_199 default_emulate_view}
    {CK U87_reg_59 default_emulate_view}
    {CK U84_reg_30 default_emulate_view}
    {CK U58_reg_54 default_emulate_view}
    {CK U5_reg_114 default_emulate_view}
    {CK U30_reg_8 default_emulate_view}
    {CK U65_reg_333 default_emulate_view}
    {CK tiki_U14_reg_reg_217_5 default_emulate_view}
    {CK tiki_U14_reg_reg_197_1 default_emulate_view}
    {CK storm_U88_reg_21 default_emulate_view}
    {CK storm_U53_reg_176 default_emulate_view}
    {CK storm_U41_reg_110 default_emulate_view}
    {CK storm_U80_reg_112 default_emulate_view}
    {CK U110_reg_2 default_emulate_view}
    {CK U10_reg_85 default_emulate_view}
    {CK U11_reg_100 default_emulate_view}
    {CK U17_reg_86 default_emulate_view}
    {CK tiki_U27_reg_3 default_emulate_view}
    {CK tiki_U14_reg_reg_55_4 default_emulate_view}
    {CK tiki_U14_reg_reg_114_10 default_emulate_view}
    {CK tiki_U14_reg_reg_102_0 default_emulate_view}
    {CK U65_reg_57 default_emulate_view}
    {CK U65_reg_623 default_emulate_view}
    {CK U65_reg_56 default_emulate_view}
    {CK U111_reg_3 default_emulate_view}
    {CK tiki_U37_reg_63 default_emulate_view}
    {CK tiki_U21_reg_128 default_emulate_view}
    {CK U65_reg_223 default_emulate_view}
    {CK tiki_U112_reg_4 default_emulate_view}
    {CK U49_reg_7 default_emulate_view}
    {CK U35_reg_34 default_emulate_view}
    {CK tiki_U21_reg_113 default_emulate_view}
    {CK storm_U50_reg_60 default_emulate_view}
    {CK storm_U78_reg_50 default_emulate_view}
    {CK storm_U78_reg_84 default_emulate_view}
    {CK U20_reg_91 default_emulate_view}
    {CK kasa_U113_reg default_emulate_view}
    {CK U7_reg_1 default_emulate_view}
    {CK U76_reg_15 default_emulate_view}
    {CK storm_U62_reg_10 default_emulate_view}
    {CK storm_U23_reg_21 default_emulate_view}
    {CK U65_reg_579 default_emulate_view}
    {CK U10_reg_158 default_emulate_view}
    {CK tiki_U14_reg_reg_107_1 default_emulate_view}
    {CK storm_U1_reg_38 default_emulate_view}
    {CK storm_U23_reg_64 default_emulate_view}
    {CK kasa_U115_reg default_emulate_view}
    {CK tiki_U21_reg_199 default_emulate_view}
    {CK storm_U16_reg_25 default_emulate_view}
    {CK U24_reg_80 default_emulate_view}
    {CK storm_U16_reg_15 default_emulate_view}
    {CK tiki_U47_reg_110 default_emulate_view}
    {CK U65_reg_121 default_emulate_view}
    {CK U65_reg_79 default_emulate_view}
    {CK tiki_U14_reg_reg_99_11 default_emulate_view}
    {CK storm_U52_reg_67 default_emulate_view}
    {CK tiki_U14_reg_reg_150_10 default_emulate_view}
    {CK tiki_U14_reg_reg_1_6 default_emulate_view}
    {CK U65_reg_443 default_emulate_view}
    {CK storm_U62_reg_59 default_emulate_view}
    {CK storm_U41_reg_62 default_emulate_view}
    {CK storm_U52_reg_20 default_emulate_view}
    {CK storm_U3_reg_51 default_emulate_view}
    {CK storm_U78_reg_48 default_emulate_view}
    {CK storm_U50_reg_30 default_emulate_view}
    {CK U118_reg_1 default_emulate_view}
    {CK U5_reg_96 default_emulate_view}
    {CK U38_reg_155 default_emulate_view}
    {CK U104_reg_45 default_emulate_view}
    {CK U120_reg_1 default_emulate_view}
    {CK U84_reg_32 default_emulate_view}
    {CK U31_reg_72 default_emulate_view}
    {CK U30_reg_279 default_emulate_view}
    {CK U30_reg_66 default_emulate_view}
    {CK tiki_U121_reg_1 default_emulate_view}
    {CK tiki_U47_reg_145 default_emulate_view}
    {CK storm_U41_reg_66 default_emulate_view}
    {CK U65_reg_215 default_emulate_view}
    {CK tiki_U14_reg_reg_73_0 default_emulate_view}
    {CK U20_reg_167 default_emulate_view}
    {CK tiki_U14_reg_reg_42_4 default_emulate_view}
    {CK tiki_U14_reg_reg_149_3 default_emulate_view}
    {CK tiki_U14_reg_reg_86_0 default_emulate_view}
    {CK tiki_U21_reg_10 default_emulate_view}
    {CK storm_U80_reg_27 default_emulate_view}
    {CK storm_U78_reg_23 default_emulate_view}
    {CK storm_U78_reg_13 default_emulate_view}
    {CK U49_reg_25 default_emulate_view}
    {CK U83_reg_47 default_emulate_view}
    {CK U122_reg_44 default_emulate_view}
    {CK tiki_U14_reg_reg_103_7 default_emulate_view}
    {CK tiki_U14_reg_reg_198_10 default_emulate_view}
    {CK U65_reg_421 default_emulate_view}
    {CK U123_reg_5 default_emulate_view}
    {CK U124_reg_0 default_emulate_view}
    {CK tiki_U125_reg default_emulate_view}
    {CK tiki_U126_reg_5 default_emulate_view}
    {CK tiki_U14_reg_reg_9_10 default_emulate_view}
    {CK tiki_U127_reg_4 default_emulate_view}
    {CK U29_reg_62 default_emulate_view}
    {CK storm_U78_reg_163 default_emulate_view}
    {CK tiki_U14_reg_reg_125_4 default_emulate_view}
    {CK tiki_U14_reg_reg_185_11 default_emulate_view}
    {CK tiki_U47_reg_48 default_emulate_view}
    {CK U65_reg_365 default_emulate_view}
    {CK U65_reg_615 default_emulate_view}
    {CK U65_reg_91 default_emulate_view}
    {CK tiki_U14_reg_reg_168_9 default_emulate_view}
    {CK U12_reg_50 default_emulate_view}
    {CK U128_reg default_emulate_view}
    {CK tiki_U14_reg_reg_105_8 default_emulate_view}
    {CK U107_reg_2 default_emulate_view}
    {CK U20_reg_291 default_emulate_view}
    {CK U20_reg_166 default_emulate_view}
    {CK U65_reg_359 default_emulate_view}
    {CK U129_reg_19 default_emulate_view}
    {CK U45_reg_0 default_emulate_view}
    {CK U30_reg_73 default_emulate_view}
    {CK U130_reg_1 default_emulate_view}
    {CK tiki_U14_reg_reg_79_1 default_emulate_view}
    {CK U5_reg_106 default_emulate_view}
    {CK U65_reg_120 default_emulate_view}
    {CK storm_U34_reg_164 default_emulate_view}
    {CK U71_reg_45 default_emulate_view}
    {CK U131_reg_1 default_emulate_view}
    {CK U45_reg_76 default_emulate_view}
    {CK U32_reg_31 default_emulate_view}
    {CK U32_reg_51 default_emulate_view}
    {CK tiki_U37_reg_168 default_emulate_view}
    {CK tiki_U14_reg_reg_177_6 default_emulate_view}
    {CK tiki_U14_reg_reg_163_9 default_emulate_view}
    {CK U20_reg_156 default_emulate_view}
    {CK U20_reg_31 default_emulate_view}
    {CK U132_reg_1 default_emulate_view}
    {CK tiki_U37_reg_31 default_emulate_view}
    {CK U20_reg_509 default_emulate_view}
    {CK U73_reg_35 default_emulate_view}
    {CK U35_reg_5 default_emulate_view}
    {CK tiki_U21_reg_69 default_emulate_view}
    {CK tiki_U14_reg_reg_74_9 default_emulate_view}
    {CK tiki_U14_reg_reg_179_5 default_emulate_view}
    {CK tiki_U47_reg_125 default_emulate_view}
    {CK U65_reg_578 default_emulate_view}
    {CK storm_U62_reg_85 default_emulate_view}
    {CK storm_U3_reg_83 default_emulate_view}
    {CK storm_U43_reg_76 default_emulate_view}
    {CK storm_U133_reg_69 default_emulate_view}
    {CK storm_U3_reg_65 default_emulate_view}
    {CK storm_U16_reg_59 default_emulate_view}
    {CK kasa_U134_reg default_emulate_view}
    {CK U135_reg_5 default_emulate_view}
    {CK U32_reg_114 default_emulate_view}
    {CK tiki_U121_reg_11 default_emulate_view}
    {CK tiki_U14_reg_reg_238_8 default_emulate_view}
    {CK tiki_U14_reg_reg_252_6 default_emulate_view}
    {CK storm_U26_reg_189 default_emulate_view}
    {CK U65_reg_364 default_emulate_view}
    {CK U65_reg_90 default_emulate_view}
    {CK U65_reg_153 default_emulate_view}
    {CK tiki_U14_reg_reg_229_2 default_emulate_view}
    {CK tiki_U14_reg_reg_247_2 default_emulate_view}
    {CK tiki_U14_reg_reg_12_1 default_emulate_view}
    {CK storm_U2_reg_52 default_emulate_view}
    {CK storm_U1_reg_41 default_emulate_view}
    {CK storm_U23_reg_33 default_emulate_view}
    {CK U73_reg_18 default_emulate_view}
    {CK tiki_U14_reg_reg_46_9 default_emulate_view}
    {CK tiki_U14_reg_reg_212_2 default_emulate_view}
    {CK tiki_U14_reg_reg_2_3 default_emulate_view}
    {CK storm_U52_reg_84 default_emulate_view}
    {CK storm_U78_reg_74 default_emulate_view}
    {CK storm_U3_reg_195 default_emulate_view}
    {CK U136_reg_2 default_emulate_view}
    {CK U24_reg_70 default_emulate_view}
    {CK storm_U43_reg_35 default_emulate_view}
    {CK U65_reg_358 default_emulate_view}
    {CK U20_reg_290 default_emulate_view}
    {CK tiki_U37_reg_53 default_emulate_view}
    {CK tiki_U21_reg_108 default_emulate_view}
    {CK U84_reg_55 default_emulate_view}
    {CK U38_reg_138 default_emulate_view}
    {CK U11_reg_130 default_emulate_view}
    {CK U5_reg_195 default_emulate_view}
    {CK tiki_U14_reg_reg_175_5 default_emulate_view}
    {CK storm_U22_reg_67 default_emulate_view}
    {CK storm_U53_reg_50 default_emulate_view}
    {CK storm_U78_reg_82 default_emulate_view}
    {CK U65_reg_152 default_emulate_view}
    {CK tiki_U21_reg_70 default_emulate_view}
    {CK tiki_U14_reg_reg_252_0 default_emulate_view}
    {CK storm_U25_reg_58 default_emulate_view}
    {CK U73_reg_79 default_emulate_view}
    {CK tiki_U14_reg_reg_189_10 default_emulate_view}
    {CK tiki_U14_reg_reg_87_6 default_emulate_view}
    {CK tiki_U14_reg_reg_114_2 default_emulate_view}
    {CK U65_reg_442 default_emulate_view}
    {CK U84_reg_65 default_emulate_view}
    {CK U138_reg_48 default_emulate_view}
    {CK storm_U53_reg_88 default_emulate_view}
    {CK tiki_U14_reg_reg_107_5 default_emulate_view}
    {CK U87_reg_21 default_emulate_view}
    {CK U122_reg_42 default_emulate_view}
    {CK tiki_U37_reg_238 default_emulate_view}
    {CK tiki_U14_reg_reg_24_9 default_emulate_view}
    {CK tiki_U37_reg_224 default_emulate_view}
    {CK U20_reg_559 default_emulate_view}
    {CK U65_reg_616 default_emulate_view}
    {CK U38_reg_159 default_emulate_view}
    {CK U30_reg_106 default_emulate_view}
    {CK U71_reg_50 default_emulate_view}
    {CK U129_reg_54 default_emulate_view}
    {CK U19_reg_63 default_emulate_view}
    {CK tiki_U14_reg_reg_25_4 default_emulate_view}
    {CK U63_reg_56 default_emulate_view}
    {CK U65_reg_214 default_emulate_view}
    {CK U65_reg_420 default_emulate_view}
    {CK tiki_U14_reg_reg_54_4 default_emulate_view}
    {CK U140_reg_0 default_emulate_view}
    {CK U19_reg_11 default_emulate_view}
    {CK U32_reg_54 default_emulate_view}
    {CK U12_reg_105 default_emulate_view}
    {CK U11_reg_44 default_emulate_view}
    {CK U10_reg_183 default_emulate_view}
    {CK tiki_U14_reg_reg_66_9 default_emulate_view}
    {CK U65_reg_440 default_emulate_view}
    {CK tiki_U14_reg_reg_73_8 default_emulate_view}
    {CK U141_reg_5 default_emulate_view}
    {CK U5_reg_174 default_emulate_view}
    {CK kasa_U142_reg default_emulate_view}
    {CK U138_reg_45 default_emulate_view}
    {CK U10_reg_84 default_emulate_view}
    {CK U104_reg_23 default_emulate_view}
    {CK tiki_U14_reg_reg_95_6 default_emulate_view}
    {CK U144_reg default_emulate_view}
    {CK tiki_U14_reg_reg_6_11 default_emulate_view}
    {CK tiki_U14_reg_reg_127_9 default_emulate_view}
    {CK U20_reg_90 default_emulate_view}
    {CK U65_reg_78 default_emulate_view}
    {CK tiki_U14_reg_reg_96_1 default_emulate_view}
    {CK tiki_U56_reg_19 default_emulate_view}
    {CK tiki_U14_reg_reg_21_1 default_emulate_view}
    {CK tiki_U14_reg_reg_216_8 default_emulate_view}
    {CK U76_reg_22 default_emulate_view}
    {CK tiki_U14_reg_reg_233_4 default_emulate_view}
    {CK tiki_U14_reg_reg_242_9 default_emulate_view}
    {CK tiki_U14_reg_reg_193_5 default_emulate_view}
    {CK storm_U26_reg_174 default_emulate_view}
    {CK tiki_U14_reg_reg_119_8 default_emulate_view}
    {CK kasa_U145_reg default_emulate_view}
    {CK U146_reg_5 default_emulate_view}
    {CK U147_reg_1 default_emulate_view}
    {CK tiki_U127_reg_18 default_emulate_view}
    {CK tiki_U14_reg_reg_12_8 default_emulate_view}
    {CK tiki_U21_reg_179 default_emulate_view}
    {CK U29_reg_8 default_emulate_view}
    {CK storm_U23_reg_109 default_emulate_view}
    {CK tiki_U14_reg_reg_192_4 default_emulate_view}
    {CK tiki_U148_reg_4 default_emulate_view}
    {CK U32_reg_201 default_emulate_view}
    {CK U58_reg_23 default_emulate_view}
    {CK U11_reg_177 default_emulate_view}
    {CK U65_reg_624 default_emulate_view}
    {CK storm_U150_reg_16 default_emulate_view}
    {CK tiki_U14_reg_reg_120_7 default_emulate_view}
    {CK storm_U80_reg_113 default_emulate_view}
    {CK U65_reg_332 default_emulate_view}
    {CK U84_reg_9 default_emulate_view}
    {CK U17_reg_71 default_emulate_view}
    {CK storm_U59_reg_116 default_emulate_view}
    {CK tiki_U126_reg_7 default_emulate_view}
    {CK storm_U26_reg_114 default_emulate_view}
    {CK storm_U152_reg_12 default_emulate_view}
    {CK kasa_U153_reg default_emulate_view}
    {CK U5_reg_13 default_emulate_view}
    {CK U30_reg_205 default_emulate_view}
    {CK U30_reg_155 default_emulate_view}
    {CK U45_reg_27 default_emulate_view}
    {CK tiki_U14_reg_reg_25_2 default_emulate_view}
    {CK tiki_U14_reg_reg_216_2 default_emulate_view}
    {CK tiki_U154_reg default_emulate_view}
    {CK U155_reg default_emulate_view}
    {CK tiki_U14_reg_reg_53_4 default_emulate_view}
    {CK U20_reg_543 default_emulate_view}
    {CK U65_reg_458 default_emulate_view}
    {CK U20_reg_306 default_emulate_view}
    {CK U20_reg_542 default_emulate_view}
    {CK U65_reg_198 default_emulate_view}
    {CK tiki_U14_reg_reg_170_3 default_emulate_view}
    {CK tiki_U14_reg_reg_221_9 default_emulate_view}
    {CK tiki_U37_reg_21 default_emulate_view}
    {CK tiki_U14_reg_reg_234_5 default_emulate_view}
    {CK storm_U53_reg_111 default_emulate_view}
    {CK storm_U23_reg_111 default_emulate_view}
    {CK U24_reg_83 default_emulate_view}
    {CK U83_reg_39 default_emulate_view}
    {CK U76_reg_49 default_emulate_view}
    {CK tiki_U14_reg_reg_176_1 default_emulate_view}
    {CK tiki_U14_reg_reg_20_9 default_emulate_view}
    {CK tiki_U14_reg_reg_128_11 default_emulate_view}
    {CK storm_U53_reg_169 default_emulate_view}
    {CK storm_U78_reg_148 default_emulate_view}
    {CK storm_U78_reg_134 default_emulate_view}
    {CK U156_reg_5 default_emulate_view}
    {CK U157_reg_0 default_emulate_view}
    {CK tiki_U14_reg_reg_181_0 default_emulate_view}
    {CK storm_U4_reg_48 default_emulate_view}
    {CK storm_U88_reg_52 default_emulate_view}
    {CK tiki_U14_reg_reg_111_7 default_emulate_view}
    {CK U158_reg default_emulate_view}
    {CK U104_reg_6 default_emulate_view}
    {CK U129_reg_67 default_emulate_view}
    {CK U5_reg_175 default_emulate_view}
    {CK storm_U43_reg_191 default_emulate_view}
    {CK storm_U78_reg_140 default_emulate_view}
    {CK storm_U2_reg_130 default_emulate_view}
    {CK tiki_U14_reg_reg_107_4 default_emulate_view}
    {CK storm_U59_reg_171 default_emulate_view}
    {CK tiki_U14_reg_reg_190_8 default_emulate_view}
    {CK U63_reg_74 default_emulate_view}
    {CK storm_U88_reg_8 default_emulate_view}
    {CK tiki_U14_reg_reg_48_0 default_emulate_view}
    {CK U65_reg_246 default_emulate_view}
    {CK tiki_U14_reg_reg_211_9 default_emulate_view}
    {CK tiki_U14_reg_reg_57_11 default_emulate_view}
    {CK U45_reg_38 default_emulate_view}
    {CK U159_reg_0 default_emulate_view}
    {CK U11_reg_92 default_emulate_view}
    {CK tiki_U14_reg_reg_86_4 default_emulate_view}
    {CK storm_U78_reg_127 default_emulate_view}
    {CK storm_U62_reg_166 default_emulate_view}
    {CK storm_U43_reg_118 default_emulate_view}
    {CK storm_U26_reg_131 default_emulate_view}
    {CK tiki_U14_reg_reg_158_11 default_emulate_view}
    {CK U160_reg_8 default_emulate_view}
    {CK tiki_U161_reg_1 default_emulate_view}
    {CK U76_reg_4 default_emulate_view}
    {CK storm_U4_reg_116 default_emulate_view}
    {CK storm_U1_reg_173 default_emulate_view}
    {CK tiki_U14_reg_reg_0_5 default_emulate_view}
    {CK tiki_U92_reg_8 default_emulate_view}
    {CK U65_reg_410 default_emulate_view}
    {CK U65_reg_408 default_emulate_view}
    {CK U20_reg_394 default_emulate_view}
    {CK U30_reg_230 default_emulate_view}
    {CK U70_reg_44 default_emulate_view}
    {CK U38_reg_252 default_emulate_view}
    {CK U162_reg_0 default_emulate_view}
    {CK U77_reg_5 default_emulate_view}
    {CK U65_reg_672 default_emulate_view}
    {CK storm_U163_reg_159 default_emulate_view}
    {CK storm_U26_reg_142 default_emulate_view}
    {CK storm_U52_reg_139 default_emulate_view}
    {CK tiki_U47_reg_97 default_emulate_view}
    {CK storm_U41_reg_171 default_emulate_view}
    {CK tiki_U14_reg_reg_213_5 default_emulate_view}
    {CK U65_reg_110 default_emulate_view}
    {CK U20_reg_596 default_emulate_view}
    {CK U31_reg_31 default_emulate_view}
    {CK U32_reg_178 default_emulate_view}
    {CK U19_reg_32 default_emulate_view}
    {CK storm_U3_reg_129 default_emulate_view}
    {CK U5_reg_182 default_emulate_view}
    {CK U30_reg_16 default_emulate_view}
    {CK U51_reg_89 default_emulate_view}
    {CK tiki_U14_reg_reg_157_9 default_emulate_view}
    {CK kasa_U164_reg default_emulate_view}
    {CK U10_reg_136 default_emulate_view}
    {CK U17_reg_14 default_emulate_view}
    {CK U166_reg_2 default_emulate_view}
    {CK U38_reg_21 default_emulate_view}
    {CK U58_reg_51 default_emulate_view}
    {CK U38_reg_67 default_emulate_view}
    {CK tiki_U14_reg_reg_75_8 default_emulate_view}
    {CK tiki_U14_reg_reg_196_2 default_emulate_view}
    {CK tiki_U14_reg_reg_137_6 default_emulate_view}
    {CK storm_U133_reg_121 default_emulate_view}
    {CK U167_reg_1 default_emulate_view}
    {CK U65_reg_493 default_emulate_view}
    {CK tiki_U14_reg_reg_20_1 default_emulate_view}
    {CK tiki_U21_reg_15 default_emulate_view}
    {CK tiki_U14_reg_reg_99_1 default_emulate_view}
    {CK U49_reg_35 default_emulate_view}
    {CK U76_reg_56 default_emulate_view}
    {CK tiki_U14_reg_reg_225_8 default_emulate_view}
    {CK tiki_U168_reg_11 default_emulate_view}
    {CK tiki_U14_reg_reg_97_10 default_emulate_view}
    {CK tiki_U21_reg_213 default_emulate_view}
    {CK U29_reg_79 default_emulate_view}
    {CK tiki_U47_reg_103 default_emulate_view}
    {CK tiki_U14_reg_reg_182_1 default_emulate_view}
    {CK tiki_U169_reg_19 default_emulate_view}
    {CK U71_reg_58 default_emulate_view}
    {CK U170_reg default_emulate_view}
    {CK tiki_U14_reg_reg_215_1 default_emulate_view}
    {CK U171_reg_1 default_emulate_view}
    {CK U76_reg_25 default_emulate_view}
    {CK U30_reg_147 default_emulate_view}
    {CK U70_reg_22 default_emulate_view}
    {CK storm_U2_reg_114 default_emulate_view}
    {CK storm_U59_reg_52 default_emulate_view}
    {CK storm_U78_reg_202 default_emulate_view}
    {CK storm_U101_reg_4 default_emulate_view}
    {CK U172_reg_1 default_emulate_view}
    {CK U35_reg_65 default_emulate_view}
    {CK storm_U53_reg_195 default_emulate_view}
    {CK storm_U1_reg_101 default_emulate_view}
    {CK tiki_U14_reg_reg_196_8 default_emulate_view}
    {CK tiki_U15_reg_3 default_emulate_view}
    {CK U65_reg_265 default_emulate_view}
    {CK U65_reg_264 default_emulate_view}
    {CK tiki_U14_reg_reg_118_11 default_emulate_view}
    {CK U19_reg_25 default_emulate_view}
    {CK tiki_U37_reg_154 default_emulate_view}
    {CK tiki_U14_reg_reg_174_10 default_emulate_view}
    {CK U51_reg_36 default_emulate_view}
    {CK U174_reg_1 default_emulate_view}
    {CK storm_U88_reg_118 default_emulate_view}
    {CK storm_U3_reg_193 default_emulate_view}
    {CK storm_U4_reg_107 default_emulate_view}
    {CK tiki_U37_reg_48 default_emulate_view}
    {CK storm_U34_reg_186 default_emulate_view}
    {CK tiki_U14_reg_reg_214_5 default_emulate_view}
    {CK tiki_U14_reg_reg_59_3 default_emulate_view}
    {CK U175_reg_3 default_emulate_view}
    {CK storm_U26_reg_88 default_emulate_view}
    {CK tiki_U47_reg_118 default_emulate_view}
    {CK tiki_U14_reg_reg_5_2 default_emulate_view}
    {CK storm_U25_reg_143 default_emulate_view}
    {CK U5_reg_156 default_emulate_view}
    {CK U10_reg_103 default_emulate_view}
    {CK U20_reg_187 default_emulate_view}
    {CK tiki_U14_reg_reg_248_7 default_emulate_view}
    {CK tiki_U14_reg_reg_255_9 default_emulate_view}
    {CK storm_U176_reg_4 default_emulate_view}
    {CK storm_U176_reg_2 default_emulate_view}
    {CK storm_U1_reg_89 default_emulate_view}
    {CK storm_U94_reg_7 default_emulate_view}
    {CK storm_U78_reg_198 default_emulate_view}
    {CK storm_U59_reg_55 default_emulate_view}
    {CK U177_reg_1 default_emulate_view}
    {CK U87_reg_29 default_emulate_view}
    {CK U10_reg_116 default_emulate_view}
    {CK U11_reg_144 default_emulate_view}
    {CK U11_reg_88 default_emulate_view}
    {CK U12_reg_15 default_emulate_view}
    {CK U58_reg_74 default_emulate_view}
    {CK U38_reg_110 default_emulate_view}
    {CK U178_reg_12 default_emulate_view}
    {CK U70_reg_15 default_emulate_view}
    {CK U87_reg_73 default_emulate_view}
    {CK tiki_U47_reg_41 default_emulate_view}
    {CK storm_U88_reg_95 default_emulate_view}
    {CK U179_reg default_emulate_view}
    {CK U99_reg_8 default_emulate_view}
    {CK U13_reg_18 default_emulate_view}
    {CK U20_reg_476 default_emulate_view}
    {CK tiki_U14_reg_reg_124_0 default_emulate_view}
    {CK tiki_U14_reg_reg_9_1 default_emulate_view}
    {CK tiki_U14_reg_reg_103_3 default_emulate_view}
    {CK U180_reg_0 default_emulate_view}
    {CK tiki_U47_reg_74 default_emulate_view}
    {CK storm_U16_reg_187 default_emulate_view}
    {CK storm_U59_reg_183 default_emulate_view}
    {CK tiki_U181_reg_4 default_emulate_view}
    {CK storm_U1_reg_85 default_emulate_view}
    {CK U24_reg_37 default_emulate_view}
    {CK U20_reg_219 default_emulate_view}
    {CK storm_U78_reg_162 default_emulate_view}
    {CK U146_reg_0 default_emulate_view}
    {CK kasa_U182_reg default_emulate_view}
    {CK U5_reg_172 default_emulate_view}
    {CK kasa_U183_reg default_emulate_view}
    {CK U184_reg default_emulate_view}
    {CK U10_reg_160 default_emulate_view}
    {CK U32_reg_62 default_emulate_view}
    {CK U30_reg_293 default_emulate_view}
    {CK U31_reg_60 default_emulate_view}
    {CK U30_reg_250 default_emulate_view}
    {CK U30_reg_54 default_emulate_view}
    {CK tiki_U14_reg_reg_80_11 default_emulate_view}
    {CK U65_reg_602 default_emulate_view}
    {CK tiki_U185_reg_2 default_emulate_view}
    {CK tiki_U121_reg_4 default_emulate_view}
    {CK tiki_U14_reg_reg_121_3 default_emulate_view}
    {CK tiki_U169_reg_3 default_emulate_view}
    {CK tiki_U14_reg_reg_241_1 default_emulate_view}
    {CK tiki_U14_reg_reg_74_1 default_emulate_view}
    {CK tiki_U92_reg_0 default_emulate_view}
    {CK storm_U1_reg_119 default_emulate_view}
    {CK storm_U59_reg_123 default_emulate_view}
    {CK storm_U80_reg_129 default_emulate_view}
    {CK U49_reg_34 default_emulate_view}
    {CK U122_reg_71 default_emulate_view}
    {CK tiki_U21_reg_121 default_emulate_view}
    {CK tiki_U37_reg_16 default_emulate_view}
    {CK tiki_U14_reg_reg_166_1 default_emulate_view}
    {CK U175_reg_41 default_emulate_view}
    {CK storm_U2_reg_129 default_emulate_view}
    {CK U13_reg_1 default_emulate_view}
    {CK tiki_U14_reg_reg_73_3 default_emulate_view}
    {CK U10_reg_22 default_emulate_view}
    {CK tiki_U14_reg_reg_202_5 default_emulate_view}
    {CK storm_U34_reg_163 default_emulate_view}
    {CK storm_U62_reg_134 default_emulate_view}
    {CK kasa_U186_reg default_emulate_view}
    {CK kasa_U187_reg default_emulate_view}
    {CK tiki_U14_reg_reg_66_5 default_emulate_view}
    {CK U83_reg_10 default_emulate_view}
    {CK U49_reg_61 default_emulate_view}
    {CK tiki_U21_reg_77 default_emulate_view}
    {CK tiki_U14_reg_reg_28_7 default_emulate_view}
    {CK kasa_U189_reg default_emulate_view}
    {CK storm_U3_reg_6 default_emulate_view}
    {CK storm_U78_reg_20 default_emulate_view}
    {CK storm_U133_reg_29 default_emulate_view}
    {CK U190_reg_2 default_emulate_view}
    {CK kasa_U191_reg default_emulate_view}
    {CK tiki_U14_reg_reg_241_3 default_emulate_view}
    {CK tiki_U14_reg_reg_69_7 default_emulate_view}
    {CK U192_reg_2 default_emulate_view}
    {CK storm_U1_reg_179 default_emulate_view}
    {CK U84_reg_47 default_emulate_view}
    {CK U193_reg_2 default_emulate_view}
    {CK U17_reg_107 default_emulate_view}
    {CK tiki_U47_reg_237 default_emulate_view}
    {CK U51_reg_28 default_emulate_view}
    {CK storm_U3_reg_14 default_emulate_view}
    {CK storm_U78_reg_24 default_emulate_view}
    {CK storm_U53_reg_34 default_emulate_view}
    {CK tiki_U14_reg_reg_0_1 default_emulate_view}
    {CK storm_U53_reg_3 default_emulate_view}
    {CK tiki_U14_reg_reg_178_6 default_emulate_view}
    {CK U175_reg_1 default_emulate_view}
    {CK tiki_U14_reg_reg_104_1 default_emulate_view}
    {CK U32_reg_91 default_emulate_view}
    {CK U11_reg_160 default_emulate_view}
    {CK storm_U78_reg_47 default_emulate_view}
    {CK tiki_U14_reg_reg_142_4 default_emulate_view}
    {CK U5_reg_82 default_emulate_view}
    {CK U71_reg_37 default_emulate_view}
    {CK storm_U22_reg_8 default_emulate_view}
    {CK storm_U16_reg_22 default_emulate_view}
    {CK storm_U41_reg_32 default_emulate_view}
    {CK tiki_U14_reg_reg_189_8 default_emulate_view}
    {CK U195_reg_3 default_emulate_view}
    {CK storm_U34_reg_2 default_emulate_view}
    {CK tiki_U14_reg_reg_208_5 default_emulate_view}
    {CK tiki_U14_reg_reg_57_6 default_emulate_view}
    {CK U70_reg_68 default_emulate_view}
    {CK U30_reg_33 default_emulate_view}
    {CK U129_reg_120 default_emulate_view}
    {CK U196_reg_5 default_emulate_view}
    {CK U104_reg_41 default_emulate_view}
    {CK U11_reg_6 default_emulate_view}
    {CK tiki_U14_reg_reg_109_8 default_emulate_view}
    {CK U10_reg_92 default_emulate_view}
    {CK storm_U41_reg_14 default_emulate_view}
    {CK storm_U3_reg_116 default_emulate_view}
    {CK storm_U34_reg_25 default_emulate_view}
    {CK kasa_U197_reg default_emulate_view}
    {CK tiki_U37_reg_121 default_emulate_view}
    {CK tiki_U37_reg_229 default_emulate_view}
    {CK storm_U26_reg_28 default_emulate_view}
    {CK U24_reg_43 default_emulate_view}
    {CK tiki_U14_reg_reg_105_4 default_emulate_view}
    {CK U20_reg_428 default_emulate_view}
    {CK U65_reg_700 default_emulate_view}
    {CK tiki_U14_reg_reg_170_9 default_emulate_view}
    {CK tiki_U14_reg_reg_23_8 default_emulate_view}
    {CK U129_reg_48 default_emulate_view}
    {CK U198_reg_0 default_emulate_view}
    {CK storm_U25_reg_35 default_emulate_view}
    {CK tiki_U47_reg_253 default_emulate_view}
    {CK storm_U62_reg_51 default_emulate_view}
    {CK storm_U22_reg_33 default_emulate_view}
    {CK storm_U1_reg_30 default_emulate_view}
    {CK storm_U41_reg_26 default_emulate_view}
    {CK storm_U22_reg_20 default_emulate_view}
    {CK kasa_U199_reg default_emulate_view}
    {CK U135_reg_6 default_emulate_view}
    {CK U12_reg_13 default_emulate_view}
    {CK U70_reg_78 default_emulate_view}
    {CK tiki_U14_reg_reg_51_1 default_emulate_view}
    {CK storm_U50_reg_63 default_emulate_view}
    {CK U12_reg_88 default_emulate_view}
    {CK U20_reg_426 default_emulate_view}
    {CK U65_reg_154 default_emulate_view}
    {CK tiki_U21_reg_164 default_emulate_view}
    {CK tiki_U14_reg_reg_232_6 default_emulate_view}
    {CK tiki_U14_reg_reg_255_2 default_emulate_view}
    {CK tiki_U200_reg_9 default_emulate_view}
    {CK storm_U43_reg_13 default_emulate_view}
    {CK storm_U22_reg_10 default_emulate_view}
    {CK storm_U25_reg_6 default_emulate_view}
    {CK storm_U41_reg_3 default_emulate_view}
    {CK tiki_U14_reg_reg_237_4 default_emulate_view}
    {CK tiki_U14_reg_reg_179_1 default_emulate_view}
    {CK storm_U62_reg_50 default_emulate_view}
    {CK storm_U52_reg_8 default_emulate_view}
    {CK storm_U52_reg_31 default_emulate_view}
    {CK storm_U1_reg_60 default_emulate_view}
    {CK storm_U1_reg_21 default_emulate_view}
    {CK U201_reg_7 default_emulate_view}
    {CK kasa_U202_reg default_emulate_view}
    {CK U79_reg_2 default_emulate_view}
    {CK U5_reg_75 default_emulate_view}
    {CK U30_reg_88 default_emulate_view}
    {CK U45_reg_74 default_emulate_view}
    {CK U32_reg_60 default_emulate_view}
    {CK U38_reg_186 default_emulate_view}
    {CK U71_reg_11 default_emulate_view}
    {CK tiki_U14_reg_reg_243_1 default_emulate_view}
    {CK storm_U62_reg_57 default_emulate_view}
    {CK tiki_U14_reg_reg_161_4 default_emulate_view}
    {CK tiki_U14_reg_reg_218_6 default_emulate_view}
    {CK tiki_U14_reg_reg_33_1 default_emulate_view}
    {CK tiki_U14_reg_reg_140_6 default_emulate_view}
    {CK storm_U80_reg_15 default_emulate_view}
    {CK storm_U78_reg_11 default_emulate_view}
    {CK storm_U50_reg_28 default_emulate_view}
    {CK U63_reg_34 default_emulate_view}
    {CK U122_reg_56 default_emulate_view}
    {CK tiki_U14_reg_reg_134_8 default_emulate_view}
    {CK tiki_U14_reg_reg_79_5 default_emulate_view}
    {CK storm_U50_reg_164 default_emulate_view}
    {CK tiki_U14_reg_reg_17_2 default_emulate_view}
    {CK storm_U203_reg_5 default_emulate_view}
    {CK tiki_U161_reg_5 default_emulate_view}
    {CK U30_reg_277 default_emulate_view}
    {CK U204_reg_1 default_emulate_view}
    {CK U198_reg_1 default_emulate_view}
    {CK U11_reg_22 default_emulate_view}
    {CK U11_reg_233 default_emulate_view}
    {CK tiki_U14_reg_reg_151_1 default_emulate_view}
    {CK U10_reg_186 default_emulate_view}
    {CK tiki_U14_reg_reg_48_10 default_emulate_view}
    {CK tiki_U148_reg_2 default_emulate_view}
    {CK tiki_U37_reg_195 default_emulate_view}
    {CK tiki_U14_reg_reg_194_7 default_emulate_view}
    {CK U24_reg_36 default_emulate_view}
    {CK tiki_U205_reg_13 default_emulate_view}
    {CK tiki_U14_reg_reg_139_10 default_emulate_view}
    {CK tiki_U14_reg_reg_45_6 default_emulate_view}
    {CK U17_reg_26 default_emulate_view}
    {CK U32_reg_3 default_emulate_view}
    {CK U30_reg_35 default_emulate_view}
    {CK U31_reg_70 default_emulate_view}
    {CK U46_reg_11 default_emulate_view}
    {CK U11_reg_12 default_emulate_view}
    {CK tiki_U47_reg_196 default_emulate_view}
    {CK storm_U43_reg_163 default_emulate_view}
    {CK U160_reg_6 default_emulate_view}
    {CK U5_reg_5 default_emulate_view}
    {CK U206_reg_7 default_emulate_view}
    {CK kasa_U207_reg default_emulate_view}
    {CK U193_reg_13 default_emulate_view}
    {CK U140_reg_7 default_emulate_view}
    {CK U51_reg_1 default_emulate_view}
    {CK U10_reg_180 default_emulate_view}
    {CK U209_reg default_emulate_view}
    {CK U11_reg_186 default_emulate_view}
    {CK U138_reg_57 default_emulate_view}
    {CK tiki_U14_reg_reg_95_7 default_emulate_view}
    {CK tiki_U14_reg_reg_82_11 default_emulate_view}
    {CK U65_reg_698 default_emulate_view}
    {CK tiki_U210_reg_13 default_emulate_view}
    {CK U122_reg_1 default_emulate_view}
    {CK tiki_U21_reg_53 default_emulate_view}
    {CK storm_U50_reg_109 default_emulate_view}
    {CK tiki_U14_reg_reg_131_2 default_emulate_view}
    {CK U76_reg_44 default_emulate_view}
    {CK tiki_U14_reg_reg_64_8 default_emulate_view}
    {CK U70_reg_49 default_emulate_view}
    {CK U38_reg_77 default_emulate_view}
    {CK U38_reg_40 default_emulate_view}
    {CK U12_reg_113 default_emulate_view}
    {CK U120_reg_0 default_emulate_view}
    {CK U17_reg_115 default_emulate_view}
    {CK tiki_U14_reg_reg_212_0 default_emulate_view}
    {CK U10_reg_23 default_emulate_view}
    {CK storm_U150_reg_5 default_emulate_view}
    {CK tiki_U14_reg_reg_240_0 default_emulate_view}
    {CK kasa_U211_reg default_emulate_view}
    {CK tiki_U21_reg_28 default_emulate_view}
    {CK U175_reg_47 default_emulate_view}
    {CK U20_reg_474 default_emulate_view}
    {CK tiki_U14_reg_reg_116_7 default_emulate_view}
    {CK U32_reg_195 default_emulate_view}
    {CK U58_reg_76 default_emulate_view}
    {CK U11_reg_120 default_emulate_view}
    {CK tiki_U14_reg_reg_165_3 default_emulate_view}
    {CK U17_reg_114 default_emulate_view}
    {CK storm_U133_reg_175 default_emulate_view}
    {CK tiki_U14_reg_reg_173_2 default_emulate_view}
    {CK U212_reg default_emulate_view}
    {CK tiki_U14_reg_reg_29_11 default_emulate_view}
    {CK storm_U1_reg_114 default_emulate_view}
    {CK storm_U41_reg_112 default_emulate_view}
    {CK kasa_U213_reg default_emulate_view}
    {CK U5_reg_217 default_emulate_view}
    {CK U17_reg_77 default_emulate_view}
    {CK storm_U34_reg_111 default_emulate_view}
    {CK U214_reg_5 default_emulate_view}
    {CK tiki_U37_reg_188 default_emulate_view}
    {CK U65_reg_266 default_emulate_view}
    {CK tiki_U47_reg_208 default_emulate_view}
    {CK tiki_U14_reg_reg_206_8 default_emulate_view}
    {CK tiki_U205_reg_16 default_emulate_view}
    {CK U24_reg_81 default_emulate_view}
    {CK U76_reg_34 default_emulate_view}
    {CK U83_reg_70 default_emulate_view}
    {CK tiki_U14_reg_reg_4_8 default_emulate_view}
    {CK tiki_U14_reg_reg_84_1 default_emulate_view}
    {CK storm_U53_reg_197 default_emulate_view}
    {CK storm_U96_reg_5 default_emulate_view}
    {CK storm_U88_reg_51 default_emulate_view}
    {CK storm_U80_reg_183 default_emulate_view}
    {CK storm_U80_reg_55 default_emulate_view}
    {CK tiki_U37_reg_106 default_emulate_view}
    {CK storm_U215_reg_2 default_emulate_view}
    {CK storm_U4_reg_29 default_emulate_view}
    {CK storm_U2_reg_172 default_emulate_view}
    {CK tiki_U14_reg_reg_140_10 default_emulate_view}
    {CK storm_U22_reg_194 default_emulate_view}
    {CK U24_reg_42 default_emulate_view}
    {CK storm_U53_reg_187 default_emulate_view}
    {CK tiki_U127_reg_15 default_emulate_view}
    {CK tiki_U14_reg_reg_16_11 default_emulate_view}
    {CK tiki_U21_reg_90 default_emulate_view}
    {CK tiki_U217_reg_6 default_emulate_view}
    {CK storm_U62_reg_169 default_emulate_view}
    {CK tiki_U14_reg_reg_12_11 default_emulate_view}
    {CK U138_reg_37 default_emulate_view}
    {CK U51_reg_91 default_emulate_view}
    {CK tiki_U14_reg_reg_72_3 default_emulate_view}
    {CK storm_U4_reg_21 default_emulate_view}
    {CK storm_U26_reg_173 default_emulate_view}
    {CK storm_U80_reg_52 default_emulate_view}
    {CK storm_U88_reg_105 default_emulate_view}
    {CK storm_U176_reg_0 default_emulate_view}
    {CK storm_U218_reg_1 default_emulate_view}
    {CK U219_reg_1 default_emulate_view}
    {CK U5_reg_76 default_emulate_view}
    {CK U51_reg_25 default_emulate_view}
    {CK U84_reg_28 default_emulate_view}
    {CK U70_reg_24 default_emulate_view}
    {CK U71_reg_60 default_emulate_view}
    {CK U30_reg_178 default_emulate_view}
    {CK U30_reg_166 default_emulate_view}
    {CK tiki_U14_reg_reg_18_1 default_emulate_view}
    {CK tiki_U14_reg_reg_172_4 default_emulate_view}
    {CK storm_U3_reg_171 default_emulate_view}
    {CK storm_U16_reg_194 default_emulate_view}
    {CK tiki_U14_reg_reg_3_5 default_emulate_view}
    {CK tiki_U14_reg_reg_78_2 default_emulate_view}
    {CK U65_reg_492 default_emulate_view}
    {CK U65_reg_490 default_emulate_view}
    {CK tiki_U14_reg_reg_150_5 default_emulate_view}
    {CK tiki_U14_reg_reg_195_2 default_emulate_view}
    {CK tiki_U14_reg_reg_164_2 default_emulate_view}
    {CK storm_U88_reg_90 default_emulate_view}
    {CK storm_U52_reg_182 default_emulate_view}
    {CK storm_U3_reg_186 default_emulate_view}
    {CK U29_reg_64 default_emulate_view}
    {CK tiki_U14_reg_reg_112_11 default_emulate_view}
    {CK tiki_U14_reg_reg_130_2 default_emulate_view}
    {CK tiki_U14_reg_reg_150_0 default_emulate_view}
    {CK tiki_U14_reg_reg_169_10 default_emulate_view}
    {CK U20_reg_1 default_emulate_view}
    {CK storm_U26_reg_119 default_emulate_view}
    {CK storm_U3_reg_131 default_emulate_view}
    {CK storm_U26_reg_133 default_emulate_view}
    {CK storm_U34_reg_137 default_emulate_view}
    {CK storm_U53_reg_143 default_emulate_view}
    {CK U220_reg_0 default_emulate_view}
    {CK U221_reg_5 default_emulate_view}
    {CK U222_reg_1 default_emulate_view}
    {CK U38_reg_236 default_emulate_view}
    {CK U31_reg_18 default_emulate_view}
    {CK U30_reg_207 default_emulate_view}
    {CK U70_reg_77 default_emulate_view}
    {CK tiki_U47_reg_23 default_emulate_view}
    {CK tiki_U14_reg_reg_40_3 default_emulate_view}
    {CK tiki_U14_reg_reg_249_4 default_emulate_view}
    {CK tiki_U14_reg_reg_38_8 default_emulate_view}
    {CK U129_reg_56 default_emulate_view}
    {CK tiki_U37_reg_92 default_emulate_view}
    {CK U20_reg_397 default_emulate_view}
    {CK U20_reg_137 default_emulate_view}
    {CK U65_reg_108 default_emulate_view}
    {CK tiki_U14_reg_reg_159_6 default_emulate_view}
    {CK storm_U25_reg_190 default_emulate_view}
    {CK storm_U16_reg_165 default_emulate_view}
    {CK storm_U41_reg_169 default_emulate_view}
    {CK storm_U80_reg_171 default_emulate_view}
    {CK U73_reg_61 default_emulate_view}
    {CK U35_reg_25 default_emulate_view}
    {CK tiki_U14_reg_reg_46_6 default_emulate_view}
    {CK tiki_U21_reg_249 default_emulate_view}
    {CK tiki_U14_reg_reg_183_2 default_emulate_view}
    {CK storm_U2_reg_119 default_emulate_view}
    {CK storm_U53_reg_132 default_emulate_view}
    {CK tiki_U14_reg_reg_221_2 default_emulate_view}
    {CK storm_U2_reg_171 default_emulate_view}
    {CK storm_U133_reg_188 default_emulate_view}
    {CK U223_reg default_emulate_view}
    {CK U20_reg_594 default_emulate_view}
    {CK U20_reg_261 default_emulate_view}
    {CK tiki_U14_reg_reg_68_0 default_emulate_view}
    {CK tiki_U14_reg_reg_145_10 default_emulate_view}
    {CK U204_reg_6 default_emulate_view}
    {CK U224_reg_1 default_emulate_view}
    {CK U10_reg_174 default_emulate_view}
    {CK storm_U78_reg_152 default_emulate_view}
    {CK storm_U133_reg_166 default_emulate_view}
    {CK storm_U50_reg_135 default_emulate_view}
    {CK U65_reg_244 default_emulate_view}
    {CK tiki_U14_reg_reg_115_10 default_emulate_view}
    {CK tiki_U14_reg_reg_202_4 default_emulate_view}
    {CK storm_U26_reg_170 default_emulate_view}
    {CK U73_reg_16 default_emulate_view}
    {CK U24_reg_73 default_emulate_view}
    {CK tiki_U14_reg_reg_236_10 default_emulate_view}
    {CK tiki_U37_reg_118 default_emulate_view}
    {CK tiki_U14_reg_reg_183_8 default_emulate_view}
    {CK U65_reg_670 default_emulate_view}
    {CK U20_reg_597 default_emulate_view}
    {CK tiki_U86_reg_3 default_emulate_view}
    {CK U12_reg_42 default_emulate_view}
    {CK tiki_U14_reg_reg_204_10 default_emulate_view}
    {CK U225_reg_9 default_emulate_view}
    {CK U193_reg_17 default_emulate_view}
    {CK storm_U43_reg_182 default_emulate_view}
    {CK tiki_U168_reg_2 default_emulate_view}
    {CK U20_reg_49 default_emulate_view}
    {CK kasa_U226_reg default_emulate_view}
    {CK U122_reg_22 default_emulate_view}
    {CK storm_U59_reg_111 default_emulate_view}
    {CK storm_U152_reg_10 default_emulate_view}
    {CK tiki_U14_reg_reg_47_0 default_emulate_view}
    {CK U65_reg_456 default_emulate_view}
    {CK U20_reg_544 default_emulate_view}
    {CK U31_reg_65 default_emulate_view}
    {CK U32_reg_103 default_emulate_view}
    {CK U58_reg_2 default_emulate_view}
    {CK U19_reg_28 default_emulate_view}
    {CK U12_reg_0 default_emulate_view}
    {CK tiki_U14_reg_reg_117_2 default_emulate_view}
    {CK U10_reg_94 default_emulate_view}
    {CK storm_U59_reg_5 default_emulate_view}
    {CK storm_U62_reg_3 default_emulate_view}
    {CK tiki_U121_reg_10 default_emulate_view}
    {CK tiki_U37_reg_207 default_emulate_view}
    {CK storm_U1_reg_175 default_emulate_view}
    {CK tiki_U81_reg_5 default_emulate_view}
    {CK storm_U41_reg_111 default_emulate_view}
    {CK tiki_U14_reg_reg_142_11 default_emulate_view}
    {CK U65_reg_196 default_emulate_view}
    {CK U20_reg_309 default_emulate_view}
    {CK tiki_U14_reg_reg_27_6 default_emulate_view}
    {CK tiki_U14_reg_reg_232_1 default_emulate_view}
    {CK tiki_U210_reg_6 default_emulate_view}
    {CK U38_reg_209 default_emulate_view}
    {CK U38_reg_254 default_emulate_view}
    {CK storm_U80_reg_6 default_emulate_view}
    {CK tiki_U229_reg_4 default_emulate_view}
    {CK U5_reg_240 default_emulate_view}
    {CK U30_reg_264 default_emulate_view}
    {CK U180_reg_3 default_emulate_view}
    {CK storm_U133_reg_1 default_emulate_view}
    {CK storm_U50_reg_174 default_emulate_view}
    {CK U231_reg_2 default_emulate_view}
    {CK kasa_U232_reg default_emulate_view}
    {CK U11_reg_3 default_emulate_view}
    {CK U129_reg_118 default_emulate_view}
    {CK U11_reg_111 default_emulate_view}
    {CK U233_reg_2 default_emulate_view}
    {CK U45_reg_40 default_emulate_view}
    {CK storm_U41_reg_28 default_emulate_view}
    {CK storm_U16_reg_12 default_emulate_view}
    {CK U65_reg_59 default_emulate_view}
    {CK U65_reg_622 default_emulate_view}
    {CK tiki_U47_reg_88 default_emulate_view}
    {CK U20_reg_188 default_emulate_view}
    {CK tiki_U21_reg_192 default_emulate_view}
    {CK U20_reg_381 default_emulate_view}
    {CK tiki_U14_reg_reg_171_0 default_emulate_view}
    {CK storm_U133_reg_176 default_emulate_view}
    {CK tiki_U14_reg_reg_11_10 default_emulate_view}
    {CK storm_U150_reg_14 default_emulate_view}
    {CK U175_reg_28 default_emulate_view}
    {CK U83_reg_59 default_emulate_view}
    {CK tiki_U14_reg_reg_47_11 default_emulate_view}
    {CK storm_U43_reg_67 default_emulate_view}
    {CK storm_U1_reg_80 default_emulate_view}
    {CK storm_U78_reg_97 default_emulate_view}
    {CK U20_reg_155 default_emulate_view}
    {CK tiki_U37_reg_202 default_emulate_view}
    {CK U234_reg_6 default_emulate_view}
    {CK tiki_U14_reg_reg_185_1 default_emulate_view}
    {CK tiki_U14_reg_reg_224_4 default_emulate_view}
    {CK U83_reg_36 default_emulate_view}
    {CK storm_U26_reg_84 default_emulate_view}
    {CK tiki_U185_reg_1 default_emulate_view}
    {CK tiki_U14_reg_reg_44_8 default_emulate_view}
    {CK U20_reg_169 default_emulate_view}
    {CK tiki_U14_reg_reg_53_5 default_emulate_view}
    {CK tiki_U14_reg_reg_38_1 default_emulate_view}
    {CK U11_reg_166 default_emulate_view}
    {CK tiki_U235_reg_6 default_emulate_view}
    {CK tiki_U14_reg_reg_226_0 default_emulate_view}
    {CK U51_reg_116 default_emulate_view}
    {CK storm_U22_reg_78 default_emulate_view}
    {CK storm_U16_reg_196 default_emulate_view}
    {CK storm_U62_reg_185 default_emulate_view}
    {CK kasa_U236_reg default_emulate_view}
    {CK storm_U50_reg_64 default_emulate_view}
    {CK tiki_U14_reg_reg_95_3 default_emulate_view}
    {CK tiki_U14_reg_reg_170_7 default_emulate_view}
    {CK U24_reg_32 default_emulate_view}
    {CK storm_U1_reg_57 default_emulate_view}
    {CK kasa_U237_reg default_emulate_view}
    {CK tiki_U14_reg_reg_46_11 default_emulate_view}
    {CK U65_reg_367 default_emulate_view}
    {CK storm_U43_reg_54 default_emulate_view}
    {CK U5_reg_78 default_emulate_view}
    {CK tiki_U14_reg_reg_124_1 default_emulate_view}
    {CK U20_reg_33 default_emulate_view}
    {CK storm_U78_reg_94 default_emulate_view}
    {CK storm_U50_reg_183 default_emulate_view}
    {CK storm_U53_reg_59 default_emulate_view}
    {CK storm_U53_reg_82 default_emulate_view}
    {CK storm_U22_reg_79 default_emulate_view}
    {CK storm_U2_reg_69 default_emulate_view}
    {CK kasa_U238_reg default_emulate_view}
    {CK U239_reg default_emulate_view}
    {CK U240_reg_3 default_emulate_view}
    {CK U45_reg_53 default_emulate_view}
    {CK U10_reg_100 default_emulate_view}
    {CK U225_reg_6 default_emulate_view}
    {CK U19_reg_43 default_emulate_view}
    {CK U233_reg_0 default_emulate_view}
    {CK U242_reg default_emulate_view}
    {CK U12_reg_83 default_emulate_view}
    {CK U243_reg default_emulate_view}
    {CK U38_reg_128 default_emulate_view}
    {CK U32_reg_52 default_emulate_view}
    {CK U71_reg_52 default_emulate_view}
    {CK U244_reg default_emulate_view}
    {CK U30_reg_140 default_emulate_view}
    {CK tiki_U14_reg_reg_255_6 default_emulate_view}
    {CK tiki_U47_reg_219 default_emulate_view}
    {CK tiki_U47_reg_17 default_emulate_view}
    {CK storm_U2_reg_188 default_emulate_view}
    {CK U20_reg_293 default_emulate_view}
    {CK U20_reg_560 default_emulate_view}
    {CK U65_reg_212 default_emulate_view}
    {CK tiki_U21_reg_210 default_emulate_view}
    {CK tiki_U14_reg_reg_28_10 default_emulate_view}
    {CK storm_U26_reg_66 default_emulate_view}
    {CK storm_U23_reg_61 default_emulate_view}
    {CK U175_reg_14 default_emulate_view}
    {CK U29_reg_6 default_emulate_view}
    {CK U245_reg_2 default_emulate_view}
    {CK tiki_U21_reg_59 default_emulate_view}
    {CK tiki_U14_reg_reg_60_0 default_emulate_view}
    {CK U122_reg_4 default_emulate_view}
    {CK U246_reg_1 default_emulate_view}
    {CK U65_reg_123 default_emulate_view}
    {CK tiki_U14_reg_reg_2_0 default_emulate_view}
    {CK U38_reg_165 default_emulate_view}
    {CK U30_reg_93 default_emulate_view}
    {CK U10_reg_150 default_emulate_view}
    {CK tiki_U14_reg_reg_254_0 default_emulate_view}
    {CK U107_reg_0 default_emulate_view}
    {CK tiki_U47_reg_246 default_emulate_view}
    {CK tiki_U14_reg_reg_233_11 default_emulate_view}
    {CK U65_reg_614 default_emulate_view}
    {CK U65_reg_580 default_emulate_view}
    {CK U65_reg_423 default_emulate_view}
    {CK U87_reg_6 default_emulate_view}
    {CK U5_reg_26 default_emulate_view}
    {CK U65_reg_88 default_emulate_view}
    {CK U20_reg_558 default_emulate_view}
    {CK U247_reg_0 default_emulate_view}
    {CK U178_reg_5 default_emulate_view}
    {CK U138_reg_15 default_emulate_view}
    {CK U32_reg_83 default_emulate_view}
    {CK tiki_U14_reg_reg_100_6 default_emulate_view}
    {CK tiki_U14_reg_reg_125_5 default_emulate_view}
    {CK tiki_U14_reg_reg_158_2 default_emulate_view}
    {CK tiki_U14_reg_reg_202_8 default_emulate_view}
    {CK U20_reg_220 default_emulate_view}
    {CK U65_reg_356 default_emulate_view}
    {CK U65_reg_76 default_emulate_view}
    {CK tiki_U21_reg_143 default_emulate_view}
    {CK tiki_U112_reg_8 default_emulate_view}
    {CK U20_reg_413 default_emulate_view}
    {CK tiki_U14_reg_reg_141_8 default_emulate_view}
    {CK tiki_U14_reg_reg_14_6 default_emulate_view}
    {CK tiki_U14_reg_reg_234_11 default_emulate_view}
    {CK U29_reg_57 default_emulate_view}
    {CK U35_reg_36 default_emulate_view}
    {CK tiki_U37_reg_99 default_emulate_view}
    {CK tiki_U47_reg_189 default_emulate_view}
    {CK U20_reg_168 default_emulate_view}
    {CK tiki_U14_reg_reg_7_10 default_emulate_view}
    {CK storm_U101_reg_0 default_emulate_view}
    {CK storm_U4_reg_83 default_emulate_view}
    {CK storm_U52_reg_193 default_emulate_view}
    {CK storm_U41_reg_56 default_emulate_view}
    {CK storm_U25_reg_187 default_emulate_view}
    {CK storm_U1_reg_90 default_emulate_view}
    {CK kasa_U248_reg default_emulate_view}
    {CK kasa_U249_reg default_emulate_view}
    {CK U17_reg_32 default_emulate_view}
    {CK U30_reg_145 default_emulate_view}
    {CK U45_reg_56 default_emulate_view}
    {CK U38_reg_146 default_emulate_view}
    {CK tiki_U47_reg_83 default_emulate_view}
    {CK storm_U215_reg_3 default_emulate_view}
    {CK tiki_U14_reg_reg_248_8 default_emulate_view}
    {CK U250_reg_1 default_emulate_view}
    {CK U65_reg_122 default_emulate_view}
    {CK U20_reg_92 default_emulate_view}
    {CK U65_reg_89 default_emulate_view}
    {CK storm_U25_reg_86 default_emulate_view}
    {CK storm_U80_reg_83 default_emulate_view}
    {CK storm_U78_reg_79 default_emulate_view}
    {CK storm_U34_reg_76 default_emulate_view}
    {CK U63_reg_41 default_emulate_view}
    {CK U122_reg_11 default_emulate_view}
    {CK storm_U1_reg_102 default_emulate_view}
    {CK storm_U41_reg_192 default_emulate_view}
    {CK storm_U4_reg_91 default_emulate_view}
    {CK tiki_U14_reg_reg_91_3 default_emulate_view}
    {CK U251_reg_5 default_emulate_view}
    {CK tiki_U14_reg_reg_65_11 default_emulate_view}
    {CK tiki_U252_reg default_emulate_view}
    {CK U24_reg_2 default_emulate_view}
    {CK storm_U16_reg_77 default_emulate_view}
    {CK storm_U16_reg_195 default_emulate_view}
    {CK tiki_U14_reg_reg_222_10 default_emulate_view}
    {CK tiki_U14_reg_reg_153_8 default_emulate_view}
    {CK U65_reg_357 default_emulate_view}
    {CK U65_reg_422 default_emulate_view}
    {CK tiki_U14_reg_reg_52_9 default_emulate_view}
    {CK U32_reg_129 default_emulate_view}
    {CK U138_reg_4 default_emulate_view}
    {CK U253_reg_1 default_emulate_view}
    {CK U105_reg_1 default_emulate_view}
    {CK tiki_U37_reg_66 default_emulate_view}
    {CK tiki_U14_reg_reg_36_9 default_emulate_view}
    {CK storm_U2_reg_54 default_emulate_view}
    {CK storm_U16_reg_81 default_emulate_view}
    {CK storm_U254_reg_0 default_emulate_view}
    {CK kasa_U255_reg default_emulate_view}
    {CK tiki_U14_reg_reg_7_1 default_emulate_view}
    {CK tiki_U14_reg_reg_246_0 default_emulate_view}
    {CK storm_U52_reg_88 default_emulate_view}
    {CK tiki_U14_reg_reg_153_3 default_emulate_view}
    {CK U49_reg_21 default_emulate_view}
    {CK U256_reg_3 default_emulate_view}
    {CK tiki_U47_reg_30 default_emulate_view}
    {CK tiki_U14_reg_reg_97_0 default_emulate_view}
    {CK U20_reg_32 default_emulate_view}
    {CK U65_reg_613 default_emulate_view}
    {CK U38_reg_97 default_emulate_view}
    {CK U258_reg_0 default_emulate_view}
    {CK U17_reg_80 default_emulate_view}
    {CK storm_U259_reg_4 default_emulate_view}
    {CK U5_reg_72 default_emulate_view}
    {CK U70_reg_37 default_emulate_view}
    {CK U20_reg_561 default_emulate_view}
    {CK tiki_U14_reg_reg_116_8 default_emulate_view}
    {CK U260_reg_5 default_emulate_view}
    {CK kasa_U261_reg default_emulate_view}
    {CK U262_reg_3 default_emulate_view}
    {CK tiki_U14_reg_reg_238_11 default_emulate_view}
    {CK tiki_U14_reg_reg_252_11 default_emulate_view}
    {CK tiki_U14_reg_reg_230_1 default_emulate_view}
    {CK tiki_U14_reg_reg_20_11 default_emulate_view}
    {CK tiki_U21_reg_157 default_emulate_view}
    {CK U29_reg_34 default_emulate_view}
    {CK tiki_U14_reg_reg_173_4 default_emulate_view}
    {CK U65_reg_441 default_emulate_view}
    {CK tiki_U95_reg_2 default_emulate_view}
    {CK U87_reg_39 default_emulate_view}
    {CK U178_reg_10 default_emulate_view}
    {CK U17_reg_69 default_emulate_view}
    {CK tiki_U263_reg_6 default_emulate_view}
    {CK U5_reg_211 default_emulate_view}
    {CK U264_reg_7 default_emulate_view}
    {CK tiki_U14_reg_reg_219_3 default_emulate_view}
    {CK U175_reg_67 default_emulate_view}
    {CK tiki_U14_reg_reg_60_9 default_emulate_view}
    {CK U65_reg_213 default_emulate_view}
    {CK U20_reg_292 default_emulate_view}
    {CK tiki_U14_reg_reg_227_1 default_emulate_view}
    {CK U30_reg_126 default_emulate_view}
    {CK U84_reg_62 default_emulate_view}
    {CK U38_reg_108 default_emulate_view}
    {CK U12_reg_100 default_emulate_view}
    {CK U10_reg_175 default_emulate_view}
    {CK U65_reg_77 default_emulate_view}
    {CK U20_reg_30 default_emulate_view}
    {CK U265_reg_2 default_emulate_view}
    {CK U5_reg_16 default_emulate_view}
    {CK U5_reg_145 default_emulate_view}
    {CK kasa_U266_reg default_emulate_view}
    {CK U38_reg_51 default_emulate_view}
    {CK U10_reg_181 default_emulate_view}
    {CK U11_reg_223 default_emulate_view}
    {CK U65_reg_581 default_emulate_view}
    {CK U20_reg_154 default_emulate_view}
    {CK U65_reg_366 default_emulate_view}
    {CK tiki_U37_reg_1 default_emulate_view}
    {CK tiki_U14_reg_reg_43_0 default_emulate_view}
    {CK U63_reg_1 default_emulate_view}
    {CK U102_reg_2 default_emulate_view}
    {CK tiki_U14_reg_reg_4_5 default_emulate_view}
    {CK tiki_U14_reg_reg_110_6 default_emulate_view}
    {CK tiki_U14_reg_reg_200_0 default_emulate_view}
    {CK storm_U34_reg_116 default_emulate_view}
    {CK storm_U78_reg_8 default_emulate_view}
    {CK storm_U50_reg_21 default_emulate_view}
    {CK tiki_U14_reg_reg_132_8 default_emulate_view}
    {CK U135_reg_7 default_emulate_view}
    {CK U268_reg_6 default_emulate_view}
    {CK tiki_U14_reg_reg_44_0 default_emulate_view}
    {CK tiki_U14_reg_reg_211_3 default_emulate_view}
    {CK U73_reg_44 default_emulate_view}
    {CK tiki_U14_reg_reg_27_7 default_emulate_view}
    {CK tiki_U14_reg_reg_174_4 default_emulate_view}
    {CK U65_reg_334 default_emulate_view}
    {CK tiki_U14_reg_reg_208_2 default_emulate_view}
    {CK tiki_U21_reg_66 default_emulate_view}
    {CK U77_reg_6 default_emulate_view}
    {CK U45_reg_65 default_emulate_view}
    {CK tiki_U168_reg_0 default_emulate_view}
    {CK storm_U16_reg_29 default_emulate_view}
    {CK storm_U78_reg_12 default_emulate_view}
    {CK storm_U78_reg_26 default_emulate_view}
    {CK U65_reg_58 default_emulate_view}
    {CK tiki_U14_reg_reg_234_8 default_emulate_view}
    {CK tiki_U14_reg_reg_82_3 default_emulate_view}
    {CK tiki_U269_reg default_emulate_view}
    {CK U65_reg_621 default_emulate_view}
    {CK U270_reg_3 default_emulate_view}
    {CK U12_reg_22 default_emulate_view}
    {CK tiki_U14_reg_reg_156_8 default_emulate_view}
    {CK storm_U23_reg_60 default_emulate_view}
    {CK U20_reg_545 default_emulate_view}
    {CK storm_U25_reg_21 default_emulate_view}
    {CK storm_U26_reg_23 default_emulate_view}
    {CK storm_U26_reg_9 default_emulate_view}
    {CK storm_U59_reg_6 default_emulate_view}
    {CK storm_U1_reg_180 default_emulate_view}
    {CK U5_reg_226 default_emulate_view}
    {CK U271_reg_0 default_emulate_view}
    {CK U131_reg_7 default_emulate_view}
    {CK U31_reg_58 default_emulate_view}
    {CK U30_reg_219 default_emulate_view}
    {CK U30_reg_23 default_emulate_view}
    {CK U70_reg_57 default_emulate_view}
    {CK tiki_U14_reg_reg_66_8 default_emulate_view}
    {CK tiki_U37_reg_34 default_emulate_view}
    {CK storm_U26_reg_27 default_emulate_view}
    {CK tiki_U14_reg_reg_19_8 default_emulate_view}
    {CK U65_reg_457 default_emulate_view}
    {CK U20_reg_48 default_emulate_view}
    {CK U20_reg_308 default_emulate_view}
    {CK tiki_U14_reg_reg_39_6 default_emulate_view}
    {CK U65_reg_197 default_emulate_view}
    {CK tiki_U21_reg_95 default_emulate_view}
    {CK tiki_U37_reg_89 default_emulate_view}
    {CK tiki_U21_reg_138 default_emulate_view}
    {CK tiki_U47_reg_154 default_emulate_view}
    {CK storm_U52_reg_4 default_emulate_view}
    {CK U63_reg_3 default_emulate_view}
    {CK U35_reg_46 default_emulate_view}
    {CK storm_U23_reg_123 default_emulate_view}
    {CK storm_U16_reg_162 default_emulate_view}
    {CK tiki_U47_reg_226 default_emulate_view}
    {CK U20_reg_598 default_emulate_view}
    {CK U272_reg_3 default_emulate_view}
    {CK U262_reg_0 default_emulate_view}
    {CK U273_reg default_emulate_view}
    {CK storm_U52_reg_140 default_emulate_view}
    {CK storm_U26_reg_134 default_emulate_view}
    {CK tiki_U14_reg_reg_32_11 default_emulate_view}
    {CK tiki_U37_reg_174 default_emulate_view}
    {CK tiki_U14_reg_reg_253_0 default_emulate_view}
    {CK tiki_U14_reg_reg_229_6 default_emulate_view}
    {CK U65_reg_109 default_emulate_view}
    {CK U65_reg_155 default_emulate_view}
    {CK U70_reg_66 default_emulate_view}
    {CK U12_reg_61 default_emulate_view}
    {CK U129_reg_108 default_emulate_view}
    {CK U104_reg_11 default_emulate_view}
    {CK U17_reg_9 default_emulate_view}
    {CK tiki_U47_reg_201 default_emulate_view}
    {CK U5_reg_19 default_emulate_view}
    {CK storm_U203_reg_0 default_emulate_view}
    {CK storm_U59_reg_129 default_emulate_view}
    {CK tiki_U21_reg_33 default_emulate_view}
    {CK U175_reg_53 default_emulate_view}
    {CK storm_U133_reg_136 default_emulate_view}
    {CK U65_reg_245 default_emulate_view}
    {CK U20_reg_260 default_emulate_view}
    {CK tiki_U274_reg_0 default_emulate_view}
    {CK U18_reg_3 default_emulate_view}
    {CK U275_reg default_emulate_view}
    {CK U11_reg_240 default_emulate_view}
    {CK U20_reg_136 default_emulate_view}
    {CK tiki_U14_reg_reg_86_9 default_emulate_view}
    {CK tiki_U14_reg_reg_175_1 default_emulate_view}
    {CK storm_U59_reg_135 default_emulate_view}
    {CK storm_U78_reg_135 default_emulate_view}
    {CK kasa_U276_reg default_emulate_view}
    {CK kasa_U277_reg default_emulate_view}
    {CK U30_reg_272 default_emulate_view}
    {CK U17_reg_62 default_emulate_view}
    {CK U11_reg_34 default_emulate_view}
    {CK U39_reg_19 default_emulate_view}
    {CK U32_reg_166 default_emulate_view}
    {CK U30_reg_306 default_emulate_view}
    {CK U71_reg_3 default_emulate_view}
    {CK tiki_U14_reg_reg_201_2 default_emulate_view}
    {CK tiki_U14_reg_reg_132_1 default_emulate_view}
    {CK U65_reg_669 default_emulate_view}
    {CK U278_reg_1 default_emulate_view}
    {CK tiki_U14_reg_reg_161_7 default_emulate_view}
    {CK U279_reg default_emulate_view}
    {CK U65_reg_409 default_emulate_view}
    {CK U20_reg_0 default_emulate_view}
    {CK U20_reg_396 default_emulate_view}
    {CK tiki_U14_reg_reg_212_7 default_emulate_view}
    {CK tiki_U14_reg_reg_209_4 default_emulate_view}
    {CK tiki_U14_reg_reg_45_8 default_emulate_view}
    {CK tiki_U14_reg_reg_60_4 default_emulate_view}
    {CK storm_U41_reg_129 default_emulate_view}
    {CK storm_U1_reg_131 default_emulate_view}
    {CK storm_U25_reg_138 default_emulate_view}
    {CK U29_reg_81 default_emulate_view}
    {CK U83_reg_25 default_emulate_view}
    {CK tiki_U121_reg_0 default_emulate_view}
    {CK tiki_U280_reg default_emulate_view}
    {CK tiki_U14_reg_reg_250_7 default_emulate_view}
    {CK tiki_U14_reg_reg_235_2 default_emulate_view}
    {CK U65_reg_491 default_emulate_view}
    {CK kasa_U281_reg default_emulate_view}
    {CK U282_reg_1 default_emulate_view}
    {CK U10_reg_163 default_emulate_view}
    {CK kasa_U284_reg default_emulate_view}
    {CK U32_reg_112 default_emulate_view}
    {CK tiki_U14_reg_reg_125_10 default_emulate_view}
    {CK tiki_U14_reg_reg_71_7 default_emulate_view}
    {CK tiki_U14_reg_reg_169_5 default_emulate_view}
    {CK tiki_U14_reg_reg_13_7 default_emulate_view}
    {CK tiki_U47_reg_64 default_emulate_view}
    {CK tiki_U14_reg_reg_85_2 default_emulate_view}
    {CK tiki_U14_reg_reg_109_11 default_emulate_view}
    {CK tiki_U14_reg_reg_151_11 default_emulate_view}
    {CK U29_reg_23 default_emulate_view}
    {CK U122_reg_32 default_emulate_view}
    {CK tiki_U37_reg_235 default_emulate_view}
    {CK tiki_U285_reg_8 default_emulate_view}
    {CK tiki_U14_reg_reg_61_10 default_emulate_view}
    {CK tiki_U14_reg_reg_100_3 default_emulate_view}
    {CK U286_reg_5 default_emulate_view}
    {CK U5_reg_188 default_emulate_view}
    {CK U287_reg_5 default_emulate_view}
    {CK U10_reg_24 default_emulate_view}
    {CK U11_reg_225 default_emulate_view}
    {CK U11_reg_214 default_emulate_view}
    {CK U129_reg_76 default_emulate_view}
    {CK U104_reg_8 default_emulate_view}
    {CK U138_reg_46 default_emulate_view}
    {CK U39_reg_8 default_emulate_view}
    {CK U84_reg_34 default_emulate_view}
    {CK U71_reg_23 default_emulate_view}
    {CK U30_reg_100 default_emulate_view}
    {CK tiki_U37_reg_78 default_emulate_view}
    {CK tiki_U14_reg_reg_118_7 default_emulate_view}
    {CK tiki_U21_reg_235 default_emulate_view}
    {CK tiki_U14_reg_reg_147_3 default_emulate_view}
    {CK U175_reg_39 default_emulate_view}
    {CK U83_reg_49 default_emulate_view}
    {CK tiki_U21_reg_185 default_emulate_view}
    {CK storm_U1_reg_42 default_emulate_view}
    {CK storm_U23_reg_58 default_emulate_view}
    {CK storm_U80_reg_68 default_emulate_view}
    {CK U65_reg_267 default_emulate_view}
    {CK U35_reg_45 default_emulate_view}
    {CK storm_U62_reg_22 default_emulate_view}
    {CK storm_U34_reg_30 default_emulate_view}
    {CK tiki_U95_reg_15 default_emulate_view}
    {CK tiki_U14_reg_reg_207_7 default_emulate_view}
    {CK tiki_U14_reg_reg_6_9 default_emulate_view}
    {CK U38_reg_119 default_emulate_view}
    {CK tiki_U14_reg_reg_202_7 default_emulate_view}
    {CK U51_reg_92 default_emulate_view}
    {CK storm_U22_reg_0 default_emulate_view}
    {CK storm_U23_reg_62 default_emulate_view}
    {CK storm_U23_reg_76 default_emulate_view}
    {CK tiki_U47_reg_136 default_emulate_view}
    {CK U107_reg_5 default_emulate_view}
    {CK storm_U1_reg_33 default_emulate_view}
    {CK tiki_U14_reg_reg_47_6 default_emulate_view}
    {CK U63_reg_6 default_emulate_view}
    {CK storm_U16_reg_27 default_emulate_view}
    {CK tiki_U56_reg_8 default_emulate_view}
    {CK U138_reg_75 default_emulate_view}
    {CK U129_reg_79 default_emulate_view}
    {CK storm_U52_reg_79 default_emulate_view}
    {CK U32_reg_149 default_emulate_view}
    {CK U10_reg_95 default_emulate_view}
    {CK storm_U16_reg_50 default_emulate_view}
    {CK storm_U3_reg_85 default_emulate_view}
    {CK storm_U59_reg_74 default_emulate_view}
    {CK tiki_U47_reg_37 default_emulate_view}
    {CK tiki_U14_reg_reg_126_3 default_emulate_view}
    {CK tiki_U14_reg_reg_93_3 default_emulate_view}
    {CK storm_U53_reg_25 default_emulate_view}
    {CK storm_U133_reg_32 default_emulate_view}
    {CK U12_reg_70 default_emulate_view}
    {CK U288_reg default_emulate_view}
    {CK storm_U2_reg_196 default_emulate_view}
    {CK U5_reg_69 default_emulate_view}
    {CK U51_reg_26 default_emulate_view}
    {CK U20_reg_475 default_emulate_view}
    {CK storm_U59_reg_56 default_emulate_view}
    {CK storm_U34_reg_60 default_emulate_view}
    {CK storm_U43_reg_64 default_emulate_view}
    {CK U289_reg_0 default_emulate_view}
    {CK U290_reg_1 default_emulate_view}
    {CK tiki_U14_reg_reg_12_7 default_emulate_view}
    {CK tiki_U14_reg_reg_153_7 default_emulate_view}
    {CK storm_U2_reg_35 default_emulate_view}
    {CK U49_reg_75 default_emulate_view}
    {CK tiki_U14_reg_reg_118_9 default_emulate_view}
    {CK tiki_U14_reg_reg_34_10 default_emulate_view}
    {CK U291_reg_0 default_emulate_view}
    {CK U32_reg_215 default_emulate_view}
    {CK U30_reg_75 default_emulate_view}
    {CK U11_reg_218 default_emulate_view}
    {CK U67_reg_1 default_emulate_view}
    {CK storm_U26_reg_77 default_emulate_view}
    {CK storm_U52_reg_142 default_emulate_view}
    {CK storm_U62_reg_167 default_emulate_view}
    {CK storm_U80_reg_118 default_emulate_view}
    {CK U65_reg_697 default_emulate_view}
    {CK tiki_U14_reg_reg_136_10 default_emulate_view}
    {CK tiki_U112_reg_2 default_emulate_view}
    {CK U122_reg_74 default_emulate_view}
    {CK storm_U4_reg_100 default_emulate_view}
    {CK storm_U292_reg_6 default_emulate_view}
    {CK tiki_U14_reg_reg_117_9 default_emulate_view}
    {CK tiki_U14_reg_reg_130_11 default_emulate_view}
    {CK tiki_U14_reg_reg_155_1 default_emulate_view}
    {CK storm_U4_reg_6 default_emulate_view}
    {CK storm_U133_reg_189 default_emulate_view}
    {CK storm_U80_reg_138 default_emulate_view}
    {CK tiki_U21_reg_150 default_emulate_view}
    {CK storm_U4_reg_114 default_emulate_view}
    {CK tiki_U14_reg_reg_37_1 default_emulate_view}
    {CK U63_reg_24 default_emulate_view}
    {CK storm_U293_reg_6 default_emulate_view}
    {CK kasa_U294_reg default_emulate_view}
    {CK tiki_U14_reg_reg_194_10 default_emulate_view}
    {CK tiki_U14_reg_reg_246_4 default_emulate_view}
    {CK tiki_U14_reg_reg_182_2 default_emulate_view}
    {CK U30_reg_153 default_emulate_view}
    {CK storm_U41_reg_136 default_emulate_view}
    {CK tiki_U14_reg_reg_89_4 default_emulate_view}
    {CK U10_reg_119 default_emulate_view}
    {CK storm_U133_reg_143 default_emulate_view}
    {CK storm_U3_reg_141 default_emulate_view}
    {CK storm_U295_reg_4 default_emulate_view}
    {CK storm_U78_reg_166 default_emulate_view}
    {CK storm_U41_reg_168 default_emulate_view}
    {CK storm_U88_reg_54 default_emulate_view}
    {CK U296_reg_0 default_emulate_view}
    {CK U31_reg_13 default_emulate_view}
    {CK U9_reg_5 default_emulate_view}
    {CK U10_reg_101 default_emulate_view}
    {CK U51_reg_2 default_emulate_view}
    {CK U58_reg_56 default_emulate_view}
    {CK U38_reg_58 default_emulate_view}
    {CK U32_reg_167 default_emulate_view}
    {CK U38_reg_231 default_emulate_view}
    {CK tiki_U14_reg_reg_27_2 default_emulate_view}
    {CK tiki_U37_reg_8 default_emulate_view}
    {CK tiki_U14_reg_reg_168_7 default_emulate_view}
    {CK storm_U59_reg_136 default_emulate_view}
    {CK U129_reg_88 default_emulate_view}
    {CK storm_U88_reg_10 default_emulate_view}
    {CK storm_U4_reg_50 default_emulate_view}
    {CK storm_U4_reg_124 default_emulate_view}
    {CK U49_reg_57 default_emulate_view}
    {CK U76_reg_42 default_emulate_view}
    {CK storm_U59_reg_113 default_emulate_view}
    {CK storm_U4_reg_61 default_emulate_view}
    {CK U297_reg_5 default_emulate_view}
    {CK tiki_U298_reg default_emulate_view}
    {CK U35_reg_6 default_emulate_view}
    {CK U20_reg_427 default_emulate_view}
    {CK tiki_U21_reg_222 default_emulate_view}
    {CK U30_reg_199 default_emulate_view}
    {CK U70_reg_42 default_emulate_view}
    {CK storm_U1_reg_109 default_emulate_view}
    {CK storm_U133_reg_177 default_emulate_view}
    {CK tiki_U14_reg_reg_51_6 default_emulate_view}
    {CK U282_reg_8 default_emulate_view}
    {CK tiki_U21_reg_39 default_emulate_view}
    {CK U73_reg_33 default_emulate_view}
    {CK tiki_U47_reg_182 default_emulate_view}
    {CK tiki_U299_reg default_emulate_view}
    {CK U31_reg_0 default_emulate_view}
    {CK U32_reg_176 default_emulate_view}
    {CK U5_reg_152 default_emulate_view}
    {CK U45_reg_37 default_emulate_view}
    {CK U10_reg_139 default_emulate_view}
    {CK tiki_U301_reg_0 default_emulate_view}
    {CK storm_U23_reg_174 default_emulate_view}
    {CK storm_U293_reg_7 default_emulate_view}
    {CK storm_U53_reg_108 default_emulate_view}
    {CK storm_U52_reg_114 default_emulate_view}
    {CK U302_reg_2 default_emulate_view}
    {CK U5_reg_229 default_emulate_view}
    {CK U58_reg_13 default_emulate_view}
    {CK U129_reg_64 default_emulate_view}
    {CK U11_reg_251 default_emulate_view}
    {CK U104_reg_44 default_emulate_view}
    {CK U303_reg_1 default_emulate_view}
    {CK U12_reg_107 default_emulate_view}
    {CK tiki_U14_reg_reg_241_5 default_emulate_view}
    {CK tiki_U14_reg_reg_49_11 default_emulate_view}
    {CK tiki_U14_reg_reg_42_8 default_emulate_view}
    {CK storm_U16_reg_4 default_emulate_view}
    {CK tiki_U14_reg_reg_92_8 default_emulate_view}
    {CK U65_reg_692 default_emulate_view}
    {CK tiki_U14_reg_reg_144_5 default_emulate_view}
    {CK tiki_U37_reg_151 default_emulate_view}
    {CK tiki_U14_reg_reg_243_11 default_emulate_view}
    {CK tiki_U37_reg_185 default_emulate_view}
    {CK tiki_U263_reg_14 default_emulate_view}
    {CK U24_reg_77 default_emulate_view}
    {CK tiki_U14_reg_reg_173_11 default_emulate_view}
    {CK tiki_U14_reg_reg_200_3 default_emulate_view}
    {CK storm_U78_reg_30 default_emulate_view}
    {CK storm_U34_reg_27 default_emulate_view}
    {CK storm_U2_reg_20 default_emulate_view}
    {CK storm_U62_reg_13 default_emulate_view}
    {CK storm_U34_reg_9 default_emulate_view}
    {CK storm_U80_reg_3 default_emulate_view}
    {CK U219_reg_2 default_emulate_view}
    {CK U77_reg_0 default_emulate_view}
    {CK U51_reg_133 default_emulate_view}
    {CK tiki_U14_reg_reg_64_2 default_emulate_view}
    {CK storm_U26_reg_49 default_emulate_view}
    {CK U304_reg default_emulate_view}
    {CK U11_reg_178 default_emulate_view}
    {CK U12_reg_66 default_emulate_view}
    {CK tiki_U47_reg_60 default_emulate_view}
    {CK storm_U1_reg_178 default_emulate_view}
    {CK U63_reg_57 default_emulate_view}
    {CK U76_reg_40 default_emulate_view}
    {CK tiki_U21_reg_243 default_emulate_view}
    {CK storm_U22_reg_28 default_emulate_view}
    {CK storm_U16_reg_14 default_emulate_view}
    {CK storm_U80_reg_60 default_emulate_view}
    {CK kasa_U305_reg default_emulate_view}
    {CK tiki_U14_reg_reg_197_2 default_emulate_view}
    {CK U49_reg_24 default_emulate_view}
    {CK storm_U25_reg_116 default_emulate_view}
    {CK tiki_U14_reg_reg_129_4 default_emulate_view}
    {CK tiki_U14_reg_reg_135_0 default_emulate_view}
    {CK U87_reg_25 default_emulate_view}
    {CK U70_reg_20 default_emulate_view}
    {CK U38_reg_112 default_emulate_view}
    {CK U129_reg_41 default_emulate_view}
    {CK U10_reg_78 default_emulate_view}
    {CK U9_reg_1 default_emulate_view}
    {CK storm_U133_reg_11 default_emulate_view}
    {CK storm_U43_reg_26 default_emulate_view}
    {CK U307_reg_5 default_emulate_view}
    {CK storm_U3_reg_2 default_emulate_view}
    {CK tiki_U14_reg_reg_220_11 default_emulate_view}
    {CK tiki_U14_reg_reg_110_11 default_emulate_view}
    {CK U83_reg_66 default_emulate_view}
    {CK tiki_U308_reg_9 default_emulate_view}
    {CK U309_reg_3 default_emulate_view}
    {CK tiki_U47_reg_144 default_emulate_view}
    {CK tiki_U37_reg_94 default_emulate_view}
    {CK tiki_U14_reg_reg_211_1 default_emulate_view}
    {CK tiki_U14_reg_reg_149_5 default_emulate_view}
    {CK U87_reg_43 default_emulate_view}
    {CK U32_reg_122 default_emulate_view}
    {CK U58_reg_70 default_emulate_view}
    {CK storm_U16_reg_32 default_emulate_view}
    {CK tiki_U47_reg_89 default_emulate_view}
    {CK U51_reg_7 default_emulate_view}
    {CK U310_reg_4 default_emulate_view}
    {CK storm_U16_reg_135 default_emulate_view}
    {CK storm_U53_reg_129 default_emulate_view}
    {CK tiki_U14_reg_reg_228_7 default_emulate_view}
    {CK tiki_U14_reg_reg_185_2 default_emulate_view}
    {CK tiki_U27_reg_1 default_emulate_view}
    {CK U30_reg_149 default_emulate_view}
    {CK U67_reg_0 default_emulate_view}
    {CK U17_reg_92 default_emulate_view}
    {CK tiki_U14_reg_reg_251_6 default_emulate_view}
    {CK storm_U26_reg_163 default_emulate_view}
    {CK tiki_U14_reg_reg_85_6 default_emulate_view}
    {CK tiki_U14_reg_reg_15_4 default_emulate_view}
    {CK storm_U133_reg_134 default_emulate_view}
    {CK U24_reg_68 default_emulate_view}
    {CK storm_U59_reg_131 default_emulate_view}
    {CK tiki_U168_reg_4 default_emulate_view}
    {CK tiki_U14_reg_reg_77_0 default_emulate_view}
    {CK tiki_U21_reg_171 default_emulate_view}
    {CK tiki_U14_reg_reg_5_8 default_emulate_view}
    {CK U45_reg_60 default_emulate_view}
    {CK U71_reg_54 default_emulate_view}
    {CK U104_reg_4 default_emulate_view}
    {CK U129_reg_70 default_emulate_view}
    {CK tiki_U14_reg_reg_90_4 default_emulate_view}
    {CK U5_reg_38 default_emulate_view}
    {CK tiki_U14_reg_reg_19_3 default_emulate_view}
    {CK U311_reg_5 default_emulate_view}
    {CK tiki_U14_reg_reg_148_7 default_emulate_view}
    {CK tiki_U14_reg_reg_72_9 default_emulate_view}
    {CK U73_reg_22 default_emulate_view}
    {CK storm_U34_reg_134 default_emulate_view}
    {CK storm_U80_reg_123 default_emulate_view}
    {CK U65_reg_499 default_emulate_view}
    {CK U38_reg_63 default_emulate_view}
    {CK U19_reg_36 default_emulate_view}
    {CK U5_reg_193 default_emulate_view}
    {CK storm_U23_reg_129 default_emulate_view}
    {CK storm_U23_reg_119 default_emulate_view}
    {CK tiki_U14_reg_reg_49_3 default_emulate_view}
    {CK tiki_U14_reg_reg_9_2 default_emulate_view}
    {CK U58_reg_79 default_emulate_view}
    {CK U32_reg_125 default_emulate_view}
    {CK tiki_U14_reg_reg_56_6 default_emulate_view}
    {CK U20_reg_184 default_emulate_view}
    {CK U10_reg_97 default_emulate_view}
    {CK U51_reg_94 default_emulate_view}
    {CK U19_reg_67 default_emulate_view}
    {CK U19_reg_14 default_emulate_view}
    {CK U12_reg_109 default_emulate_view}
    {CK U38_reg_2 default_emulate_view}
    {CK U32_reg_87 default_emulate_view}
    {CK U30_reg_310 default_emulate_view}
    {CK U71_reg_1 default_emulate_view}
    {CK tiki_U14_reg_reg_235_8 default_emulate_view}
    {CK tiki_U14_reg_reg_254_2 default_emulate_view}
    {CK tiki_U14_reg_reg_234_9 default_emulate_view}
    {CK U11_reg_250 default_emulate_view}
    {CK tiki_U14_reg_reg_76_10 default_emulate_view}
    {CK tiki_U14_reg_reg_221_1 default_emulate_view}
    {CK tiki_U314_reg_3 default_emulate_view}
    {CK tiki_U14_reg_reg_42_6 default_emulate_view}
    {CK tiki_U14_reg_reg_27_3 default_emulate_view}
    {CK tiki_U14_reg_reg_80_4 default_emulate_view}
    {CK tiki_U14_reg_reg_135_7 default_emulate_view}
    {CK tiki_U14_reg_reg_114_8 default_emulate_view}
    {CK U24_reg_48 default_emulate_view}
    {CK tiki_U308_reg_1 default_emulate_view}
    {CK tiki_U14_reg_reg_65_0 default_emulate_view}
    {CK tiki_U14_reg_reg_180_1 default_emulate_view}
    {CK tiki_U14_reg_reg_159_4 default_emulate_view}
    {CK U28_reg_4 default_emulate_view}
    {CK U5_reg_57 default_emulate_view}
    {CK U55_reg_1 default_emulate_view}
    {CK U9_reg_2 default_emulate_view}
    {CK U51_reg_31 default_emulate_view}
    {CK U11_reg_76 default_emulate_view}
    {CK U70_reg_64 default_emulate_view}
    {CK tiki_U14_reg_reg_191_1 default_emulate_view}
    {CK U65_reg_260 default_emulate_view}
    {CK tiki_U47_reg_247 default_emulate_view}
    {CK tiki_U21_reg_158 default_emulate_view}
    {CK U83_reg_7 default_emulate_view}
    {CK U35_reg_47 default_emulate_view}
    {CK storm_U1_reg_183 default_emulate_view}
    {CK storm_U50_reg_193 default_emulate_view}
    {CK storm_U203_reg_7 default_emulate_view}
    {CK tiki_U21_reg_47 default_emulate_view}
    {CK tiki_U14_reg_reg_185_10 default_emulate_view}
    {CK tiki_U14_reg_reg_93_7 default_emulate_view}
    {CK U83_reg_48 default_emulate_view}
    {CK storm_U133_reg_78 default_emulate_view}
    {CK storm_U3_reg_86 default_emulate_view}
    {CK storm_U52_reg_56 default_emulate_view}
    {CK storm_U78_reg_200 default_emulate_view}
    {CK storm_U292_reg_5 default_emulate_view}
    {CK tiki_U37_reg_208 default_emulate_view}
    {CK storm_U23_reg_89 default_emulate_view}
    {CK U63_reg_38 default_emulate_view}
    {CK storm_U53_reg_83 default_emulate_view}
    {CK U79_reg_1 default_emulate_view}
    {CK tiki_U14_reg_reg_27_8 default_emulate_view}
    {CK tiki_U81_reg_6 default_emulate_view}
    {CK storm_U4_reg_55 default_emulate_view}
    {CK U138_reg_69 default_emulate_view}
    {CK tiki_U14_reg_reg_125_3 default_emulate_view}
    {CK tiki_U14_reg_reg_214_1 default_emulate_view}
    {CK storm_U78_reg_204 default_emulate_view}
    {CK storm_U315_reg_7 default_emulate_view}
    {CK storm_U80_reg_195 default_emulate_view}
    {CK storm_U88_reg_73 default_emulate_view}
    {CK storm_U43_reg_192 default_emulate_view}
    {CK storm_U26_reg_186 default_emulate_view}
    {CK kasa_U316_reg default_emulate_view}
    {CK U5_reg_1 default_emulate_view}
    {CK U54_reg_3 default_emulate_view}
    {CK U70_reg_61 default_emulate_view}
    {CK U10_reg_27 default_emulate_view}
    {CK U30_reg_289 default_emulate_view}
    {CK U31_reg_56 default_emulate_view}
    {CK U30_reg_223 default_emulate_view}
    {CK U30_reg_50 default_emulate_view}
    {CK tiki_U14_reg_reg_89_2 default_emulate_view}
    {CK tiki_U14_reg_reg_44_10 default_emulate_view}
    {CK storm_U317_reg_1 default_emulate_view}
    {CK storm_U2_reg_142 default_emulate_view}
    {CK tiki_U14_reg_reg_219_6 default_emulate_view}
    {CK tiki_U14_reg_reg_47_4 default_emulate_view}
    {CK tiki_U14_reg_reg_177_4 default_emulate_view}
    {CK tiki_U14_reg_reg_199_8 default_emulate_view}
    {CK tiki_U205_reg_6 default_emulate_view}
    {CK tiki_U86_reg_6 default_emulate_view}
    {CK storm_U1_reg_100 default_emulate_view}
    {CK storm_U22_reg_88 default_emulate_view}
    {CK storm_U41_reg_81 default_emulate_view}
    {CK U29_reg_12 default_emulate_view}
    {CK tiki_U14_reg_reg_90_10 default_emulate_view}
    {CK tiki_U37_reg_167 default_emulate_view}
    {CK tiki_U14_reg_reg_57_0 default_emulate_view}
    {CK tiki_U181_reg_1 default_emulate_view}
    {CK U20_reg_257 default_emulate_view}
    {CK storm_U2_reg_134 default_emulate_view}
    {CK storm_U16_reg_136 default_emulate_view}
    {CK storm_U78_reg_150 default_emulate_view}
    {CK storm_U23_reg_190 default_emulate_view}
    {CK storm_U133_reg_165 default_emulate_view}
    {CK storm_U1_reg_171 default_emulate_view}
    {CK kasa_U318_reg default_emulate_view}
    {CK U220_reg_1 default_emulate_view}
    {CK U51_reg_169 default_emulate_view}
    {CK U71_reg_46 default_emulate_view}
    {CK U30_reg_79 default_emulate_view}
    {CK U32_reg_211 default_emulate_view}
    {CK tiki_U14_reg_reg_78_8 default_emulate_view}
    {CK tiki_U14_reg_reg_249_6 default_emulate_view}
    {CK tiki_U14_reg_reg_141_5 default_emulate_view}
    {CK storm_U26_reg_123 default_emulate_view}
    {CK U19_reg_29 default_emulate_view}
    {CK U11_reg_33 default_emulate_view}
    {CK U65_reg_679 default_emulate_view}
    {CK U20_reg_393 default_emulate_view}
    {CK U20_reg_3 default_emulate_view}
    {CK tiki_U14_reg_reg_134_9 default_emulate_view}
    {CK tiki_U21_reg_7 default_emulate_view}
    {CK tiki_U21_reg_56 default_emulate_view}
    {CK storm_U88_reg_58 default_emulate_view}
    {CK storm_U88_reg_4 default_emulate_view}
    {CK storm_U4_reg_44 default_emulate_view}
    {CK storm_U315_reg_4 default_emulate_view}
    {CK U49_reg_2 default_emulate_view}
    {CK U319_reg_2 default_emulate_view}
    {CK tiki_U14_reg_reg_87_10 default_emulate_view}
    {CK tiki_U14_reg_reg_103_2 default_emulate_view}
    {CK storm_U16_reg_171 default_emulate_view}
    {CK storm_U3_reg_159 default_emulate_view}
    {CK storm_U43_reg_136 default_emulate_view}
    {CK U49_reg_68 default_emulate_view}
    {CK storm_U320_reg_3 default_emulate_view}
    {CK storm_U50_reg_142 default_emulate_view}
    {CK U20_reg_139 default_emulate_view}
    {CK U65_reg_407 default_emulate_view}
    {CK tiki_U14_reg_reg_212_9 default_emulate_view}
    {CK U138_reg_41 default_emulate_view}
    {CK U129_reg_13 default_emulate_view}
    {CK U291_reg_7 default_emulate_view}
    {CK U129_reg_77 default_emulate_view}
    {CK tiki_U14_reg_reg_10_0 default_emulate_view}
    {CK U5_reg_43 default_emulate_view}
    {CK storm_U52_reg_189 default_emulate_view}
    {CK storm_U4_reg_120 default_emulate_view}
    {CK storm_U59_reg_138 default_emulate_view}
    {CK U20_reg_2 default_emulate_view}
    {CK tiki_U14_reg_reg_3_8 default_emulate_view}
    {CK tiki_U21_reg_146 default_emulate_view}
    {CK storm_U23_reg_173 default_emulate_view}
    {CK U29_reg_30 default_emulate_view}
    {CK U24_reg_69 default_emulate_view}
    {CK kasa_U321_reg default_emulate_view}
    {CK tiki_U14_reg_reg_145_1 default_emulate_view}
    {CK U322_reg_3 default_emulate_view}
    {CK U278_reg_4 default_emulate_view}
    {CK tiki_U14_reg_reg_101_7 default_emulate_view}
    {CK U130_reg_0 default_emulate_view}
    {CK U12_reg_57 default_emulate_view}
    {CK U104_reg_13 default_emulate_view}
    {CK storm_U22_reg_131 default_emulate_view}
    {CK U38_reg_123 default_emulate_view}
    {CK storm_U25_reg_112 default_emulate_view}
    {CK storm_U80_reg_174 default_emulate_view}
    {CK storm_U41_reg_4 default_emulate_view}
    {CK tiki_U47_reg_162 default_emulate_view}
    {CK U20_reg_305 default_emulate_view}
    {CK kasa_U323_reg default_emulate_view}
    {CK U262_reg_7 default_emulate_view}
    {CK tiki_U14_reg_reg_239_6 default_emulate_view}
    {CK U76_reg_11 default_emulate_view}
    {CK tiki_U14_reg_reg_53_7 default_emulate_view}
    {CK U87_reg_17 default_emulate_view}
    {CK U84_reg_69 default_emulate_view}
    {CK U138_reg_50 default_emulate_view}
    {CK U12_reg_18 default_emulate_view}
    {CK U10_reg_134 default_emulate_view}
    {CK storm_U324_reg_7 default_emulate_view}
    {CK U307_reg_8 default_emulate_view}
    {CK storm_U50_reg_114 default_emulate_view}
    {CK tiki_U37_reg_43 default_emulate_view}
    {CK U63_reg_40 default_emulate_view}
    {CK tiki_U14_reg_reg_30_7 default_emulate_view}
    {CK tiki_U37_reg_190 default_emulate_view}
    {CK tiki_U15_reg_11 default_emulate_view}
    {CK U20_reg_51 default_emulate_view}
    {CK U20_reg_546 default_emulate_view}
    {CK U65_reg_455 default_emulate_view}
    {CK U71_reg_27 default_emulate_view}
    {CK U39_reg_7 default_emulate_view}
    {CK tiki_U47_reg_209 default_emulate_view}
    {CK U30_reg_136 default_emulate_view}
    {CK U65_reg_61 default_emulate_view}
    {CK storm_U52_reg_177 default_emulate_view}
    {CK storm_U150_reg_12 default_emulate_view}
    {CK kasa_U325_reg default_emulate_view}
    {CK kasa_U326_reg default_emulate_view}
    {CK U129_reg_46 default_emulate_view}
    {CK U32_reg_108 default_emulate_view}
    {CK tiki_U14_reg_reg_116_3 default_emulate_view}
    {CK tiki_U14_reg_reg_188_4 default_emulate_view}
    {CK U167_reg_2 default_emulate_view}
    {CK U65_reg_339 default_emulate_view}
    {CK U132_reg_2 default_emulate_view}
    {CK tiki_U14_reg_reg_167_10 default_emulate_view}
    {CK tiki_U14_reg_reg_179_2 default_emulate_view}
    {CK tiki_U14_reg_reg_21_3 default_emulate_view}
    {CK tiki_U14_reg_reg_106_4 default_emulate_view}
    {CK U65_reg_627 default_emulate_view}
    {CK storm_U59_reg_109 default_emulate_view}
    {CK storm_U16_reg_113 default_emulate_view}
    {CK U63_reg_33 default_emulate_view}
    {CK U76_reg_70 default_emulate_view}
    {CK tiki_U327_reg_11 default_emulate_view}
    {CK storm_U62_reg_63 default_emulate_view}
    {CK storm_U34_reg_77 default_emulate_view}
    {CK U65_reg_125 default_emulate_view}
    {CK U221_reg_6 default_emulate_view}
    {CK U122_reg_26 default_emulate_view}
    {CK storm_U25_reg_60 default_emulate_view}
    {CK storm_U41_reg_35 default_emulate_view}
    {CK tiki_U14_reg_reg_83_6 default_emulate_view}
    {CK tiki_U14_reg_reg_4_9 default_emulate_view}
    {CK U65_reg_323 default_emulate_view}
    {CK tiki_U14_reg_reg_213_2 default_emulate_view}
    {CK U11_reg_168 default_emulate_view}
    {CK U5_reg_111 default_emulate_view}
    {CK U10_reg_166 default_emulate_view}
    {CK storm_U53_reg_85 default_emulate_view}
    {CK storm_U62_reg_67 default_emulate_view}
    {CK storm_U62_reg_81 default_emulate_view}
    {CK tiki_U235_reg_5 default_emulate_view}
    {CK storm_U41_reg_50 default_emulate_view}
    {CK tiki_U21_reg_131 default_emulate_view}
    {CK tiki_U14_reg_reg_55_5 default_emulate_view}
    {CK tiki_U37_reg_75 default_emulate_view}
    {CK U29_reg_83 default_emulate_view}
    {CK storm_U52_reg_32 default_emulate_view}
    {CK tiki_U235_reg_8 default_emulate_view}
    {CK U20_reg_151 default_emulate_view}
    {CK U20_reg_216 default_emulate_view}
    {CK U65_reg_675 default_emulate_view}
    {CK tiki_U121_reg_2 default_emulate_view}
    {CK storm_U50_reg_195 default_emulate_view}
    {CK tiki_U14_reg_reg_113_5 default_emulate_view}
    {CK U20_reg_289 default_emulate_view}
    {CK storm_U1_reg_76 default_emulate_view}
    {CK storm_U50_reg_79 default_emulate_view}
    {CK storm_U25_reg_34 default_emulate_view}
    {CK storm_U50_reg_65 default_emulate_view}
    {CK storm_U80_reg_62 default_emulate_view}
    {CK kasa_U328_reg default_emulate_view}
    {CK U110_reg_1 default_emulate_view}
    {CK U97_reg_1 default_emulate_view}
    {CK U329_reg_0 default_emulate_view}
    {CK U330_reg default_emulate_view}
    {CK U129_reg_49 default_emulate_view}
    {CK U129_reg_121 default_emulate_view}
    {CK U32_reg_172 default_emulate_view}
    {CK U70_reg_40 default_emulate_view}
    {CK U31_reg_4 default_emulate_view}
    {CK U30_reg_194 default_emulate_view}
    {CK U30_reg_12 default_emulate_view}
    {CK tiki_U14_reg_reg_73_7 default_emulate_view}
    {CK tiki_U14_reg_reg_217_11 default_emulate_view}
    {CK tiki_U14_reg_reg_210_4 default_emulate_view}
    {CK storm_U50_reg_83 default_emulate_view}
    {CK U65_reg_439 default_emulate_view}
    {CK U20_reg_562 default_emulate_view}
    {CK U180_reg_1 default_emulate_view}
    {CK tiki_U14_reg_reg_70_6 default_emulate_view}
    {CK tiki_U14_reg_reg_143_2 default_emulate_view}
    {CK tiki_U14_reg_reg_138_5 default_emulate_view}
    {CK tiki_U14_reg_reg_11_1 default_emulate_view}
    {CK storm_U43_reg_52 default_emulate_view}
    {CK storm_U1_reg_40 default_emulate_view}
    {CK storm_U25_reg_30 default_emulate_view}
    {CK U63_reg_35 default_emulate_view}
    {CK U122_reg_53 default_emulate_view}
    {CK U76_reg_79 default_emulate_view}
    {CK tiki_U14_reg_reg_184_3 default_emulate_view}
    {CK tiki_U14_reg_reg_203_0 default_emulate_view}
    {CK U106_reg_4 default_emulate_view}
    {CK tiki_U14_reg_reg_69_11 default_emulate_view}
    {CK tiki_U14_reg_reg_213_10 default_emulate_view}
    {CK U73_reg_40 default_emulate_view}
    {CK U20_reg_171 default_emulate_view}
    {CK U65_reg_427 default_emulate_view}
    {CK U20_reg_89 default_emulate_view}
    {CK U45_reg_23 default_emulate_view}
    {CK U30_reg_157 default_emulate_view}
    {CK U12_reg_96 default_emulate_view}
    {CK tiki_U14_reg_reg_174_3 default_emulate_view}
    {CK U10_reg_106 default_emulate_view}
    {CK U331_reg_6 default_emulate_view}
    {CK tiki_U14_reg_reg_182_11 default_emulate_view}
    {CK tiki_U14_reg_reg_137_0 default_emulate_view}
    {CK tiki_U14_reg_reg_102_1 default_emulate_view}
    {CK U20_reg_35 default_emulate_view}
    {CK U270_reg_1 default_emulate_view}
    {CK U65_reg_611 default_emulate_view}
    {CK U30_reg_201 default_emulate_view}
    {CK U5_reg_216 default_emulate_view}
    {CK U20_reg_150 default_emulate_view}
    {CK tiki_U92_reg_7 default_emulate_view}
    {CK U141_reg_4 default_emulate_view}
    {CK kasa_U332_reg default_emulate_view}
    {CK U5_reg_44 default_emulate_view}
    {CK U247_reg_1 default_emulate_view}
    {CK U38_reg_227 default_emulate_view}
    {CK U58_reg_60 default_emulate_view}
    {CK U84_reg_13 default_emulate_view}
    {CK U32_reg_67 default_emulate_view}
    {CK tiki_U14_reg_reg_150_7 default_emulate_view}
    {CK tiki_U210_reg_15 default_emulate_view}
    {CK tiki_U121_reg_9 default_emulate_view}
    {CK U65_reg_156 default_emulate_view}
    {CK tiki_U14_reg_reg_132_0 default_emulate_view}
    {CK tiki_U333_reg default_emulate_view}
    {CK tiki_U14_reg_reg_26_4 default_emulate_view}
    {CK U65_reg_551 default_emulate_view}
    {CK tiki_U37_reg_213 default_emulate_view}
    {CK U49_reg_3 default_emulate_view}
    {CK U35_reg_68 default_emulate_view}
    {CK tiki_U14_reg_reg_130_6 default_emulate_view}
    {CK tiki_U14_reg_reg_76_2 default_emulate_view}
    {CK U65_reg_157 default_emulate_view}
    {CK U65_reg_322 default_emulate_view}
    {CK storm_U50_reg_55 default_emulate_view}
    {CK storm_U78_reg_188 default_emulate_view}
    {CK storm_U52_reg_89 default_emulate_view}
    {CK storm_U23_reg_86 default_emulate_view}
    {CK storm_U2_reg_82 default_emulate_view}
    {CK storm_U52_reg_76 default_emulate_view}
    {CK U334_reg_1 default_emulate_view}
    {CK U51_reg_170 default_emulate_view}
    {CK U30_reg_17 default_emulate_view}
    {CK U45_reg_44 default_emulate_view}
    {CK tiki_U14_reg_reg_14_2 default_emulate_view}
    {CK tiki_U14_reg_reg_62_8 default_emulate_view}
    {CK tiki_U14_reg_reg_225_2 default_emulate_view}
    {CK storm_U62_reg_197 default_emulate_view}
    {CK tiki_U47_reg_102 default_emulate_view}
    {CK U20_reg_170 default_emulate_view}
    {CK U20_reg_88 default_emulate_view}
    {CK U65_reg_94 default_emulate_view}
    {CK tiki_U14_reg_reg_255_7 default_emulate_view}
    {CK tiki_U37_reg_15 default_emulate_view}
    {CK tiki_U14_reg_reg_175_6 default_emulate_view}
    {CK storm_U78_reg_69 default_emulate_view}
    {CK storm_U52_reg_66 default_emulate_view}
    {CK storm_U1_reg_61 default_emulate_view}
    {CK storm_U2_reg_59 default_emulate_view}
    {CK U76_reg_0 default_emulate_view}
    {CK tiki_U14_reg_reg_164_1 default_emulate_view}
    {CK storm_U23_reg_77 default_emulate_view}
    {CK storm_U26_reg_87 default_emulate_view}
    {CK storm_U78_reg_53 default_emulate_view}
    {CK kasa_U336_reg default_emulate_view}
    {CK U156_reg_6 default_emulate_view}
    {CK kasa_U337_reg default_emulate_view}
    {CK tiki_U338_reg_3 default_emulate_view}
    {CK tiki_U14_reg_reg_81_9 default_emulate_view}
    {CK tiki_U14_reg_reg_14_9 default_emulate_view}
    {CK U24_reg_38 default_emulate_view}
    {CK storm_U34_reg_84 default_emulate_view}
    {CK storm_U62_reg_66 default_emulate_view}
    {CK tiki_U37_reg_152 default_emulate_view}
    {CK U65_reg_612 default_emulate_view}
    {CK U20_reg_34 default_emulate_view}
    {CK tiki_U14_reg_reg_88_5 default_emulate_view}
    {CK tiki_U339_reg default_emulate_view}
    {CK tiki_U14_reg_reg_247_9 default_emulate_view}
    {CK U30_reg_284 default_emulate_view}
    {CK U38_reg_106 default_emulate_view}
    {CK U104_reg_47 default_emulate_view}
    {CK U77_reg_3 default_emulate_view}
    {CK storm_U41_reg_196 default_emulate_view}
    {CK storm_U26_reg_64 default_emulate_view}
    {CK storm_U78_reg_186 default_emulate_view}
    {CK kasa_U340_reg default_emulate_view}
    {CK storm_U43_reg_75 default_emulate_view}
    {CK U175_reg_10 default_emulate_view}
    {CK tiki_U14_reg_reg_75_2 default_emulate_view}
    {CK U65_reg_360 default_emulate_view}
    {CK U20_reg_288 default_emulate_view}
    {CK U65_reg_361 default_emulate_view}
    {CK tiki_U14_reg_reg_224_1 default_emulate_view}
    {CK U32_reg_203 default_emulate_view}
    {CK U58_reg_0 default_emulate_view}
    {CK storm_U3_reg_183 default_emulate_view}
    {CK U31_reg_69 default_emulate_view}
    {CK U10_reg_75 default_emulate_view}
    {CK tiki_U285_reg_14 default_emulate_view}
    {CK tiki_U56_reg_10 default_emulate_view}
    {CK tiki_U14_reg_reg_136_11 default_emulate_view}
    {CK U65_reg_209 default_emulate_view}
    {CK U65_reg_426 default_emulate_view}
    {CK tiki_U21_reg_98 default_emulate_view}
    {CK U30_reg_234 default_emulate_view}
    {CK U38_reg_232 default_emulate_view}
    {CK U129_reg_2 default_emulate_view}
    {CK U17_reg_113 default_emulate_view}
    {CK tiki_U47_reg_137 default_emulate_view}
    {CK U5_reg_135 default_emulate_view}
    {CK tiki_U14_reg_reg_174_7 default_emulate_view}
    {CK U264_reg_6 default_emulate_view}
    {CK U20_reg_563 default_emulate_view}
    {CK U65_reg_438 default_emulate_view}
    {CK tiki_U14_reg_reg_195_11 default_emulate_view}
    {CK U12_reg_118 default_emulate_view}
    {CK U342_reg default_emulate_view}
    {CK U31_reg_16 default_emulate_view}
    {CK U32_reg_192 default_emulate_view}
    {CK tiki_U14_reg_reg_37_0 default_emulate_view}
    {CK U343_reg default_emulate_view}
    {CK U344_reg default_emulate_view}
    {CK tiki_U47_reg_65 default_emulate_view}
    {CK U65_reg_208 default_emulate_view}
    {CK tiki_U47_reg_40 default_emulate_view}
    {CK kasa_U345_reg default_emulate_view}
    {CK U346_reg_4 default_emulate_view}
    {CK U5_reg_206 default_emulate_view}
    {CK U17_reg_109 default_emulate_view}
    {CK U11_reg_204 default_emulate_view}
    {CK U347_reg default_emulate_view}
    {CK U65_reg_73 default_emulate_view}
    {CK U65_reg_72 default_emulate_view}
    {CK U65_reg_124 default_emulate_view}
    {CK U65_reg_676 default_emulate_view}
    {CK tiki_U14_reg_reg_207_3 default_emulate_view}
    {CK tiki_U14_reg_reg_17_1 default_emulate_view}
    {CK tiki_U14_reg_reg_56_1 default_emulate_view}
    {CK U29_reg_29 default_emulate_view}
    {CK U122_reg_33 default_emulate_view}
    {CK tiki_U14_reg_reg_227_11 default_emulate_view}
    {CK tiki_U14_reg_reg_165_0 default_emulate_view}
    {CK tiki_U14_reg_reg_56_11 default_emulate_view}
    {CK tiki_U14_reg_reg_105_10 default_emulate_view}
    {CK storm_U43_reg_28 default_emulate_view}
    {CK tiki_U14_reg_reg_109_6 default_emulate_view}
    {CK U286_reg_4 default_emulate_view}
    {CK tiki_U14_reg_reg_215_9 default_emulate_view}
    {CK tiki_U205_reg_11 default_emulate_view}
    {CK tiki_U14_reg_reg_197_7 default_emulate_view}
    {CK U29_reg_66 default_emulate_view}
    {CK storm_U3_reg_174 default_emulate_view}
    {CK U65_reg_620 default_emulate_view}
    {CK tiki_U14_reg_reg_104_10 default_emulate_view}
    {CK tiki_U14_reg_reg_67_0 default_emulate_view}
    {CK U32_reg_77 default_emulate_view}
    {CK U5_reg_119 default_emulate_view}
    {CK U51_reg_93 default_emulate_view}
    {CK tiki_U37_reg_250 default_emulate_view}
    {CK storm_U26_reg_117 default_emulate_view}
    {CK storm_U1_reg_8 default_emulate_view}
    {CK U65_reg_338 default_emulate_view}
    {CK kasa_U348_reg default_emulate_view}
    {CK tiki_U14_reg_reg_149_1 default_emulate_view}
    {CK storm_U62_reg_176 default_emulate_view}
    {CK tiki_U14_reg_reg_92_11 default_emulate_view}
    {CK U65_reg_60 default_emulate_view}
    {CK tiki_U14_reg_reg_9_0 default_emulate_view}
    {CK U138_reg_19 default_emulate_view}
    {CK U12_reg_9 default_emulate_view}
    {CK tiki_U285_reg_9 default_emulate_view}
    {CK storm_U22_reg_11 default_emulate_view}
    {CK tiki_U14_reg_reg_250_4 default_emulate_view}
    {CK storm_U78_reg_4 default_emulate_view}
    {CK storm_U53_reg_6 default_emulate_view}
    {CK storm_U25_reg_176 default_emulate_view}
    {CK storm_U62_reg_4 default_emulate_view}
    {CK U136_reg_5 default_emulate_view}
    {CK U350_reg_0 default_emulate_view}
    {CK U11_reg_227 default_emulate_view}
    {CK U87_reg_10 default_emulate_view}
    {CK U30_reg_91 default_emulate_view}
    {CK U38_reg_161 default_emulate_view}
    {CK tiki_U14_reg_reg_86_2 default_emulate_view}
    {CK storm_U53_reg_10 default_emulate_view}
    {CK U11_reg_78 default_emulate_view}
    {CK U65_reg_193 default_emulate_view}
    {CK U20_reg_304 default_emulate_view}
    {CK U20_reg_50 default_emulate_view}
    {CK U65_reg_192 default_emulate_view}
    {CK U65_reg_454 default_emulate_view}
    {CK tiki_U47_reg_183 default_emulate_view}
    {CK U20_reg_547 default_emulate_view}
    {CK tiki_U14_reg_reg_147_1 default_emulate_view}
    {CK tiki_U47_reg_236 default_emulate_view}
    {CK storm_U351_reg_3 default_emulate_view}
    {CK U73_reg_39 default_emulate_view}
    {CK U35_reg_42 default_emulate_view}
    {CK storm_U62_reg_140 default_emulate_view}
    {CK storm_U1_reg_130 default_emulate_view}
    {CK tiki_U14_reg_reg_1_3 default_emulate_view}
    {CK U251_reg_4 default_emulate_view}
    {CK U352_reg_0 default_emulate_view}
    {CK tiki_U14_reg_reg_86_8 default_emulate_view}
    {CK U76_reg_43 default_emulate_view}
    {CK storm_U43_reg_169 default_emulate_view}
    {CK storm_U3_reg_190 default_emulate_view}
    {CK U129_reg_91 default_emulate_view}
    {CK U19_reg_2 default_emulate_view}
    {CK U104_reg_20 default_emulate_view}
    {CK U17_reg_81 default_emulate_view}
    {CK U5_reg_219 default_emulate_view}
    {CK tiki_U14_reg_reg_90_2 default_emulate_view}
    {CK storm_U59_reg_133 default_emulate_view}
    {CK storm_U1_reg_122 default_emulate_view}
    {CK tiki_U14_reg_reg_192_1 default_emulate_view}
    {CK storm_U2_reg_143 default_emulate_view}
    {CK tiki_U14_reg_reg_76_8 default_emulate_view}
    {CK U49_reg_48 default_emulate_view}
    {CK storm_U41_reg_165 default_emulate_view}
    {CK U256_reg_0 default_emulate_view}
    {CK U20_reg_601 default_emulate_view}
    {CK U65_reg_406 default_emulate_view}
    {CK U65_reg_104 default_emulate_view}
    {CK tiki_U14_reg_reg_20_5 default_emulate_view}
    {CK tiki_U14_reg_reg_80_9 default_emulate_view}
    {CK tiki_U14_reg_reg_99_5 default_emulate_view}
    {CK U11_reg_21 default_emulate_view}
    {CK U38_reg_148 default_emulate_view}
    {CK U204_reg_5 default_emulate_view}
    {CK U353_reg_1 default_emulate_view}
    {CK U20_reg_392 default_emulate_view}
    {CK tiki_U14_reg_reg_246_9 default_emulate_view}
    {CK U20_reg_600 default_emulate_view}
    {CK tiki_U14_reg_reg_44_6 default_emulate_view}
    {CK storm_U16_reg_122 default_emulate_view}
    {CK storm_U62_reg_188 default_emulate_view}
    {CK storm_U53_reg_128 default_emulate_view}
    {CK storm_U2_reg_132 default_emulate_view}
    {CK storm_U50_reg_138 default_emulate_view}
    {CK kasa_U354_reg default_emulate_view}
    {CK U141_reg_2 default_emulate_view}
    {CK U5_reg_253 default_emulate_view}
    {CK kasa_U355_reg default_emulate_view}
    {CK U30_reg_144 default_emulate_view}
    {CK U356_reg_1 default_emulate_view}
    {CK U17_reg_58 default_emulate_view}
    {CK U38_reg_4 default_emulate_view}
    {CK U38_reg_126 default_emulate_view}
    {CK U32_reg_56 default_emulate_view}
    {CK U71_reg_79 default_emulate_view}
    {CK U71_reg_67 default_emulate_view}
    {CK tiki_U14_reg_reg_10_2 default_emulate_view}
    {CK tiki_U14_reg_reg_117_11 default_emulate_view}
    {CK storm_U78_reg_164 default_emulate_view}
    {CK U65_reg_105 default_emulate_view}
    {CK U20_reg_138 default_emulate_view}
    {CK U65_reg_240 default_emulate_view}
    {CK U65_reg_241 default_emulate_view}
    {CK U20_reg_256 default_emulate_view}
    {CK U65_reg_668 default_emulate_view}
    {CK tiki_U14_reg_reg_253_9 default_emulate_view}
    {CK tiki_U14_reg_reg_21_11 default_emulate_view}
    {CK tiki_U14_reg_reg_231_8 default_emulate_view}
    {CK tiki_U14_reg_reg_239_9 default_emulate_view}
    {CK storm_U78_reg_119 default_emulate_view}
    {CK storm_U52_reg_170 default_emulate_view}
    {CK storm_U52_reg_166 default_emulate_view}
    {CK U24_reg_29 default_emulate_view}
    {CK U122_reg_15 default_emulate_view}
    {CK tiki_U37_reg_47 default_emulate_view}
    {CK tiki_U21_reg_105 default_emulate_view}
    {CK tiki_U14_reg_reg_197_9 default_emulate_view}
    {CK U5_reg_180 default_emulate_view}
    {CK U10_reg_96 default_emulate_view}
    {CK U11_reg_81 default_emulate_view}
    {CK U38_reg_52 default_emulate_view}
    {CK U84_reg_24 default_emulate_view}
    {CK U70_reg_28 default_emulate_view}
    {CK U87_reg_55 default_emulate_view}
    {CK U30_reg_182 default_emulate_view}
    {CK U30_reg_164 default_emulate_view}
    {CK tiki_U14_reg_reg_161_1 default_emulate_view}
    {CK tiki_U357_reg_0 default_emulate_view}
    {CK tiki_U14_reg_reg_229_8 default_emulate_view}
    {CK tiki_U14_reg_reg_138_9 default_emulate_view}
    {CK U65_reg_497 default_emulate_view}
    {CK tiki_U14_reg_reg_66_0 default_emulate_view}
    {CK tiki_U14_reg_reg_208_3 default_emulate_view}
    {CK tiki_U27_reg_8 default_emulate_view}
    {CK tiki_U21_reg_42 default_emulate_view}
    {CK storm_U62_reg_162 default_emulate_view}
    {CK U63_reg_28 default_emulate_view}
    {CK U76_reg_60 default_emulate_view}
    {CK tiki_U14_reg_reg_178_1 default_emulate_view}
    {CK tiki_U14_reg_reg_154_6 default_emulate_view}
    {CK U272_reg_6 default_emulate_view}
    {CK U358_reg_1 default_emulate_view}
    {CK tiki_U14_reg_reg_120_11 default_emulate_view}
    {CK storm_U3_reg_164 default_emulate_view}
    {CK tiki_U14_reg_reg_171_10 default_emulate_view}
    {CK tiki_U37_reg_145 default_emulate_view}
    {CK tiki_U47_reg_227 default_emulate_view}
    {CK U51_reg_32 default_emulate_view}
    {CK tiki_U14_reg_reg_238_1 default_emulate_view}
    {CK U65_reg_496 default_emulate_view}
    {CK U171_reg_2 default_emulate_view}
    {CK U76_reg_21 default_emulate_view}
    {CK U175_reg_58 default_emulate_view}
    {CK tiki_U14_reg_reg_103_0 default_emulate_view}
    {CK U65_reg_702 default_emulate_view}
    {CK U140_reg_5 default_emulate_view}
    {CK U5_reg_250 default_emulate_view}
    {CK storm_U2_reg_23 default_emulate_view}
    {CK storm_U26_reg_33 default_emulate_view}
    {CK U35_reg_77 default_emulate_view}
    {CK storm_U23_reg_5 default_emulate_view}
    {CK storm_U2_reg_13 default_emulate_view}
    {CK tiki_U47_reg_155 default_emulate_view}
    {CK tiki_U14_reg_reg_19_10 default_emulate_view}
    {CK tiki_U14_reg_reg_230_4 default_emulate_view}
    {CK tiki_U14_reg_reg_252_2 default_emulate_view}
    {CK U32_reg_185 default_emulate_view}
    {CK U58_reg_39 default_emulate_view}
    {CK storm_U2_reg_31 default_emulate_view}
    {CK storm_U163_reg_49 default_emulate_view}
    {CK storm_U133_reg_59 default_emulate_view}
    {CK storm_U26_reg_20 default_emulate_view}
    {CK tiki_U14_reg_reg_91_0 default_emulate_view}
    {CK tiki_U21_reg_21 default_emulate_view}
    {CK U73_reg_57 default_emulate_view}
    {CK storm_U26_reg_10 default_emulate_view}
    {CK tiki_U37_reg_236 default_emulate_view}
    {CK U65_reg_261 default_emulate_view}
    {CK U11_reg_36 default_emulate_view}
    {CK U38_reg_81 default_emulate_view}
    {CK U38_reg_38 default_emulate_view}
    {CK storm_U16_reg_62 default_emulate_view}
    {CK U38_reg_219 default_emulate_view}
    {CK U10_reg_135 default_emulate_view}
    {CK storm_U59_reg_25 default_emulate_view}
    {CK storm_U78_reg_36 default_emulate_view}
    {CK storm_U22_reg_57 default_emulate_view}
    {CK tiki_U14_reg_reg_193_3 default_emulate_view}
    {CK tiki_U14_reg_reg_77_10 default_emulate_view}
    {CK U360_reg default_emulate_view}
    {CK U177_reg_2 default_emulate_view}
    {CK storm_U50_reg_8 default_emulate_view}
    {CK storm_U59_reg_15 default_emulate_view}
    {CK tiki_U14_reg_reg_110_5 default_emulate_view}
    {CK U20_reg_185 default_emulate_view}
    {CK tiki_U14_reg_reg_108_2 default_emulate_view}
    {CK tiki_U14_reg_reg_45_2 default_emulate_view}
    {CK U87_reg_30 default_emulate_view}
    {CK U361_reg default_emulate_view}
    {CK U12_reg_85 default_emulate_view}
    {CK U19_reg_83 default_emulate_view}
    {CK U104_reg_52 default_emulate_view}
    {CK storm_U53_reg_68 default_emulate_view}
    {CK tiki_U14_reg_reg_132_11 default_emulate_view}
    {CK U10_reg_28 default_emulate_view}
    {CK storm_U50_reg_31 default_emulate_view}
    {CK storm_U43_reg_11 default_emulate_view}
    {CK storm_U25_reg_50 default_emulate_view}
    {CK tiki_U14_reg_reg_160_6 default_emulate_view}
    {CK tiki_U14_reg_reg_137_9 default_emulate_view}
    {CK storm_U59_reg_21 default_emulate_view}
    {CK tiki_U168_reg_15 default_emulate_view}
    {CK U24_reg_65 default_emulate_view}
    {CK tiki_U14_reg_reg_0_10 default_emulate_view}
    {CK kasa_U362_reg default_emulate_view}
    {CK tiki_U14_reg_reg_208_0 default_emulate_view}
    {CK U20_reg_470 default_emulate_view}
    {CK U20_reg_471 default_emulate_view}
    {CK tiki_U169_reg_5 default_emulate_view}
    {CK U363_reg default_emulate_view}
    {CK U364_reg default_emulate_view}
    {CK storm_U2_reg_84 default_emulate_view}
    {CK tiki_U14_reg_reg_60_3 default_emulate_view}
    {CK storm_U4_reg_102 default_emulate_view}
    {CK storm_U4_reg_25 default_emulate_view}
    {CK storm_U1_reg_170 default_emulate_view}
    {CK tiki_U14_reg_reg_176_6 default_emulate_view}
    {CK tiki_U37_reg_223 default_emulate_view}
    {CK tiki_U14_reg_reg_24_8 default_emulate_view}
    {CK tiki_U37_reg_243 default_emulate_view}
    {CK U83_reg_76 default_emulate_view}
    {CK storm_U53_reg_52 default_emulate_view}
    {CK storm_U88_reg_84 default_emulate_view}
    {CK tiki_U14_reg_reg_0_3 default_emulate_view}
    {CK tiki_U14_reg_reg_107_10 default_emulate_view}
    {CK tiki_U285_reg_2 default_emulate_view}
    {CK U45_reg_2 default_emulate_view}
    {CK U5_reg_63 default_emulate_view}
    {CK U174_reg_0 default_emulate_view}
    {CK storm_U88_reg_102 default_emulate_view}
    {CK storm_U22_reg_141 default_emulate_view}
    {CK storm_U3_reg_167 default_emulate_view}
    {CK kasa_U365_reg default_emulate_view}
    {CK storm_U1_reg_214 default_emulate_view}
    {CK U29_reg_59 default_emulate_view}
    {CK storm_U50_reg_182 default_emulate_view}
    {CK kasa_U366_reg default_emulate_view}
    {CK tiki_U47_reg_96 default_emulate_view}
    {CK U65_reg_701 default_emulate_view}
    {CK U65_reg_498 default_emulate_view}
    {CK storm_U80_reg_188 default_emulate_view}
    {CK U10_reg_111 default_emulate_view}
    {CK storm_U4_reg_78 default_emulate_view}
    {CK storm_U88_reg_109 default_emulate_view}
    {CK storm_U22_reg_169 default_emulate_view}
    {CK tiki_U14_reg_reg_11_2 default_emulate_view}
    {CK storm_U53_reg_55 default_emulate_view}
    {CK storm_U2_reg_197 default_emulate_view}
    {CK tiki_U14_reg_reg_167_1 default_emulate_view}
    {CK U20_reg_423 default_emulate_view}
    {CK tiki_U21_reg_232 default_emulate_view}
    {CK U71_reg_41 default_emulate_view}
    {CK U32_reg_16 default_emulate_view}
    {CK U11_reg_202 default_emulate_view}
    {CK U13_reg_6 default_emulate_view}
    {CK tiki_U14_reg_reg_93_0 default_emulate_view}
    {CK tiki_U14_reg_reg_48_2 default_emulate_view}
    {CK storm_U4_reg_33 default_emulate_view}
    {CK storm_U133_reg_194 default_emulate_view}
    {CK storm_U41_reg_172 default_emulate_view}
    {CK tiki_U14_reg_reg_139_1 default_emulate_view}
    {CK storm_U94_reg_12 default_emulate_view}
    {CK U24_reg_3 default_emulate_view}
    {CK tiki_U14_reg_reg_219_2 default_emulate_view}
    {CK tiki_U14_reg_reg_153_11 default_emulate_view}
    {CK tiki_U14_reg_reg_96_2 default_emulate_view}
    {CK U38_reg_189 default_emulate_view}
    {CK U45_reg_72 default_emulate_view}
    {CK U204_reg_10 default_emulate_view}
    {CK storm_U34_reg_165 default_emulate_view}
    {CK storm_U150_reg_9 default_emulate_view}
    {CK tiki_U14_reg_reg_216_4 default_emulate_view}
    {CK U190_reg_5 default_emulate_view}
    {CK tiki_U14_reg_reg_233_0 default_emulate_view}
    {CK U122_reg_36 default_emulate_view}
    {CK U20_reg_217 default_emulate_view}
    {CK tiki_U14_reg_reg_162_2 default_emulate_view}
    {CK tiki_U14_reg_reg_209_5 default_emulate_view}
    {CK tiki_U14_reg_reg_73_5 default_emulate_view}
    {CK U38_reg_143 default_emulate_view}
    {CK U30_reg_71 default_emulate_view}
    {CK U31_reg_74 default_emulate_view}
    {CK U51_reg_8 default_emulate_view}
    {CK storm_U23_reg_112 default_emulate_view}
    {CK storm_U52_reg_175 default_emulate_view}
    {CK tiki_U14_reg_reg_76_7 default_emulate_view}
    {CK U282_reg_0 default_emulate_view}
    {CK tiki_U14_reg_reg_73_6 default_emulate_view}
    {CK tiki_U229_reg_11 default_emulate_view}
    {CK tiki_U56_reg_13 default_emulate_view}
    {CK U367_reg default_emulate_view}
    {CK tiki_U14_reg_reg_36_11 default_emulate_view}
    {CK tiki_U47_reg_31 default_emulate_view}
    {CK tiki_U14_reg_reg_170_6 default_emulate_view}
    {CK U20_reg_422 default_emulate_view}
    {CK U30_reg_275 default_emulate_view}
    {CK U84_reg_36 default_emulate_view}
    {CK U98_reg_5 default_emulate_view}
    {CK storm_U80_reg_176 default_emulate_view}
    {CK tiki_U14_reg_reg_165_4 default_emulate_view}
    {CK U10_reg_107 default_emulate_view}
    {CK tiki_U14_reg_reg_82_9 default_emulate_view}
    {CK storm_U133_reg_115 default_emulate_view}
    {CK storm_U25_reg_111 default_emulate_view}
    {CK U368_reg_6 default_emulate_view}
    {CK U290_reg_2 default_emulate_view}
    {CK U370_reg_0 default_emulate_view}
    {CK kasa_U371_reg default_emulate_view}
    {CK U138_reg_61 default_emulate_view}
    {CK U51_reg_134 default_emulate_view}
    {CK U11_reg_132 default_emulate_view}
    {CK U11_reg_119 default_emulate_view}
    {CK U11_reg_113 default_emulate_view}
    {CK U19_reg_8 default_emulate_view}
    {CK U97_reg_2 default_emulate_view}
    {CK tiki_U14_reg_reg_248_11 default_emulate_view}
    {CK tiki_U14_reg_reg_8_4 default_emulate_view}
    {CK storm_U292_reg_1 default_emulate_view}
    {CK tiki_U372_reg default_emulate_view}
    {CK tiki_U14_reg_reg_90_5 default_emulate_view}
    {CK U63_reg_13 default_emulate_view}
    {CK tiki_U14_reg_reg_114_3 default_emulate_view}
    {CK U20_reg_424 default_emulate_view}
    {CK tiki_U14_reg_reg_30_1 default_emulate_view}
    {CK storm_U23_reg_68 default_emulate_view}
    {CK storm_U43_reg_66 default_emulate_view}
    {CK storm_U25_reg_59 default_emulate_view}
    {CK storm_U53_reg_0 default_emulate_view}
    {CK storm_U163_reg_51 default_emulate_view}
    {CK storm_U3_reg_34 default_emulate_view}
    {CK kasa_U373_reg default_emulate_view}
    {CK U374_reg_0 default_emulate_view}
    {CK U147_reg_3 default_emulate_view}
    {CK U51_reg_5 default_emulate_view}
    {CK U10_reg_184 default_emulate_view}
    {CK tiki_U14_reg_reg_98_2 default_emulate_view}
    {CK storm_U53_reg_80 default_emulate_view}
    {CK U65_reg_158 default_emulate_view}
    {CK tiki_U327_reg_6 default_emulate_view}
    {CK tiki_U169_reg_11 default_emulate_view}
    {CK tiki_U14_reg_reg_226_10 default_emulate_view}
    {CK tiki_U14_reg_reg_169_2 default_emulate_view}
    {CK storm_U3_reg_30 default_emulate_view}
    {CK storm_U59_reg_27 default_emulate_view}
    {CK storm_U43_reg_23 default_emulate_view}
    {CK storm_U50_reg_20 default_emulate_view}
    {CK U175_reg_68 default_emulate_view}
    {CK U29_reg_32 default_emulate_view}
    {CK tiki_U14_reg_reg_6_7 default_emulate_view}
    {CK tiki_U14_reg_reg_184_9 default_emulate_view}
    {CK tiki_U14_reg_reg_204_9 default_emulate_view}
    {CK storm_U53_reg_35 default_emulate_view}
    {CK storm_U1_reg_56 default_emulate_view}
    {CK storm_U50_reg_67 default_emulate_view}
    {CK U175_reg_13 default_emulate_view}
    {CK storm_U80_reg_21 default_emulate_view}
    {CK storm_U3_reg_60 default_emulate_view}
    {CK U31_reg_9 default_emulate_view}
    {CK U32_reg_142 default_emulate_view}
    {CK U58_reg_58 default_emulate_view}
    {CK tiki_U14_reg_reg_144_11 default_emulate_view}
    {CK U5_reg_139 default_emulate_view}
    {CK U51_reg_168 default_emulate_view}
    {CK storm_U80_reg_25 default_emulate_view}
    {CK storm_U1_reg_64 default_emulate_view}
    {CK tiki_U14_reg_reg_63_7 default_emulate_view}
    {CK U375_reg_6 default_emulate_view}
    {CK U107_reg_4 default_emulate_view}
    {CK storm_U22_reg_32 default_emulate_view}
    {CK tiki_U21_reg_25 default_emulate_view}
    {CK U73_reg_15 default_emulate_view}
    {CK tiki_U14_reg_reg_40_8 default_emulate_view}
    {CK tiki_U47_reg_16 default_emulate_view}
    {CK U38_reg_193 default_emulate_view}
    {CK U38_reg_54 default_emulate_view}
    {CK storm_U1_reg_74 default_emulate_view}
    {CK tiki_U14_reg_reg_57_8 default_emulate_view}
    {CK U30_reg_216 default_emulate_view}
    {CK tiki_U14_reg_reg_54_2 default_emulate_view}
    {CK storm_U25_reg_164 default_emulate_view}
    {CK tiki_U14_reg_reg_251_3 default_emulate_view}
    {CK U45_reg_33 default_emulate_view}
    {CK U31_reg_2 default_emulate_view}
    {CK U46_reg_2 default_emulate_view}
    {CK U376_reg default_emulate_view}
    {CK U17_reg_99 default_emulate_view}
    {CK tiki_U37_reg_18 default_emulate_view}
    {CK tiki_U14_reg_reg_126_5 default_emulate_view}
    {CK tiki_U14_reg_reg_130_7 default_emulate_view}
    {CK tiki_U14_reg_reg_143_9 default_emulate_view}
    {CK U24_reg_4 default_emulate_view}
    {CK kasa_U377_reg default_emulate_view}
    {CK tiki_U14_reg_reg_194_5 default_emulate_view}
    {CK U20_reg_564 default_emulate_view}
    {CK tiki_U47_reg_218 default_emulate_view}
    {CK tiki_U14_reg_reg_168_2 default_emulate_view}
    {CK U17_reg_11 default_emulate_view}
    {CK U87_reg_32 default_emulate_view}
    {CK U70_reg_38 default_emulate_view}
    {CK U12_reg_59 default_emulate_view}
    {CK U19_reg_6 default_emulate_view}
    {CK tiki_U14_reg_reg_211_5 default_emulate_view}
    {CK U17_reg_24 default_emulate_view}
    {CK tiki_U14_reg_reg_18_11 default_emulate_view}
    {CK tiki_U274_reg_3 default_emulate_view}
    {CK tiki_U14_reg_reg_225_9 default_emulate_view}
    {CK kasa_U378_reg default_emulate_view}
    {CK U346_reg_8 default_emulate_view}
    {CK kasa_U379_reg default_emulate_view}
    {CK U38_reg_243 default_emulate_view}
    {CK U11_reg_254 default_emulate_view}
    {CK U380_reg_5 default_emulate_view}
    {CK U58_reg_9 default_emulate_view}
    {CK tiki_U86_reg_0 default_emulate_view}
    {CK tiki_U301_reg_1 default_emulate_view}
    {CK tiki_U14_reg_reg_124_8 default_emulate_view}
    {CK tiki_U14_reg_reg_13_6 default_emulate_view}
    {CK tiki_U14_reg_reg_113_3 default_emulate_view}
    {CK tiki_U21_reg_176 default_emulate_view}
    {CK tiki_U127_reg_6 default_emulate_view}
    {CK storm_U133_reg_162 default_emulate_view}
    {CK U49_reg_41 default_emulate_view}
    {CK U83_reg_11 default_emulate_view}
    {CK tiki_U21_reg_87 default_emulate_view}
    {CK storm_U152_reg_15 default_emulate_view}
    {CK tiki_U21_reg_221 default_emulate_view}
    {CK U122_reg_79 default_emulate_view}
    {CK tiki_U47_reg_75 default_emulate_view}
    {CK U32_reg_45 default_emulate_view}
    {CK U138_reg_71 default_emulate_view}
    {CK U17_reg_13 default_emulate_view}
    {CK U120_reg_2 default_emulate_view}
    {CK tiki_U14_reg_reg_16_1 default_emulate_view}
    {CK U51_reg_29 default_emulate_view}
    {CK storm_U43_reg_110 default_emulate_view}
    {CK storm_U4_reg_65 default_emulate_view}
    {CK U20_reg_472 default_emulate_view}
    {CK tiki_U14_reg_reg_250_2 default_emulate_view}
    {CK U63_reg_52 default_emulate_view}
    {CK U65_reg_500 default_emulate_view}
    {CK U17_reg_85 default_emulate_view}
    {CK U32_reg_35 default_emulate_view}
    {CK tiki_U14_reg_reg_94_6 default_emulate_view}
    {CK tiki_U14_reg_reg_121_1 default_emulate_view}
    {CK storm_U41_reg_184 default_emulate_view}
    {CK storm_U80_reg_108 default_emulate_view}
    {CK storm_U25_reg_121 default_emulate_view}
    {CK U375_reg_1 default_emulate_view}
    {CK U5_reg_29 default_emulate_view}
    {CK U51_reg_95 default_emulate_view}
    {CK U11_reg_222 default_emulate_view}
    {CK U30_reg_77 default_emulate_view}
    {CK U45_reg_4 default_emulate_view}
    {CK tiki_U37_reg_50 default_emulate_view}
    {CK tiki_U14_reg_reg_252_3 default_emulate_view}
    {CK U381_reg_2 default_emulate_view}
    {CK tiki_U14_reg_reg_142_9 default_emulate_view}
    {CK U20_reg_548 default_emulate_view}
    {CK tiki_U47_reg_119 default_emulate_view}
    {CK tiki_U181_reg_3 default_emulate_view}
    {CK tiki_U14_reg_reg_222_1 default_emulate_view}
    {CK tiki_U14_reg_reg_18_3 default_emulate_view}
    {CK tiki_U14_reg_reg_156_2 default_emulate_view}
    {CK U382_reg default_emulate_view}
    {CK U122_reg_29 default_emulate_view}
    {CK U122_reg_60 default_emulate_view}
    {CK tiki_U14_reg_reg_44_4 default_emulate_view}
    {CK tiki_U338_reg_1 default_emulate_view}
    {CK storm_U4_reg_46 default_emulate_view}
    {CK storm_U1_reg_172 default_emulate_view}
    {CK storm_U16_reg_190 default_emulate_view}
    {CK kasa_U383_reg default_emulate_view}
    {CK storm_U43_reg_197 default_emulate_view}
    {CK storm_U4_reg_80 default_emulate_view}
    {CK tiki_U14_reg_reg_246_7 default_emulate_view}
    {CK tiki_U14_reg_reg_37_3 default_emulate_view}
    {CK U384_reg_0 default_emulate_view}
    {CK U129_reg_97 default_emulate_view}
    {CK tiki_U14_reg_reg_5_0 default_emulate_view}
    {CK tiki_U14_reg_reg_163_6 default_emulate_view}
    {CK storm_U88_reg_38 default_emulate_view}
    {CK storm_U16_reg_168 default_emulate_view}
    {CK storm_U22_reg_143 default_emulate_view}
    {CK tiki_U14_reg_reg_0_0 default_emulate_view}
    {CK tiki_U14_reg_reg_191_7 default_emulate_view}
    {CK tiki_U14_reg_reg_254_8 default_emulate_view}
    {CK storm_U317_reg_4 default_emulate_view}
    {CK U24_reg_58 default_emulate_view}
    {CK storm_U94_reg_10 default_emulate_view}
    {CK tiki_U14_reg_reg_215_5 default_emulate_view}
    {CK tiki_U14_reg_reg_183_5 default_emulate_view}
    {CK U20_reg_602 default_emulate_view}
    {CK tiki_U14_reg_reg_233_9 default_emulate_view}
    {CK tiki_U14_reg_reg_241_4 default_emulate_view}
    {CK U105_reg_2 default_emulate_view}
    {CK storm_U50_reg_141 default_emulate_view}
    {CK tiki_U37_reg_116 default_emulate_view}
    {CK storm_U43_reg_168 default_emulate_view}
    {CK storm_U43_reg_170 default_emulate_view}
    {CK storm_U4_reg_104 default_emulate_view}
    {CK storm_U4_reg_9 default_emulate_view}
    {CK storm_U88_reg_17 default_emulate_view}
    {CK storm_U4_reg_118 default_emulate_view}
    {CK U385_reg default_emulate_view}
    {CK kasa_U386_reg default_emulate_view}
    {CK U5_reg_140 default_emulate_view}
    {CK kasa_U387_reg default_emulate_view}
    {CK U162_reg_1 default_emulate_view}
    {CK U17_reg_40 default_emulate_view}
    {CK U39_reg_6 default_emulate_view}
    {CK U84_reg_38 default_emulate_view}
    {CK U31_reg_76 default_emulate_view}
    {CK U30_reg_102 default_emulate_view}
    {CK storm_U23_reg_118 default_emulate_view}
    {CK storm_U78_reg_159 default_emulate_view}
    {CK tiki_U47_reg_22 default_emulate_view}
    {CK tiki_U14_reg_reg_70_3 default_emulate_view}
    {CK tiki_U14_reg_reg_39_9 default_emulate_view}
    {CK storm_U324_reg_3 default_emulate_view}
    {CK storm_U203_reg_1 default_emulate_view}
    {CK storm_U1_reg_213 default_emulate_view}
    {CK U73_reg_42 default_emulate_view}
    {CK tiki_U14_reg_reg_136_6 default_emulate_view}
    {CK tiki_U14_reg_reg_108_6 default_emulate_view}
    {CK tiki_U14_reg_reg_183_1 default_emulate_view}
    {CK tiki_U37_reg_109 default_emulate_view}
    {CK U65_reg_106 default_emulate_view}
    {CK U10_reg_104 default_emulate_view}
    {CK U17_reg_100 default_emulate_view}
    {CK U17_reg_70 default_emulate_view}
    {CK U11_reg_221 default_emulate_view}
    {CK U45_reg_67 default_emulate_view}
    {CK U32_reg_97 default_emulate_view}
    {CK tiki_U14_reg_reg_190_3 default_emulate_view}
    {CK tiki_U14_reg_reg_175_8 default_emulate_view}
    {CK tiki_U37_reg_226 default_emulate_view}
    {CK tiki_U14_reg_reg_155_5 default_emulate_view}
    {CK U20_reg_173 default_emulate_view}
    {CK U390_reg_1 default_emulate_view}
    {CK U65_reg_362 default_emulate_view}
    {CK U65_reg_494 default_emulate_view}
    {CK tiki_U14_reg_reg_177_7 default_emulate_view}
    {CK tiki_U14_reg_reg_211_10 default_emulate_view}
    {CK tiki_U14_reg_reg_75_3 default_emulate_view}
    {CK tiki_U14_reg_reg_226_3 default_emulate_view}
    {CK tiki_U14_reg_reg_62_7 default_emulate_view}
    {CK tiki_U14_reg_reg_23_2 default_emulate_view}
    {CK tiki_U14_reg_reg_217_4 default_emulate_view}
    {CK U175_reg_24 default_emulate_view}
    {CK U122_reg_67 default_emulate_view}
    {CK tiki_U14_reg_reg_205_1 default_emulate_view}
    {CK tiki_U14_reg_reg_161_11 default_emulate_view}
    {CK kasa_U391_reg default_emulate_view}
    {CK U24_reg_82 default_emulate_view}
    {CK U20_reg_37 default_emulate_view}
    {CK U30_reg_221 default_emulate_view}
    {CK U51_reg_136 default_emulate_view}
    {CK tiki_U127_reg_13 default_emulate_view}
    {CK U65_reg_404 default_emulate_view}
    {CK tiki_U14_reg_reg_37_11 default_emulate_view}
    {CK U331_reg_5 default_emulate_view}
    {CK U83_reg_14 default_emulate_view}
    {CK tiki_U14_reg_reg_92_5 default_emulate_view}
    {CK tiki_U14_reg_reg_16_9 default_emulate_view}
    {CK U20_reg_390 default_emulate_view}
    {CK U65_reg_210 default_emulate_view}
    {CK U45_reg_11 default_emulate_view}
    {CK U30_reg_19 default_emulate_view}
    {CK U31_reg_54 default_emulate_view}
    {CK tiki_U161_reg_4 default_emulate_view}
    {CK storm_U59_reg_195 default_emulate_view}
    {CK storm_U1_reg_184 default_emulate_view}
    {CK storm_U88_reg_83 default_emulate_view}
    {CK kasa_U392_reg default_emulate_view}
    {CK U393_reg default_emulate_view}
    {CK storm_U133_reg_66 default_emulate_view}
    {CK storm_U59_reg_77 default_emulate_view}
    {CK tiki_U47_reg_180 default_emulate_view}
    {CK tiki_U14_reg_reg_12_9 default_emulate_view}
    {CK U20_reg_302 default_emulate_view}
    {CK U20_reg_153 default_emulate_view}
    {CK U129_reg_23 default_emulate_view}
    {CK U51_reg_52 default_emulate_view}
    {CK storm_U34_reg_108 default_emulate_view}
    {CK storm_U53_reg_54 default_emulate_view}
    {CK storm_U394_reg_0 default_emulate_view}
    {CK kasa_U395_reg default_emulate_view}
    {CK tiki_U14_reg_reg_182_3 default_emulate_view}
    {CK storm_U53_reg_81 default_emulate_view}
    {CK tiki_U21_reg_195 default_emulate_view}
    {CK U73_reg_37 default_emulate_view}
    {CK storm_U78_reg_75 default_emulate_view}
    {CK U65_reg_262 default_emulate_view}
    {CK U65_reg_320 default_emulate_view}
    {CK U70_reg_62 default_emulate_view}
    {CK tiki_U14_reg_reg_225_5 default_emulate_view}
    {CK storm_U4_reg_95 default_emulate_view}
    {CK tiki_U14_reg_reg_79_6 default_emulate_view}
    {CK U5_reg_142 default_emulate_view}
    {CK tiki_U14_reg_reg_144_9 default_emulate_view}
    {CK storm_U78_reg_212 default_emulate_view}
    {CK storm_U23_reg_196 default_emulate_view}
    {CK storm_U26_reg_76 default_emulate_view}
    {CK storm_U34_reg_187 default_emulate_view}
    {CK storm_U16_reg_184 default_emulate_view}
    {CK storm_U34_reg_86 default_emulate_view}
    {CK kasa_U396_reg default_emulate_view}
    {CK U231_reg_1 default_emulate_view}
    {CK U177_reg_5 default_emulate_view}
    {CK U30_reg_32 default_emulate_view}
    {CK U10_reg_132 default_emulate_view}
    {CK U397_reg_2 default_emulate_view}
    {CK U225_reg_0 default_emulate_view}
    {CK U204_reg_3 default_emulate_view}
    {CK U11_reg_219 default_emulate_view}
    {CK U38_reg_0 default_emulate_view}
    {CK U32_reg_194 default_emulate_view}
    {CK U38_reg_234 default_emulate_view}
    {CK U31_reg_47 default_emulate_view}
    {CK U30_reg_268 default_emulate_view}
    {CK tiki_U14_reg_reg_127_11 default_emulate_view}
    {CK tiki_U14_reg_reg_73_10 default_emulate_view}
    {CK storm_U4_reg_111 default_emulate_view}
    {CK U225_reg_3 default_emulate_view}
    {CK U397_reg_0 default_emulate_view}
    {CK U20_reg_183 default_emulate_view}
    {CK U65_reg_610 default_emulate_view}
    {CK U65_reg_336 default_emulate_view}
    {CK U65_reg_92 default_emulate_view}
    {CK tiki_U14_reg_reg_236_2 default_emulate_view}
    {CK tiki_U14_reg_reg_176_0 default_emulate_view}
    {CK tiki_U210_reg_12 default_emulate_view}
    {CK tiki_U229_reg_5 default_emulate_view}
    {CK tiki_U314_reg_10 default_emulate_view}
    {CK U20_reg_349 default_emulate_view}
    {CK tiki_U14_reg_reg_113_1 default_emulate_view}
    {CK tiki_U14_reg_reg_64_6 default_emulate_view}
    {CK storm_U16_reg_83 default_emulate_view}
    {CK storm_U62_reg_78 default_emulate_view}
    {CK tiki_U14_reg_reg_96_4 default_emulate_view}
    {CK storm_U62_reg_68 default_emulate_view}
    {CK U24_reg_57 default_emulate_view}
    {CK tiki_U14_reg_reg_202_0 default_emulate_view}
    {CK tiki_U21_reg_214 default_emulate_view}
    {CK U65_reg_74 default_emulate_view}
    {CK storm_U59_reg_162 default_emulate_view}
    {CK storm_U2_reg_120 default_emulate_view}
    {CK storm_U1_reg_129 default_emulate_view}
    {CK kasa_U398_reg default_emulate_view}
    {CK U234_reg_5 default_emulate_view}
    {CK U32_reg_120 default_emulate_view}
    {CK U84_reg_56 default_emulate_view}
    {CK U87_reg_12 default_emulate_view}
    {CK U30_reg_122 default_emulate_view}
    {CK U32_reg_115 default_emulate_view}
    {CK U20_reg_125 default_emulate_view}
    {CK U399_reg_3 default_emulate_view}
    {CK U65_reg_618 default_emulate_view}
    {CK U65_reg_452 default_emulate_view}
    {CK U65_reg_592 default_emulate_view}
    {CK U20_reg_215 default_emulate_view}
    {CK tiki_U21_reg_207 default_emulate_view}
    {CK tiki_U14_reg_reg_30_10 default_emulate_view}
    {CK tiki_U14_reg_reg_97_4 default_emulate_view}
    {CK tiki_U168_reg_17 default_emulate_view}
    {CK tiki_U14_reg_reg_223_10 default_emulate_view}
    {CK tiki_U14_reg_reg_95_4 default_emulate_view}
    {CK storm_U50_reg_134 default_emulate_view}
    {CK storm_U78_reg_137 default_emulate_view}
    {CK storm_U133_reg_140 default_emulate_view}
    {CK storm_U43_reg_143 default_emulate_view}
    {CK U175_reg_7 default_emulate_view}
    {CK U35_reg_48 default_emulate_view}
    {CK storm_U16_reg_129 default_emulate_view}
    {CK storm_U80_reg_164 default_emulate_view}
    {CK tiki_U14_reg_reg_225_7 default_emulate_view}
    {CK kasa_U400_reg default_emulate_view}
    {CK U245_reg_5 default_emulate_view}
    {CK U401_reg default_emulate_view}
    {CK tiki_U14_reg_reg_33_3 default_emulate_view}
    {CK tiki_U14_reg_reg_181_9 default_emulate_view}
    {CK storm_U62_reg_118 default_emulate_view}
    {CK storm_U80_reg_135 default_emulate_view}
    {CK tiki_U14_reg_reg_202_2 default_emulate_view}
    {CK U65_reg_436 default_emulate_view}
    {CK U20_reg_53 default_emulate_view}
    {CK U38_reg_47 default_emulate_view}
    {CK U402_reg default_emulate_view}
    {CK U10_reg_98 default_emulate_view}
    {CK storm_U34_reg_138 default_emulate_view}
    {CK tiki_U14_reg_reg_112_3 default_emulate_view}
    {CK tiki_U21_reg_18 default_emulate_view}
    {CK storm_U23_reg_131 default_emulate_view}
    {CK U122_reg_0 default_emulate_view}
    {CK U63_reg_71 default_emulate_view}
    {CK tiki_U14_reg_reg_65_6 default_emulate_view}
    {CK tiki_U14_reg_reg_159_7 default_emulate_view}
    {CK tiki_U327_reg_8 default_emulate_view}
    {CK U65_reg_194 default_emulate_view}
    {CK tiki_U14_reg_reg_243_7 default_emulate_view}
    {CK U12_reg_52 default_emulate_view}
    {CK U58_reg_69 default_emulate_view}
    {CK storm_U1_reg_2 default_emulate_view}
    {CK storm_U59_reg_12 default_emulate_view}
    {CK tiki_U14_reg_reg_249_2 default_emulate_view}
    {CK U83_reg_32 default_emulate_view}
    {CK storm_U133_reg_4 default_emulate_view}
    {CK U278_reg_2 default_emulate_view}
    {CK tiki_U14_reg_reg_173_6 default_emulate_view}
    {CK U70_reg_33 default_emulate_view}
    {CK U38_reg_93 default_emulate_view}
    {CK tiki_U14_reg_reg_140_2 default_emulate_view}
    {CK U10_reg_26 default_emulate_view}
    {CK U140_reg_4 default_emulate_view}
    {CK storm_U403_reg_7 default_emulate_view}
    {CK storm_U1_reg_6 default_emulate_view}
    {CK storm_U1_reg_20 default_emulate_view}
    {CK tiki_U14_reg_reg_140_9 default_emulate_view}
    {CK tiki_U404_reg_7 default_emulate_view}
    {CK tiki_U14_reg_reg_17_8 default_emulate_view}
    {CK tiki_U21_reg_149 default_emulate_view}
    {CK U29_reg_27 default_emulate_view}
    {CK tiki_U14_reg_reg_45_4 default_emulate_view}
    {CK tiki_U14_reg_reg_160_10 default_emulate_view}
    {CK tiki_U14_reg_reg_51_7 default_emulate_view}
    {CK U65_reg_424 default_emulate_view}
    {CK U65_reg_666 default_emulate_view}
    {CK U20_reg_141 default_emulate_view}
    {CK tiki_U14_reg_reg_122_8 default_emulate_view}
    {CK U84_reg_81 default_emulate_view}
    {CK U38_reg_6 default_emulate_view}
    {CK storm_U22_reg_23 default_emulate_view}
    {CK U87_reg_69 default_emulate_view}
    {CK U20_reg_86 default_emulate_view}
    {CK U20_reg_286 default_emulate_view}
    {CK storm_U2_reg_8 default_emulate_view}
    {CK storm_U34_reg_15 default_emulate_view}
    {CK storm_U34_reg_29 default_emulate_view}
    {CK storm_U23_reg_0 default_emulate_view}
    {CK U405_reg_1 default_emulate_view}
    {CK U240_reg_4 default_emulate_view}
    {CK U10_reg_156 default_emulate_view}
    {CK U11_reg_208 default_emulate_view}
    {CK U104_reg_46 default_emulate_view}
    {CK U406_reg_1 default_emulate_view}
    {CK U12_reg_111 default_emulate_view}
    {CK U45_reg_58 default_emulate_view}
    {CK U38_reg_150 default_emulate_view}
    {CK tiki_U14_reg_reg_192_6 default_emulate_view}
    {CK tiki_U14_reg_reg_120_8 default_emulate_view}
    {CK storm_U52_reg_21 default_emulate_view}
    {CK storm_U22_reg_61 default_emulate_view}
    {CK U20_reg_5 default_emulate_view}
    {CK U65_reg_584 default_emulate_view}
    {CK U65_reg_242 default_emulate_view}
    {CK tiki_U14_reg_reg_242_10 default_emulate_view}
    {CK tiki_U14_reg_reg_18_0 default_emulate_view}
    {CK tiki_U14_reg_reg_230_5 default_emulate_view}
    {CK U49_reg_39 default_emulate_view}
    {CK U122_reg_49 default_emulate_view}
    {CK tiki_U14_reg_reg_139_7 default_emulate_view}
    {CK tiki_U14_reg_reg_243_5 default_emulate_view}
    {CK tiki_U47_reg_5 default_emulate_view}
    {CK U65_reg_93 default_emulate_view}
    {CK U111_reg_1 default_emulate_view}
    {CK tiki_U14_reg_reg_41_10 default_emulate_view}
    {CK storm_U88_reg_47 default_emulate_view}
    {CK storm_U88_reg_99 default_emulate_view}
    {CK storm_U215_reg_5 default_emulate_view}
    {CK storm_U259_reg_2 default_emulate_view}
    {CK storm_U94_reg_3 default_emulate_view}
    {CK storm_U62_reg_194 default_emulate_view}
    {CK U268_reg_5 default_emulate_view}
    {CK U10_reg_185 default_emulate_view}
    {CK U19_reg_38 default_emulate_view}
    {CK U30_reg_273 default_emulate_view}
    {CK U30_reg_37 default_emulate_view}
    {CK U178_reg_127 default_emulate_view}
    {CK storm_U25_reg_169 default_emulate_view}
    {CK tiki_U14_reg_reg_120_5 default_emulate_view}
    {CK tiki_U14_reg_reg_49_6 default_emulate_view}
    {CK U65_reg_107 default_emulate_view}
    {CK U20_reg_152 default_emulate_view}
    {CK U65_reg_126 default_emulate_view}
    {CK U20_reg_87 default_emulate_view}
    {CK tiki_U14_reg_reg_88_10 default_emulate_view}
    {CK tiki_U21_reg_135 default_emulate_view}
    {CK tiki_U14_reg_reg_11_6 default_emulate_view}
    {CK tiki_U338_reg_4 default_emulate_view}
    {CK storm_U16_reg_55 default_emulate_view}
    {CK storm_U80_reg_187 default_emulate_view}
    {CK storm_U23_reg_183 default_emulate_view}
    {CK storm_U59_reg_89 default_emulate_view}
    {CK U83_reg_21 default_emulate_view}
    {CK tiki_U21_reg_101 default_emulate_view}
    {CK tiki_U14_reg_reg_152_5 default_emulate_view}
    {CK tiki_U37_reg_83 default_emulate_view}
    {CK storm_U88_reg_86 default_emulate_view}
    {CK storm_U89_reg_7 default_emulate_view}
    {CK storm_U23_reg_142 default_emulate_view}
    {CK tiki_U407_reg_6 default_emulate_view}
    {CK U272_reg_4 default_emulate_view}
    {CK tiki_U21_reg_63 default_emulate_view}
    {CK tiki_U14_reg_reg_126_7 default_emulate_view}
    {CK U175_reg_57 default_emulate_view}
    {CK storm_U1_reg_99 default_emulate_view}
    {CK storm_U16_reg_52 default_emulate_view}
    {CK tiki_U14_reg_reg_180_6 default_emulate_view}
    {CK U65_reg_609 default_emulate_view}
    {CK U20_reg_604 default_emulate_view}
    {CK tiki_U14_reg_reg_58_11 default_emulate_view}
    {CK tiki_U14_reg_reg_163_5 default_emulate_view}
    {CK U193_reg_11 default_emulate_view}
    {CK U12_reg_87 default_emulate_view}
    {CK U408_reg default_emulate_view}
    {CK U99_reg_5 default_emulate_view}
    {CK tiki_U14_reg_reg_168_4 default_emulate_view}
    {CK storm_U1_reg_192 default_emulate_view}
    {CK storm_U50_reg_186 default_emulate_view}
    {CK storm_U4_reg_113 default_emulate_view}
    {CK tiki_U14_reg_reg_43_7 default_emulate_view}
    {CK tiki_U37_reg_37 default_emulate_view}
    {CK storm_U26_reg_182 default_emulate_view}
    {CK U122_reg_40 default_emulate_view}
    {CK U63_reg_31 default_emulate_view}
    {CK tiki_U14_reg_reg_159_9 default_emulate_view}
    {CK U65_reg_425 default_emulate_view}
    {CK U129_reg_82 default_emulate_view}
    {CK U193_reg_4 default_emulate_view}
    {CK U409_reg default_emulate_view}
    {CK U104_reg_2 default_emulate_view}
    {CK tiki_U14_reg_reg_179_3 default_emulate_view}
    {CK storm_U22_reg_173 default_emulate_view}
    {CK U5_reg_136 default_emulate_view}
    {CK U410_reg default_emulate_view}
    {CK U51_reg_167 default_emulate_view}
    {CK U65_reg_211 default_emulate_view}
    {CK tiki_U14_reg_reg_144_0 default_emulate_view}
    {CK U123_reg_4 default_emulate_view}
    {CK U286_reg_6 default_emulate_view}
    {CK U352_reg_7 default_emulate_view}
    {CK tiki_U14_reg_reg_62_11 default_emulate_view}
    {CK tiki_U14_reg_reg_207_5 default_emulate_view}
    {CK tiki_U205_reg_15 default_emulate_view}
    {CK U73_reg_20 default_emulate_view}
    {CK tiki_U14_reg_reg_123_1 default_emulate_view}
    {CK U20_reg_287 default_emulate_view}
    {CK tiki_U14_reg_reg_87_0 default_emulate_view}
    {CK U131_reg_0 default_emulate_view}
    {CK U30_reg_84 default_emulate_view}
    {CK U71_reg_7 default_emulate_view}
    {CK U32_reg_18 default_emulate_view}
    {CK U11_reg_71 default_emulate_view}
    {CK tiki_U47_reg_9 default_emulate_view}
    {CK U5_reg_23 default_emulate_view}
    {CK storm_U23_reg_114 default_emulate_view}
    {CK U331_reg_2 default_emulate_view}
    {CK tiki_U14_reg_reg_100_2 default_emulate_view}
    {CK U65_reg_437 default_emulate_view}
    {CK U20_reg_36 default_emulate_view}
    {CK U20_reg_549 default_emulate_view}
    {CK tiki_U14_reg_reg_200_10 default_emulate_view}
    {CK U30_reg_254 default_emulate_view}
    {CK U30_reg_291 default_emulate_view}
    {CK U45_reg_70 default_emulate_view}
    {CK storm_U16_reg_112 default_emulate_view}
    {CK U65_reg_585 default_emulate_view}
    {CK tiki_U14_reg_reg_31_7 default_emulate_view}
    {CK storm_U78_reg_114 default_emulate_view}
    {CK U118_reg_2 default_emulate_view}
    {CK U311_reg_1 default_emulate_view}
    {CK U77_reg_4 default_emulate_view}
    {CK tiki_U112_reg_17 default_emulate_view}
    {CK tiki_U14_reg_reg_101_10 default_emulate_view}
    {CK tiki_U14_reg_reg_2_11 default_emulate_view}
    {CK storm_U52_reg_109 default_emulate_view}
    {CK U19_reg_41 default_emulate_view}
    {CK tiki_U14_reg_reg_194_8 default_emulate_view}
    {CK U65_reg_321 default_emulate_view}
    {CK U20_reg_172 default_emulate_view}
    {CK tiki_U21_reg_202 default_emulate_view}
    {CK U73_reg_59 default_emulate_view}
    {CK U35_reg_27 default_emulate_view}
    {CK storm_U2_reg_11 default_emulate_view}
    {CK storm_U25_reg_25 default_emulate_view}
    {CK storm_U23_reg_34 default_emulate_view}
    {CK U65_reg_617 default_emulate_view}
    {CK tiki_U14_reg_reg_46_2 default_emulate_view}
    {CK U412_reg default_emulate_view}
    {CK U90_reg_6 default_emulate_view}
    {CK tiki_U14_reg_reg_35_1 default_emulate_view}
    {CK U83_reg_4 default_emulate_view}
    {CK storm_U1_reg_115 default_emulate_view}
    {CK storm_U52_reg_28 default_emulate_view}
    {CK U65_reg_62 default_emulate_view}
    {CK U65_reg_75 default_emulate_view}
    {CK U58_reg_49 default_emulate_view}
    {CK tiki_U14_reg_reg_130_1 default_emulate_view}
    {CK U5_reg_103 default_emulate_view}
    {CK U10_reg_2 default_emulate_view}
    {CK storm_U133_reg_22 default_emulate_view}
    {CK storm_U3_reg_61 default_emulate_view}
    {CK storm_U133_reg_50 default_emulate_view}
    {CK U413_reg_3 default_emulate_view}
    {CK kasa_U414_reg default_emulate_view}
    {CK storm_U26_reg_8 default_emulate_view}
    {CK tiki_U37_reg_7 default_emulate_view}
    {CK storm_U25_reg_2 default_emulate_view}
    {CK kasa_U415_reg default_emulate_view}
    {CK U65_reg_337 default_emulate_view}
    {CK U38_reg_25 default_emulate_view}
    {CK tiki_U14_reg_reg_80_1 default_emulate_view}
    {CK U12_reg_4 default_emulate_view}
    {CK U65_reg_195 default_emulate_view}
    {CK storm_U16_reg_34 default_emulate_view}
    {CK storm_U78_reg_45 default_emulate_view}
    {CK storm_U16_reg_3 default_emulate_view}
    {CK storm_U16_reg_26 default_emulate_view}
    {CK storm_U133_reg_23 default_emulate_view}
    {CK storm_U41_reg_13 default_emulate_view}
    {CK kasa_U416_reg default_emulate_view}
    {CK U28_reg_6 default_emulate_view}
    {CK kasa_U417_reg default_emulate_view}
    {CK U265_reg_1 default_emulate_view}
    {CK U5_reg_162 default_emulate_view}
    {CK U17_reg_4 default_emulate_view}
    {CK U129_reg_119 default_emulate_view}
    {CK U129_reg_113 default_emulate_view}
    {CK U70_reg_26 default_emulate_view}
    {CK U71_reg_56 default_emulate_view}
    {CK U30_reg_151 default_emulate_view}
    {CK tiki_U14_reg_reg_180_9 default_emulate_view}
    {CK tiki_U37_reg_126 default_emulate_view}
    {CK storm_U163_reg_52 default_emulate_view}
    {CK U20_reg_303 default_emulate_view}
    {CK U20_reg_565 default_emulate_view}
    {CK U20_reg_52 default_emulate_view}
    {CK U65_reg_453 default_emulate_view}
    {CK tiki_U14_reg_reg_201_10 default_emulate_view}
    {CK tiki_U14_reg_reg_246_1 default_emulate_view}
    {CK tiki_U14_reg_reg_166_7 default_emulate_view}
    {CK tiki_U14_reg_reg_248_1 default_emulate_view}
    {CK tiki_U418_reg default_emulate_view}
    {CK tiki_U95_reg_17 default_emulate_view}
    {CK storm_U52_reg_10 default_emulate_view}
    {CK storm_U1_reg_5 default_emulate_view}
    {CK storm_U1_reg_177 default_emulate_view}
    {CK U29_reg_61 default_emulate_view}
    {CK U35_reg_50 default_emulate_view}
    {CK tiki_U419_reg default_emulate_view}
    {CK tiki_U14_reg_reg_195_10 default_emulate_view}
    {CK U65_reg_243 default_emulate_view}
    {CK tiki_U14_reg_reg_222_5 default_emulate_view}
    {CK U260_reg_6 default_emulate_view}
    {CK tiki_U14_reg_reg_93_9 default_emulate_view}
    {CK U29_reg_10 default_emulate_view}
    {CK storm_U16_reg_123 default_emulate_view}
    {CK tiki_U14_reg_reg_145_7 default_emulate_view}
    {CK tiki_U14_reg_reg_71_4 default_emulate_view}
    {CK U65_reg_665 default_emulate_view}
    {CK U65_reg_363 default_emulate_view}
    {CK tiki_U37_reg_69 default_emulate_view}
    {CK U12_reg_46 default_emulate_view}
    {CK U225_reg_10 default_emulate_view}
    {CK U129_reg_30 default_emulate_view}
    {CK tiki_U121_reg_5 default_emulate_view}
    {CK storm_U34_reg_162 default_emulate_view}
    {CK storm_U59_reg_119 default_emulate_view}
    {CK tiki_U14_reg_reg_126_11 default_emulate_view}
    {CK tiki_U14_reg_reg_39_8 default_emulate_view}
    {CK U65_reg_405 default_emulate_view}
    {CK U20_reg_4 default_emulate_view}
    {CK tiki_U14_reg_reg_125_8 default_emulate_view}
    {CK U11_reg_181 default_emulate_view}
    {CK U303_reg_5 default_emulate_view}
    {CK U278_reg_3 default_emulate_view}
    {CK tiki_U14_reg_reg_62_6 default_emulate_view}
    {CK U346_reg_3 default_emulate_view}
    {CK U5_reg_53 default_emulate_view}
    {CK kasa_U420_reg default_emulate_view}
    {CK U87_reg_77 default_emulate_view}
    {CK U38_reg_36 default_emulate_view}
    {CK U58_reg_72 default_emulate_view}
    {CK U38_reg_114 default_emulate_view}
    {CK U32_reg_151 default_emulate_view}
    {CK U70_reg_51 default_emulate_view}
    {CK U11_reg_107 default_emulate_view}
    {CK U129_reg_25 default_emulate_view}
    {CK tiki_U37_reg_76 default_emulate_view}
    {CK U20_reg_391 default_emulate_view}
    {CK U20_reg_254 default_emulate_view}
    {CK U20_reg_255 default_emulate_view}
    {CK U20_reg_140 default_emulate_view}
    {CK tiki_U14_reg_reg_35_0 default_emulate_view}
    {CK tiki_U14_reg_reg_32_2 default_emulate_view}
    {CK tiki_U21_reg_78 default_emulate_view}
    {CK storm_U22_reg_134 default_emulate_view}
    {CK U422_reg default_emulate_view}
    {CK U76_reg_36 default_emulate_view}
    {CK tiki_U14_reg_reg_67_9 default_emulate_view}
    {CK tiki_U14_reg_reg_194_2 default_emulate_view}
    {CK tiki_U14_reg_reg_51_8 default_emulate_view}
    {CK kasa_U423_reg default_emulate_view}
    {CK kasa_U424_reg default_emulate_view}
    {CK kasa_U425_reg default_emulate_view}
    {CK U51_reg_30 default_emulate_view}
    {CK U11_reg_224 default_emulate_view}
    {CK U11_reg_27 default_emulate_view}
    {CK U11_reg_142 default_emulate_view}
    {CK U426_reg_1 default_emulate_view}
    {CK U19_reg_4 default_emulate_view}
    {CK U45_reg_78 default_emulate_view}
    {CK U84_reg_40 default_emulate_view}
    {CK U32_reg_174 default_emulate_view}
    {CK U38_reg_213 default_emulate_view}
    {CK U31_reg_35 default_emulate_view}
    {CK U30_reg_228 default_emulate_view}
    {CK tiki_U47_reg_49 default_emulate_view}
    {CK tiki_U14_reg_reg_89_9 default_emulate_view}
    {CK tiki_U14_reg_reg_222_8 default_emulate_view}
    {CK U24_reg_40 default_emulate_view}
    {CK tiki_U21_reg_1 default_emulate_view}
    {CK tiki_U14_reg_reg_18_5 default_emulate_view}
    {CK tiki_U14_reg_reg_210_10 default_emulate_view}
    {CK U297_reg_6 default_emulate_view}
    {CK U358_reg_7 default_emulate_view}
    {CK tiki_U14_reg_reg_133_8 default_emulate_view}
    {CK tiki_U14_reg_reg_155_11 default_emulate_view}
    {CK tiki_U14_reg_reg_139_8 default_emulate_view}
    {CK U76_reg_2 default_emulate_view}
    {CK tiki_U14_reg_reg_163_11 default_emulate_view}
    {CK U65_reg_495 default_emulate_view}
    {CK tiki_U14_reg_reg_216_7 default_emulate_view}
    {CK U45_reg_42 default_emulate_view}
    {CK U129_reg_59 default_emulate_view}
    {CK tiki_U14_reg_reg_177_9 default_emulate_view}
    {CK tiki_U14_reg_reg_199_4 default_emulate_view}
    {CK U51_reg_96 default_emulate_view}
    {CK tiki_U47_reg_82 default_emulate_view}
    {CK U201_reg_0 default_emulate_view}
    {CK tiki_U14_reg_reg_174_1 default_emulate_view}
    {CK U427_reg_2 default_emulate_view}
    {CK tiki_U14_reg_reg_19_5 default_emulate_view}
    {CK U20_reg_214 default_emulate_view}
    {CK tiki_U14_reg_reg_126_0 default_emulate_view}
    {CK U11_reg_46 default_emulate_view}
    {CK tiki_U14_reg_reg_240_7 default_emulate_view}
    {CK U5_reg_154 default_emulate_view}
    {CK U10_reg_99 default_emulate_view}
    {CK storm_U25_reg_62 default_emulate_view}
    {CK storm_U62_reg_75 default_emulate_view}
    {CK storm_U22_reg_85 default_emulate_view}
    {CK tiki_U14_reg_reg_229_5 default_emulate_view}
    {CK tiki_U14_reg_reg_252_1 default_emulate_view}
    {CK tiki_U37_reg_179 default_emulate_view}
    {CK tiki_U14_reg_reg_33_11 default_emulate_view}
    {CK U122_reg_70 default_emulate_view}
    {CK storm_U1_reg_39 default_emulate_view}
    {CK tiki_U14_reg_reg_28_0 default_emulate_view}
    {CK tiki_U14_reg_reg_62_1 default_emulate_view}
    {CK tiki_U14_reg_reg_40_10 default_emulate_view}
    {CK tiki_U95_reg_14 default_emulate_view}
    {CK U193_reg_15 default_emulate_view}
    {CK tiki_U14_reg_reg_34_7 default_emulate_view}
    {CK tiki_U14_reg_reg_110_0 default_emulate_view}
    {CK storm_U1_reg_70 default_emulate_view}
    {CK storm_U62_reg_79 default_emulate_view}
    {CK storm_U78_reg_93 default_emulate_view}
    {CK tiki_U263_reg_10 default_emulate_view}
    {CK U428_reg_4 default_emulate_view}
    {CK storm_U41_reg_59 default_emulate_view}
    {CK U175_reg_33 default_emulate_view}
    {CK storm_U429_reg_52 default_emulate_view}
    {CK U36_reg_3 default_emulate_view}
    {CK tiki_U14_reg_reg_239_5 default_emulate_view}
    {CK U65_reg_263 default_emulate_view}
    {CK U9_reg_3 default_emulate_view}
    {CK U58_reg_27 default_emulate_view}
    {CK storm_U52_reg_183 default_emulate_view}
    {CK U32_reg_145 default_emulate_view}
    {CK U10_reg_25 default_emulate_view}
    {CK storm_U3_reg_81 default_emulate_view}
    {CK storm_U2_reg_88 default_emulate_view}
    {CK storm_U53_reg_78 default_emulate_view}
    {CK storm_U78_reg_72 default_emulate_view}
    {CK storm_U52_reg_64 default_emulate_view}
    {CK U302_reg_1 default_emulate_view}
    {CK U5_reg_133 default_emulate_view}
    {CK kasa_U430_reg default_emulate_view}
    {CK U10_reg_157 default_emulate_view}
    {CK U11_reg_200 default_emulate_view}
    {CK U12_reg_11 default_emulate_view}
    {CK U31_reg_14 default_emulate_view}
    {CK U30_reg_203 default_emulate_view}
    {CK U30_reg_159 default_emulate_view}
    {CK U70_reg_73 default_emulate_view}
    {CK tiki_U37_reg_64 default_emulate_view}
    {CK storm_U78_reg_99 default_emulate_view}
    {CK storm_U1_reg_54 default_emulate_view}
    {CK U13_reg_14 default_emulate_view}
    {CK U12_reg_92 default_emulate_view}
    {CK U20_reg_473 default_emulate_view}
    {CK U20_reg_182 default_emulate_view}
    {CK tiki_U47_reg_111 default_emulate_view}
    {CK tiki_U21_reg_228 default_emulate_view}
    {CK tiki_U14_reg_reg_247_3 default_emulate_view}
    {CK storm_U50_reg_84 default_emulate_view}
    {CK storm_U3_reg_58 default_emulate_view}
    {CK tiki_U14_reg_reg_124_4 default_emulate_view}
    {CK storm_U2_reg_50 default_emulate_view}
    {CK U175_reg_48 default_emulate_view}
    {CK U83_reg_43 default_emulate_view}
    {CK tiki_U168_reg_19 default_emulate_view}
    {CK storm_U78_reg_189 default_emulate_view}
    {CK storm_U50_reg_139 default_emulate_view}
    {CK storm_U1_reg_128 default_emulate_view}
    {CK U42_reg_2 default_emulate_view}
    {CK tiki_U14_reg_reg_37_7 default_emulate_view}
    {CK tiki_U14_reg_reg_173_7 default_emulate_view}
    {CK U76_reg_55 default_emulate_view}
    {CK storm_U34_reg_142 default_emulate_view}
    {CK storm_U53_reg_171 default_emulate_view}
    {CK tiki_U14_reg_reg_150_1 default_emulate_view}
    {CK U20_reg_425 default_emulate_view}
    {CK tiki_U14_reg_reg_132_7 default_emulate_view}
    {CK tiki_U14_reg_reg_88_0 default_emulate_view}
    {CK tiki_U14_reg_reg_193_1 default_emulate_view}
    {CK storm_U50_reg_118 default_emulate_view}
    {CK storm_U78_reg_154 default_emulate_view}
    {CK storm_U34_reg_135 default_emulate_view}
    {CK tiki_U263_reg_9 default_emulate_view}
    {CK storm_U22_reg_166 default_emulate_view}
    {CK tiki_U14_reg_reg_92_9 default_emulate_view}
    {CK U175_reg_35 default_emulate_view}
    {CK storm_U59_reg_173 default_emulate_view}
    {CK tiki_U14_reg_reg_102_9 default_emulate_view}
    {CK tiki_U14_reg_reg_86_1 default_emulate_view}
    {CK U65_reg_501 default_emulate_view}
    {CK U32_reg_110 default_emulate_view}
    {CK U30_reg_89 default_emulate_view}
    {CK tiki_U14_reg_reg_111_8 default_emulate_view}
    {CK tiki_U47_reg_200 default_emulate_view}
    {CK storm_U41_reg_130 default_emulate_view}
    {CK storm_U78_reg_125 default_emulate_view}
    {CK storm_U23_reg_171 default_emulate_view}
    {CK storm_U26_reg_137 default_emulate_view}
    {CK storm_U133_reg_139 default_emulate_view}
    {CK storm_U34_reg_190 default_emulate_view}
    {CK U5_reg_65 default_emulate_view}
    {CK U55_reg_8 default_emulate_view}
    {CK U84_reg_51 default_emulate_view}
    {CK U10_reg_133 default_emulate_view}
    {CK U433_reg default_emulate_view}
    {CK U138_reg_52 default_emulate_view}
    {CK U38_reg_133 default_emulate_view}
    {CK U178_reg_9 default_emulate_view}
    {CK storm_U22_reg_119 default_emulate_view}
    {CK tiki_U37_reg_172 default_emulate_view}
    {CK tiki_U14_reg_reg_8_7 default_emulate_view}
    {CK tiki_U14_reg_reg_179_7 default_emulate_view}
    {CK tiki_U14_reg_reg_203_9 default_emulate_view}
    {CK tiki_U14_reg_reg_32_8 default_emulate_view}
    {CK storm_U53_reg_165 default_emulate_view}
    {CK storm_U2_reg_169 default_emulate_view}
    {CK storm_U88_reg_56 default_emulate_view}
    {CK storm_U78_reg_177 default_emulate_view}
    {CK U106_reg_6 default_emulate_view}
    {CK U72_reg_4 default_emulate_view}
    {CK kasa_U434_reg default_emulate_view}
    {CK U35_reg_67 default_emulate_view}
    {CK storm_U53_reg_113 default_emulate_view}
    {CK storm_U150_reg_10 default_emulate_view}
    {CK tiki_U435_reg default_emulate_view}
    {CK tiki_U14_reg_reg_9_3 default_emulate_view}
    {CK tiki_U357_reg_5 default_emulate_view}
    {CK U65_reg_595 default_emulate_view}
    {CK U45_reg_49 default_emulate_view}
    {CK U87_reg_4 default_emulate_view}
    {CK U32_reg_58 default_emulate_view}
    {CK tiki_U47_reg_173 default_emulate_view}
    {CK tiki_U14_reg_reg_15_8 default_emulate_view}
    {CK tiki_U14_reg_reg_111_3 default_emulate_view}
    {CK storm_U16_reg_116 default_emulate_view}
    {CK storm_U34_reg_174 default_emulate_view}
    {CK tiki_U14_reg_reg_131_1 default_emulate_view}
    {CK U63_reg_2 default_emulate_view}
    {CK storm_U80_reg_109 default_emulate_view}
    {CK tiki_U14_reg_reg_42_7 default_emulate_view}
    {CK U30_reg_110 default_emulate_view}
    {CK U71_reg_48 default_emulate_view}
    {CK U38_reg_124 default_emulate_view}
    {CK U17_reg_126 default_emulate_view}
    {CK storm_U78_reg_2 default_emulate_view}
    {CK U38_reg_203 default_emulate_view}
    {CK U51_reg_135 default_emulate_view}
    {CK tiki_U14_reg_reg_127_7 default_emulate_view}
    {CK storm_U1_reg_111 default_emulate_view}
    {CK storm_U26_reg_5 default_emulate_view}
    {CK storm_U3_reg_176 default_emulate_view}
    {CK U85_reg_2 default_emulate_view}
    {CK U5_reg_165 default_emulate_view}
    {CK U10_reg_105 default_emulate_view}
    {CK U51_reg_6 default_emulate_view}
    {CK U104_reg_39 default_emulate_view}
    {CK U436_reg_1 default_emulate_view}
    {CK U437_reg default_emulate_view}
    {CK U11_reg_48 default_emulate_view}
    {CK U11_reg_121 default_emulate_view}
    {CK tiki_U37_reg_32 default_emulate_view}
    {CK tiki_U14_reg_reg_198_5 default_emulate_view}
    {CK tiki_U14_reg_reg_152_2 default_emulate_view}
    {CK storm_U41_reg_182 default_emulate_view}
    {CK storm_U26_reg_7 default_emulate_view}
    {CK U11_reg_135 default_emulate_view}
    {CK U17_reg_116 default_emulate_view}
    {CK tiki_U438_reg default_emulate_view}
    {CK tiki_U14_reg_reg_66_1 default_emulate_view}
    {CK tiki_U14_reg_reg_153_6 default_emulate_view}
    {CK tiki_U14_reg_reg_97_1 default_emulate_view}
    {CK tiki_U14_reg_reg_71_10 default_emulate_view}
    {CK tiki_U14_reg_reg_147_9 default_emulate_view}
    {CK tiki_U14_reg_reg_165_5 default_emulate_view}
    {CK tiki_U14_reg_reg_30_6 default_emulate_view}
    {CK storm_U152_reg_0 default_emulate_view}
    {CK storm_U16_reg_111 default_emulate_view}
    {CK tiki_U14_reg_reg_223_8 default_emulate_view}
    {CK storm_U34_reg_114 default_emulate_view}
    {CK U24_reg_39 default_emulate_view}
    {CK tiki_U14_reg_reg_245_3 default_emulate_view}
    {CK storm_U34_reg_23 default_emulate_view}
    {CK storm_U16_reg_20 default_emulate_view}
    {CK storm_U62_reg_9 default_emulate_view}
    {CK storm_U3_reg_7 default_emulate_view}
    {CK storm_U16_reg_2 default_emulate_view}
    {CK U85_reg_6 default_emulate_view}
    {CK kasa_U439_reg default_emulate_view}
    {CK U51_reg_69 default_emulate_view}
    {CK U51_reg_102 default_emulate_view}
    {CK U12_reg_38 default_emulate_view}
    {CK tiki_U14_reg_reg_218_3 default_emulate_view}
    {CK tiki_U14_reg_reg_102_2 default_emulate_view}
    {CK tiki_U14_reg_reg_118_8 default_emulate_view}
    {CK storm_U34_reg_31 default_emulate_view}
    {CK U441_reg_1 default_emulate_view}
    {CK U19_reg_1 default_emulate_view}
    {CK U17_reg_51 default_emulate_view}
    {CK tiki_U14_reg_reg_20_6 default_emulate_view}
    {CK tiki_U21_reg_75 default_emulate_view}
    {CK tiki_U14_reg_reg_86_5 default_emulate_view}
    {CK tiki_U14_reg_reg_106_1 default_emulate_view}
    {CK storm_U50_reg_4 default_emulate_view}
    {CK U49_reg_63 default_emulate_view}
    {CK U83_reg_45 default_emulate_view}
    {CK tiki_U14_reg_reg_16_0 default_emulate_view}
    {CK storm_U22_reg_116 default_emulate_view}
    {CK storm_U133_reg_7 default_emulate_view}
    {CK storm_U133_reg_21 default_emulate_view}
    {CK tiki_U14_reg_reg_105_6 default_emulate_view}
    {CK tiki_U14_reg_reg_50_5 default_emulate_view}
    {CK kasa_U442_reg default_emulate_view}
    {CK tiki_U14_reg_reg_253_3 default_emulate_view}
    {CK U63_reg_18 default_emulate_view}
    {CK tiki_U14_reg_reg_56_8 default_emulate_view}
    {CK U30_reg_92 default_emulate_view}
    {CK U71_reg_36 default_emulate_view}
    {CK U39_reg_12 default_emulate_view}
    {CK U356_reg_0 default_emulate_view}
    {CK storm_U23_reg_28 default_emulate_view}
    {CK storm_U133_reg_15 default_emulate_view}
    {CK U428_reg_1 default_emulate_view}
    {CK kasa_U443_reg default_emulate_view}
    {CK tiki_U37_reg_51 default_emulate_view}
    {CK tiki_U21_reg_119 default_emulate_view}
    {CK U122_reg_72 default_emulate_view}
    {CK tiki_U14_reg_reg_223_3 default_emulate_view}
    {CK tiki_U14_reg_reg_81_5 default_emulate_view}
    {CK tiki_U235_reg_11 default_emulate_view}
    {CK tiki_U14_reg_reg_240_8 default_emulate_view}
    {CK U84_reg_46 default_emulate_view}
    {CK U138_reg_54 default_emulate_view}
    {CK U11_reg_58 default_emulate_view}
    {CK storm_U133_reg_25 default_emulate_view}
    {CK U51_reg_39 default_emulate_view}
    {CK storm_U43_reg_129 default_emulate_view}
    {CK storm_U2_reg_164 default_emulate_view}
    {CK U286_reg_0 default_emulate_view}
    {CK storm_U26_reg_118 default_emulate_view}
    {CK storm_U3_reg_136 default_emulate_view}
    {CK U20_reg_208 default_emulate_view}
    {CK tiki_U357_reg_3 default_emulate_view}
    {CK U32_reg_207 default_emulate_view}
    {CK U30_reg_85 default_emulate_view}
    {CK U129_reg_115 default_emulate_view}
    {CK U17_reg_6 default_emulate_view}
    {CK tiki_U37_reg_234 default_emulate_view}
    {CK tiki_U14_reg_reg_22_11 default_emulate_view}
    {CK storm_U53_reg_131 default_emulate_view}
    {CK U24_reg_20 default_emulate_view}
    {CK storm_U26_reg_138 default_emulate_view}
    {CK tiki_U285_reg_7 default_emulate_view}
    {CK tiki_U37_reg_245 default_emulate_view}
    {CK U129_reg_116 default_emulate_view}
    {CK tiki_U14_reg_reg_109_10 default_emulate_view}
    {CK storm_U1_reg_126 default_emulate_view}
    {CK storm_U1_reg_162 default_emulate_view}
    {CK tiki_U14_reg_reg_108_5 default_emulate_view}
    {CK U54_reg_4 default_emulate_view}
    {CK U206_reg_0 default_emulate_view}
    {CK tiki_U14_reg_reg_215_7 default_emulate_view}
    {CK tiki_U14_reg_reg_163_7 default_emulate_view}
    {CK U29_reg_76 default_emulate_view}
    {CK storm_U78_reg_141 default_emulate_view}
    {CK storm_U1_reg_133 default_emulate_view}
    {CK tiki_U47_reg_235 default_emulate_view}
    {CK U38_reg_127 default_emulate_view}
    {CK U5_reg_225 default_emulate_view}
    {CK storm_U52_reg_136 default_emulate_view}
    {CK storm_U3_reg_130 default_emulate_view}
    {CK tiki_U14_reg_reg_186_2 default_emulate_view}
    {CK tiki_U14_reg_reg_1_0 default_emulate_view}
    {CK tiki_U14_reg_reg_147_7 default_emulate_view}
    {CK tiki_U37_reg_12 default_emulate_view}
    {CK tiki_U14_reg_reg_244_8 default_emulate_view}
    {CK U138_reg_63 default_emulate_view}
    {CK U18_reg_5 default_emulate_view}
    {CK U12_reg_8 default_emulate_view}
    {CK tiki_U47_reg_185 default_emulate_view}
    {CK U32_reg_57 default_emulate_view}
    {CK U10_reg_19 default_emulate_view}
    {CK U10_reg_129 default_emulate_view}
    {CK U225_reg_4 default_emulate_view}
    {CK U445_reg default_emulate_view}
    {CK U46_reg_8 default_emulate_view}
    {CK U13_reg_17 default_emulate_view}
    {CK U12_reg_91 default_emulate_view}
    {CK U58_reg_50 default_emulate_view}
    {CK U38_reg_66 default_emulate_view}
    {CK U32_reg_159 default_emulate_view}
    {CK U38_reg_249 default_emulate_view}
    {CK U31_reg_17 default_emulate_view}
    {CK tiki_U14_reg_reg_173_10 default_emulate_view}
    {CK tiki_U37_reg_150 default_emulate_view}
    {CK U11_reg_211 default_emulate_view}
    {CK tiki_U14_reg_reg_196_10 default_emulate_view}
    {CK tiki_U181_reg_0 default_emulate_view}
    {CK tiki_U217_reg_3 default_emulate_view}
    {CK tiki_U14_reg_reg_220_3 default_emulate_view}
    {CK tiki_U14_reg_reg_178_3 default_emulate_view}
    {CK tiki_U14_reg_reg_146_4 default_emulate_view}
    {CK tiki_U15_reg_5 default_emulate_view}
    {CK tiki_U14_reg_reg_13_2 default_emulate_view}
    {CK U175_reg_63 default_emulate_view}
    {CK tiki_U14_reg_reg_19_6 default_emulate_view}
    {CK tiki_U148_reg_3 default_emulate_view}
    {CK U28_reg_0 default_emulate_view}
    {CK tiki_U14_reg_reg_206_6 default_emulate_view}
    {CK tiki_U14_reg_reg_183_6 default_emulate_view}
    {CK tiki_U14_reg_reg_123_7 default_emulate_view}
    {CK U76_reg_18 default_emulate_view}
    {CK tiki_U446_reg default_emulate_view}
    {CK tiki_U47_reg_39 default_emulate_view}
    {CK U5_reg_73 default_emulate_view}
    {CK U131_reg_6 default_emulate_view}
    {CK U65_reg_299 default_emulate_view}
    {CK tiki_U14_reg_reg_157_5 default_emulate_view}
    {CK kasa_U447_reg default_emulate_view}
    {CK tiki_U37_reg_19 default_emulate_view}
    {CK U35_reg_63 default_emulate_view}
    {CK U20_reg_176 default_emulate_view}
    {CK U19_reg_26 default_emulate_view}
    {CK tiki_U14_reg_reg_251_5 default_emulate_view}
    {CK U448_reg_0 default_emulate_view}
    {CK U51_reg_63 default_emulate_view}
    {CK storm_U23_reg_85 default_emulate_view}
    {CK storm_U80_reg_186 default_emulate_view}
    {CK storm_U34_reg_197 default_emulate_view}
    {CK kasa_U449_reg default_emulate_view}
    {CK tiki_U14_reg_reg_57_9 default_emulate_view}
    {CK U122_reg_54 default_emulate_view}
    {CK storm_U26_reg_68 default_emulate_view}
    {CK storm_U53_reg_79 default_emulate_view}
    {CK tiki_U14_reg_reg_24_1 default_emulate_view}
    {CK tiki_U14_reg_reg_102_3 default_emulate_view}
    {CK tiki_U14_reg_reg_52_3 default_emulate_view}
    {CK U58_reg_1 default_emulate_view}
    {CK U17_reg_108 default_emulate_view}
    {CK U51_reg_156 default_emulate_view}
    {CK storm_U53_reg_189 default_emulate_view}
    {CK storm_U43_reg_56 default_emulate_view}
    {CK storm_U94_reg_13 default_emulate_view}
    {CK tiki_U47_reg_104 default_emulate_view}
    {CK storm_U43_reg_83 default_emulate_view}
    {CK tiki_U14_reg_reg_206_0 default_emulate_view}
    {CK U24_reg_14 default_emulate_view}
    {CK storm_U22_reg_76 default_emulate_view}
    {CK U309_reg_6 default_emulate_view}
    {CK storm_U4_reg_79 default_emulate_view}
    {CK U38_reg_107 default_emulate_view}
    {CK storm_U50_reg_88 default_emulate_view}
    {CK storm_U80_reg_54 default_emulate_view}
    {CK storm_U78_reg_215 default_emulate_view}
    {CK tiki_U169_reg_15 default_emulate_view}
    {CK U177_reg_8 default_emulate_view}
    {CK tiki_U14_reg_reg_98_9 default_emulate_view}
    {CK storm_U52_reg_74 default_emulate_view}
    {CK storm_U1_reg_81 default_emulate_view}
    {CK tiki_U14_reg_reg_75_10 default_emulate_view}
    {CK tiki_U14_reg_reg_12_2 default_emulate_view}
    {CK tiki_U285_reg_18 default_emulate_view}
    {CK U87_reg_28 default_emulate_view}
    {CK U70_reg_46 default_emulate_view}
    {CK storm_U88_reg_103 default_emulate_view}
    {CK tiki_U14_reg_reg_37_2 default_emulate_view}
    {CK U5_reg_157 default_emulate_view}
    {CK storm_U50_reg_185 default_emulate_view}
    {CK storm_U41_reg_77 default_emulate_view}
    {CK storm_U62_reg_191 default_emulate_view}
    {CK kasa_U450_reg default_emulate_view}
    {CK kasa_U451_reg default_emulate_view}
    {CK storm_U43_reg_195 default_emulate_view}
    {CK tiki_U14_reg_reg_136_9 default_emulate_view}
    {CK tiki_U37_reg_44 default_emulate_view}
    {CK U87_reg_72 default_emulate_view}
    {CK storm_U4_reg_103 default_emulate_view}
    {CK tiki_U112_reg_3 default_emulate_view}
    {CK U45_reg_45 default_emulate_view}
    {CK U51_reg_121 default_emulate_view}
    {CK tiki_U327_reg_0 default_emulate_view}
    {CK U20_reg_385 default_emulate_view}
    {CK tiki_U14_reg_reg_94_3 default_emulate_view}
    {CK storm_U1_reg_140 default_emulate_view}
    {CK storm_U34_reg_143 default_emulate_view}
    {CK storm_U53_reg_166 default_emulate_view}
    {CK storm_U59_reg_168 default_emulate_view}
    {CK storm_U16_reg_172 default_emulate_view}
    {CK storm_U88_reg_94 default_emulate_view}
    {CK U221_reg_1 default_emulate_view}
    {CK kasa_U452_reg default_emulate_view}
    {CK U329_reg_2 default_emulate_view}
    {CK U31_reg_62 default_emulate_view}
    {CK U30_reg_229 default_emulate_view}
    {CK U30_reg_15 default_emulate_view}
    {CK U58_reg_19 default_emulate_view}
    {CK tiki_U14_reg_reg_216_0 default_emulate_view}
    {CK tiki_U453_reg default_emulate_view}
    {CK tiki_U14_reg_reg_249_11 default_emulate_view}
    {CK storm_U133_reg_133 default_emulate_view}
    {CK U65_reg_239 default_emulate_view}
    {CK U65_reg_419 default_emulate_view}
    {CK U20_reg_131 default_emulate_view}
    {CK tiki_U14_reg_reg_162_4 default_emulate_view}
    {CK tiki_U14_reg_reg_239_1 default_emulate_view}
    {CK tiki_U14_reg_reg_154_2 default_emulate_view}
    {CK tiki_U14_reg_reg_128_4 default_emulate_view}
    {CK tiki_U14_reg_reg_109_5 default_emulate_view}
    {CK tiki_U14_reg_reg_60_6 default_emulate_view}
    {CK storm_U320_reg_1 default_emulate_view}
    {CK storm_U215_reg_4 default_emulate_view}
    {CK storm_U454_reg_0 default_emulate_view}
    {CK storm_U4_reg_84 default_emulate_view}
    {CK U49_reg_47 default_emulate_view}
    {CK U83_reg_37 default_emulate_view}
    {CK tiki_U14_reg_reg_144_10 default_emulate_view}
    {CK tiki_U14_reg_reg_73_11 default_emulate_view}
    {CK storm_U78_reg_143 default_emulate_view}
    {CK storm_U22_reg_167 default_emulate_view}
    {CK storm_U25_reg_119 default_emulate_view}
    {CK tiki_U14_reg_reg_104_3 default_emulate_view}
    {CK tiki_U14_reg_reg_74_5 default_emulate_view}
    {CK storm_U4_reg_92 default_emulate_view}
    {CK storm_U403_reg_3 default_emulate_view}
    {CK U20_reg_267 default_emulate_view}
    {CK U65_reg_659 default_emulate_view}
    {CK tiki_U169_reg_6 default_emulate_view}
    {CK U45_reg_73 default_emulate_view}
    {CK U11_reg_87 default_emulate_view}
    {CK U17_reg_112 default_emulate_view}
    {CK U17_reg_5 default_emulate_view}
    {CK tiki_U47_reg_33 default_emulate_view}
    {CK U5_reg_151 default_emulate_view}
    {CK U51_reg_176 default_emulate_view}
    {CK storm_U4_reg_1 default_emulate_view}
    {CK storm_U89_reg_6 default_emulate_view}
    {CK storm_U80_reg_170 default_emulate_view}
    {CK U20_reg_130 default_emulate_view}
    {CK tiki_U21_reg_180 default_emulate_view}
    {CK tiki_U14_reg_reg_81_11 default_emulate_view}
    {CK storm_U4_reg_106 default_emulate_view}
    {CK U455_reg default_emulate_view}
    {CK U20_reg_6 default_emulate_view}
    {CK U20_reg_7 default_emulate_view}
    {CK U456_reg_0 default_emulate_view}
    {CK U11_reg_49 default_emulate_view}
    {CK U17_reg_118 default_emulate_view}
    {CK storm_U53_reg_138 default_emulate_view}
    {CK U5_reg_28 default_emulate_view}
    {CK U32_reg_17 default_emulate_view}
    {CK U65_reg_331 default_emulate_view}
    {CK storm_U4_reg_57 default_emulate_view}
    {CK storm_U23_reg_108 default_emulate_view}
    {CK storm_U59_reg_121 default_emulate_view}
    {CK U331_reg_7 default_emulate_view}
    {CK U157_reg_3 default_emulate_view}
    {CK U457_reg default_emulate_view}
    {CK U30_reg_72 default_emulate_view}
    {CK U10_reg_58 default_emulate_view}
    {CK U39_reg_16 default_emulate_view}
    {CK U32_reg_202 default_emulate_view}
    {CK U30_reg_298 default_emulate_view}
    {CK U31_reg_43 default_emulate_view}
    {CK U30_reg_276 default_emulate_view}
    {CK tiki_U47_reg_95 default_emulate_view}
    {CK storm_U1_reg_4 default_emulate_view}
    {CK U65_reg_575 default_emulate_view}
    {CK U413_reg_2 default_emulate_view}
    {CK U399_reg_2 default_emulate_view}
    {CK U65_reg_69 default_emulate_view}
    {CK tiki_U14_reg_reg_0_7 default_emulate_view}
    {CK tiki_U161_reg_3 default_emulate_view}
    {CK U122_reg_6 default_emulate_view}
    {CK tiki_U14_reg_reg_92_1 default_emulate_view}
    {CK U20_reg_315 default_emulate_view}
    {CK tiki_U14_reg_reg_83_3 default_emulate_view}
    {CK storm_U50_reg_177 default_emulate_view}
    {CK storm_U4_reg_73 default_emulate_view}
    {CK storm_U152_reg_7 default_emulate_view}
    {CK storm_U3_reg_114 default_emulate_view}
    {CK U9_reg_6 default_emulate_view}
    {CK U70_reg_74 default_emulate_view}
    {CK tiki_U14_reg_reg_44_1 default_emulate_view}
    {CK tiki_U14_reg_reg_211_7 default_emulate_view}
    {CK tiki_U14_reg_reg_38_0 default_emulate_view}
    {CK U20_reg_55 default_emulate_view}
    {CK U65_reg_467 default_emulate_view}
    {CK U20_reg_54 default_emulate_view}
    {CK tiki_U14_reg_reg_190_4 default_emulate_view}
    {CK tiki_U14_reg_reg_108_9 default_emulate_view}
    {CK U65_reg_255 default_emulate_view}
    {CK tiki_U14_reg_reg_106_7 default_emulate_view}
    {CK tiki_U14_reg_reg_147_2 default_emulate_view}
    {CK U29_reg_49 default_emulate_view}
    {CK U83_reg_75 default_emulate_view}
    {CK tiki_U14_reg_reg_183_4 default_emulate_view}
    {CK tiki_U37_reg_227 default_emulate_view}
    {CK tiki_U14_reg_reg_175_9 default_emulate_view}
    {CK storm_U78_reg_35 default_emulate_view}
    {CK storm_U3_reg_57 default_emulate_view}
    {CK storm_U1_reg_66 default_emulate_view}
    {CK U65_reg_429 default_emulate_view}
    {CK kasa_U458_reg default_emulate_view}
    {CK U83_reg_20 default_emulate_view}
    {CK storm_U2_reg_21 default_emulate_view}
    {CK storm_U22_reg_60 default_emulate_view}
    {CK tiki_U37_reg_240 default_emulate_view}
    {CK U65_reg_451 default_emulate_view}
    {CK U38_reg_39 default_emulate_view}
    {CK U459_reg default_emulate_view}
    {CK U5_reg_187 default_emulate_view}
    {CK U10_reg_162 default_emulate_view}
    {CK storm_U1_reg_84 default_emulate_view}
    {CK storm_U3_reg_75 default_emulate_view}
    {CK tiki_U14_reg_reg_172_9 default_emulate_view}
    {CK tiki_U14_reg_reg_192_7 default_emulate_view}
    {CK storm_U34_reg_32 default_emulate_view}
    {CK tiki_U14_reg_reg_120_9 default_emulate_view}
    {CK storm_U23_reg_25 default_emulate_view}
    {CK tiki_U37_reg_220 default_emulate_view}
    {CK U65_reg_207 default_emulate_view}
    {CK tiki_U14_reg_reg_23_11 default_emulate_view}
    {CK tiki_U14_reg_reg_198_1 default_emulate_view}
    {CK U17_reg_56 default_emulate_view}
    {CK storm_U62_reg_77 default_emulate_view}
    {CK tiki_U14_reg_reg_29_0 default_emulate_view}
    {CK tiki_U205_reg_0 default_emulate_view}
    {CK U65_reg_315 default_emulate_view}
    {CK storm_U80_reg_66 default_emulate_view}
    {CK storm_U25_reg_69 default_emulate_view}
    {CK storm_U41_reg_27 default_emulate_view}
    {CK storm_U80_reg_58 default_emulate_view}
    {CK storm_U78_reg_0 default_emulate_view}
    {CK storm_U1_reg_46 default_emulate_view}
    {CK kasa_U461_reg default_emulate_view}
    {CK U118_reg_5 default_emulate_view}
    {CK U10_reg_52 default_emulate_view}
    {CK U11_reg_252 default_emulate_view}
    {CK U17_reg_28 default_emulate_view}
    {CK U17_reg_44 default_emulate_view}
    {CK U384_reg_1 default_emulate_view}
    {CK U46_reg_9 default_emulate_view}
    {CK U204_reg_9 default_emulate_view}
    {CK U178_reg_2 default_emulate_view}
    {CK U84_reg_54 default_emulate_view}
    {CK U87_reg_20 default_emulate_view}
    {CK U30_reg_130 default_emulate_view}
    {CK tiki_U14_reg_reg_170_1 default_emulate_view}
    {CK tiki_U14_reg_reg_65_10 default_emulate_view}
    {CK tiki_U14_reg_reg_157_0 default_emulate_view}
    {CK tiki_U463_reg default_emulate_view}
    {CK storm_U80_reg_76 default_emulate_view}
    {CK U20_reg_143 default_emulate_view}
    {CK U65_reg_591 default_emulate_view}
    {CK U20_reg_39 default_emulate_view}
    {CK tiki_U14_reg_reg_41_4 default_emulate_view}
    {CK tiki_U21_reg_44 default_emulate_view}
    {CK tiki_U14_reg_reg_100_5 default_emulate_view}
    {CK storm_U50_reg_34 default_emulate_view}
    {CK storm_U59_reg_29 default_emulate_view}
    {CK tiki_U14_reg_reg_139_2 default_emulate_view}
    {CK storm_U41_reg_23 default_emulate_view}
    {CK U175_reg_30 default_emulate_view}
    {CK U76_reg_66 default_emulate_view}
    {CK U35_reg_31 default_emulate_view}
    {CK tiki_U314_reg_11 default_emulate_view}
    {CK U65_reg_37 default_emulate_view}
    {CK tiki_U14_reg_reg_4_7 default_emulate_view}
    {CK U106_reg_0 default_emulate_view}
    {CK U124_reg_4 default_emulate_view}
    {CK tiki_U14_reg_reg_243_2 default_emulate_view}
    {CK tiki_U14_reg_reg_159_8 default_emulate_view}
    {CK tiki_U121_reg_8 default_emulate_view}
    {CK U73_reg_8 default_emulate_view}
    {CK storm_U50_reg_162 default_emulate_view}
    {CK tiki_U14_reg_reg_115_5 default_emulate_view}
    {CK tiki_U14_reg_reg_119_11 default_emulate_view}
    {CK U20_reg_299 default_emulate_view}
    {CK U20_reg_81 default_emulate_view}
    {CK U65_reg_403 default_emulate_view}
    {CK tiki_U14_reg_reg_76_11 default_emulate_view}
    {CK U45_reg_50 default_emulate_view}
    {CK U464_reg default_emulate_view}
    {CK tiki_U14_reg_reg_200_1 default_emulate_view}
    {CK U264_reg_8 default_emulate_view}
    {CK tiki_U14_reg_reg_206_1 default_emulate_view}
    {CK U20_reg_163 default_emulate_view}
    {CK U20_reg_142 default_emulate_view}
    {CK U20_reg_38 default_emulate_view}
    {CK U65_reg_103 default_emulate_view}
    {CK tiki_U14_reg_reg_106_5 default_emulate_view}
    {CK tiki_U14_reg_reg_231_2 default_emulate_view}
    {CK U38_reg_158 default_emulate_view}
    {CK U30_reg_137 default_emulate_view}
    {CK U12_reg_3 default_emulate_view}
    {CK U12_reg_84 default_emulate_view}
    {CK U5_reg_138 default_emulate_view}
    {CK tiki_U14_reg_reg_128_9 default_emulate_view}
    {CK tiki_U14_reg_reg_237_1 default_emulate_view}
    {CK U5_reg_150 default_emulate_view}
    {CK kasa_U465_reg default_emulate_view}
    {CK kasa_U466_reg default_emulate_view}
    {CK U70_reg_29 default_emulate_view}
    {CK U138_reg_44 default_emulate_view}
    {CK U38_reg_85 default_emulate_view}
    {CK U84_reg_25 default_emulate_view}
    {CK tiki_U14_reg_reg_238_10 default_emulate_view}
    {CK tiki_U47_reg_157 default_emulate_view}
    {CK tiki_U14_reg_reg_20_10 default_emulate_view}
    {CK tiki_U14_reg_reg_230_0 default_emulate_view}
    {CK tiki_U14_reg_reg_72_10 default_emulate_view}
    {CK U65_reg_164 default_emulate_view}
    {CK U390_reg_0 default_emulate_view}
    {CK tiki_U14_reg_reg_252_10 default_emulate_view}
    {CK U65_reg_567 default_emulate_view}
    {CK tiki_U21_reg_106 default_emulate_view}
    {CK U73_reg_67 default_emulate_view}
    {CK U35_reg_21 default_emulate_view}
    {CK tiki_U14_reg_reg_202_1 default_emulate_view}
    {CK tiki_U14_reg_reg_112_10 default_emulate_view}
    {CK U65_reg_450 default_emulate_view}
    {CK storm_U78_reg_184 default_emulate_view}
    {CK storm_U62_reg_89 default_emulate_view}
    {CK storm_U23_reg_82 default_emulate_view}
    {CK storm_U43_reg_80 default_emulate_view}
    {CK storm_U26_reg_75 default_emulate_view}
    {CK storm_U34_reg_66 default_emulate_view}
    {CK kasa_U467_reg default_emulate_view}
    {CK U470_reg default_emulate_view}
    {CK U51_reg_101 default_emulate_view}
    {CK tiki_U14_reg_reg_195_3 default_emulate_view}
    {CK tiki_U14_reg_reg_127_3 default_emulate_view}
    {CK tiki_U14_reg_reg_149_11 default_emulate_view}
    {CK storm_U80_reg_56 default_emulate_view}
    {CK U20_reg_298 default_emulate_view}
    {CK U65_reg_402 default_emulate_view}
    {CK U65_reg_414 default_emulate_view}
    {CK tiki_U14_reg_reg_121_11 default_emulate_view}
    {CK tiki_U14_reg_reg_80_0 default_emulate_view}
    {CK storm_U34_reg_62 default_emulate_view}
    {CK storm_U23_reg_59 default_emulate_view}
    {CK storm_U59_reg_51 default_emulate_view}
    {CK U73_reg_50 default_emulate_view}
    {CK tiki_U14_reg_reg_45_9 default_emulate_view}
    {CK tiki_U14_reg_reg_243_9 default_emulate_view}
    {CK storm_U16_reg_67 default_emulate_view}
    {CK storm_U59_reg_80 default_emulate_view}
    {CK storm_U78_reg_101 default_emulate_view}
    {CK tiki_U21_reg_238 default_emulate_view}
    {CK U136_reg_6 default_emulate_view}
    {CK U156_reg_2 default_emulate_view}
    {CK tiki_U14_reg_reg_180_10 default_emulate_view}
    {CK tiki_U37_reg_127 default_emulate_view}
    {CK U24_reg_54 default_emulate_view}
    {CK storm_U1_reg_83 default_emulate_view}
    {CK U65_reg_165 default_emulate_view}
    {CK U65_reg_102 default_emulate_view}
    {CK U20_reg_162 default_emulate_view}
    {CK tiki_U14_reg_reg_218_4 default_emulate_view}
    {CK tiki_U235_reg_7 default_emulate_view}
    {CK tiki_U37_reg_217 default_emulate_view}
    {CK U70_reg_41 default_emulate_view}
    {CK U38_reg_74 default_emulate_view}
    {CK U38_reg_48 default_emulate_view}
    {CK U129_reg_127 default_emulate_view}
    {CK U11_reg_229 default_emulate_view}
    {CK U5_reg_27 default_emulate_view}
    {CK storm_U78_reg_78 default_emulate_view}
    {CK storm_U59_reg_57 default_emulate_view}
    {CK storm_U59_reg_88 default_emulate_view}
    {CK storm_U133_reg_64 default_emulate_view}
    {CK U49_reg_5 default_emulate_view}
    {CK tiki_U14_reg_reg_167_5 default_emulate_view}
    {CK U65_reg_314 default_emulate_view}
    {CK U32_reg_139 default_emulate_view}
    {CK U58_reg_64 default_emulate_view}
    {CK U11_reg_24 default_emulate_view}
    {CK storm_U16_reg_186 default_emulate_view}
    {CK U31_reg_5 default_emulate_view}
    {CK tiki_U21_reg_166 default_emulate_view}
    {CK U157_reg_7 default_emulate_view}
    {CK U83_reg_78 default_emulate_view}
    {CK tiki_U14_reg_reg_4_4 default_emulate_view}
    {CK tiki_U27_reg_9 default_emulate_view}
    {CK U65_reg_81 default_emulate_view}
    {CK U20_reg_80 default_emulate_view}
    {CK U30_reg_170 default_emulate_view}
    {CK U70_reg_34 default_emulate_view}
    {CK U12_reg_78 default_emulate_view}
    {CK U472_reg_2 default_emulate_view}
    {CK U291_reg_1 default_emulate_view}
    {CK tiki_U14_reg_reg_83_11 default_emulate_view}
    {CK U5_reg_79 default_emulate_view}
    {CK U473_reg default_emulate_view}
    {CK tiki_U14_reg_reg_122_5 default_emulate_view}
    {CK tiki_U14_reg_reg_62_5 default_emulate_view}
    {CK U175_reg_51 default_emulate_view}
    {CK U65_reg_590 default_emulate_view}
    {CK U65_reg_36 default_emulate_view}
    {CK tiki_U14_reg_reg_100_9 default_emulate_view}
    {CK U13_reg_8 default_emulate_view}
    {CK U71_reg_64 default_emulate_view}
    {CK U32_reg_128 default_emulate_view}
    {CK U129_reg_89 default_emulate_view}
    {CK U224_reg_0 default_emulate_view}
    {CK U65_reg_312 default_emulate_view}
    {CK kasa_U474_reg default_emulate_view}
    {CK U368_reg_0 default_emulate_view}
    {CK U5_reg_238 default_emulate_view}
    {CK U58_reg_61 default_emulate_view}
    {CK kasa_U475_reg default_emulate_view}
    {CK U476_reg_0 default_emulate_view}
    {CK tiki_U14_reg_reg_130_0 default_emulate_view}
    {CK U129_reg_40 default_emulate_view}
    {CK U20_reg_551 default_emulate_view}
    {CK tiki_U47_reg_6 default_emulate_view}
    {CK U20_reg_550 default_emulate_view}
    {CK U65_reg_428 default_emulate_view}
    {CK U65_reg_206 default_emulate_view}
    {CK tiki_U14_reg_reg_3_3 default_emulate_view}
    {CK tiki_U14_reg_reg_113_9 default_emulate_view}
    {CK tiki_U14_reg_reg_227_9 default_emulate_view}
    {CK U83_reg_27 default_emulate_view}
    {CK tiki_U14_reg_reg_222_7 default_emulate_view}
    {CK tiki_U14_reg_reg_145_8 default_emulate_view}
    {CK tiki_U92_reg_5 default_emulate_view}
    {CK storm_U43_reg_116 default_emulate_view}
    {CK tiki_U47_reg_130 default_emulate_view}
    {CK U477_reg_0 default_emulate_view}
    {CK U135_reg_2 default_emulate_view}
    {CK tiki_U112_reg_16 default_emulate_view}
    {CK tiki_U14_reg_reg_3_2 default_emulate_view}
    {CK tiki_U14_reg_reg_101_11 default_emulate_view}
    {CK U29_reg_40 default_emulate_view}
    {CK storm_U2_reg_109 default_emulate_view}
    {CK storm_U80_reg_175 default_emulate_view}
    {CK U65_reg_190 default_emulate_view}
    {CK tiki_U200_reg_5 default_emulate_view}
    {CK tiki_U314_reg_2 default_emulate_view}
    {CK U193_reg_7 default_emulate_view}
    {CK U12_reg_56 default_emulate_view}
    {CK storm_U2_reg_2 default_emulate_view}
    {CK U65_reg_466 default_emulate_view}
    {CK storm_U50_reg_176 default_emulate_view}
    {CK U63_reg_68 default_emulate_view}
    {CK storm_U150_reg_2 default_emulate_view}
    {CK tiki_U14_reg_reg_54_8 default_emulate_view}
    {CK U65_reg_25 default_emulate_view}
    {CK U65_reg_24 default_emulate_view}
    {CK U20_reg_314 default_emulate_view}
    {CK tiki_U14_reg_reg_61_2 default_emulate_view}
    {CK U193_reg_0 default_emulate_view}
    {CK tiki_U47_reg_164 default_emulate_view}
    {CK storm_U59_reg_28 default_emulate_view}
    {CK tiki_U14_reg_reg_74_6 default_emulate_view}
    {CK storm_U78_reg_179 default_emulate_view}
    {CK storm_U43_reg_111 default_emulate_view}
    {CK storm_U25_reg_5 default_emulate_view}
    {CK U136_reg_1 default_emulate_view}
    {CK U5_reg_64 default_emulate_view}
    {CK U206_reg_5 default_emulate_view}
    {CK U30_reg_269 default_emulate_view}
    {CK U30_reg_27 default_emulate_view}
    {CK U32_reg_11 default_emulate_view}
    {CK tiki_U14_reg_reg_79_4 default_emulate_view}
    {CK storm_U22_reg_3 default_emulate_view}
    {CK tiki_U14_reg_reg_78_5 default_emulate_view}
    {CK U65_reg_330 default_emulate_view}
    {CK U65_reg_68 default_emulate_view}
    {CK U65_reg_574 default_emulate_view}
    {CK tiki_U14_reg_reg_134_7 default_emulate_view}
    {CK tiki_U14_reg_reg_184_6 default_emulate_view}
    {CK storm_U3_reg_184 default_emulate_view}
    {CK storm_U478_reg_1 default_emulate_view}
    {CK storm_U3_reg_112 default_emulate_view}
    {CK U73_reg_7 default_emulate_view}
    {CK U122_reg_13 default_emulate_view}
    {CK tiki_U14_reg_reg_123_0 default_emulate_view}
    {CK tiki_U21_reg_9 default_emulate_view}
    {CK storm_U22_reg_190 default_emulate_view}
    {CK storm_U22_reg_137 default_emulate_view}
    {CK storm_U22_reg_123 default_emulate_view}
    {CK U251_reg_0 default_emulate_view}
    {CK tiki_U14_reg_reg_62_3 default_emulate_view}
    {CK tiki_U14_reg_reg_20_2 default_emulate_view}
    {CK storm_U88_reg_48 default_emulate_view}
    {CK storm_U59_reg_169 default_emulate_view}
    {CK U12_reg_103 default_emulate_view}
    {CK U214_reg_1 default_emulate_view}
    {CK U104_reg_51 default_emulate_view}
    {CK U5_reg_239 default_emulate_view}
    {CK tiki_U47_reg_53 default_emulate_view}
    {CK storm_U26_reg_140 default_emulate_view}
    {CK storm_U34_reg_133 default_emulate_view}
    {CK storm_U62_reg_119 default_emulate_view}
    {CK tiki_U14_reg_reg_186_10 default_emulate_view}
    {CK storm_U78_reg_165 default_emulate_view}
    {CK tiki_U14_reg_reg_168_6 default_emulate_view}
    {CK U102_reg_3 default_emulate_view}
    {CK storm_U25_reg_172 default_emulate_view}
    {CK U65_reg_660 default_emulate_view}
    {CK U20_reg_584 default_emulate_view}
    {CK tiki_U14_reg_reg_93_4 default_emulate_view}
    {CK U11_reg_129 default_emulate_view}
    {CK U70_reg_54 default_emulate_view}
    {CK U11_reg_173 default_emulate_view}
    {CK U51_reg_155 default_emulate_view}
    {CK U65_reg_418 default_emulate_view}
    {CK tiki_U14_reg_reg_194_1 default_emulate_view}
    {CK tiki_U37_reg_194 default_emulate_view}
    {CK tiki_U14_reg_reg_69_6 default_emulate_view}
    {CK storm_U23_reg_132 default_emulate_view}
    {CK storm_U23_reg_134 default_emulate_view}
    {CK storm_U78_reg_171 default_emulate_view}
    {CK storm_U78_reg_156 default_emulate_view}
    {CK storm_U1_reg_138 default_emulate_view}
    {CK storm_U34_reg_170 default_emulate_view}
    {CK U141_reg_3 default_emulate_view}
    {CK U5_reg_24 default_emulate_view}
    {CK U30_reg_80 default_emulate_view}
    {CK U45_reg_62 default_emulate_view}
    {CK U32_reg_68 default_emulate_view}
    {CK U30_reg_287 default_emulate_view}
    {CK U71_reg_15 default_emulate_view}
    {CK tiki_U14_reg_reg_141_0 default_emulate_view}
    {CK tiki_U15_reg_14 default_emulate_view}
    {CK tiki_U14_reg_reg_178_10 default_emulate_view}
    {CK U20_reg_585 default_emulate_view}
    {CK U20_reg_266 default_emulate_view}
    {CK U20_reg_382 default_emulate_view}
    {CK U65_reg_113 default_emulate_view}
    {CK U20_reg_384 default_emulate_view}
    {CK U65_reg_238 default_emulate_view}
    {CK tiki_U14_reg_reg_213_7 default_emulate_view}
    {CK tiki_U37_reg_157 default_emulate_view}
    {CK storm_U50_reg_188 default_emulate_view}
    {CK storm_U2_reg_167 default_emulate_view}
    {CK storm_U41_reg_173 default_emulate_view}
    {CK U49_reg_43 default_emulate_view}
    {CK U83_reg_9 default_emulate_view}
    {CK tiki_U21_reg_5 default_emulate_view}
    {CK tiki_U14_reg_reg_243_4 default_emulate_view}
    {CK tiki_U14_reg_reg_99_6 default_emulate_view}
    {CK storm_U133_reg_164 default_emulate_view}
    {CK U55_reg_7 default_emulate_view}
    {CK U51_reg_175 default_emulate_view}
    {CK U51_reg_64 default_emulate_view}
    {CK U12_reg_30 default_emulate_view}
    {CK tiki_U47_reg_143 default_emulate_view}
    {CK tiki_U37_reg_98 default_emulate_view}
    {CK tiki_U14_reg_reg_176_10 default_emulate_view}
    {CK U65_reg_485 default_emulate_view}
    {CK tiki_U14_reg_reg_69_1 default_emulate_view}
    {CK tiki_U235_reg_0 default_emulate_view}
    {CK U63_reg_55 default_emulate_view}
    {CK U24_reg_78 default_emulate_view}
    {CK U122_reg_16 default_emulate_view}
    {CK tiki_U37_reg_164 default_emulate_view}
    {CK U310_reg_6 default_emulate_view}
    {CK U5_reg_102 default_emulate_view}
    {CK U10_reg_128 default_emulate_view}
    {CK U38_reg_116 default_emulate_view}
    {CK U32_reg_50 default_emulate_view}
    {CK U71_reg_44 default_emulate_view}
    {CK U30_reg_314 default_emulate_view}
    {CK U30_reg_118 default_emulate_view}
    {CK U45_reg_61 default_emulate_view}
    {CK tiki_U14_reg_reg_60_1 default_emulate_view}
    {CK tiki_U47_reg_59 default_emulate_view}
    {CK tiki_U47_reg_46 default_emulate_view}
    {CK tiki_U14_reg_reg_102_10 default_emulate_view}
    {CK tiki_U14_reg_reg_106_2 default_emulate_view}
    {CK tiki_U14_reg_reg_203_3 default_emulate_view}
    {CK tiki_U14_reg_reg_129_5 default_emulate_view}
    {CK tiki_U14_reg_reg_184_10 default_emulate_view}
    {CK storm_U41_reg_119 default_emulate_view}
    {CK U175_reg_23 default_emulate_view}
    {CK U83_reg_65 default_emulate_view}
    {CK tiki_U14_reg_reg_111_9 default_emulate_view}
    {CK tiki_U14_reg_reg_193_0 default_emulate_view}
    {CK storm_U62_reg_12 default_emulate_view}
    {CK storm_U59_reg_26 default_emulate_view}
    {CK storm_U78_reg_41 default_emulate_view}
    {CK U20_reg_177 default_emulate_view}
    {CK U190_reg_6 default_emulate_view}
    {CK U35_reg_12 default_emulate_view}
    {CK storm_U1_reg_181 default_emulate_view}
    {CK storm_U26_reg_6 default_emulate_view}
    {CK U20_reg_479 default_emulate_view}
    {CK U20_reg_478 default_emulate_view}
    {CK U32_reg_133 default_emulate_view}
    {CK U138_reg_23 default_emulate_view}
    {CK U11_reg_137 default_emulate_view}
    {CK storm_U26_reg_24 default_emulate_view}
    {CK storm_U59_reg_30 default_emulate_view}
    {CK storm_U3_reg_52 default_emulate_view}
    {CK tiki_U14_reg_reg_195_5 default_emulate_view}
    {CK storm_U3_reg_10 default_emulate_view}
    {CK tiki_U14_reg_reg_152_1 default_emulate_view}
    {CK tiki_U14_reg_reg_127_8 default_emulate_view}
    {CK U73_reg_25 default_emulate_view}
    {CK storm_U59_reg_3 default_emulate_view}
    {CK tiki_U14_reg_reg_14_4 default_emulate_view}
    {CK U11_reg_190 default_emulate_view}
    {CK U32_reg_27 default_emulate_view}
    {CK U70_reg_21 default_emulate_view}
    {CK U10_reg_57 default_emulate_view}
    {CK storm_U53_reg_15 default_emulate_view}
    {CK storm_U50_reg_61 default_emulate_view}
    {CK storm_U50_reg_50 default_emulate_view}
    {CK tiki_U14_reg_reg_169_9 default_emulate_view}
    {CK U195_reg_7 default_emulate_view}
    {CK kasa_U480_reg default_emulate_view}
    {CK tiki_U14_reg_reg_89_11 default_emulate_view}
    {CK storm_U80_reg_1 default_emulate_view}
    {CK storm_U78_reg_9 default_emulate_view}
    {CK tiki_U14_reg_reg_117_4 default_emulate_view}
    {CK tiki_U14_reg_reg_50_7 default_emulate_view}
    {CK U38_reg_154 default_emulate_view}
    {CK U30_reg_97 default_emulate_view}
    {CK U481_reg_0 default_emulate_view}
    {CK U406_reg_0 default_emulate_view}
    {CK U129_reg_92 default_emulate_view}
    {CK storm_U26_reg_85 default_emulate_view}
    {CK tiki_U14_reg_reg_98_3 default_emulate_view}
    {CK U51_reg_122 default_emulate_view}
    {CK storm_U80_reg_24 default_emulate_view}
    {CK storm_U3_reg_28 default_emulate_view}
    {CK storm_U78_reg_32 default_emulate_view}
    {CK kasa_U482_reg default_emulate_view}
    {CK tiki_U404_reg_5 default_emulate_view}
    {CK tiki_U14_reg_reg_250_9 default_emulate_view}
    {CK storm_U53_reg_11 default_emulate_view}
    {CK tiki_U14_reg_reg_15_9 default_emulate_view}
    {CK tiki_U14_reg_reg_9_5 default_emulate_view}
    {CK U24_reg_75 default_emulate_view}
    {CK tiki_U21_reg_173 default_emulate_view}
    {CK tiki_U14_reg_reg_228_0 default_emulate_view}
    {CK tiki_U14_reg_reg_185_0 default_emulate_view}
    {CK U65_reg_272 default_emulate_view}
    {CK U65_reg_273 default_emulate_view}
    {CK tiki_U127_reg_0 default_emulate_view}
    {CK U11_reg_104 default_emulate_view}
    {CK U12_reg_51 default_emulate_view}
    {CK U483_reg default_emulate_view}
    {CK U11_reg_198 default_emulate_view}
    {CK storm_U88_reg_78 default_emulate_view}
    {CK storm_U254_reg_1 default_emulate_view}
    {CK storm_U53_reg_142 default_emulate_view}
    {CK tiki_U14_reg_reg_51_4 default_emulate_view}
    {CK kasa_U484_reg default_emulate_view}
    {CK U222_reg_5 default_emulate_view}
    {CK kasa_U485_reg default_emulate_view}
    {CK tiki_U21_reg_111 default_emulate_view}
    {CK U35_reg_73 default_emulate_view}
    {CK storm_U1_reg_95 default_emulate_view}
    {CK storm_U1_reg_53 default_emulate_view}
    {CK tiki_U14_reg_reg_162_5 default_emulate_view}
    {CK tiki_U14_reg_reg_14_10 default_emulate_view}
    {CK tiki_U47_reg_170 default_emulate_view}
    {CK tiki_U21_reg_126 default_emulate_view}
    {CK tiki_U14_reg_reg_55_8 default_emulate_view}
    {CK tiki_U21_reg_160 default_emulate_view}
    {CK U45_reg_34 default_emulate_view}
    {CK tiki_U14_reg_reg_186_3 default_emulate_view}
    {CK storm_U133_reg_192 default_emulate_view}
    {CK storm_U96_reg_1 default_emulate_view}
    {CK storm_U62_reg_173 default_emulate_view}
    {CK U65_reg_298 default_emulate_view}
    {CK kasa_U486_reg default_emulate_view}
    {CK storm_U62_reg_182 default_emulate_view}
    {CK U63_reg_8 default_emulate_view}
    {CK storm_U59_reg_185 default_emulate_view}
    {CK U11_reg_20 default_emulate_view}
    {CK storm_U52_reg_171 default_emulate_view}
    {CK tiki_U47_reg_249 default_emulate_view}
    {CK U5_reg_22 default_emulate_view}
    {CK U10_reg_33 default_emulate_view}
    {CK tiki_U14_reg_reg_177_5 default_emulate_view}
    {CK storm_U88_reg_5 default_emulate_view}
    {CK storm_U88_reg_59 default_emulate_view}
    {CK storm_U25_reg_188 default_emulate_view}
    {CK storm_U295_reg_5 default_emulate_view}
    {CK storm_U487_reg_1 default_emulate_view}
    {CK storm_U78_reg_197 default_emulate_view}
    {CK U30_reg_224 default_emulate_view}
    {CK U287_reg_1 default_emulate_view}
    {CK U10_reg_51 default_emulate_view}
    {CK U10_reg_20 default_emulate_view}
    {CK U11_reg_84 default_emulate_view}
    {CK U58_reg_10 default_emulate_view}
    {CK U38_reg_246 default_emulate_view}
    {CK U32_reg_182 default_emulate_view}
    {CK U38_reg_221 default_emulate_view}
    {CK U31_reg_57 default_emulate_view}
    {CK tiki_U14_reg_reg_115_8 default_emulate_view}
    {CK tiki_U14_reg_reg_236_9 default_emulate_view}
    {CK tiki_U14_reg_reg_221_3 default_emulate_view}
    {CK tiki_U200_reg_3 default_emulate_view}
    {CK storm_U78_reg_172 default_emulate_view}
    {CK U19_reg_13 default_emulate_view}
    {CK U12_reg_108 default_emulate_view}
    {CK U65_reg_693 default_emulate_view}
    {CK tiki_U14_reg_reg_184_1 default_emulate_view}
    {CK tiki_U14_reg_reg_24_4 default_emulate_view}
    {CK storm_U1_reg_210 default_emulate_view}
    {CK storm_U43_reg_55 default_emulate_view}
    {CK tiki_U14_reg_reg_34_6 default_emulate_view}
    {CK storm_U2_reg_183 default_emulate_view}
    {CK U49_reg_73 default_emulate_view}
    {CK tiki_U14_reg_reg_22_0 default_emulate_view}
    {CK tiki_U14_reg_reg_230_2 default_emulate_view}
    {CK storm_U52_reg_113 default_emulate_view}
    {CK U190_reg_1 default_emulate_view}
    {CK tiki_U14_reg_reg_240_4 default_emulate_view}
    {CK U83_reg_30 default_emulate_view}
    {CK U65_reg_484 default_emulate_view}
    {CK U20_reg_209 default_emulate_view}
    {CK tiki_U14_reg_reg_133_1 default_emulate_view}
    {CK U70_reg_65 default_emulate_view}
    {CK U30_reg_7 default_emulate_view}
    {CK U31_reg_10 default_emulate_view}
    {CK U11_reg_79 default_emulate_view}
    {CK tiki_U14_reg_reg_49_5 default_emulate_view}
    {CK U51_reg_40 default_emulate_view}
    {CK storm_U133_reg_109 default_emulate_view}
    {CK tiki_U14_reg_reg_67_11 default_emulate_view}
    {CK U171_reg_5 default_emulate_view}
    {CK tiki_U14_reg_reg_164_8 default_emulate_view}
    {CK tiki_U14_reg_reg_199_5 default_emulate_view}
    {CK tiki_U14_reg_reg_177_10 default_emulate_view}
    {CK tiki_U14_reg_reg_210_11 default_emulate_view}
    {CK U29_reg_15 default_emulate_view}
    {CK tiki_U14_reg_reg_110_8 default_emulate_view}
    {CK U65_reg_694 default_emulate_view}
    {CK tiki_U14_reg_reg_214_10 default_emulate_view}
    {CK U30_reg_211 default_emulate_view}
    {CK U38_reg_228 default_emulate_view}
    {CK storm_U150_reg_13 default_emulate_view}
    {CK tiki_U14_reg_reg_47_10 default_emulate_view}
    {CK storm_U53_reg_114 default_emulate_view}
    {CK U368_reg_3 default_emulate_view}
    {CK tiki_U21_reg_49 default_emulate_view}
    {CK U122_reg_51 default_emulate_view}
    {CK tiki_U14_reg_reg_27_1 default_emulate_view}
    {CK tiki_U314_reg_7 default_emulate_view}
    {CK tiki_U14_reg_reg_219_11 default_emulate_view}
    {CK tiki_U47_reg_242 default_emulate_view}
    {CK U488_reg_1 default_emulate_view}
    {CK U129_reg_66 default_emulate_view}
    {CK storm_U96_reg_7 default_emulate_view}
    {CK tiki_U81_reg_4 default_emulate_view}
    {CK U5_reg_61 default_emulate_view}
    {CK U51_reg_70 default_emulate_view}
    {CK U489_reg default_emulate_view}
    {CK U490_reg_2 default_emulate_view}
    {CK tiki_U37_reg_206 default_emulate_view}
    {CK tiki_U14_reg_reg_205_0 default_emulate_view}
    {CK U20_reg_431 default_emulate_view}
    {CK U246_reg_6 default_emulate_view}
    {CK U491_reg default_emulate_view}
    {CK U46_reg_10 default_emulate_view}
    {CK storm_U43_reg_112 default_emulate_view}
    {CK U38_reg_3 default_emulate_view}
    {CK storm_U43_reg_62 default_emulate_view}
    {CK storm_U50_reg_59 default_emulate_view}
    {CK storm_U52_reg_51 default_emulate_view}
    {CK storm_U3_reg_49 default_emulate_view}
    {CK storm_U25_reg_33 default_emulate_view}
    {CK storm_U53_reg_27 default_emulate_view}
    {CK U492_reg default_emulate_view}
    {CK U51_reg_37 default_emulate_view}
    {CK U38_reg_156 default_emulate_view}
    {CK storm_U78_reg_71 default_emulate_view}
    {CK tiki_U14_reg_reg_233_3 default_emulate_view}
    {CK tiki_U14_reg_reg_119_2 default_emulate_view}
    {CK tiki_U285_reg_10 default_emulate_view}
    {CK tiki_U14_reg_reg_221_8 default_emulate_view}
    {CK tiki_U14_reg_reg_206_11 default_emulate_view}
    {CK storm_U53_reg_23 default_emulate_view}
    {CK storm_U78_reg_21 default_emulate_view}
    {CK storm_U133_reg_12 default_emulate_view}
    {CK storm_U25_reg_10 default_emulate_view}
    {CK U29_reg_0 default_emulate_view}
    {CK tiki_U37_reg_251 default_emulate_view}
    {CK tiki_U14_reg_reg_93_1 default_emulate_view}
    {CK storm_U133_reg_60 default_emulate_view}
    {CK storm_U133_reg_49 default_emulate_view}
    {CK storm_U53_reg_84 default_emulate_view}
    {CK tiki_U14_reg_reg_77_2 default_emulate_view}
    {CK tiki_U14_reg_reg_22_7 default_emulate_view}
    {CK U493_reg_0 default_emulate_view}
    {CK storm_U41_reg_11 default_emulate_view}
    {CK storm_U41_reg_21 default_emulate_view}
    {CK tiki_U14_reg_reg_166_10 default_emulate_view}
    {CK U65_reg_166 default_emulate_view}
    {CK U71_reg_57 default_emulate_view}
    {CK U32_reg_150 default_emulate_view}
    {CK U138_reg_42 default_emulate_view}
    {CK U5_reg_107 default_emulate_view}
    {CK storm_U52_reg_35 default_emulate_view}
    {CK storm_U41_reg_15 default_emulate_view}
    {CK storm_U2_reg_58 default_emulate_view}
    {CK tiki_U14_reg_reg_151_7 default_emulate_view}
    {CK U375_reg_2 default_emulate_view}
    {CK storm_U1_reg_25 default_emulate_view}
    {CK tiki_U21_reg_183 default_emulate_view}
    {CK U83_reg_50 default_emulate_view}
    {CK U29_reg_69 default_emulate_view}
    {CK tiki_U14_reg_reg_126_1 default_emulate_view}
    {CK tiki_U14_reg_reg_70_11 default_emulate_view}
    {CK U20_reg_432 default_emulate_view}
    {CK tiki_U21_reg_80 default_emulate_view}
    {CK U71_reg_75 default_emulate_view}
    {CK U38_reg_118 default_emulate_view}
    {CK storm_U80_reg_64 default_emulate_view}
    {CK tiki_U14_reg_reg_146_0 default_emulate_view}
    {CK U30_reg_152 default_emulate_view}
    {CK U51_reg_103 default_emulate_view}
    {CK tiki_U14_reg_reg_155_3 default_emulate_view}
    {CK storm_U22_reg_164 default_emulate_view}
    {CK U65_reg_696 default_emulate_view}
    {CK tiki_U47_reg_62 default_emulate_view}
    {CK tiki_U14_reg_reg_154_0 default_emulate_view}
    {CK U38_reg_181 default_emulate_view}
    {CK U87_reg_18 default_emulate_view}
    {CK U129_reg_87 default_emulate_view}
    {CK U495_reg default_emulate_view}
    {CK U496_reg_0 default_emulate_view}
    {CK tiki_U14_reg_reg_137_4 default_emulate_view}
    {CK tiki_U14_reg_reg_253_4 default_emulate_view}
    {CK tiki_U14_reg_reg_246_11 default_emulate_view}
    {CK U63_reg_72 default_emulate_view}
    {CK kasa_U497_reg default_emulate_view}
    {CK tiki_U14_reg_reg_80_3 default_emulate_view}
    {CK tiki_U14_reg_reg_118_0 default_emulate_view}
    {CK U38_reg_169 default_emulate_view}
    {CK U30_reg_99 default_emulate_view}
    {CK U84_reg_52 default_emulate_view}
    {CK U129_reg_50 default_emulate_view}
    {CK U472_reg_1 default_emulate_view}
    {CK tiki_U37_reg_130 default_emulate_view}
    {CK U20_reg_430 default_emulate_view}
    {CK tiki_U37_reg_80 default_emulate_view}
    {CK U160_reg_1 default_emulate_view}
    {CK U5_reg_116 default_emulate_view}
    {CK U5_reg_97 default_emulate_view}
    {CK U54_reg_8 default_emulate_view}
    {CK U38_reg_115 default_emulate_view}
    {CK kasa_U498_reg default_emulate_view}
    {CK U129_reg_111 default_emulate_view}
    {CK U58_reg_73 default_emulate_view}
    {CK tiki_U14_reg_reg_201_8 default_emulate_view}
    {CK tiki_U14_reg_reg_181_8 default_emulate_view}
    {CK tiki_U47_reg_134 default_emulate_view}
    {CK tiki_U263_reg_0 default_emulate_view}
    {CK storm_U26_reg_162 default_emulate_view}
    {CK U76_reg_6 default_emulate_view}
    {CK tiki_U14_reg_reg_90_3 default_emulate_view}
    {CK storm_U25_reg_113 default_emulate_view}
    {CK storm_U41_reg_174 default_emulate_view}
    {CK tiki_U37_reg_4 default_emulate_view}
    {CK U35_reg_32 default_emulate_view}
    {CK tiki_U14_reg_reg_188_6 default_emulate_view}
    {CK tiki_U21_reg_2 default_emulate_view}
    {CK U30_reg_292 default_emulate_view}
    {CK U38_reg_13 default_emulate_view}
    {CK U17_reg_88 default_emulate_view}
    {CK U99_reg_7 default_emulate_view}
    {CK U104_reg_1 default_emulate_view}
    {CK U51_reg_61 default_emulate_view}
    {CK tiki_U14_reg_reg_48_5 default_emulate_view}
    {CK storm_U59_reg_110 default_emulate_view}
    {CK storm_U25_reg_177 default_emulate_view}
    {CK U65_reg_274 default_emulate_view}
    {CK tiki_U14_reg_reg_34_0 default_emulate_view}
    {CK tiki_U21_reg_65 default_emulate_view}
    {CK U49_reg_66 default_emulate_view}
    {CK kasa_U499_reg default_emulate_view}
    {CK tiki_U14_reg_reg_54_7 default_emulate_view}
    {CK tiki_U14_reg_reg_35_7 default_emulate_view}
    {CK tiki_U14_reg_reg_10_5 default_emulate_view}
    {CK U11_reg_17 default_emulate_view}
    {CK U32_reg_99 default_emulate_view}
    {CK U58_reg_12 default_emulate_view}
    {CK U472_reg_0 default_emulate_view}
    {CK U5_reg_62 default_emulate_view}
    {CK storm_U52_reg_111 default_emulate_view}
    {CK storm_U152_reg_1 default_emulate_view}
    {CK storm_U50_reg_115 default_emulate_view}
    {CK kasa_U500_reg default_emulate_view}
    {CK U5_reg_233 default_emulate_view}
    {CK U30_reg_13 default_emulate_view}
    {CK U45_reg_36 default_emulate_view}
    {CK storm_U2_reg_176 default_emulate_view}
    {CK U19_reg_37 default_emulate_view}
    {CK tiki_U14_reg_reg_245_8 default_emulate_view}
    {CK U20_reg_480 default_emulate_view}
    {CK U65_reg_296 default_emulate_view}
    {CK tiki_U14_reg_reg_88_8 default_emulate_view}
    {CK tiki_U14_reg_reg_195_6 default_emulate_view}
    {CK tiki_U14_reg_reg_33_0 default_emulate_view}
    {CK tiki_U274_reg_6 default_emulate_view}
    {CK tiki_U14_reg_reg_38_5 default_emulate_view}
    {CK tiki_U14_reg_reg_154_8 default_emulate_view}
    {CK U83_reg_23 default_emulate_view}
    {CK U76_reg_65 default_emulate_view}
    {CK tiki_U501_reg default_emulate_view}
    {CK tiki_U21_reg_137 default_emulate_view}
    {CK storm_U295_reg_0 default_emulate_view}
    {CK storm_U88_reg_121 default_emulate_view}
    {CK storm_U34_reg_169 default_emulate_view}
    {CK storm_U78_reg_55 default_emulate_view}
    {CK storm_U62_reg_196 default_emulate_view}
    {CK tiki_U14_reg_reg_214_0 default_emulate_view}
    {CK U11_reg_43 default_emulate_view}
    {CK U5_reg_115 default_emulate_view}
    {CK tiki_U14_reg_reg_245_4 default_emulate_view}
    {CK storm_U259_reg_3 default_emulate_view}
    {CK storm_U88_reg_29 default_emulate_view}
    {CK storm_U26_reg_165 default_emulate_view}
    {CK tiki_U14_reg_reg_50_8 default_emulate_view}
    {CK tiki_U263_reg_18 default_emulate_view}
    {CK tiki_U21_reg_204 default_emulate_view}
    {CK storm_U4_reg_82 default_emulate_view}
    {CK U24_reg_74 default_emulate_view}
    {CK storm_U1_reg_209 default_emulate_view}
    {CK U36_reg_7 default_emulate_view}
    {CK tiki_U56_reg_2 default_emulate_view}
    {CK tiki_U14_reg_reg_30_4 default_emulate_view}
    {CK tiki_U37_reg_181 default_emulate_view}
    {CK tiki_U14_reg_reg_32_5 default_emulate_view}
    {CK tiki_U14_reg_reg_42_10 default_emulate_view}
    {CK storm_U41_reg_190 default_emulate_view}
    {CK U65_reg_482 default_emulate_view}
    {CK storm_U88_reg_69 default_emulate_view}
    {CK storm_U59_reg_166 default_emulate_view}
    {CK storm_U88_reg_76 default_emulate_view}
    {CK storm_U62_reg_141 default_emulate_view}
    {CK storm_U4_reg_17 default_emulate_view}
    {CK storm_U292_reg_4 default_emulate_view}
    {CK U219_reg_5 default_emulate_view}
    {CK U5_reg_108 default_emulate_view}
    {CK kasa_U502_reg default_emulate_view}
    {CK U51_reg_150 default_emulate_view}
    {CK U503_reg default_emulate_view}
    {CK U32_reg_200 default_emulate_view}
    {CK U38_reg_230 default_emulate_view}
    {CK U31_reg_12 default_emulate_view}
    {CK U30_reg_242 default_emulate_view}
    {CK U30_reg_38 default_emulate_view}
    {CK tiki_U14_reg_reg_115_6 default_emulate_view}
    {CK storm_U25_reg_189 default_emulate_view}
    {CK storm_U53_reg_118 default_emulate_view}
    {CK tiki_U14_reg_reg_136_2 default_emulate_view}
    {CK storm_U4_reg_90 default_emulate_view}
    {CK storm_U504_reg_0 default_emulate_view}
    {CK storm_U133_reg_182 default_emulate_view}
    {CK U73_reg_10 default_emulate_view}
    {CK tiki_U14_reg_reg_33_5 default_emulate_view}
    {CK tiki_U14_reg_reg_130_4 default_emulate_view}
    {CK tiki_U14_reg_reg_157_3 default_emulate_view}
    {CK tiki_U14_reg_reg_241_11 default_emulate_view}
    {CK tiki_U14_reg_reg_62_9 default_emulate_view}
    {CK tiki_U47_reg_69 default_emulate_view}
    {CK U20_reg_586 default_emulate_view}
    {CK storm_U23_reg_120 default_emulate_view}
    {CK storm_U3_reg_123 default_emulate_view}
    {CK storm_U16_reg_130 default_emulate_view}
    {CK storm_U22_reg_136 default_emulate_view}
    {CK kasa_U505_reg default_emulate_view}
    {CK U42_reg_3 default_emulate_view}
    {CK U5_reg_118 default_emulate_view}
    {CK U234_reg_1 default_emulate_view}
    {CK kasa_U507_reg default_emulate_view}
    {CK U51_reg_178 default_emulate_view}
    {CK U84_reg_44 default_emulate_view}
    {CK U71_reg_2 default_emulate_view}
    {CK U30_reg_271 default_emulate_view}
    {CK U30_reg_58 default_emulate_view}
    {CK U32_reg_121 default_emulate_view}
    {CK tiki_U14_reg_reg_74_3 default_emulate_view}
    {CK tiki_U37_reg_30 default_emulate_view}
    {CK tiki_U14_reg_reg_182_5 default_emulate_view}
    {CK storm_U41_reg_162 default_emulate_view}
    {CK tiki_U14_reg_reg_228_8 default_emulate_view}
    {CK U20_reg_269 default_emulate_view}
    {CK U20_reg_9 default_emulate_view}
    {CK U65_reg_236 default_emulate_view}
    {CK tiki_U14_reg_reg_31_6 default_emulate_view}
    {CK tiki_U47_reg_0 default_emulate_view}
    {CK tiki_U14_reg_reg_143_0 default_emulate_view}
    {CK tiki_U37_reg_85 default_emulate_view}
    {CK tiki_U14_reg_reg_251_9 default_emulate_view}
    {CK storm_U43_reg_141 default_emulate_view}
    {CK storm_U59_reg_143 default_emulate_view}
    {CK storm_U52_reg_190 default_emulate_view}
    {CK storm_U62_reg_164 default_emulate_view}
    {CK U49_reg_18 default_emulate_view}
    {CK U35_reg_64 default_emulate_view}
    {CK storm_U34_reg_136 default_emulate_view}
    {CK storm_U43_reg_122 default_emulate_view}
    {CK U245_reg_1 default_emulate_view}
    {CK tiki_U14_reg_reg_33_2 default_emulate_view}
    {CK tiki_U14_reg_reg_89_1 default_emulate_view}
    {CK storm_U34_reg_188 default_emulate_view}
    {CK storm_U52_reg_118 default_emulate_view}
    {CK tiki_U14_reg_reg_27_4 default_emulate_view}
    {CK U65_reg_112 default_emulate_view}
    {CK U20_reg_133 default_emulate_view}
    {CK U17_reg_120 default_emulate_view}
    {CK U253_reg_2 default_emulate_view}
    {CK U10_reg_130 default_emulate_view}
    {CK storm_U78_reg_128 default_emulate_view}
    {CK storm_U3_reg_170 default_emulate_view}
    {CK U65_reg_658 default_emulate_view}
    {CK tiki_U14_reg_reg_126_10 default_emulate_view}
    {CK storm_U52_reg_138 default_emulate_view}
    {CK U73_reg_48 default_emulate_view}
    {CK U49_reg_77 default_emulate_view}
    {CK tiki_U14_reg_reg_154_4 default_emulate_view}
    {CK tiki_U185_reg_5 default_emulate_view}
    {CK tiki_U127_reg_3 default_emulate_view}
    {CK U65_reg_416 default_emulate_view}
    {CK U65_reg_114 default_emulate_view}
    {CK tiki_U14_reg_reg_219_0 default_emulate_view}
    {CK tiki_U509_reg default_emulate_view}
    {CK U11_reg_176 default_emulate_view}
    {CK tiki_U14_reg_reg_9_9 default_emulate_view}
    {CK U138_reg_53 default_emulate_view}
    {CK tiki_U14_reg_reg_208_7 default_emulate_view}
    {CK U180_reg_2 default_emulate_view}
    {CK tiki_U14_reg_reg_155_8 default_emulate_view}
    {CK storm_U80_reg_10 default_emulate_view}
    {CK storm_U78_reg_6 default_emulate_view}
    {CK storm_U150_reg_19 default_emulate_view}
    {CK storm_U26_reg_4 default_emulate_view}
    {CK U264_reg_1 default_emulate_view}
    {CK U5_reg_208 default_emulate_view}
    {CK U87_reg_5 default_emulate_view}
    {CK U51_reg_124 default_emulate_view}
    {CK U19_reg_24 default_emulate_view}
    {CK U45_reg_64 default_emulate_view}
    {CK U32_reg_39 default_emulate_view}
    {CK U84_reg_17 default_emulate_view}
    {CK U71_reg_49 default_emulate_view}
    {CK tiki_U14_reg_reg_85_11 default_emulate_view}
    {CK tiki_U14_reg_reg_1_1 default_emulate_view}
    {CK tiki_U14_reg_reg_103_5 default_emulate_view}
    {CK storm_U50_reg_13 default_emulate_view}
    {CK tiki_U14_reg_reg_42_0 default_emulate_view}
    {CK U65_reg_71 default_emulate_view}
    {CK U65_reg_576 default_emulate_view}
    {CK U65_reg_328 default_emulate_view}
    {CK U20_reg_175 default_emulate_view}
    {CK tiki_U14_reg_reg_128_1 default_emulate_view}
    {CK tiki_U14_reg_reg_249_8 default_emulate_view}
    {CK tiki_U168_reg_5 default_emulate_view}
    {CK storm_U25_reg_184 default_emulate_view}
    {CK storm_U101_reg_1 default_emulate_view}
    {CK U76_reg_27 default_emulate_view}
    {CK tiki_U14_reg_reg_82_10 default_emulate_view}
    {CK tiki_U14_reg_reg_8_5 default_emulate_view}
    {CK U65_reg_26 default_emulate_view}
    {CK storm_U26_reg_1 default_emulate_view}
    {CK storm_U16_reg_8 default_emulate_view}
    {CK storm_U25_reg_117 default_emulate_view}
    {CK U405_reg_2 default_emulate_view}
    {CK U231_reg_6 default_emulate_view}
    {CK U5_reg_36 default_emulate_view}
    {CK U240_reg_0 default_emulate_view}
    {CK U10_reg_60 default_emulate_view}
    {CK U129_reg_8 default_emulate_view}
    {CK U129_reg_112 default_emulate_view}
    {CK U104_reg_12 default_emulate_view}
    {CK U97_reg_8 default_emulate_view}
    {CK U13_reg_15 default_emulate_view}
    {CK U70_reg_56 default_emulate_view}
    {CK tiki_U47_reg_199 default_emulate_view}
    {CK storm_U34_reg_11 default_emulate_view}
    {CK storm_U23_reg_22 default_emulate_view}
    {CK U20_reg_57 default_emulate_view}
    {CK U65_reg_464 default_emulate_view}
    {CK U65_reg_188 default_emulate_view}
    {CK tiki_U37_reg_176 default_emulate_view}
    {CK tiki_U14_reg_reg_33_7 default_emulate_view}
    {CK tiki_U21_reg_31 default_emulate_view}
    {CK U20_reg_253 default_emulate_view}
    {CK storm_U34_reg_176 default_emulate_view}
    {CK U24_reg_13 default_emulate_view}
    {CK U76_reg_54 default_emulate_view}
    {CK tiki_U14_reg_reg_157_7 default_emulate_view}
    {CK tiki_U14_reg_reg_37_5 default_emulate_view}
    {CK storm_U53_reg_77 default_emulate_view}
    {CK storm_U22_reg_87 default_emulate_view}
    {CK storm_U52_reg_52 default_emulate_view}
    {CK tiki_U95_reg_3 default_emulate_view}
    {CK tiki_U14_reg_reg_181_3 default_emulate_view}
    {CK U510_reg_1 default_emulate_view}
    {CK storm_U23_reg_83 default_emulate_view}
    {CK storm_U53_reg_67 default_emulate_view}
    {CK tiki_U14_reg_reg_155_7 default_emulate_view}
    {CK U20_reg_41 default_emulate_view}
    {CK tiki_U21_reg_254 default_emulate_view}
    {CK tiki_U14_reg_reg_164_11 default_emulate_view}
    {CK U51_reg_132 default_emulate_view}
    {CK storm_U3_reg_196 default_emulate_view}
    {CK storm_U78_reg_106 default_emulate_view}
    {CK storm_U16_reg_182 default_emulate_view}
    {CK U20_reg_552 default_emulate_view}
    {CK tiki_U14_reg_reg_204_5 default_emulate_view}
    {CK storm_U22_reg_74 default_emulate_view}
    {CK tiki_U14_reg_reg_133_6 default_emulate_view}
    {CK tiki_U14_reg_reg_78_1 default_emulate_view}
    {CK U73_reg_5 default_emulate_view}
    {CK storm_U22_reg_64 default_emulate_view}
    {CK kasa_U511_reg default_emulate_view}
    {CK tiki_U14_reg_reg_244_3 default_emulate_view}
    {CK tiki_U14_reg_reg_185_7 default_emulate_view}
    {CK tiki_U14_reg_reg_56_5 default_emulate_view}
    {CK U20_reg_301 default_emulate_view}
    {CK U512_reg_2 default_emulate_view}
    {CK storm_U88_reg_87 default_emulate_view}
    {CK U5_reg_134 default_emulate_view}
    {CK U10_reg_49 default_emulate_view}
    {CK tiki_U14_reg_reg_46_3 default_emulate_view}
    {CK U246_reg_0 default_emulate_view}
    {CK storm_U22_reg_187 default_emulate_view}
    {CK storm_U52_reg_55 default_emulate_view}
    {CK storm_U3_reg_66 default_emulate_view}
    {CK storm_U3_reg_89 default_emulate_view}
    {CK storm_U53_reg_86 default_emulate_view}
    {CK storm_U16_reg_79 default_emulate_view}
    {CK U110_reg_5 default_emulate_view}
    {CK U30_reg_160 default_emulate_view}
    {CK U10_reg_36 default_emulate_view}
    {CK U19_reg_55 default_emulate_view}
    {CK U19_reg_19 default_emulate_view}
    {CK U12_reg_101 default_emulate_view}
    {CK U38_reg_64 default_emulate_view}
    {CK U32_reg_130 default_emulate_view}
    {CK U70_reg_36 default_emulate_view}
    {CK U87_reg_63 default_emulate_view}
    {CK U30_reg_204 default_emulate_view}
    {CK storm_U1_reg_194 default_emulate_view}
    {CK U11_reg_155 default_emulate_view}
    {CK U11_reg_14 default_emulate_view}
    {CK U20_reg_207 default_emulate_view}
    {CK U20_reg_165 default_emulate_view}
    {CK U65_reg_82 default_emulate_view}
    {CK U65_reg_690 default_emulate_view}
    {CK tiki_U21_reg_155 default_emulate_view}
    {CK tiki_U14_reg_reg_209_9 default_emulate_view}
    {CK tiki_U14_reg_reg_230_7 default_emulate_view}
    {CK storm_U133_reg_76 default_emulate_view}
    {CK storm_U52_reg_68 default_emulate_view}
    {CK storm_U3_reg_62 default_emulate_view}
    {CK U24_reg_19 default_emulate_view}
    {CK U122_reg_69 default_emulate_view}
    {CK U29_reg_38 default_emulate_view}
    {CK tiki_U14_reg_reg_19_11 default_emulate_view}
    {CK U245_reg_6 default_emulate_view}
    {CK U262_reg_4 default_emulate_view}
    {CK tiki_U14_reg_reg_103_1 default_emulate_view}
    {CK U76_reg_9 default_emulate_view}
    {CK U20_reg_145 default_emulate_view}
    {CK U87_reg_26 default_emulate_view}
    {CK U5_reg_35 default_emulate_view}
    {CK U51_reg_72 default_emulate_view}
    {CK U428_reg_5 default_emulate_view}
    {CK tiki_U21_reg_227 default_emulate_view}
    {CK U63_reg_42 default_emulate_view}
    {CK tiki_U37_reg_62 default_emulate_view}
    {CK tiki_U14_reg_reg_223_4 default_emulate_view}
    {CK U20_reg_78 default_emulate_view}
    {CK U65_reg_448 default_emulate_view}
    {CK U65_reg_39 default_emulate_view}
    {CK tiki_U14_reg_reg_101_2 default_emulate_view}
    {CK U87_reg_70 default_emulate_view}
    {CK tiki_U47_reg_113 default_emulate_view}
    {CK U65_reg_400 default_emulate_view}
    {CK tiki_U14_reg_reg_201_4 default_emulate_view}
    {CK U65_reg_80 default_emulate_view}
    {CK U32_reg_173 default_emulate_view}
    {CK U11_reg_5 default_emulate_view}
    {CK U38_reg_50 default_emulate_view}
    {CK U58_reg_31 default_emulate_view}
    {CK U84_reg_41 default_emulate_view}
    {CK tiki_U47_reg_84 default_emulate_view}
    {CK tiki_U14_reg_reg_28_3 default_emulate_view}
    {CK U65_reg_100 default_emulate_view}
    {CK U65_reg_204 default_emulate_view}
    {CK U65_reg_412 default_emulate_view}
    {CK tiki_U404_reg_0 default_emulate_view}
    {CK tiki_U14_reg_reg_121_5 default_emulate_view}
    {CK tiki_U14_reg_reg_41_7 default_emulate_view}
    {CK U20_reg_285 default_emulate_view}
    {CK tiki_U14_reg_reg_51_10 default_emulate_view}
    {CK tiki_U14_reg_reg_152_9 default_emulate_view}
    {CK U49_reg_19 default_emulate_view}
    {CK U76_reg_72 default_emulate_view}
    {CK tiki_U14_reg_reg_161_0 default_emulate_view}
    {CK tiki_U14_reg_reg_229_9 default_emulate_view}
    {CK U65_reg_413 default_emulate_view}
    {CK U20_reg_40 default_emulate_view}
    {CK tiki_U274_reg_7 default_emulate_view}
    {CK storm_U4_reg_47 default_emulate_view}
    {CK storm_U403_reg_4 default_emulate_view}
    {CK storm_U218_reg_8 default_emulate_view}
    {CK storm_U52_reg_197 default_emulate_view}
    {CK storm_U133_reg_193 default_emulate_view}
    {CK storm_U3_reg_188 default_emulate_view}
    {CK kasa_U515_reg default_emulate_view}
    {CK U516_reg_1 default_emulate_view}
    {CK U268_reg_1 default_emulate_view}
    {CK kasa_U517_reg default_emulate_view}
    {CK U166_reg_5 default_emulate_view}
    {CK U30_reg_209 default_emulate_view}
    {CK U30_reg_165 default_emulate_view}
    {CK U45_reg_15 default_emulate_view}
    {CK tiki_U14_reg_reg_195_4 default_emulate_view}
    {CK storm_U88_reg_39 default_emulate_view}
    {CK tiki_U14_reg_reg_139_9 default_emulate_view}
    {CK U20_reg_588 default_emulate_view}
    {CK U65_reg_430 default_emulate_view}
    {CK U65_reg_401 default_emulate_view}
    {CK tiki_U14_reg_reg_83_8 default_emulate_view}
    {CK tiki_U37_reg_113 default_emulate_view}
    {CK tiki_U14_reg_reg_182_4 default_emulate_view}
    {CK storm_U41_reg_183 default_emulate_view}
    {CK storm_U1_reg_93 default_emulate_view}
    {CK storm_U59_reg_85 default_emulate_view}
    {CK storm_U78_reg_83 default_emulate_view}
    {CK U24_reg_79 default_emulate_view}
    {CK U76_reg_16 default_emulate_view}
    {CK storm_U25_reg_54 default_emulate_view}
    {CK storm_U78_reg_208 default_emulate_view}
    {CK storm_U96_reg_3 default_emulate_view}
    {CK tiki_U14_reg_reg_205_8 default_emulate_view}
    {CK kasa_U518_reg default_emulate_view}
    {CK U272_reg_0 default_emulate_view}
    {CK tiki_U14_reg_reg_210_3 default_emulate_view}
    {CK U63_reg_62 default_emulate_view}
    {CK storm_U78_reg_195 default_emulate_view}
    {CK storm_U1_reg_96 default_emulate_view}
    {CK tiki_U14_reg_reg_211_8 default_emulate_view}
    {CK tiki_U14_reg_reg_64_11 default_emulate_view}
    {CK U65_reg_101 default_emulate_view}
    {CK U65_reg_38 default_emulate_view}
    {CK tiki_U21_reg_26 default_emulate_view}
    {CK tiki_U14_reg_reg_39_2 default_emulate_view}
    {CK tiki_U14_reg_reg_189_7 default_emulate_view}
    {CK U32_reg_205 default_emulate_view}
    {CK U138_reg_36 default_emulate_view}
    {CK U519_reg_1 default_emulate_view}
    {CK U11_reg_115 default_emulate_view}
    {CK U11_reg_228 default_emulate_view}
    {CK tiki_U14_reg_reg_190_7 default_emulate_view}
    {CK U9_reg_7 default_emulate_view}
    {CK storm_U88_reg_65 default_emulate_view}
    {CK storm_U34_reg_88 default_emulate_view}
    {CK storm_U203_reg_3 default_emulate_view}
    {CK storm_U23_reg_185 default_emulate_view}
    {CK U76_reg_45 default_emulate_view}
    {CK U175_reg_26 default_emulate_view}
    {CK tiki_U14_reg_reg_234_1 default_emulate_view}
    {CK U256_reg_7 default_emulate_view}
    {CK tiki_U14_reg_reg_26_2 default_emulate_view}
    {CK tiki_U14_reg_reg_181_1 default_emulate_view}
    {CK U20_reg_174 default_emulate_view}
    {CK U250_reg_0 default_emulate_view}
    {CK U20_reg_79 default_emulate_view}
    {CK tiki_U14_reg_reg_215_3 default_emulate_view}
    {CK U84_reg_1 default_emulate_view}
    {CK U19_reg_0 default_emulate_view}
    {CK U11_reg_116 default_emulate_view}
    {CK storm_U4_reg_119 default_emulate_view}
    {CK U5_reg_56 default_emulate_view}
    {CK U38_reg_235 default_emulate_view}
    {CK tiki_U14_reg_reg_95_2 default_emulate_view}
    {CK U65_reg_83 default_emulate_view}
    {CK U123_reg_0 default_emulate_view}
    {CK U286_reg_3 default_emulate_view}
    {CK U352_reg_3 default_emulate_view}
    {CK tiki_U14_reg_reg_150_8 default_emulate_view}
    {CK tiki_U92_reg_9 default_emulate_view}
    {CK tiki_U210_reg_16 default_emulate_view}
    {CK U29_reg_74 default_emulate_view}
    {CK tiki_U14_reg_reg_176_2 default_emulate_view}
    {CK tiki_U14_reg_reg_147_4 default_emulate_view}
    {CK U65_reg_313 default_emulate_view}
    {CK U20_reg_144 default_emulate_view}
    {CK tiki_U14_reg_reg_143_11 default_emulate_view}
    {CK U30_reg_20 default_emulate_view}
    {CK U31_reg_23 default_emulate_view}
    {CK U32_reg_180 default_emulate_view}
    {CK U204_reg_2 default_emulate_view}
    {CK tiki_U14_reg_reg_128_10 default_emulate_view}
    {CK U5_reg_155 default_emulate_view}
    {CK tiki_U14_reg_reg_31_2 default_emulate_view}
    {CK U331_reg_1 default_emulate_view}
    {CK tiki_U14_reg_reg_109_0 default_emulate_view}
    {CK U65_reg_689 default_emulate_view}
    {CK U20_reg_164 default_emulate_view}
    {CK U30_reg_190 default_emulate_view}
    {CK U70_reg_48 default_emulate_view}
    {CK U38_reg_244 default_emulate_view}
    {CK U11_reg_91 default_emulate_view}
    {CK tiki_U14_reg_reg_85_3 default_emulate_view}
    {CK U65_reg_205 default_emulate_view}
    {CK U111_reg_0 default_emulate_view}
    {CK U265_reg_6 default_emulate_view}
    {CK U5_reg_84 default_emulate_view}
    {CK U5_reg_49 default_emulate_view}
    {CK tiki_U127_reg_17 default_emulate_view}
    {CK tiki_U14_reg_reg_17_5 default_emulate_view}
    {CK tiki_U14_reg_reg_142_1 default_emulate_view}
    {CK tiki_U47_reg_179 default_emulate_view}
    {CK tiki_U47_reg_206 default_emulate_view}
    {CK U65_reg_449 default_emulate_view}
    {CK U65_reg_27 default_emulate_view}
    {CK tiki_U14_reg_reg_12_4 default_emulate_view}
    {CK U20_reg_300 default_emulate_view}
    {CK U73_reg_27 default_emulate_view}
    {CK U35_reg_23 default_emulate_view}
    {CK tiki_U14_reg_reg_171_3 default_emulate_view}
    {CK storm_U34_reg_28 default_emulate_view}
    {CK storm_U59_reg_14 default_emulate_view}
    {CK storm_U2_reg_60 default_emulate_view}
    {CK tiki_U47_reg_194 default_emulate_view}
    {CK U65_reg_189 default_emulate_view}
    {CK kasa_U522_reg default_emulate_view}
    {CK U222_reg_6 default_emulate_view}
    {CK U90_reg_2 default_emulate_view}
    {CK tiki_U14_reg_reg_116_1 default_emulate_view}
    {CK U73_reg_76 default_emulate_view}
    {CK storm_U52_reg_116 default_emulate_view}
    {CK tiki_U14_reg_reg_2_2 default_emulate_view}
    {CK U20_reg_316 default_emulate_view}
    {CK U20_reg_553 default_emulate_view}
    {CK tiki_U14_reg_reg_187_2 default_emulate_view}
    {CK tiki_U14_reg_reg_226_1 default_emulate_view}
    {CK U38_reg_7 default_emulate_view}
    {CK tiki_U14_reg_reg_214_2 default_emulate_view}
    {CK U5_reg_183 default_emulate_view}
    {CK tiki_U14_reg_reg_46_8 default_emulate_view}
    {CK storm_U26_reg_12 default_emulate_view}
    {CK storm_U41_reg_22 default_emulate_view}
    {CK storm_U59_reg_32 default_emulate_view}
    {CK U20_reg_56 default_emulate_view}
    {CK kasa_U523_reg default_emulate_view}
    {CK storm_U59_reg_1 default_emulate_view}
    {CK tiki_U14_reg_reg_2_4 default_emulate_view}
    {CK U65_reg_465 default_emulate_view}
    {CK tiki_U21_reg_216 default_emulate_view}
    {CK storm_U26_reg_35 default_emulate_view}
    {CK storm_U133_reg_27 default_emulate_view}
    {CK storm_U2_reg_30 default_emulate_view}
    {CK storm_U78_reg_18 default_emulate_view}
    {CK storm_U26_reg_13 default_emulate_view}
    {CK storm_U52_reg_6 default_emulate_view}
    {CK kasa_U524_reg default_emulate_view}
    {CK U5_reg_194 default_emulate_view}
    {CK U17_reg_66 default_emulate_view}
    {CK U97_reg_10 default_emulate_view}
    {CK U71_reg_42 default_emulate_view}
    {CK U30_reg_87 default_emulate_view}
    {CK U38_reg_151 default_emulate_view}
    {CK storm_U2_reg_34 default_emulate_view}
    {CK U65_reg_329 default_emulate_view}
    {CK U270_reg_2 default_emulate_view}
    {CK U65_reg_70 default_emulate_view}
    {CK U65_reg_577 default_emulate_view}
    {CK tiki_U14_reg_reg_95_9 default_emulate_view}
    {CK tiki_U37_reg_191 default_emulate_view}
    {CK tiki_U14_reg_reg_224_8 default_emulate_view}
    {CK tiki_U338_reg_2 default_emulate_view}
    {CK tiki_U210_reg_9 default_emulate_view}
    {CK storm_U23_reg_3 default_emulate_view}
    {CK storm_U25_reg_182 default_emulate_view}
    {CK U49_reg_9 default_emulate_view}
    {CK U83_reg_63 default_emulate_view}
    {CK tiki_U21_reg_209 default_emulate_view}
    {CK tiki_U14_reg_reg_30_8 default_emulate_view}
    {CK U65_reg_115 default_emulate_view}
    {CK tiki_U14_reg_reg_232_11 default_emulate_view}
    {CK U260_reg_2 default_emulate_view}
    {CK storm_U23_reg_133 default_emulate_view}
    {CK storm_U1_reg_125 default_emulate_view}
    {CK tiki_U14_reg_reg_242_8 default_emulate_view}
    {CK tiki_U14_reg_reg_161_6 default_emulate_view}
    {CK U65_reg_237 default_emulate_view}
    {CK U38_reg_152 default_emulate_view}
    {CK U129_reg_28 default_emulate_view}
    {CK U166_reg_1 default_emulate_view}
    {CK tiki_U14_reg_reg_193_4 default_emulate_view}
    {CK U5_reg_83 default_emulate_view}
    {CK storm_U78_reg_160 default_emulate_view}
    {CK storm_U53_reg_119 default_emulate_view}
    {CK tiki_U14_reg_reg_10_1 default_emulate_view}
    {CK storm_U25_reg_130 default_emulate_view}
    {CK U65_reg_657 default_emulate_view}
    {CK U20_reg_132 default_emulate_view}
    {CK U65_reg_167 default_emulate_view}
    {CK tiki_U14_reg_reg_234_3 default_emulate_view}
    {CK U19_reg_71 default_emulate_view}
    {CK U12_reg_89 default_emulate_view}
    {CK U104_reg_31 default_emulate_view}
    {CK U20_reg_8 default_emulate_view}
    {CK tiki_U14_reg_reg_29_4 default_emulate_view}
    {CK storm_U78_reg_129 default_emulate_view}
    {CK storm_U22_reg_163 default_emulate_view}
    {CK U346_reg_0 default_emulate_view}
    {CK kasa_U525_reg default_emulate_view}
    {CK kasa_U526_reg default_emulate_view}
    {CK U527_reg_1 default_emulate_view}
    {CK U87_reg_13 default_emulate_view}
    {CK U51_reg_149 default_emulate_view}
    {CK U11_reg_39 default_emulate_view}
    {CK U138_reg_56 default_emulate_view}
    {CK U39_reg_13 default_emulate_view}
    {CK U84_reg_77 default_emulate_view}
    {CK U84_reg_57 default_emulate_view}
    {CK tiki_U14_reg_reg_59_0 default_emulate_view}
    {CK U65_reg_417 default_emulate_view}
    {CK U20_reg_383 default_emulate_view}
    {CK U20_reg_268 default_emulate_view}
    {CK tiki_U14_reg_reg_166_0 default_emulate_view}
    {CK tiki_U14_reg_reg_156_6 default_emulate_view}
    {CK tiki_U14_reg_reg_190_0 default_emulate_view}
    {CK storm_U41_reg_135 default_emulate_view}
    {CK storm_U41_reg_131 default_emulate_view}
    {CK U29_reg_17 default_emulate_view}
    {CK U122_reg_31 default_emulate_view}
    {CK tiki_U235_reg_1 default_emulate_view}
    {CK tiki_U14_reg_reg_53_3 default_emulate_view}
    {CK tiki_U14_reg_reg_78_9 default_emulate_view}
    {CK tiki_U14_reg_reg_141_6 default_emulate_view}
    {CK tiki_U14_reg_reg_249_5 default_emulate_view}
    {CK U310_reg_5 default_emulate_view}
    {CK U5_reg_110 default_emulate_view}
    {CK U51_reg_177 default_emulate_view}
    {CK U51_reg_62 default_emulate_view}
    {CK U17_reg_45 default_emulate_view}
    {CK U303_reg_3 default_emulate_view}
    {CK U58_reg_62 default_emulate_view}
    {CK U32_reg_82 default_emulate_view}
    {CK U178_reg_4 default_emulate_view}
    {CK U70_reg_7 default_emulate_view}
    {CK U87_reg_51 default_emulate_view}
    {CK U87_reg_33 default_emulate_view}
    {CK tiki_U47_reg_15 default_emulate_view}
    {CK tiki_U14_reg_reg_254_5 default_emulate_view}
    {CK U65_reg_483 default_emulate_view}
    {CK tiki_U14_reg_reg_250_0 default_emulate_view}
    {CK tiki_U47_reg_220 default_emulate_view}
    {CK tiki_U14_reg_reg_233_6 default_emulate_view}
    {CK U63_reg_12 default_emulate_view}
    {CK tiki_U47_reg_213 default_emulate_view}
    {CK U297_reg_2 default_emulate_view}
    {CK kasa_U529_reg default_emulate_view}
    {CK U206_reg_3 default_emulate_view}
    {CK tiki_U14_reg_reg_87_3 default_emulate_view}
    {CK tiki_U168_reg_3 default_emulate_view}
    {CK tiki_U14_reg_reg_251_8 default_emulate_view}
    {CK U63_reg_46 default_emulate_view}
    {CK tiki_U168_reg_12 default_emulate_view}
    {CK tiki_U14_reg_reg_225_6 default_emulate_view}
    {CK tiki_U14_reg_reg_63_11 default_emulate_view}
    {CK tiki_U14_reg_reg_97_9 default_emulate_view}
    {CK tiki_U14_reg_reg_124_6 default_emulate_view}
    {CK U282_reg_5 default_emulate_view}
    {CK U76_reg_37 default_emulate_view}
    {CK tiki_U14_reg_reg_228_5 default_emulate_view}
    {CK tiki_U14_reg_reg_42_1 default_emulate_view}
    {CK U10_reg_131 default_emulate_view}
    {CK storm_U52_reg_65 default_emulate_view}
    {CK storm_U1_reg_78 default_emulate_view}
    {CK U20_reg_481 default_emulate_view}
    {CK kasa_U530_reg default_emulate_view}
    {CK tiki_U37_reg_95 default_emulate_view}
    {CK tiki_U21_reg_89 default_emulate_view}
    {CK U76_reg_75 default_emulate_view}
    {CK storm_U80_reg_29 default_emulate_view}
    {CK storm_U1_reg_45 default_emulate_view}
    {CK tiki_U14_reg_reg_123_11 default_emulate_view}
    {CK tiki_U112_reg_12 default_emulate_view}
    {CK tiki_U14_reg_reg_17_10 default_emulate_view}
    {CK tiki_U127_reg_10 default_emulate_view}
    {CK U38_reg_55 default_emulate_view}
    {CK U38_reg_29 default_emulate_view}
    {CK U531_reg_5 default_emulate_view}
    {CK tiki_U86_reg_4 default_emulate_view}
    {CK storm_U41_reg_63 default_emulate_view}
    {CK storm_U52_reg_69 default_emulate_view}
    {CK storm_U52_reg_83 default_emulate_view}
    {CK tiki_U357_reg_1 default_emulate_view}
    {CK U307_reg_0 default_emulate_view}
    {CK storm_U23_reg_51 default_emulate_view}
    {CK U29_reg_47 default_emulate_view}
    {CK storm_U34_reg_34 default_emulate_view}
    {CK U309_reg_2 default_emulate_view}
    {CK tiki_U14_reg_reg_43_10 default_emulate_view}
    {CK U138_reg_11 default_emulate_view}
    {CK tiki_U14_reg_reg_197_5 default_emulate_view}
    {CK storm_U41_reg_86 default_emulate_view}
    {CK U32_reg_141 default_emulate_view}
    {CK U51_reg_123 default_emulate_view}
    {CK tiki_U14_reg_reg_123_6 default_emulate_view}
    {CK storm_U53_reg_74 default_emulate_view}
    {CK storm_U26_reg_81 default_emulate_view}
    {CK storm_U62_reg_34 default_emulate_view}
    {CK storm_U43_reg_68 default_emulate_view}
    {CK storm_U26_reg_63 default_emulate_view}
    {CK storm_U23_reg_57 default_emulate_view}
    {CK U290_reg_5 default_emulate_view}
    {CK kasa_U532_reg default_emulate_view}
    {CK U5_reg_101 default_emulate_view}
    {CK U240_reg_8 default_emulate_view}
    {CK U10_reg_59 default_emulate_view}
    {CK U12_reg_122 default_emulate_view}
    {CK U11_reg_159 default_emulate_view}
    {CK U71_reg_62 default_emulate_view}
    {CK U30_reg_139 default_emulate_view}
    {CK U45_reg_52 default_emulate_view}
    {CK tiki_U14_reg_reg_214_6 default_emulate_view}
    {CK storm_U133_reg_195 default_emulate_view}
    {CK storm_U41_reg_108 default_emulate_view}
    {CK U19_reg_5 default_emulate_view}
    {CK U99_reg_2 default_emulate_view}
    {CK U65_reg_275 default_emulate_view}
    {CK tiki_U14_reg_reg_64_1 default_emulate_view}
    {CK tiki_U14_reg_reg_139_4 default_emulate_view}
    {CK tiki_U21_reg_60 default_emulate_view}
    {CK storm_U23_reg_50 default_emulate_view}
    {CK storm_U3_reg_32 default_emulate_view}
    {CK U427_reg_3 default_emulate_view}
    {CK tiki_U14_reg_reg_4_2 default_emulate_view}
    {CK storm_U43_reg_171 default_emulate_view}
    {CK storm_U50_reg_159 default_emulate_view}
    {CK storm_U22_reg_135 default_emulate_view}
    {CK U42_reg_7 default_emulate_view}
    {CK U147_reg_4 default_emulate_view}
    {CK tiki_U14_reg_reg_47_5 default_emulate_view}
    {CK tiki_U14_reg_reg_44_11 default_emulate_view}
    {CK U83_reg_60 default_emulate_view}
    {CK storm_U478_reg_3 default_emulate_view}
    {CK storm_U62_reg_142 default_emulate_view}
    {CK tiki_U14_reg_reg_121_6 default_emulate_view}
    {CK tiki_U21_reg_190 default_emulate_view}
    {CK U11_reg_103 default_emulate_view}
    {CK storm_U26_reg_194 default_emulate_view}
    {CK storm_U62_reg_117 default_emulate_view}
    {CK storm_U62_reg_131 default_emulate_view}
    {CK tiki_U210_reg_2 default_emulate_view}
    {CK kasa_U533_reg default_emulate_view}
    {CK tiki_U14_reg_reg_26_1 default_emulate_view}
    {CK storm_U53_reg_173 default_emulate_view}
    {CK tiki_U14_reg_reg_125_2 default_emulate_view}
    {CK U49_reg_30 default_emulate_view}
    {CK storm_U4_reg_108 default_emulate_view}
    {CK kasa_U534_reg default_emulate_view}
    {CK tiki_U327_reg_4 default_emulate_view}
    {CK tiki_U14_reg_reg_143_5 default_emulate_view}
    {CK tiki_U14_reg_reg_90_1 default_emulate_view}
    {CK tiki_U14_reg_reg_54_1 default_emulate_view}
    {CK U70_reg_76 default_emulate_view}
    {CK U30_reg_25 default_emulate_view}
    {CK storm_U52_reg_129 default_emulate_view}
    {CK tiki_U47_reg_121 default_emulate_view}
    {CK U10_reg_41 default_emulate_view}
    {CK U20_reg_433 default_emulate_view}
    {CK storm_U25_reg_137 default_emulate_view}
    {CK storm_U53_reg_134 default_emulate_view}
    {CK storm_U88_reg_92 default_emulate_view}
    {CK storm_U78_reg_146 default_emulate_view}
    {CK storm_U34_reg_191 default_emulate_view}
    {CK storm_U23_reg_169 default_emulate_view}
    {CK U206_reg_2 default_emulate_view}
    {CK U31_reg_77 default_emulate_view}
    {CK U10_reg_35 default_emulate_view}
    {CK U12_reg_1 default_emulate_view}
    {CK U39_reg_17 default_emulate_view}
    {CK U32_reg_135 default_emulate_view}
    {CK U84_reg_39 default_emulate_view}
    {CK tiki_U47_reg_77 default_emulate_view}
    {CK storm_U78_reg_130 default_emulate_view}
    {CK tiki_U47_reg_86 default_emulate_view}
    {CK U65_reg_297 default_emulate_view}
    {CK tiki_U81_reg_7 default_emulate_view}
    {CK tiki_U14_reg_reg_94_11 default_emulate_view}
    {CK storm_U3_reg_172 default_emulate_view}
    {CK storm_U88_reg_50 default_emulate_view}
    {CK storm_U259_reg_1 default_emulate_view}
    {CK U63_reg_51 default_emulate_view}
    {CK U427_reg_0 default_emulate_view}
    {CK storm_U150_reg_4 default_emulate_view}
    {CK U72_reg_0 default_emulate_view}
    {CK tiki_U21_reg_247 default_emulate_view}
    {CK U35_reg_22 default_emulate_view}
    {CK storm_U25_reg_114 default_emulate_view}
    {CK tiki_U37_reg_120 default_emulate_view}
    {CK tiki_U14_reg_reg_183_10 default_emulate_view}
    {CK U65_reg_695 default_emulate_view}
    {CK U30_reg_263 default_emulate_view}
    {CK U30_reg_285 default_emulate_view}
    {CK U11_reg_35 default_emulate_view}
    {CK U51_reg_104 default_emulate_view}
    {CK storm_U59_reg_175 default_emulate_view}
    {CK U201_reg_3 default_emulate_view}
    {CK tiki_U14_reg_reg_191_10 default_emulate_view}
    {CK storm_U41_reg_109 default_emulate_view}
    {CK tiki_U14_reg_reg_180_0 default_emulate_view}
    {CK U73_reg_65 default_emulate_view}
    {CK U20_reg_206 default_emulate_view}
    {CK U30_reg_46 default_emulate_view}
    {CK U31_reg_64 default_emulate_view}
    {CK U32_reg_70 default_emulate_view}
    {CK U11_reg_184 default_emulate_view}
    {CK U5_reg_42 default_emulate_view}
    {CK U45_reg_5 default_emulate_view}
    {CK U51_reg_71 default_emulate_view}
    {CK tiki_U14_reg_reg_183_3 default_emulate_view}
    {CK tiki_U14_reg_reg_192_3 default_emulate_view}
    {CK storm_U25_reg_175 default_emulate_view}
    {CK storm_U2_reg_111 default_emulate_view}
    {CK U302_reg_6 default_emulate_view}
    {CK U5_reg_197 default_emulate_view}
    {CK kasa_U535_reg default_emulate_view}
    {CK U287_reg_2 default_emulate_view}
    {CK U51_reg_38 default_emulate_view}
    {CK U11_reg_23 default_emulate_view}
    {CK U19_reg_75 default_emulate_view}
    {CK U329_reg_1 default_emulate_view}
    {CK U105_reg_9 default_emulate_view}
    {CK U204_reg_7 default_emulate_view}
    {CK U11_reg_74 default_emulate_view}
    {CK tiki_U14_reg_reg_0_2 default_emulate_view}
    {CK tiki_U14_reg_reg_5_7 default_emulate_view}
    {CK storm_U536_reg default_emulate_view}
    {CK U129_reg_65 default_emulate_view}
    {CK tiki_U14_reg_reg_204_0 default_emulate_view}
    {CK tiki_U14_reg_reg_72_5 default_emulate_view}
    {CK tiki_U47_reg_24 default_emulate_view}
    {CK tiki_U14_reg_reg_40_5 default_emulate_view}
    {CK tiki_U14_reg_reg_235_9 default_emulate_view}
    {CK tiki_U14_reg_reg_162_8 default_emulate_view}
    {CK tiki_U14_reg_reg_241_9 default_emulate_view}
    {CK storm_U34_reg_112 default_emulate_view}
    {CK storm_U62_reg_114 default_emulate_view}
    {CK tiki_U14_reg_reg_234_10 default_emulate_view}
    {CK U24_reg_55 default_emulate_view}
    {CK tiki_U14_reg_reg_56_7 default_emulate_view}
    {CK tiki_U14_reg_reg_254_4 default_emulate_view}
    {CK tiki_U168_reg_8 default_emulate_view}
    {CK storm_U78_reg_43 default_emulate_view}
    {CK storm_U78_reg_34 default_emulate_view}
    {CK storm_U1_reg_26 default_emulate_view}
    {CK storm_U2_reg_24 default_emulate_view}
    {CK storm_U78_reg_16 default_emulate_view}
    {CK storm_U50_reg_10 default_emulate_view}
    {CK kasa_U537_reg default_emulate_view}
    {CK U219_reg_6 default_emulate_view}
    {CK kasa_U538_reg default_emulate_view}
    {CK U147_reg_0 default_emulate_view}
    {CK U10_reg_15 default_emulate_view}
    {CK U45_reg_30 default_emulate_view}
    {CK tiki_U47_reg_228 default_emulate_view}
    {CK tiki_U14_reg_reg_124_5 default_emulate_view}
    {CK storm_U59_reg_0 default_emulate_view}
    {CK U539_reg default_emulate_view}
    {CK U12_reg_60 default_emulate_view}
    {CK U129_reg_47 default_emulate_view}
    {CK tiki_U14_reg_reg_252_8 default_emulate_view}
    {CK tiki_U14_reg_reg_111_0 default_emulate_view}
    {CK tiki_U14_reg_reg_229_10 default_emulate_view}
    {CK storm_U50_reg_6 default_emulate_view}
    {CK storm_U1_reg_3 default_emulate_view}
    {CK storm_U3_reg_182 default_emulate_view}
    {CK U175_reg_52 default_emulate_view}
    {CK U83_reg_77 default_emulate_view}
    {CK tiki_U37_reg_141 default_emulate_view}
    {CK tiki_U14_reg_reg_204_1 default_emulate_view}
    {CK storm_U23_reg_32 default_emulate_view}
    {CK storm_U34_reg_35 default_emulate_view}
    {CK storm_U23_reg_1 default_emulate_view}
    {CK storm_U23_reg_24 default_emulate_view}
    {CK storm_U43_reg_22 default_emulate_view}
    {CK storm_U80_reg_11 default_emulate_view}
    {CK U309_reg_7 default_emulate_view}
    {CK U30_reg_24 default_emulate_view}
    {CK U58_reg_6 default_emulate_view}
    {CK U38_reg_240 default_emulate_view}
    {CK U32_reg_186 default_emulate_view}
    {CK U38_reg_218 default_emulate_view}
    {CK U31_reg_27 default_emulate_view}
    {CK U30_reg_220 default_emulate_view}
    {CK tiki_U14_reg_reg_33_10 default_emulate_view}
    {CK tiki_U14_reg_reg_251_11 default_emulate_view}
    {CK tiki_U37_reg_178 default_emulate_view}
    {CK storm_U52_reg_50 default_emulate_view}
    {CK tiki_U14_reg_reg_123_5 default_emulate_view}
    {CK U20_reg_434 default_emulate_view}
    {CK tiki_U14_reg_reg_229_4 default_emulate_view}
    {CK tiki_U540_reg default_emulate_view}
    {CK tiki_U14_reg_reg_26_0 default_emulate_view}
    {CK tiki_U14_reg_reg_47_8 default_emulate_view}
    {CK tiki_U14_reg_reg_61_5 default_emulate_view}
    {CK storm_U62_reg_8 default_emulate_view}
    {CK storm_U25_reg_28 default_emulate_view}
    {CK storm_U50_reg_116 default_emulate_view}
    {CK U175_reg_29 default_emulate_view}
    {CK U76_reg_61 default_emulate_view}
    {CK tiki_U14_reg_reg_162_6 default_emulate_view}
    {CK tiki_U541_reg default_emulate_view}
    {CK tiki_U14_reg_reg_216_1 default_emulate_view}
    {CK U146_reg_7 default_emulate_view}
    {CK kasa_U542_reg default_emulate_view}
    {CK storm_U133_reg_128 default_emulate_view}
    {CK tiki_U14_reg_reg_46_10 default_emulate_view}
    {CK tiki_U14_reg_reg_65_7 default_emulate_view}
    {CK tiki_U14_reg_reg_53_1 default_emulate_view}
    {CK U30_reg_213 default_emulate_view}
    {CK U104_reg_42 default_emulate_view}
    {CK U11_reg_0 default_emulate_view}
    {CK tiki_U14_reg_reg_22_5 default_emulate_view}
    {CK tiki_U14_reg_reg_139_6 default_emulate_view}
    {CK storm_U1_reg_163 default_emulate_view}
    {CK tiki_U14_reg_reg_157_2 default_emulate_view}
    {CK tiki_U21_reg_140 default_emulate_view}
    {CK tiki_U21_reg_97 default_emulate_view}
    {CK U24_reg_52 default_emulate_view}
    {CK storm_U43_reg_135 default_emulate_view}
    {CK tiki_U14_reg_reg_155_10 default_emulate_view}
    {CK U65_reg_480 default_emulate_view}
    {CK U65_reg_295 default_emulate_view}
    {CK tiki_U14_reg_reg_0_6 default_emulate_view}
    {CK tiki_U56_reg_15 default_emulate_view}
    {CK U45_reg_19 default_emulate_view}
    {CK U30_reg_163 default_emulate_view}
    {CK U31_reg_6 default_emulate_view}
    {CK U380_reg_2 default_emulate_view}
    {CK tiki_U14_reg_reg_133_7 default_emulate_view}
    {CK U51_reg_99 default_emulate_view}
    {CK tiki_U47_reg_1 default_emulate_view}
    {CK storm_U16_reg_119 default_emulate_view}
    {CK storm_U133_reg_159 default_emulate_view}
    {CK kasa_U543_reg default_emulate_view}
    {CK U5_reg_161 default_emulate_view}
    {CK U358_reg_5 default_emulate_view}
    {CK kasa_U544_reg default_emulate_view}
    {CK U32_reg_165 default_emulate_view}
    {CK U51_reg_81 default_emulate_view}
    {CK U138_reg_31 default_emulate_view}
    {CK U193_reg_19 default_emulate_view}
    {CK tiki_U14_reg_reg_23_6 default_emulate_view}
    {CK tiki_U14_reg_reg_20_4 default_emulate_view}
    {CK tiki_U47_reg_156 default_emulate_view}
    {CK tiki_U14_reg_reg_86_3 default_emulate_view}
    {CK storm_U1_reg_123 default_emulate_view}
    {CK U73_reg_54 default_emulate_view}
    {CK tiki_U14_reg_reg_44_5 default_emulate_view}
    {CK tiki_U14_reg_reg_170_0 default_emulate_view}
    {CK tiki_U14_reg_reg_199_3 default_emulate_view}
    {CK tiki_U14_reg_reg_152_11 default_emulate_view}
    {CK tiki_U14_reg_reg_214_4 default_emulate_view}
    {CK U84_reg_63 default_emulate_view}
    {CK U32_reg_23 default_emulate_view}
    {CK U129_reg_74 default_emulate_view}
    {CK U13_reg_5 default_emulate_view}
    {CK U19_reg_47 default_emulate_view}
    {CK U17_reg_95 default_emulate_view}
    {CK tiki_U14_reg_reg_223_7 default_emulate_view}
    {CK U51_reg_125 default_emulate_view}
    {CK storm_U133_reg_113 default_emulate_view}
    {CK tiki_U14_reg_reg_66_10 default_emulate_view}
    {CK U24_reg_0 default_emulate_view}
    {CK tiki_U14_reg_reg_101_0 default_emulate_view}
    {CK U65_reg_316 default_emulate_view}
    {CK tiki_U21_reg_186 default_emulate_view}
    {CK U546_reg default_emulate_view}
    {CK U84_reg_73 default_emulate_view}
    {CK U138_reg_60 default_emulate_view}
    {CK U204_reg_11 default_emulate_view}
    {CK U225_reg_1 default_emulate_view}
    {CK storm_U78_reg_110 default_emulate_view}
    {CK tiki_U14_reg_reg_131_3 default_emulate_view}
    {CK tiki_U21_reg_230 default_emulate_view}
    {CK U5_reg_137 default_emulate_view}
    {CK kasa_U547_reg default_emulate_view}
    {CK U10_reg_178 default_emulate_view}
    {CK U17_reg_59 default_emulate_view}
    {CK U38_reg_142 default_emulate_view}
    {CK storm_U80_reg_114 default_emulate_view}
    {CK tiki_U47_reg_94 default_emulate_view}
    {CK U20_reg_482 default_emulate_view}
    {CK tiki_U14_reg_reg_24_10 default_emulate_view}
    {CK tiki_U14_reg_reg_91_10 default_emulate_view}
    {CK tiki_U210_reg_18 default_emulate_view}
    {CK U175_reg_50 default_emulate_view}
    {CK U29_reg_52 default_emulate_view}
    {CK U122_reg_76 default_emulate_view}
    {CK tiki_U37_reg_239 default_emulate_view}
    {CK storm_U41_reg_55 default_emulate_view}
    {CK storm_U218_reg_4 default_emulate_view}
    {CK storm_U4_reg_51 default_emulate_view}
    {CK tiki_U14_reg_reg_114_6 default_emulate_view}
    {CK tiki_U14_reg_reg_102_6 default_emulate_view}
    {CK storm_U16_reg_85 default_emulate_view}
    {CK storm_U53_reg_183 default_emulate_view}
    {CK U17_reg_8 default_emulate_view}
    {CK storm_U23_reg_197 default_emulate_view}
    {CK storm_U548_reg_1 default_emulate_view}
    {CK storm_U88_reg_11 default_emulate_view}
    {CK tiki_U14_reg_reg_249_9 default_emulate_view}
    {CK storm_U1_reg_187 default_emulate_view}
    {CK U49_reg_12 default_emulate_view}
    {CK storm_U1_reg_91 default_emulate_view}
    {CK U17_reg_106 default_emulate_view}
    {CK tiki_U14_reg_reg_8_6 default_emulate_view}
    {CK storm_U88_reg_55 default_emulate_view}
    {CK U138_reg_5 default_emulate_view}
    {CK tiki_U14_reg_reg_11_0 default_emulate_view}
    {CK storm_U478_reg_0 default_emulate_view}
    {CK storm_U4_reg_115 default_emulate_view}
    {CK storm_U1_reg_97 default_emulate_view}
    {CK storm_U16_reg_192 default_emulate_view}
    {CK storm_U78_reg_206 default_emulate_view}
    {CK storm_U43_reg_183 default_emulate_view}
    {CK U85_reg_5 default_emulate_view}
    {CK kasa_U549_reg default_emulate_view}
    {CK U54_reg_7 default_emulate_view}
    {CK U38_reg_147 default_emulate_view}
    {CK U51_reg_57 default_emulate_view}
    {CK U32_reg_46 default_emulate_view}
    {CK U71_reg_40 default_emulate_view}
    {CK U30_reg_114 default_emulate_view}
    {CK U45_reg_57 default_emulate_view}
    {CK tiki_U14_reg_reg_37_6 default_emulate_view}
    {CK tiki_U47_reg_32 default_emulate_view}
    {CK storm_U80_reg_142 default_emulate_view}
    {CK storm_U4_reg_7 default_emulate_view}
    {CK U65_reg_488 default_emulate_view}
    {CK tiki_U550_reg default_emulate_view}
    {CK tiki_U14_reg_reg_181_4 default_emulate_view}
    {CK tiki_U92_reg_11 default_emulate_view}
    {CK tiki_U14_reg_reg_229_1 default_emulate_view}
    {CK tiki_U14_reg_reg_117_5 default_emulate_view}
    {CK tiki_U14_reg_reg_168_5 default_emulate_view}
    {CK storm_U1_reg_52 default_emulate_view}
    {CK storm_U1_reg_185 default_emulate_view}
    {CK storm_U25_reg_88 default_emulate_view}
    {CK U63_reg_69 default_emulate_view}
    {CK U29_reg_44 default_emulate_view}
    {CK tiki_U21_reg_125 default_emulate_view}
    {CK tiki_U14_reg_reg_252_7 default_emulate_view}
    {CK tiki_U14_reg_reg_238_9 default_emulate_view}
    {CK tiki_U14_reg_reg_67_8 default_emulate_view}
    {CK U20_reg_129 default_emulate_view}
    {CK storm_U62_reg_123 default_emulate_view}
    {CK storm_U133_reg_129 default_emulate_view}
    {CK storm_U62_reg_137 default_emulate_view}
    {CK storm_U2_reg_140 default_emulate_view}
    {CK storm_U78_reg_144 default_emulate_view}
    {CK storm_U2_reg_165 default_emulate_view}
    {CK U222_reg_2 default_emulate_view}
    {CK U11_reg_206 default_emulate_view}
    {CK U70_reg_30 default_emulate_view}
    {CK U71_reg_66 default_emulate_view}
    {CK U30_reg_143 default_emulate_view}
    {CK tiki_U14_reg_reg_32_10 default_emulate_view}
    {CK tiki_U14_reg_reg_50_10 default_emulate_view}
    {CK tiki_U14_reg_reg_215_2 default_emulate_view}
    {CK storm_U203_reg_6 default_emulate_view}
    {CK U65_reg_463 default_emulate_view}
    {CK U20_reg_265 default_emulate_view}
    {CK U20_reg_589 default_emulate_view}
    {CK tiki_U47_reg_184 default_emulate_view}
    {CK tiki_U21_reg_224 default_emulate_view}
    {CK tiki_U14_reg_reg_207_1 default_emulate_view}
    {CK storm_U80_reg_169 default_emulate_view}
    {CK storm_U34_reg_172 default_emulate_view}
    {CK storm_U88_reg_44 default_emulate_view}
    {CK storm_U88_reg_96 default_emulate_view}
    {CK U73_reg_29 default_emulate_view}
    {CK U35_reg_9 default_emulate_view}
    {CK tiki_U14_reg_reg_244_6 default_emulate_view}
    {CK tiki_U14_reg_reg_255_10 default_emulate_view}
    {CK tiki_U21_reg_41 default_emulate_view}
    {CK storm_U52_reg_188 default_emulate_view}
    {CK storm_U3_reg_139 default_emulate_view}
    {CK storm_U50_reg_129 default_emulate_view}
    {CK kasa_U551_reg default_emulate_view}
    {CK storm_U22_reg_142 default_emulate_view}
    {CK storm_U62_reg_170 default_emulate_view}
    {CK U20_reg_11 default_emulate_view}
    {CK U20_reg_389 default_emulate_view}
    {CK tiki_U14_reg_reg_153_1 default_emulate_view}
    {CK U58_reg_57 default_emulate_view}
    {CK U11_reg_69 default_emulate_view}
    {CK U104_reg_29 default_emulate_view}
    {CK U10_reg_54 default_emulate_view}
    {CK tiki_U14_reg_reg_150_2 default_emulate_view}
    {CK storm_U22_reg_117 default_emulate_view}
    {CK storm_U16_reg_173 default_emulate_view}
    {CK storm_U78_reg_132 default_emulate_view}
    {CK kasa_U552_reg default_emulate_view}
    {CK tiki_U205_reg_2 default_emulate_view}
    {CK tiki_U126_reg_0 default_emulate_view}
    {CK storm_U43_reg_167 default_emulate_view}
    {CK tiki_U14_reg_reg_174_11 default_emulate_view}
    {CK U29_reg_70 default_emulate_view}
    {CK U24_reg_71 default_emulate_view}
    {CK tiki_U37_reg_155 default_emulate_view}
    {CK kasa_U553_reg default_emulate_view}
    {CK tiki_U14_reg_reg_196_9 default_emulate_view}
    {CK U129_reg_61 default_emulate_view}
    {CK U38_reg_33 default_emulate_view}
    {CK tiki_U14_reg_reg_93_5 default_emulate_view}
    {CK U554_reg_1 default_emulate_view}
    {CK storm_U25_reg_135 default_emulate_view}
    {CK U5_reg_12 default_emulate_view}
    {CK U38_reg_59 default_emulate_view}
    {CK storm_U293_reg_0 default_emulate_view}
    {CK tiki_U285_reg_5 default_emulate_view}
    {CK U65_reg_67 default_emulate_view}
    {CK kasa_U555_reg default_emulate_view}
    {CK U124_reg_3 default_emulate_view}
    {CK U83_reg_16 default_emulate_view}
    {CK storm_U50_reg_112 default_emulate_view}
    {CK U31_reg_1 default_emulate_view}
    {CK U32_reg_143 default_emulate_view}
    {CK U58_reg_66 default_emulate_view}
    {CK U10_reg_138 default_emulate_view}
    {CK tiki_U556_reg default_emulate_view}
    {CK storm_U34_reg_5 default_emulate_view}
    {CK tiki_U14_reg_reg_231_0 default_emulate_view}
    {CK tiki_U21_reg_103 default_emulate_view}
    {CK storm_U78_reg_111 default_emulate_view}
    {CK U175_reg_77 default_emulate_view}
    {CK storm_U22_reg_114 default_emulate_view}
    {CK tiki_U14_reg_reg_245_11 default_emulate_view}
    {CK tiki_U14_reg_reg_118_1 default_emulate_view}
    {CK U390_reg_2 default_emulate_view}
    {CK U20_reg_180 default_emulate_view}
    {CK U65_reg_327 default_emulate_view}
    {CK tiki_U14_reg_reg_21_6 default_emulate_view}
    {CK tiki_U21_reg_152 default_emulate_view}
    {CK U70_reg_11 default_emulate_view}
    {CK U32_reg_76 default_emulate_view}
    {CK U38_reg_44 default_emulate_view}
    {CK storm_U78_reg_181 default_emulate_view}
    {CK tiki_U14_reg_reg_195_9 default_emulate_view}
    {CK U5_reg_176 default_emulate_view}
    {CK U30_reg_200 default_emulate_view}
    {CK U20_reg_59 default_emulate_view}
    {CK storm_U53_reg_109 default_emulate_view}
    {CK storm_U52_reg_176 default_emulate_view}
    {CK kasa_U557_reg default_emulate_view}
    {CK U110_reg_6 default_emulate_view}
    {CK U206_reg_4 default_emulate_view}
    {CK kasa_U558_reg default_emulate_view}
    {CK U51_reg_182 default_emulate_view}
    {CK U11_reg_66 default_emulate_view}
    {CK U46_reg_3 default_emulate_view}
    {CK U559_reg_1 default_emulate_view}
    {CK tiki_U37_reg_6 default_emulate_view}
    {CK tiki_U14_reg_reg_35_2 default_emulate_view}
    {CK storm_U41_reg_116 default_emulate_view}
    {CK storm_U52_reg_29 default_emulate_view}
    {CK tiki_U14_reg_reg_150_4 default_emulate_view}
    {CK U20_reg_313 default_emulate_view}
    {CK U65_reg_28 default_emulate_view}
    {CK tiki_U14_reg_reg_13_8 default_emulate_view}
    {CK tiki_U14_reg_reg_75_9 default_emulate_view}
    {CK tiki_U14_reg_reg_131_10 default_emulate_view}
    {CK U65_reg_303 default_emulate_view}
    {CK tiki_U14_reg_reg_196_5 default_emulate_view}
    {CK tiki_U47_reg_234 default_emulate_view}
    {CK storm_U16_reg_175 default_emulate_view}
    {CK storm_U150_reg_8 default_emulate_view}
    {CK storm_U23_reg_113 default_emulate_view}
    {CK U49_reg_23 default_emulate_view}
    {CK U122_reg_65 default_emulate_view}
    {CK tiki_U14_reg_reg_137_7 default_emulate_view}
    {CK storm_U3_reg_84 default_emulate_view}
    {CK storm_U2_reg_74 default_emulate_view}
    {CK storm_U52_reg_195 default_emulate_view}
    {CK tiki_U14_reg_reg_41_1 default_emulate_view}
    {CK tiki_U47_reg_101 default_emulate_view}
    {CK U234_reg_2 default_emulate_view}
    {CK U76_reg_31 default_emulate_view}
    {CK storm_U22_reg_34 default_emulate_view}
    {CK tiki_U47_reg_135 default_emulate_view}
    {CK tiki_U56_reg_4 default_emulate_view}
    {CK U20_reg_297 default_emulate_view}
    {CK tiki_U14_reg_reg_25_3 default_emulate_view}
    {CK U11_reg_205 default_emulate_view}
    {CK tiki_U37_reg_82 default_emulate_view}
    {CK U51_reg_148 default_emulate_view}
    {CK storm_U50_reg_68 default_emulate_view}
    {CK storm_U2_reg_78 default_emulate_view}
    {CK storm_U80_reg_88 default_emulate_view}
    {CK kasa_U560_reg default_emulate_view}
    {CK tiki_U14_reg_reg_105_5 default_emulate_view}
    {CK storm_U80_reg_57 default_emulate_view}
    {CK tiki_U14_reg_reg_109_9 default_emulate_view}
    {CK tiki_U14_reg_reg_189_9 default_emulate_view}
    {CK U29_reg_19 default_emulate_view}
    {CK storm_U80_reg_50 default_emulate_view}
    {CK tiki_U14_reg_reg_136_7 default_emulate_view}
    {CK U65_reg_162 default_emulate_view}
    {CK U65_reg_447 default_emulate_view}
    {CK tiki_U14_reg_reg_227_7 default_emulate_view}
    {CK U561_reg default_emulate_view}
    {CK storm_U78_reg_103 default_emulate_view}
    {CK tiki_U14_reg_reg_218_5 default_emulate_view}
    {CK U20_reg_161 default_emulate_view}
    {CK storm_U22_reg_83 default_emulate_view}
    {CK storm_U43_reg_86 default_emulate_view}
    {CK storm_U1_reg_51 default_emulate_view}
    {CK storm_U22_reg_75 default_emulate_view}
    {CK storm_U50_reg_69 default_emulate_view}
    {CK storm_U26_reg_62 default_emulate_view}
    {CK U5_reg_153 default_emulate_view}
    {CK U195_reg_2 default_emulate_view}
    {CK U11_reg_226 default_emulate_view}
    {CK U11_reg_114 default_emulate_view}
    {CK U562_reg default_emulate_view}
    {CK U563_reg default_emulate_view}
    {CK U12_reg_55 default_emulate_view}
    {CK U32_reg_74 default_emulate_view}
    {CK U30_reg_283 default_emulate_view}
    {CK U31_reg_68 default_emulate_view}
    {CK U30_reg_258 default_emulate_view}
    {CK U30_reg_76 default_emulate_view}
    {CK tiki_U47_reg_63 default_emulate_view}
    {CK tiki_U14_reg_reg_126_6 default_emulate_view}
    {CK storm_U78_reg_91 default_emulate_view}
    {CK U11_reg_97 default_emulate_view}
    {CK U11_reg_86 default_emulate_view}
    {CK U65_reg_311 default_emulate_view}
    {CK U65_reg_84 default_emulate_view}
    {CK U20_reg_212 default_emulate_view}
    {CK storm_U59_reg_59 default_emulate_view}
    {CK tiki_U21_reg_237 default_emulate_view}
    {CK storm_U1_reg_43 default_emulate_view}
    {CK U192_reg_3 default_emulate_view}
    {CK tiki_U14_reg_reg_142_3 default_emulate_view}
    {CK U20_reg_147 default_emulate_view}
    {CK U272_reg_7 default_emulate_view}
    {CK tiki_U14_reg_reg_28_6 default_emulate_view}
    {CK U73_reg_72 default_emulate_view}
    {CK U20_reg_43 default_emulate_view}
    {CK U65_reg_35 default_emulate_view}
    {CK U65_reg_435 default_emulate_view}
    {CK tiki_U14_reg_reg_255_11 default_emulate_view}
    {CK tiki_U21_reg_34 default_emulate_view}
    {CK tiki_U14_reg_reg_35_11 default_emulate_view}
    {CK U32_reg_7 default_emulate_view}
    {CK U30_reg_29 default_emulate_view}
    {CK U11_reg_90 default_emulate_view}
    {CK U10_reg_170 default_emulate_view}
    {CK U264_reg_0 default_emulate_view}
    {CK tiki_U14_reg_reg_217_9 default_emulate_view}
    {CK tiki_U14_reg_reg_41_6 default_emulate_view}
    {CK U167_reg_0 default_emulate_view}
    {CK U20_reg_85 default_emulate_view}
    {CK U30_reg_265 default_emulate_view}
    {CK U5_reg_184 default_emulate_view}
    {CK kasa_U564_reg default_emulate_view}
    {CK U84_reg_35 default_emulate_view}
    {CK U10_reg_48 default_emulate_view}
    {CK U138_reg_79 default_emulate_view}
    {CK U193_reg_8 default_emulate_view}
    {CK tiki_U14_reg_reg_62_10 default_emulate_view}
    {CK tiki_U15_reg_16 default_emulate_view}
    {CK tiki_U14_reg_reg_151_0 default_emulate_view}
    {CK tiki_U14_reg_reg_207_4 default_emulate_view}
    {CK tiki_U47_reg_38 default_emulate_view}
    {CK tiki_U14_reg_reg_173_8 default_emulate_view}
    {CK U20_reg_554 default_emulate_view}
    {CK tiki_U14_reg_reg_91_1 default_emulate_view}
    {CK tiki_U14_reg_reg_81_4 default_emulate_view}
    {CK tiki_U14_reg_reg_7_7 default_emulate_view}
    {CK U65_reg_559 default_emulate_view}
    {CK tiki_U14_reg_reg_247_4 default_emulate_view}
    {CK tiki_U37_reg_148 default_emulate_view}
    {CK U175_reg_8 default_emulate_view}
    {CK U35_reg_52 default_emulate_view}
    {CK tiki_U14_reg_reg_136_5 default_emulate_view}
    {CK U20_reg_296 default_emulate_view}
    {CK tiki_U81_reg_2 default_emulate_view}
    {CK storm_U26_reg_197 default_emulate_view}
    {CK storm_U59_reg_194 default_emulate_view}
    {CK storm_U23_reg_186 default_emulate_view}
    {CK storm_U3_reg_189 default_emulate_view}
    {CK storm_U1_reg_88 default_emulate_view}
    {CK storm_U41_reg_83 default_emulate_view}
    {CK U7_reg_0 default_emulate_view}
    {CK U11_reg_110 default_emulate_view}
    {CK U11_reg_57 default_emulate_view}
    {CK U30_reg_81 default_emulate_view}
    {CK U70_reg_60 default_emulate_view}
    {CK tiki_U14_reg_reg_108_7 default_emulate_view}
    {CK storm_U315_reg_3 default_emulate_view}
    {CK tiki_U37_reg_204 default_emulate_view}
    {CK U20_reg_42 default_emulate_view}
    {CK U65_reg_434 default_emulate_view}
    {CK U65_reg_398 default_emulate_view}
    {CK U65_reg_369 default_emulate_view}
    {CK tiki_U47_reg_248 default_emulate_view}
    {CK tiki_U14_reg_reg_26_10 default_emulate_view}
    {CK storm_U41_reg_79 default_emulate_view}
    {CK storm_U62_reg_76 default_emulate_view}
    {CK storm_U22_reg_68 default_emulate_view}
    {CK storm_U1_reg_65 default_emulate_view}
    {CK U83_reg_5 default_emulate_view}
    {CK tiki_U14_reg_reg_107_0 default_emulate_view}
    {CK storm_U41_reg_195 default_emulate_view}
    {CK storm_U52_reg_185 default_emulate_view}
    {CK storm_U88_reg_91 default_emulate_view}
    {CK U251_reg_1 default_emulate_view}
    {CK tiki_U92_reg_1 default_emulate_view}
    {CK tiki_U21_reg_145 default_emulate_view}
    {CK U175_reg_73 default_emulate_view}
    {CK storm_U2_reg_67 default_emulate_view}
    {CK storm_U2_reg_77 default_emulate_view}
    {CK tiki_U14_reg_reg_233_8 default_emulate_view}
    {CK tiki_U14_reg_reg_254_7 default_emulate_view}
    {CK tiki_U14_reg_reg_235_10 default_emulate_view}
    {CK U20_reg_84 default_emulate_view}
    {CK U132_reg_0 default_emulate_view}
    {CK tiki_U14_reg_reg_79_8 default_emulate_view}
    {CK tiki_U14_reg_reg_142_0 default_emulate_view}
    {CK U32_reg_53 default_emulate_view}
    {CK U138_reg_68 default_emulate_view}
    {CK U426_reg_2 default_emulate_view}
    {CK U11_reg_253 default_emulate_view}
    {CK storm_U78_reg_104 default_emulate_view}
    {CK storm_U133_reg_74 default_emulate_view}
    {CK storm_U80_reg_182 default_emulate_view}
    {CK U65_reg_368 default_emulate_view}
    {CK storm_U23_reg_81 default_emulate_view}
    {CK tiki_U14_reg_reg_69_2 default_emulate_view}
    {CK U63_reg_15 default_emulate_view}
    {CK U79_reg_8 default_emulate_view}
    {CK U65_reg_96 default_emulate_view}
    {CK U20_reg_160 default_emulate_view}
    {CK U65_reg_97 default_emulate_view}
    {CK tiki_U14_reg_reg_11_4 default_emulate_view}
    {CK U32_reg_43 default_emulate_view}
    {CK U11_reg_172 default_emulate_view}
    {CK storm_U218_reg_2 default_emulate_view}
    {CK U71_reg_53 default_emulate_view}
    {CK tiki_U205_reg_8 default_emulate_view}
    {CK U260_reg_1 default_emulate_view}
    {CK tiki_U37_reg_169 default_emulate_view}
    {CK U29_reg_2 default_emulate_view}
    {CK tiki_U14_reg_reg_44_3 default_emulate_view}
    {CK tiki_U14_reg_reg_47_7 default_emulate_view}
    {CK U65_reg_589 default_emulate_view}
    {CK U65_reg_34 default_emulate_view}
    {CK tiki_U14_reg_reg_225_0 default_emulate_view}
    {CK tiki_U37_reg_197 default_emulate_view}
    {CK tiki_U14_reg_reg_29_8 default_emulate_view}
    {CK U566_reg default_emulate_view}
    {CK U12_reg_7 default_emulate_view}
    {CK U17_reg_18 default_emulate_view}
    {CK U567_reg_0 default_emulate_view}
    {CK tiki_U407_reg_1 default_emulate_view}
    {CK U5_reg_143 default_emulate_view}
    {CK tiki_U14_reg_reg_156_10 default_emulate_view}
    {CK U65_reg_85 default_emulate_view}
    {CK U65_reg_310 default_emulate_view}
    {CK U20_reg_146 default_emulate_view}
    {CK tiki_U121_reg_3 default_emulate_view}
    {CK U17_reg_73 default_emulate_view}
    {CK U30_reg_62 default_emulate_view}
    {CK U71_reg_0 default_emulate_view}
    {CK U39_reg_10 default_emulate_view}
    {CK U569_reg default_emulate_view}
    {CK U20_reg_555 default_emulate_view}
    {CK tiki_U14_reg_reg_247_1 default_emulate_view}
    {CK U65_reg_588 default_emulate_view}
    {CK tiki_U14_reg_reg_186_0 default_emulate_view}
    {CK U405_reg_4 default_emulate_view}
    {CK tiki_U47_reg_221 default_emulate_view}
    {CK U129_reg_38 default_emulate_view}
    {CK U65_reg_201 default_emulate_view}
    {CK tiki_U14_reg_reg_167_6 default_emulate_view}
    {CK U65_reg_200 default_emulate_view}
    {CK U65_reg_446 default_emulate_view}
    {CK tiki_U14_reg_reg_186_6 default_emulate_view}
    {CK tiki_U14_reg_reg_120_2 default_emulate_view}
    {CK U175_reg_46 default_emulate_view}
    {CK U76_reg_38 default_emulate_view}
    {CK tiki_U14_reg_reg_117_6 default_emulate_view}
    {CK tiki_U14_reg_reg_81_3 default_emulate_view}
    {CK storm_U34_reg_1 default_emulate_view}
    {CK storm_U25_reg_11 default_emulate_view}
    {CK tiki_U14_reg_reg_98_6 default_emulate_view}
    {CK U65_reg_29 default_emulate_view}
    {CK U570_reg default_emulate_view}
    {CK U135_reg_1 default_emulate_view}
    {CK U268_reg_2 default_emulate_view}
    {CK tiki_U14_reg_reg_114_11 default_emulate_view}
    {CK tiki_U327_reg_3 default_emulate_view}
    {CK U73_reg_12 default_emulate_view}
    {CK tiki_U14_reg_reg_228_4 default_emulate_view}
    {CK U65_reg_636 default_emulate_view}
    {CK U38_reg_255 default_emulate_view}
    {CK tiki_U14_reg_reg_6_1 default_emulate_view}
    {CK storm_U23_reg_116 default_emulate_view}
    {CK storm_U25_reg_29 default_emulate_view}
    {CK storm_U22_reg_15 default_emulate_view}
    {CK U20_reg_312 default_emulate_view}
    {CK kasa_U571_reg default_emulate_view}
    {CK tiki_U14_reg_reg_55_2 default_emulate_view}
    {CK tiki_U14_reg_reg_217_1 default_emulate_view}
    {CK tiki_U14_reg_reg_204_8 default_emulate_view}
    {CK tiki_U14_reg_reg_50_0 default_emulate_view}
    {CK U65_reg_185 default_emulate_view}
    {CK U65_reg_184 default_emulate_view}
    {CK U20_reg_58 default_emulate_view}
    {CK tiki_U14_reg_reg_174_8 default_emulate_view}
    {CK U58_reg_35 default_emulate_view}
    {CK tiki_U169_reg_10 default_emulate_view}
    {CK storm_U78_reg_22 default_emulate_view}
    {CK tiki_U14_reg_reg_184_8 default_emulate_view}
    {CK storm_U59_reg_10 default_emulate_view}
    {CK storm_U3_reg_13 default_emulate_view}
    {CK storm_U59_reg_2 default_emulate_view}
    {CK storm_U88_reg_1 default_emulate_view}
    {CK U201_reg_6 default_emulate_view}
    {CK U5_reg_128 default_emulate_view}
    {CK U311_reg_4 default_emulate_view}
    {CK U10_reg_179 default_emulate_view}
    {CK U87_reg_74 default_emulate_view}
    {CK U87_reg_24 default_emulate_view}
    {CK U45_reg_41 default_emulate_view}
    {CK tiki_U14_reg_reg_40_7 default_emulate_view}
    {CK tiki_U47_reg_25 default_emulate_view}
    {CK storm_U59_reg_20 default_emulate_view}
    {CK U65_reg_573 default_emulate_view}
    {CK U65_reg_66 default_emulate_view}
    {CK U111_reg_2 default_emulate_view}
    {CK U65_reg_572 default_emulate_view}
    {CK U65_reg_326 default_emulate_view}
    {CK tiki_U14_reg_reg_84_8 default_emulate_view}
    {CK storm_U34_reg_4 default_emulate_view}
    {CK U73_reg_71 default_emulate_view}
    {CK U35_reg_7 default_emulate_view}
    {CK tiki_U14_reg_reg_146_5 default_emulate_view}
    {CK storm_U3_reg_134 default_emulate_view}
    {CK storm_U80_reg_120 default_emulate_view}
    {CK U251_reg_8 default_emulate_view}
    {CK U352_reg_4 default_emulate_view}
    {CK tiki_U21_reg_244 default_emulate_view}
    {CK U35_reg_29 default_emulate_view}
    {CK storm_U50_reg_190 default_emulate_view}
    {CK storm_U2_reg_141 default_emulate_view}
    {CK tiki_U47_reg_87 default_emulate_view}
    {CK tiki_U37_reg_96 default_emulate_view}
    {CK U20_reg_590 default_emulate_view}
    {CK U65_reg_163 default_emulate_view}
    {CK U476_reg_2 default_emulate_view}
    {CK U11_reg_50 default_emulate_view}
    {CK U572_reg_1 default_emulate_view}
    {CK U11_reg_246 default_emulate_view}
    {CK storm_U53_reg_123 default_emulate_view}
    {CK tiki_U14_reg_reg_163_0 default_emulate_view}
    {CK storm_U26_reg_136 default_emulate_view}
    {CK U63_reg_58 default_emulate_view}
    {CK storm_U16_reg_143 default_emulate_view}
    {CK U256_reg_4 default_emulate_view}
    {CK U65_reg_117 default_emulate_view}
    {CK U20_reg_388 default_emulate_view}
    {CK U65_reg_232 default_emulate_view}
    {CK tiki_U47_reg_142 default_emulate_view}
    {CK U573_reg default_emulate_view}
    {CK U129_reg_103 default_emulate_view}
    {CK U574_reg default_emulate_view}
    {CK U11_reg_131 default_emulate_view}
    {CK storm_U3_reg_163 default_emulate_view}
    {CK U20_reg_264 default_emulate_view}
    {CK tiki_U14_reg_reg_143_8 default_emulate_view}
    {CK U65_reg_116 default_emulate_view}
    {CK tiki_U47_reg_58 default_emulate_view}
    {CK storm_U22_reg_118 default_emulate_view}
    {CK storm_U62_reg_121 default_emulate_view}
    {CK storm_U80_reg_131 default_emulate_view}
    {CK kasa_U575_reg default_emulate_view}
    {CK U405_reg_7 default_emulate_view}
    {CK kasa_U576_reg default_emulate_view}
    {CK kasa_U577_reg default_emulate_view}
    {CK U30_reg_208 default_emulate_view}
    {CK U11_reg_169 default_emulate_view}
    {CK U19_reg_40 default_emulate_view}
    {CK U58_reg_46 default_emulate_view}
    {CK U38_reg_62 default_emulate_view}
    {CK U32_reg_126 default_emulate_view}
    {CK U38_reg_205 default_emulate_view}
    {CK U31_reg_19 default_emulate_view}
    {CK tiki_U14_reg_reg_61_7 default_emulate_view}
    {CK storm_U53_reg_164 default_emulate_view}
    {CK U65_reg_233 default_emulate_view}
    {CK U20_reg_10 default_emulate_view}
    {CK U65_reg_662 default_emulate_view}
    {CK U65_reg_661 default_emulate_view}
    {CK U20_reg_128 default_emulate_view}
    {CK U65_reg_462 default_emulate_view}
    {CK tiki_U14_reg_reg_64_0 default_emulate_view}
    {CK tiki_U200_reg_6 default_emulate_view}
    {CK tiki_U181_reg_10 default_emulate_view}
    {CK tiki_U14_reg_reg_148_8 default_emulate_view}
    {CK storm_U25_reg_136 default_emulate_view}
    {CK storm_U22_reg_138 default_emulate_view}
    {CK tiki_U14_reg_reg_28_8 default_emulate_view}
    {CK storm_U1_reg_169 default_emulate_view}
    {CK U76_reg_20 default_emulate_view}
    {CK tiki_U37_reg_139 default_emulate_view}
    {CK tiki_U14_reg_reg_219_10 default_emulate_view}
    {CK tiki_U37_reg_211 default_emulate_view}
    {CK tiki_U14_reg_reg_205_2 default_emulate_view}
    {CK tiki_U181_reg_2 default_emulate_view}
    {CK kasa_U578_reg default_emulate_view}
    {CK U146_reg_3 default_emulate_view}
    {CK U51_reg_126 default_emulate_view}
    {CK U11_reg_134 default_emulate_view}
    {CK U129_reg_117 default_emulate_view}
    {CK U39_reg_14 default_emulate_view}
    {CK U32_reg_66 default_emulate_view}
    {CK U38_reg_226 default_emulate_view}
    {CK U31_reg_39 default_emulate_view}
    {CK U30_reg_246 default_emulate_view}
    {CK U30_reg_36 default_emulate_view}
    {CK tiki_U14_reg_reg_226_6 default_emulate_view}
    {CK tiki_U14_reg_reg_245_5 default_emulate_view}
    {CK tiki_U14_reg_reg_161_9 default_emulate_view}
    {CK tiki_U14_reg_reg_132_2 default_emulate_view}
    {CK tiki_U14_reg_reg_188_0 default_emulate_view}
    {CK tiki_U21_reg_250 default_emulate_view}
    {CK tiki_U14_reg_reg_167_2 default_emulate_view}
    {CK storm_U52_reg_162 default_emulate_view}
    {CK U24_reg_16 default_emulate_view}
    {CK U122_reg_55 default_emulate_view}
    {CK tiki_U14_reg_reg_135_4 default_emulate_view}
    {CK U358_reg_2 default_emulate_view}
    {CK tiki_U21_reg_132 default_emulate_view}
    {CK tiki_U14_reg_reg_53_11 default_emulate_view}
    {CK tiki_U21_reg_163 default_emulate_view}
    {CK tiki_U21_reg_117 default_emulate_view}
    {CK storm_U26_reg_164 default_emulate_view}
    {CK U65_reg_489 default_emulate_view}
    {CK tiki_U14_reg_reg_122_10 default_emulate_view}
    {CK tiki_U14_reg_reg_237_10 default_emulate_view}
    {CK tiki_U14_reg_reg_254_10 default_emulate_view}
    {CK U12_reg_12 default_emulate_view}
    {CK U51_reg_0 default_emulate_view}
    {CK tiki_U14_reg_reg_149_9 default_emulate_view}
    {CK U171_reg_6 default_emulate_view}
    {CK kasa_U579_reg default_emulate_view}
    {CK kasa_U580_reg default_emulate_view}
    {CK U83_reg_26 default_emulate_view}
    {CK kasa_U581_reg default_emulate_view}
    {CK U70_reg_70 default_emulate_view}
    {CK U10_reg_53 default_emulate_view}
    {CK storm_U1_reg_29 default_emulate_view}
    {CK storm_U50_reg_51 default_emulate_view}
    {CK storm_U62_reg_61 default_emulate_view}
    {CK tiki_U14_reg_reg_25_8 default_emulate_view}
    {CK U35_reg_61 default_emulate_view}
    {CK storm_U52_reg_12 default_emulate_view}
    {CK storm_U16_reg_23 default_emulate_view}
    {CK tiki_U210_reg_11 default_emulate_view}
    {CK tiki_U229_reg_10 default_emulate_view}
    {CK tiki_U37_reg_253 default_emulate_view}
    {CK U32_reg_61 default_emulate_view}
    {CK U129_reg_58 default_emulate_view}
    {CK tiki_U14_reg_reg_95_11 default_emulate_view}
    {CK storm_U53_reg_49 default_emulate_view}
    {CK storm_U2_reg_0 default_emulate_view}
    {CK storm_U16_reg_66 default_emulate_view}
    {CK tiki_U14_reg_reg_83_9 default_emulate_view}
    {CK storm_U2_reg_27 default_emulate_view}
    {CK U175_reg_17 default_emulate_view}
    {CK storm_U133_reg_20 default_emulate_view}
    {CK tiki_U14_reg_reg_3_11 default_emulate_view}
    {CK U20_reg_483 default_emulate_view}
    {CK U20_reg_181 default_emulate_view}
    {CK U77_reg_7 default_emulate_view}
    {CK U38_reg_17 default_emulate_view}
    {CK U582_reg default_emulate_view}
    {CK storm_U34_reg_69 default_emulate_view}
    {CK U38_reg_187 default_emulate_view}
    {CK U10_reg_127 default_emulate_view}
    {CK storm_U26_reg_32 default_emulate_view}
    {CK storm_U53_reg_64 default_emulate_view}
    {CK tiki_U14_reg_reg_141_1 default_emulate_view}
    {CK storm_U43_reg_15 default_emulate_view}
    {CK storm_U25_reg_26 default_emulate_view}
    {CK tiki_U14_reg_reg_177_1 default_emulate_view}
    {CK U30_reg_225 default_emulate_view}
    {CK U11_reg_52 default_emulate_view}
    {CK U512_reg_1 default_emulate_view}
    {CK storm_U59_reg_78 default_emulate_view}
    {CK tiki_U47_reg_195 default_emulate_view}
    {CK U51_reg_58 default_emulate_view}
    {CK U65_reg_317 default_emulate_view}
    {CK storm_U52_reg_49 default_emulate_view}
    {CK storm_U53_reg_21 default_emulate_view}
    {CK storm_U50_reg_57 default_emulate_view}
    {CK kasa_U583_reg default_emulate_view}
    {CK tiki_U14_reg_reg_70_1 default_emulate_view}
    {CK tiki_U14_reg_reg_48_4 default_emulate_view}
    {CK storm_U52_reg_60 default_emulate_view}
    {CK U175_reg_64 default_emulate_view}
    {CK tiki_U205_reg_17 default_emulate_view}
    {CK tiki_U14_reg_reg_187_0 default_emulate_view}
    {CK tiki_U14_reg_reg_213_6 default_emulate_view}
    {CK U584_reg default_emulate_view}
    {CK U58_reg_15 default_emulate_view}
    {CK U30_reg_11 default_emulate_view}
    {CK U12_reg_97 default_emulate_view}
    {CK U11_reg_140 default_emulate_view}
    {CK storm_U3_reg_67 default_emulate_view}
    {CK U51_reg_181 default_emulate_view}
    {CK storm_U16_reg_170 default_emulate_view}
    {CK storm_U23_reg_188 default_emulate_view}
    {CK storm_U88_reg_125 default_emulate_view}
    {CK storm_U88_reg_25 default_emulate_view}
    {CK storm_U3_reg_142 default_emulate_view}
    {CK storm_U176_reg_1 default_emulate_view}
    {CK U51_reg_67 default_emulate_view}
    {CK U45_reg_46 default_emulate_view}
    {CK U38_reg_200 default_emulate_view}
    {CK tiki_U14_reg_reg_30_9 default_emulate_view}
    {CK tiki_U47_reg_207 default_emulate_view}
    {CK storm_U34_reg_119 default_emulate_view}
    {CK U17_reg_76 default_emulate_view}
    {CK tiki_U37_reg_192 default_emulate_view}
    {CK tiki_U181_reg_8 default_emulate_view}
    {CK tiki_U205_reg_14 default_emulate_view}
    {CK tiki_U14_reg_reg_236_0 default_emulate_view}
    {CK tiki_U14_reg_reg_119_3 default_emulate_view}
    {CK tiki_U15_reg_13 default_emulate_view}
    {CK storm_U215_reg_6 default_emulate_view}
    {CK storm_U4_reg_96 default_emulate_view}
    {CK storm_U585_reg_0 default_emulate_view}
    {CK storm_U88_reg_80 default_emulate_view}
    {CK U175_reg_19 default_emulate_view}
    {CK U76_reg_71 default_emulate_view}
    {CK tiki_U14_reg_reg_5_5 default_emulate_view}
    {CK tiki_U14_reg_reg_63_3 default_emulate_view}
    {CK storm_U52_reg_165 default_emulate_view}
    {CK storm_U43_reg_190 default_emulate_view}
    {CK storm_U4_reg_88 default_emulate_view}
    {CK storm_U59_reg_172 default_emulate_view}
    {CK storm_U88_reg_33 default_emulate_view}
    {CK storm_U4_reg_54 default_emulate_view}
    {CK U586_reg default_emulate_view}
    {CK U240_reg_7 default_emulate_view}
    {CK U71_reg_61 default_emulate_view}
    {CK U51_reg_82 default_emulate_view}
    {CK U138_reg_40 default_emulate_view}
    {CK U38_reg_122 default_emulate_view}
    {CK U587_reg default_emulate_view}
    {CK U70_reg_25 default_emulate_view}
    {CK tiki_U14_reg_reg_112_6 default_emulate_view}
    {CK tiki_U14_reg_reg_65_5 default_emulate_view}
    {CK tiki_U14_reg_reg_35_9 default_emulate_view}
    {CK storm_U26_reg_143 default_emulate_view}
    {CK U12_reg_112 default_emulate_view}
    {CK U17_reg_119 default_emulate_view}
    {CK U65_reg_294 default_emulate_view}
    {CK tiki_U14_reg_reg_3_7 default_emulate_view}
    {CK storm_U293_reg_4 default_emulate_view}
    {CK storm_U203_reg_4 default_emulate_view}
    {CK storm_U22_reg_196 default_emulate_view}
    {CK U175_reg_62 default_emulate_view}
    {CK U122_reg_45 default_emulate_view}
    {CK storm_U16_reg_110 default_emulate_view}
    {CK storm_U23_reg_176 default_emulate_view}
    {CK U65_reg_481 default_emulate_view}
    {CK U297_reg_1 default_emulate_view}
    {CK kasa_U588_reg default_emulate_view}
    {CK tiki_U14_reg_reg_111_5 default_emulate_view}
    {CK tiki_U14_reg_reg_108_3 default_emulate_view}
    {CK U493_reg_1 default_emulate_view}
    {CK U30_reg_135 default_emulate_view}
    {CK U84_reg_48 default_emulate_view}
    {CK U19_reg_30 default_emulate_view}
    {CK storm_U152_reg_3 default_emulate_view}
    {CK tiki_U21_reg_54 default_emulate_view}
    {CK U282_reg_4 default_emulate_view}
    {CK tiki_U14_reg_reg_195_7 default_emulate_view}
    {CK tiki_U14_reg_reg_104_9 default_emulate_view}
    {CK U73_reg_1 default_emulate_view}
    {CK tiki_U14_reg_reg_26_9 default_emulate_view}
    {CK tiki_U14_reg_reg_133_11 default_emulate_view}
    {CK U20_reg_435 default_emulate_view}
    {CK U20_reg_213 default_emulate_view}
    {CK tiki_U14_reg_reg_68_7 default_emulate_view}
    {CK U38_reg_177 default_emulate_view}
    {CK U87_reg_16 default_emulate_view}
    {CK U178_reg_6 default_emulate_view}
    {CK tiki_U14_reg_reg_142_5 default_emulate_view}
    {CK U10_reg_171 default_emulate_view}
    {CK storm_U26_reg_121 default_emulate_view}
    {CK storm_U78_reg_176 default_emulate_view}
    {CK tiki_U47_reg_149 default_emulate_view}
    {CK U368_reg_2 default_emulate_view}
    {CK tiki_U14_reg_reg_78_10 default_emulate_view}
    {CK U38_reg_41 default_emulate_view}
    {CK U13_reg_11 default_emulate_view}
    {CK U104_reg_24 default_emulate_view}
    {CK U11_reg_196 default_emulate_view}
    {CK storm_U133_reg_5 default_emulate_view}
    {CK tiki_U357_reg_7 default_emulate_view}
    {CK U5_reg_125 default_emulate_view}
    {CK U10_reg_16 default_emulate_view}
    {CK storm_U3_reg_115 default_emulate_view}
    {CK storm_U25_reg_109 default_emulate_view}
    {CK tiki_U14_reg_reg_17_7 default_emulate_view}
    {CK U290_reg_6 default_emulate_view}
    {CK tiki_U21_reg_92 default_emulate_view}
    {CK tiki_U37_reg_101 default_emulate_view}
    {CK U24_reg_17 default_emulate_view}
    {CK tiki_U14_reg_reg_140_4 default_emulate_view}
    {CK U481_reg_2 default_emulate_view}
    {CK U12_reg_95 default_emulate_view}
    {CK U97_reg_7 default_emulate_view}
    {CK U129_reg_93 default_emulate_view}
    {CK tiki_U14_reg_reg_249_3 default_emulate_view}
    {CK U58_reg_77 default_emulate_view}
    {CK U10_reg_47 default_emulate_view}
    {CK tiki_U14_reg_reg_90_8 default_emulate_view}
    {CK storm_U3_reg_79 default_emulate_view}
    {CK storm_U53_reg_76 default_emulate_view}
    {CK storm_U133_reg_65 default_emulate_view}
    {CK storm_U25_reg_63 default_emulate_view}
    {CK storm_U53_reg_58 default_emulate_view}
    {CK storm_U589_reg_52 default_emulate_view}
    {CK kasa_U590_reg default_emulate_view}
    {CK U5_reg_245 default_emulate_view}
    {CK U172_reg_5 default_emulate_view}
    {CK U70_reg_72 default_emulate_view}
    {CK tiki_U14_reg_reg_199_7 default_emulate_view}
    {CK tiki_U14_reg_reg_177_3 default_emulate_view}
    {CK tiki_U37_reg_166 default_emulate_view}
    {CK storm_U3_reg_87 default_emulate_view}
    {CK U65_reg_370 default_emulate_view}
    {CK tiki_U14_reg_reg_27_5 default_emulate_view}
    {CK tiki_U14_reg_reg_156_9 default_emulate_view}
    {CK tiki_U14_reg_reg_148_1 default_emulate_view}
    {CK tiki_U14_reg_reg_28_5 default_emulate_view}
    {CK storm_U1_reg_44 default_emulate_view}
    {CK storm_U26_reg_34 default_emulate_view}
    {CK storm_U23_reg_29 default_emulate_view}
    {CK storm_U43_reg_27 default_emulate_view}
    {CK U29_reg_72 default_emulate_view}
    {CK tiki_U205_reg_19 default_emulate_view}
    {CK tiki_U591_reg default_emulate_view}
    {CK storm_U22_reg_63 default_emulate_view}
    {CK storm_U22_reg_77 default_emulate_view}
    {CK tiki_U14_reg_reg_121_4 default_emulate_view}
    {CK kasa_U592_reg default_emulate_view}
    {CK U28_reg_7 default_emulate_view}
    {CK tiki_U37_reg_35 default_emulate_view}
    {CK U24_reg_18 default_emulate_view}
    {CK storm_U26_reg_60 default_emulate_view}
    {CK storm_U133_reg_34 default_emulate_view}
    {CK U31_reg_73 default_emulate_view}
    {CK U32_reg_134 default_emulate_view}
    {CK U5_reg_215 default_emulate_view}
    {CK storm_U59_reg_84 default_emulate_view}
    {CK storm_U50_reg_32 default_emulate_view}
    {CK storm_U34_reg_75 default_emulate_view}
    {CK tiki_U14_reg_reg_236_6 default_emulate_view}
    {CK kasa_U593_reg default_emulate_view}
    {CK storm_U59_reg_50 default_emulate_view}
    {CK tiki_U14_reg_reg_58_1 default_emulate_view}
    {CK tiki_U14_reg_reg_34_5 default_emulate_view}
    {CK U73_reg_47 default_emulate_view}
    {CK U36_reg_8 default_emulate_view}
    {CK tiki_U14_reg_reg_185_9 default_emulate_view}
    {CK tiki_U37_reg_60 default_emulate_view}
    {CK tiki_U47_reg_47 default_emulate_view}
    {CK U65_reg_161 default_emulate_view}
    {CK U30_reg_302 default_emulate_view}
    {CK U39_reg_15 default_emulate_view}
    {CK storm_U22_reg_81 default_emulate_view}
    {CK tiki_U14_reg_reg_101_4 default_emulate_view}
    {CK U30_reg_280 default_emulate_view}
    {CK tiki_U14_reg_reg_79_2 default_emulate_view}
    {CK U83_reg_44 default_emulate_view}
    {CK tiki_U47_reg_112 default_emulate_view}
    {CK U45_reg_1 default_emulate_view}
    {CK U30_reg_42 default_emulate_view}
    {CK U31_reg_66 default_emulate_view}
    {CK U12_reg_93 default_emulate_view}
    {CK U594_reg default_emulate_view}
    {CK U291_reg_4 default_emulate_view}
    {CK tiki_U21_reg_12 default_emulate_view}
    {CK tiki_U14_reg_reg_86_10 default_emulate_view}
    {CK U49_reg_62 default_emulate_view}
    {CK U65_reg_86 default_emulate_view}
    {CK U65_reg_292 default_emulate_view}
    {CK tiki_U14_reg_reg_128_2 default_emulate_view}
    {CK tiki_U14_reg_reg_115_0 default_emulate_view}
    {CK U595_reg_1 default_emulate_view}
    {CK U30_reg_227 default_emulate_view}
    {CK U30_reg_281 default_emulate_view}
    {CK U13_reg_13 default_emulate_view}
    {CK tiki_U314_reg_1 default_emulate_view}
    {CK tiki_U14_reg_reg_164_9 default_emulate_view}
    {CK U405_reg_3 default_emulate_view}
    {CK U45_reg_77 default_emulate_view}
    {CK U51_reg_97 default_emulate_view}
    {CK U11_reg_37 default_emulate_view}
    {CK tiki_U14_reg_reg_27_9 default_emulate_view}
    {CK tiki_U14_reg_reg_50_4 default_emulate_view}
    {CK tiki_U14_reg_reg_65_1 default_emulate_view}
    {CK tiki_U14_reg_reg_244_5 default_emulate_view}
    {CK tiki_U14_reg_reg_191_6 default_emulate_view}
    {CK U20_reg_556 default_emulate_view}
    {CK tiki_U14_reg_reg_33_6 default_emulate_view}
    {CK tiki_U14_reg_reg_253_1 default_emulate_view}
    {CK tiki_U14_reg_reg_1_10 default_emulate_view}
    {CK tiki_U95_reg_10 default_emulate_view}
    {CK U175_reg_78 default_emulate_view}
    {CK U122_reg_17 default_emulate_view}
    {CK tiki_U37_reg_175 default_emulate_view}
    {CK tiki_U21_reg_201 default_emulate_view}
    {CK storm_U16_reg_109 default_emulate_view}
    {CK storm_U3_reg_177 default_emulate_view}
    {CK kasa_U596_reg default_emulate_view}
    {CK U147_reg_6 default_emulate_view}
    {CK U65_reg_30 default_emulate_view}
    {CK tiki_U47_reg_198 default_emulate_view}
    {CK tiki_U14_reg_reg_178_8 default_emulate_view}
    {CK tiki_U37_reg_133 default_emulate_view}
    {CK U84_reg_31 default_emulate_view}
    {CK U138_reg_7 default_emulate_view}
    {CK U12_reg_34 default_emulate_view}
    {CK U225_reg_11 default_emulate_view}
    {CK U5_reg_0 default_emulate_view}
    {CK storm_U4_reg_69 default_emulate_view}
    {CK kasa_U597_reg default_emulate_view}
    {CK kasa_U598_reg default_emulate_view}
    {CK storm_U1_reg_113 default_emulate_view}
    {CK tiki_U47_reg_243 default_emulate_view}
    {CK U476_reg_3 default_emulate_view}
    {CK U38_reg_89 default_emulate_view}
    {CK U291_reg_11 default_emulate_view}
    {CK U10_reg_176 default_emulate_view}
    {CK storm_U26_reg_112 default_emulate_view}
    {CK storm_U34_reg_175 default_emulate_view}
    {CK storm_U59_reg_4 default_emulate_view}
    {CK tiki_U14_reg_reg_181_5 default_emulate_view}
    {CK U35_reg_15 default_emulate_view}
    {CK tiki_U14_reg_reg_201_0 default_emulate_view}
    {CK tiki_U14_reg_reg_5_3 default_emulate_view}
    {CK tiki_U14_reg_reg_54_9 default_emulate_view}
    {CK U38_reg_202 default_emulate_view}
    {CK U30_reg_141 default_emulate_view}
    {CK storm_U317_reg_7 default_emulate_view}
    {CK tiki_U14_reg_reg_202_11 default_emulate_view}
    {CK U375_reg_5 default_emulate_view}
    {CK storm_U133_reg_114 default_emulate_view}
    {CK tiki_U263_reg_4 default_emulate_view}
    {CK U83_reg_54 default_emulate_view}
    {CK U29_reg_21 default_emulate_view}
    {CK tiki_U314_reg_9 default_emulate_view}
    {CK tiki_U14_reg_reg_85_9 default_emulate_view}
    {CK tiki_U14_reg_reg_102_11 default_emulate_view}
    {CK tiki_U14_reg_reg_110_10 default_emulate_view}
    {CK tiki_U14_reg_reg_88_6 default_emulate_view}
    {CK U45_reg_48 default_emulate_view}
    {CK tiki_U14_reg_reg_220_10 default_emulate_view}
    {CK storm_U88_reg_46 default_emulate_view}
    {CK storm_U2_reg_166 default_emulate_view}
    {CK storm_U59_reg_140 default_emulate_view}
    {CK tiki_U14_reg_reg_3_0 default_emulate_view}
    {CK U156_reg_1 default_emulate_view}
    {CK storm_U599_reg_0 default_emulate_view}
    {CK storm_U4_reg_52 default_emulate_view}
    {CK U600_reg default_emulate_view}
    {CK U11_reg_117 default_emulate_view}
    {CK tiki_U14_reg_reg_55_0 default_emulate_view}
    {CK tiki_U14_reg_reg_72_8 default_emulate_view}
    {CK storm_U78_reg_169 default_emulate_view}
    {CK storm_U26_reg_191 default_emulate_view}
    {CK storm_U1_reg_136 default_emulate_view}
    {CK tiki_U14_reg_reg_187_4 default_emulate_view}
    {CK tiki_U314_reg_6 default_emulate_view}
    {CK storm_U88_reg_98 default_emulate_view}
    {CK tiki_U37_reg_67 default_emulate_view}
    {CK U49_reg_64 default_emulate_view}
    {CK storm_U96_reg_4 default_emulate_view}
    {CK U65_reg_118 default_emulate_view}
    {CK tiki_U14_reg_reg_223_0 default_emulate_view}
    {CK tiki_U37_reg_28 default_emulate_view}
    {CK tiki_U14_reg_reg_146_9 default_emulate_view}
    {CK U129_reg_114 default_emulate_view}
    {CK U11_reg_7 default_emulate_view}
    {CK tiki_U14_reg_reg_152_0 default_emulate_view}
    {CK storm_U80_reg_134 default_emulate_view}
    {CK tiki_U301_reg_5 default_emulate_view}
    {CK storm_U52_reg_159 default_emulate_view}
    {CK storm_U2_reg_138 default_emulate_view}
    {CK storm_U293_reg_2 default_emulate_view}
    {CK storm_U2_reg_194 default_emulate_view}
    {CK storm_U26_reg_167 default_emulate_view}
    {CK storm_U80_reg_173 default_emulate_view}
    {CK U5_reg_214 default_emulate_view}
    {CK kasa_U601_reg default_emulate_view}
    {CK U258_reg_2 default_emulate_view}
    {CK U32_reg_78 default_emulate_view}
    {CK U178_reg_8 default_emulate_view}
    {CK U84_reg_50 default_emulate_view}
    {CK U87_reg_47 default_emulate_view}
    {CK U87_reg_35 default_emulate_view}
    {CK tiki_U47_reg_171 default_emulate_view}
    {CK tiki_U14_reg_reg_15_0 default_emulate_view}
    {CK storm_U62_reg_135 default_emulate_view}
    {CK storm_U59_reg_128 default_emulate_view}
    {CK tiki_U14_reg_reg_90_9 default_emulate_view}
    {CK tiki_U14_reg_reg_9_7 default_emulate_view}
    {CK U20_reg_592 default_emulate_view}
    {CK tiki_U127_reg_1 default_emulate_view}
    {CK storm_U133_reg_142 default_emulate_view}
    {CK storm_U4_reg_112 default_emulate_view}
    {CK storm_U317_reg_6 default_emulate_view}
    {CK U73_reg_74 default_emulate_view}
    {CK tiki_U21_reg_189 default_emulate_view}
    {CK tiki_U21_reg_83 default_emulate_view}
    {CK U65_reg_234 default_emulate_view}
    {CK storm_U80_reg_119 default_emulate_view}
    {CK U10_reg_56 default_emulate_view}
    {CK U32_reg_184 default_emulate_view}
    {CK U70_reg_50 default_emulate_view}
    {CK U87_reg_76 default_emulate_view}
    {CK U30_reg_186 default_emulate_view}
    {CK tiki_U14_reg_reg_70_9 default_emulate_view}
    {CK U20_reg_13 default_emulate_view}
    {CK U65_reg_460 default_emulate_view}
    {CK tiki_U37_reg_128 default_emulate_view}
    {CK tiki_U14_reg_reg_194_11 default_emulate_view}
    {CK tiki_U14_reg_reg_200_9 default_emulate_view}
    {CK tiki_U14_reg_reg_165_9 default_emulate_view}
    {CK tiki_U14_reg_reg_167_3 default_emulate_view}
    {CK storm_U1_reg_124 default_emulate_view}
    {CK storm_U34_reg_130 default_emulate_view}
    {CK storm_U25_reg_134 default_emulate_view}
    {CK storm_U50_reg_136 default_emulate_view}
    {CK U29_reg_51 default_emulate_view}
    {CK U76_reg_76 default_emulate_view}
    {CK tiki_U14_reg_reg_89_6 default_emulate_view}
    {CK tiki_U14_reg_reg_248_5 default_emulate_view}
    {CK U55_reg_6 default_emulate_view}
    {CK tiki_U37_reg_9 default_emulate_view}
    {CK storm_U1_reg_135 default_emulate_view}
    {CK storm_U62_reg_128 default_emulate_view}
    {CK tiki_U14_reg_reg_54_3 default_emulate_view}
    {CK U65_reg_510 default_emulate_view}
    {CK U322_reg_1 default_emulate_view}
    {CK U12_reg_5 default_emulate_view}
    {CK U602_reg_2 default_emulate_view}
    {CK U12_reg_80 default_emulate_view}
    {CK tiki_U14_reg_reg_137_1 default_emulate_view}
    {CK U51_reg_128 default_emulate_view}
    {CK storm_U16_reg_131 default_emulate_view}
    {CK U20_reg_386 default_emulate_view}
    {CK tiki_U14_reg_reg_27_0 default_emulate_view}
    {CK storm_U2_reg_135 default_emulate_view}
    {CK U76_reg_5 default_emulate_view}
    {CK U175_reg_74 default_emulate_view}
    {CK tiki_U14_reg_reg_164_6 default_emulate_view}
    {CK tiki_U14_reg_reg_69_10 default_emulate_view}
    {CK tiki_U14_reg_reg_213_9 default_emulate_view}
    {CK U20_reg_262 default_emulate_view}
    {CK U65_reg_664 default_emulate_view}
    {CK U58_reg_5 default_emulate_view}
    {CK storm_U34_reg_182 default_emulate_view}
    {CK storm_U22_reg_9 default_emulate_view}
    {CK storm_U25_reg_23 default_emulate_view}
    {CK tiki_U14_reg_reg_84_0 default_emulate_view}
    {CK U106_reg_7 default_emulate_view}
    {CK kasa_U603_reg default_emulate_view}
    {CK U124_reg_7 default_emulate_view}
    {CK tiki_U14_reg_reg_144_4 default_emulate_view}
    {CK U122_reg_38 default_emulate_view}
    {CK storm_U3_reg_4 default_emulate_view}
    {CK U65_reg_64 default_emulate_view}
    {CK U65_reg_570 default_emulate_view}
    {CK tiki_U14_reg_reg_21_10 default_emulate_view}
    {CK U38_reg_239 default_emulate_view}
    {CK U84_reg_5 default_emulate_view}
    {CK U129_reg_57 default_emulate_view}
    {CK U5_reg_39 default_emulate_view}
    {CK U51_reg_60 default_emulate_view}
    {CK storm_U53_reg_7 default_emulate_view}
    {CK storm_U22_reg_13 default_emulate_view}
    {CK storm_U22_reg_27 default_emulate_view}
    {CK tiki_U14_reg_reg_36_7 default_emulate_view}
    {CK tiki_U14_reg_reg_50_3 default_emulate_view}
    {CK tiki_U14_reg_reg_42_9 default_emulate_view}
    {CK tiki_U217_reg_0 default_emulate_view}
    {CK U49_reg_46 default_emulate_view}
    {CK tiki_U14_reg_reg_75_5 default_emulate_view}
    {CK U20_reg_179 default_emulate_view}
    {CK U20_reg_484 default_emulate_view}
    {CK U65_reg_324 default_emulate_view}
    {CK U246_reg_2 default_emulate_view}
    {CK U32_reg_155 default_emulate_view}
    {CK U58_reg_48 default_emulate_view}
    {CK U11_reg_108 default_emulate_view}
    {CK storm_U53_reg_30 default_emulate_view}
    {CK tiki_U14_reg_reg_184_4 default_emulate_view}
    {CK U5_reg_18 default_emulate_view}
    {CK U31_reg_53 default_emulate_view}
    {CK U10_reg_17 default_emulate_view}
    {CK tiki_U37_reg_74 default_emulate_view}
    {CK tiki_U14_reg_reg_54_11 default_emulate_view}
    {CK U65_reg_186 default_emulate_view}
    {CK tiki_U14_reg_reg_180_11 default_emulate_view}
    {CK storm_U1_reg_14 default_emulate_view}
    {CK storm_U52_reg_25 default_emulate_view}
    {CK storm_U2_reg_12 default_emulate_view}
    {CK storm_U52_reg_7 default_emulate_view}
    {CK storm_U1_reg_1 default_emulate_view}
    {CK U10_reg_124 default_emulate_view}
    {CK U17_reg_29 default_emulate_view}
    {CK U11_reg_42 default_emulate_view}
    {CK U11_reg_158 default_emulate_view}
    {CK U456_reg_3 default_emulate_view}
    {CK U105_reg_10 default_emulate_view}
    {CK U196_reg_2 default_emulate_view}
    {CK U17_reg_74 default_emulate_view}
    {CK U30_reg_161 default_emulate_view}
    {CK tiki_U181_reg_5 default_emulate_view}
    {CK tiki_U47_reg_131 default_emulate_view}
    {CK storm_U53_reg_60 default_emulate_view}
    {CK storm_U78_reg_39 default_emulate_view}
    {CK U20_reg_310 default_emulate_view}
    {CK U65_reg_634 default_emulate_view}
    {CK tiki_U14_reg_reg_145_9 default_emulate_view}
    {CK U65_reg_318 default_emulate_view}
    {CK tiki_U21_reg_114 default_emulate_view}
    {CK U604_reg default_emulate_view}
    {CK tiki_U14_reg_reg_201_6 default_emulate_view}
    {CK storm_U26_reg_116 default_emulate_view}
    {CK U175_reg_12 default_emulate_view}
    {CK tiki_U14_reg_reg_87_9 default_emulate_view}
    {CK tiki_U14_reg_reg_155_4 default_emulate_view}
    {CK U65_reg_202 default_emulate_view}
    {CK storm_U324_reg_4 default_emulate_view}
    {CK storm_U4_reg_123 default_emulate_view}
    {CK storm_U2_reg_83 default_emulate_view}
    {CK storm_U78_reg_194 default_emulate_view}
    {CK storm_U62_reg_55 default_emulate_view}
    {CK storm_U16_reg_183 default_emulate_view}
    {CK U231_reg_5 default_emulate_view}
    {CK U5_reg_32 default_emulate_view}
    {CK U195_reg_6 default_emulate_view}
    {CK kasa_U605_reg default_emulate_view}
    {CK U51_reg_66 default_emulate_view}
    {CK U12_reg_126 default_emulate_view}
    {CK U11_reg_199 default_emulate_view}
    {CK U138_reg_58 default_emulate_view}
    {CK U39_reg_11 default_emulate_view}
    {CK U606_reg default_emulate_view}
    {CK U71_reg_31 default_emulate_view}
    {CK U87_reg_9 default_emulate_view}
    {CK U30_reg_96 default_emulate_view}
    {CK tiki_U47_reg_7 default_emulate_view}
    {CK tiki_U14_reg_reg_116_2 default_emulate_view}
    {CK U11_reg_102 default_emulate_view}
    {CK U11_reg_255 default_emulate_view}
    {CK U488_reg_2 default_emulate_view}
    {CK U65_reg_98 default_emulate_view}
    {CK U20_reg_45 default_emulate_view}
    {CK U20_reg_436 default_emulate_view}
    {CK tiki_U14_reg_reg_118_4 default_emulate_view}
    {CK tiki_U95_reg_16 default_emulate_view}
    {CK tiki_U14_reg_reg_103_9 default_emulate_view}
    {CK tiki_U14_reg_reg_207_9 default_emulate_view}
    {CK tiki_U14_reg_reg_185_6 default_emulate_view}
    {CK storm_U1_reg_92 default_emulate_view}
    {CK storm_U80_reg_85 default_emulate_view}
    {CK tiki_U14_reg_reg_202_9 default_emulate_view}
    {CK storm_U2_reg_79 default_emulate_view}
    {CK U24_reg_59 default_emulate_view}
    {CK storm_U62_reg_54 default_emulate_view}
    {CK storm_U88_reg_61 default_emulate_view}
    {CK storm_U295_reg_7 default_emulate_view}
    {CK tiki_U21_reg_37 default_emulate_view}
    {CK U73_reg_69 default_emulate_view}
    {CK storm_U59_reg_81 default_emulate_view}
    {CK storm_U3_reg_88 default_emulate_view}
    {CK U65_reg_486 default_emulate_view}
    {CK U65_reg_308 default_emulate_view}
    {CK U399_reg_1 default_emulate_view}
    {CK U51_reg_20 default_emulate_view}
    {CK tiki_U56_reg_0 default_emulate_view}
    {CK storm_U22_reg_191 default_emulate_view}
    {CK storm_U4_reg_99 default_emulate_view}
    {CK storm_U94_reg_15 default_emulate_view}
    {CK kasa_U607_reg default_emulate_view}
    {CK storm_U1_reg_98 default_emulate_view}
    {CK U35_reg_24 default_emulate_view}
    {CK storm_U43_reg_77 default_emulate_view}
    {CK storm_U2_reg_195 default_emulate_view}
    {CK tiki_U14_reg_reg_101_6 default_emulate_view}
    {CK U65_reg_586 default_emulate_view}
    {CK U38_reg_140 default_emulate_view}
    {CK U19_reg_42 default_emulate_view}
    {CK tiki_U14_reg_reg_3_6 default_emulate_view}
    {CK U19_reg_21 default_emulate_view}
    {CK storm_U320_reg_6 default_emulate_view}
    {CK U5_reg_212 default_emulate_view}
    {CK U20_reg_211 default_emulate_view}
    {CK tiki_U14_reg_reg_122_3 default_emulate_view}
    {CK U122_reg_20 default_emulate_view}
    {CK tiki_U14_reg_reg_160_4 default_emulate_view}
    {CK U10_reg_14 default_emulate_view}
    {CK tiki_U126_reg_4 default_emulate_view}
    {CK U107_reg_7 default_emulate_view}
    {CK tiki_U14_reg_reg_16_6 default_emulate_view}
    {CK tiki_U37_reg_79 default_emulate_view}
    {CK tiki_U14_reg_reg_167_8 default_emulate_view}
    {CK tiki_U14_reg_reg_87_11 default_emulate_view}
    {CK U65_reg_32 default_emulate_view}
    {CK U20_reg_294 default_emulate_view}
    {CK U20_reg_149 default_emulate_view}
    {CK tiki_U14_reg_reg_10_7 default_emulate_view}
    {CK tiki_U81_reg_15 default_emulate_view}
    {CK U178_reg_15 default_emulate_view}
    {CK U30_reg_83 default_emulate_view}
    {CK U71_reg_38 default_emulate_view}
    {CK tiki_U27_reg_11 default_emulate_view}
    {CK U10_reg_45 default_emulate_view}
    {CK U65_reg_432 default_emulate_view}
    {CK tiki_U37_reg_42 default_emulate_view}
    {CK U20_reg_158 default_emulate_view}
    {CK kasa_U608_reg default_emulate_view}
    {CK kasa_U609_reg default_emulate_view}
    {CK kasa_U610_reg default_emulate_view}
    {CK U38_reg_131 default_emulate_view}
    {CK U10_reg_168 default_emulate_view}
    {CK U104_reg_43 default_emulate_view}
    {CK U38_reg_9 default_emulate_view}
    {CK tiki_U14_reg_reg_242_5 default_emulate_view}
    {CK tiki_U14_reg_reg_129_9 default_emulate_view}
    {CK U20_reg_82 default_emulate_view}
    {CK U65_reg_444 default_emulate_view}
    {CK U65_reg_396 default_emulate_view}
    {CK tiki_U14_reg_reg_125_11 default_emulate_view}
    {CK tiki_U14_reg_reg_156_5 default_emulate_view}
    {CK U20_reg_29 default_emulate_view}
    {CK tiki_U14_reg_reg_174_5 default_emulate_view}
    {CK tiki_U14_reg_reg_204_6 default_emulate_view}
    {CK tiki_U14_reg_reg_38_2 default_emulate_view}
    {CK U63_reg_29 default_emulate_view}
    {CK U83_reg_61 default_emulate_view}
    {CK tiki_U14_reg_reg_71_8 default_emulate_view}
    {CK U65_reg_397 default_emulate_view}
    {CK storm_U26_reg_169 default_emulate_view}
    {CK storm_U133_reg_171 default_emulate_view}
    {CK storm_U4_reg_37 default_emulate_view}
    {CK storm_U4_reg_41 default_emulate_view}
    {CK storm_U315_reg_5 default_emulate_view}
    {CK storm_U4_reg_110 default_emulate_view}
    {CK kasa_U611_reg default_emulate_view}
    {CK U516_reg_0 default_emulate_view}
    {CK U90_reg_1 default_emulate_view}
    {CK U198_reg_2 default_emulate_view}
    {CK U87_reg_14 default_emulate_view}
    {CK U30_reg_101 default_emulate_view}
    {CK U38_reg_173 default_emulate_view}
    {CK tiki_U37_reg_46 default_emulate_view}
    {CK tiki_U47_reg_105 default_emulate_view}
    {CK storm_U3_reg_191 default_emulate_view}
    {CK tiki_U14_reg_reg_127_2 default_emulate_view}
    {CK tiki_U14_reg_reg_4_1 default_emulate_view}
    {CK U20_reg_593 default_emulate_view}
    {CK U65_reg_235 default_emulate_view}
    {CK U65_reg_433 default_emulate_view}
    {CK tiki_U47_reg_120 default_emulate_view}
    {CK tiki_U126_reg_1 default_emulate_view}
    {CK tiki_U14_reg_reg_158_8 default_emulate_view}
    {CK tiki_U14_reg_reg_112_5 default_emulate_view}
    {CK storm_U133_reg_196 default_emulate_view}
    {CK storm_U1_reg_211 default_emulate_view}
    {CK storm_U2_reg_55 default_emulate_view}
    {CK storm_U23_reg_187 default_emulate_view}
    {CK U122_reg_27 default_emulate_view}
    {CK tiki_U37_reg_203 default_emulate_view}
    {CK tiki_U229_reg_7 default_emulate_view}
    {CK tiki_U14_reg_reg_226_8 default_emulate_view}
    {CK storm_U4_reg_94 default_emulate_view}
    {CK storm_U4_reg_13 default_emulate_view}
    {CK storm_U50_reg_171 default_emulate_view}
    {CK tiki_U14_reg_reg_34_3 default_emulate_view}
    {CK tiki_U14_reg_reg_251_7 default_emulate_view}
    {CK tiki_U21_reg_17 default_emulate_view}
    {CK U49_reg_52 default_emulate_view}
    {CK storm_U23_reg_52 default_emulate_view}
    {CK storm_U88_reg_82 default_emulate_view}
    {CK tiki_U14_reg_reg_20_7 default_emulate_view}
    {CK tiki_U47_reg_76 default_emulate_view}
    {CK U20_reg_83 default_emulate_view}
    {CK U20_reg_148 default_emulate_view}
    {CK U65_reg_119 default_emulate_view}
    {CK U38_reg_111 default_emulate_view}
    {CK U19_reg_59 default_emulate_view}
    {CK tiki_U14_reg_reg_76_4 default_emulate_view}
    {CK storm_U101_reg_2 default_emulate_view}
    {CK storm_U78_reg_183 default_emulate_view}
    {CK storm_U78_reg_174 default_emulate_view}
    {CK kasa_U612_reg default_emulate_view}
    {CK storm_U613_reg_0 default_emulate_view}
    {CK U122_reg_78 default_emulate_view}
    {CK U49_reg_37 default_emulate_view}
    {CK tiki_U14_reg_reg_159_10 default_emulate_view}
    {CK U65_reg_33 default_emulate_view}
    {CK tiki_U21_reg_219 default_emulate_view}
    {CK U104_reg_34 default_emulate_view}
    {CK U138_reg_27 default_emulate_view}
    {CK U12_reg_99 default_emulate_view}
    {CK U554_reg_2 default_emulate_view}
    {CK storm_U1_reg_166 default_emulate_view}
    {CK U5_reg_218 default_emulate_view}
    {CK U178_reg_13 default_emulate_view}
    {CK storm_U62_reg_111 default_emulate_view}
    {CK U65_reg_587 default_emulate_view}
    {CK tiki_U14_reg_reg_83_0 default_emulate_view}
    {CK U123_reg_8 default_emulate_view}
    {CK U286_reg_2 default_emulate_view}
    {CK tiki_U14_reg_reg_92_7 default_emulate_view}
    {CK tiki_U14_reg_reg_125_7 default_emulate_view}
    {CK U73_reg_52 default_emulate_view}
    {CK U20_reg_159 default_emulate_view}
    {CK tiki_U14_reg_reg_17_4 default_emulate_view}
    {CK U30_reg_148 default_emulate_view}
    {CK U71_reg_71 default_emulate_view}
    {CK U38_reg_120 default_emulate_view}
    {CK U10_reg_18 default_emulate_view}
    {CK storm_U26_reg_111 default_emulate_view}
    {CK tiki_U14_reg_reg_14_0 default_emulate_view}
    {CK U65_reg_309 default_emulate_view}
    {CK U413_reg_1 default_emulate_view}
    {CK U20_reg_210 default_emulate_view}
    {CK U30_reg_318 default_emulate_view}
    {CK U32_reg_44 default_emulate_view}
    {CK U138_reg_38 default_emulate_view}
    {CK storm_U152_reg_13 default_emulate_view}
    {CK U65_reg_445 default_emulate_view}
    {CK storm_U34_reg_113 default_emulate_view}
    {CK storm_U150_reg_17 default_emulate_view}
    {CK U118_reg_6 default_emulate_view}
    {CK U350_reg_5 default_emulate_view}
    {CK tiki_U14_reg_reg_215_8 default_emulate_view}
    {CK tiki_U14_reg_reg_197_6 default_emulate_view}
    {CK tiki_U14_reg_reg_13_0 default_emulate_view}
    {CK tiki_U15_reg_6 default_emulate_view}
    {CK storm_U16_reg_174 default_emulate_view}
    {CK tiki_U308_reg_4 default_emulate_view}
    {CK U20_reg_295 default_emulate_view}
    {CK U65_reg_187 default_emulate_view}
    {CK tiki_U14_reg_reg_125_1 default_emulate_view}
    {CK tiki_U14_reg_reg_186_4 default_emulate_view}
    {CK U20_reg_44 default_emulate_view}
    {CK tiki_U14_reg_reg_119_5 default_emulate_view}
    {CK U20_reg_614 default_emulate_view}
    {CK tiki_U14_reg_reg_190_10 default_emulate_view}
    {CK U63_reg_17 default_emulate_view}
    {CK U35_reg_62 default_emulate_view}
    {CK storm_U16_reg_21 default_emulate_view}
    {CK storm_U133_reg_31 default_emulate_view}
    {CK tiki_U14_reg_reg_219_7 default_emulate_view}
    {CK U65_reg_633 default_emulate_view}
    {CK U221_reg_2 default_emulate_view}
    {CK U122_reg_10 default_emulate_view}
    {CK storm_U1_reg_27 default_emulate_view}
    {CK storm_U16_reg_11 default_emulate_view}
    {CK tiki_U37_reg_14 default_emulate_view}
    {CK U20_reg_60 default_emulate_view}
    {CK U65_reg_203 default_emulate_view}
    {CK tiki_U14_reg_reg_228_10 default_emulate_view}
    {CK U19_reg_52 default_emulate_view}
    {CK U5_reg_179 default_emulate_view}
    {CK U51_reg_172 default_emulate_view}
    {CK U10_reg_177 default_emulate_view}
    {CK tiki_U14_reg_reg_164_4 default_emulate_view}
    {CK storm_U80_reg_61 default_emulate_view}
    {CK storm_U133_reg_35 default_emulate_view}
    {CK storm_U43_reg_58 default_emulate_view}
    {CK storm_U2_reg_15 default_emulate_view}
    {CK U49_reg_50 default_emulate_view}
    {CK storm_U133_reg_8 default_emulate_view}
    {CK U20_reg_311 default_emulate_view}
    {CK U20_reg_557 default_emulate_view}
    {CK tiki_U14_reg_reg_178_5 default_emulate_view}
    {CK storm_U80_reg_84 default_emulate_view}
    {CK tiki_U14_reg_reg_14_8 default_emulate_view}
    {CK tiki_U21_reg_174 default_emulate_view}
    {CK U65_reg_571 default_emulate_view}
    {CK storm_U34_reg_52 default_emulate_view}
    {CK storm_U34_reg_10 default_emulate_view}
    {CK storm_U34_reg_33 default_emulate_view}
    {CK storm_U16_reg_30 default_emulate_view}
    {CK storm_U80_reg_23 default_emulate_view}
    {CK U265_reg_5 default_emulate_view}
    {CK U5_reg_4 default_emulate_view}
    {CK U5_reg_249 default_emulate_view}
    {CK U70_reg_69 default_emulate_view}
    {CK U11_reg_106 default_emulate_view}
    {CK U11_reg_136 default_emulate_view}
    {CK U11_reg_112 default_emulate_view}
    {CK U104_reg_25 default_emulate_view}
    {CK U105_reg_8 default_emulate_view}
    {CK U38_reg_224 default_emulate_view}
    {CK U31_reg_8 default_emulate_view}
    {CK U30_reg_215 default_emulate_view}
    {CK U30_reg_2 default_emulate_view}
    {CK tiki_U407_reg_3 default_emulate_view}
    {CK tiki_U14_reg_reg_81_8 default_emulate_view}
    {CK storm_U52_reg_59 default_emulate_view}
    {CK U65_reg_65 default_emulate_view}
    {CK U65_reg_87 default_emulate_view}
    {CK U20_reg_178 default_emulate_view}
    {CK U250_reg_2 default_emulate_view}
    {CK U65_reg_325 default_emulate_view}
    {CK tiki_U92_reg_4 default_emulate_view}
    {CK tiki_U14_reg_reg_143_4 default_emulate_view}
    {CK tiki_U14_reg_reg_84_2 default_emulate_view}
    {CK tiki_U14_reg_reg_36_3 default_emulate_view}
    {CK tiki_U14_reg_reg_74_11 default_emulate_view}
    {CK tiki_U14_reg_reg_129_6 default_emulate_view}
    {CK tiki_U14_reg_reg_123_9 default_emulate_view}
    {CK storm_U62_reg_20 default_emulate_view}
    {CK storm_U22_reg_12 default_emulate_view}
    {CK storm_U34_reg_6 default_emulate_view}
    {CK U63_reg_19 default_emulate_view}
    {CK U35_reg_11 default_emulate_view}
    {CK tiki_U314_reg_4 default_emulate_view}
    {CK tiki_U14_reg_reg_117_1 default_emulate_view}
    {CK storm_U22_reg_162 default_emulate_view}
    {CK tiki_U14_reg_reg_97_7 default_emulate_view}
    {CK U65_reg_663 default_emulate_view}
    {CK tiki_U14_reg_reg_227_10 default_emulate_view}
    {CK U123_reg_1 default_emulate_view}
    {CK U157_reg_4 default_emulate_view}
    {CK tiki_U14_reg_reg_204_11 default_emulate_view}
    {CK tiki_U14_reg_reg_183_9 default_emulate_view}
    {CK tiki_U37_reg_119 default_emulate_view}
    {CK U29_reg_42 default_emulate_view}
    {CK tiki_U14_reg_reg_56_10 default_emulate_view}
    {CK U65_reg_461 default_emulate_view}
    {CK U65_reg_99 default_emulate_view}
    {CK U65_reg_371 default_emulate_view}
    {CK tiki_U168_reg_10 default_emulate_view}
    {CK tiki_U14_reg_reg_188_7 default_emulate_view}
    {CK tiki_U14_reg_reg_171_6 default_emulate_view}
    {CK U17_reg_60 default_emulate_view}
    {CK U512_reg_0 default_emulate_view}
    {CK tiki_U14_reg_reg_105_9 default_emulate_view}
    {CK U10_reg_46 default_emulate_view}
    {CK tiki_U14_reg_reg_165_1 default_emulate_view}
    {CK U175_reg_69 default_emulate_view}
    {CK U256_reg_8 default_emulate_view}
    {CK tiki_U14_reg_reg_143_1 default_emulate_view}
    {CK U20_reg_387 default_emulate_view}
    {CK tiki_U47_reg_14 default_emulate_view}
    {CK U12_reg_74 default_emulate_view}
    {CK U45_reg_32 default_emulate_view}
    {CK U30_reg_9 default_emulate_view}
    {CK U196_reg_3 default_emulate_view}
    {CK U5_reg_74 default_emulate_view}
    {CK U405_reg_6 default_emulate_view}
    {CK U527_reg_0 default_emulate_view}
    {CK U31_reg_61 default_emulate_view}
    {CK U58_reg_8 default_emulate_view}
    {CK U38_reg_242 default_emulate_view}
    {CK U32_reg_95 default_emulate_view}
    {CK U30_reg_294 default_emulate_view}
    {CK U129_reg_32 default_emulate_view}
    {CK tiki_U14_reg_reg_224_11 default_emulate_view}
    {CK U20_reg_263 default_emulate_view}
    {CK U20_reg_126 default_emulate_view}
    {CK U20_reg_127 default_emulate_view}
    {CK U20_reg_12 default_emulate_view}
    {CK tiki_U14_reg_reg_40_4 default_emulate_view}
    {CK U20_reg_573 default_emulate_view}
    {CK storm_U52_reg_164 default_emulate_view}
    {CK U73_reg_3 default_emulate_view}
    {CK U192_reg_0 default_emulate_view}
    {CK tiki_U21_reg_23 default_emulate_view}
    {CK tiki_U14_reg_reg_39_0 default_emulate_view}
    {CK tiki_U14_reg_reg_221_7 default_emulate_view}
    {CK kasa_U615_reg default_emulate_view}
    {CK kasa_U616_reg default_emulate_view}
    {CK U10_reg_55 default_emulate_view}
    {CK U105_reg_3 default_emulate_view}
    {CK U572_reg_0 default_emulate_view}
    {CK U617_reg default_emulate_view}
    {CK U129_reg_51 default_emulate_view}
    {CK U45_reg_66 default_emulate_view}
    {CK U32_reg_96 default_emulate_view}
    {CK U84_reg_21 default_emulate_view}
    {CK U71_reg_19 default_emulate_view}
    {CK tiki_U14_reg_reg_98_5 default_emulate_view}
    {CK tiki_U14_reg_reg_114_1 default_emulate_view}
    {CK tiki_U14_reg_reg_181_7 default_emulate_view}
    {CK U65_reg_511 default_emulate_view}
    {CK tiki_U14_reg_reg_95_8 default_emulate_view}
    {CK tiki_U37_reg_57 default_emulate_view}
    {CK tiki_U21_reg_122 default_emulate_view}
    {CK tiki_U14_reg_reg_211_4 default_emulate_view}
    {CK U24_reg_8 default_emulate_view}
    {CK tiki_U56_reg_14 default_emulate_view}
    {CK kasa_U618_reg default_emulate_view}
    {CK U72_reg_1 default_emulate_view}
    {CK U350_reg_8 default_emulate_view}
    {CK tiki_U21_reg_196 default_emulate_view}
    {CK tiki_U14_reg_reg_48_11 default_emulate_view}
    {CK U73_reg_30 default_emulate_view}
    {CK tiki_U14_reg_reg_73_4 default_emulate_view}
    {CK tiki_U21_reg_72 default_emulate_view}
    {CK U287_reg_0 default_emulate_view}
    {CK U70_reg_58 default_emulate_view}
    {CK tiki_U235_reg_10 default_emulate_view}
    {CK tiki_U14_reg_reg_123_4 default_emulate_view}
    {CK U201_reg_4 default_emulate_view}
    {CK tiki_U14_reg_reg_7_2 default_emulate_view}
    {CK U35_reg_10 default_emulate_view}
    {CK tiki_U14_reg_reg_233_1 default_emulate_view}
    {CK tiki_U14_reg_reg_236_3 default_emulate_view}
    {CK U17_reg_41 default_emulate_view}
    {CK U448_reg_1 default_emulate_view}
    {CK U51_reg_127 default_emulate_view}
    {CK storm_U133_reg_68 default_emulate_view}
    {CK storm_U80_reg_82 default_emulate_view}
    {CK storm_U133_reg_183 default_emulate_view}
    {CK tiki_U14_reg_reg_161_5 default_emulate_view}
    {CK tiki_U14_reg_reg_243_8 default_emulate_view}
    {CK U83_reg_64 default_emulate_view}
    {CK storm_U50_reg_62 default_emulate_view}
    {CK tiki_U14_reg_reg_100_0 default_emulate_view}
    {CK tiki_U14_reg_reg_217_8 default_emulate_view}
    {CK U138_reg_49 default_emulate_view}
    {CK tiki_U14_reg_reg_93_8 default_emulate_view}
    {CK storm_U50_reg_80 default_emulate_view}
    {CK storm_U80_reg_86 default_emulate_view}
    {CK storm_U52_reg_187 default_emulate_view}
    {CK tiki_U14_reg_reg_128_6 default_emulate_view}
    {CK storm_U25_reg_66 default_emulate_view}
    {CK U63_reg_22 default_emulate_view}
    {CK storm_U80_reg_59 default_emulate_view}
    {CK tiki_U14_reg_reg_176_7 default_emulate_view}
    {CK U20_reg_485 default_emulate_view}
    {CK tiki_U14_reg_reg_66_7 default_emulate_view}
    {CK storm_U133_reg_55 default_emulate_view}
    {CK U38_reg_139 default_emulate_view}
    {CK U51_reg_59 default_emulate_view}
    {CK storm_U62_reg_74 default_emulate_view}
    {CK storm_U62_reg_195 default_emulate_view}
    {CK storm_U41_reg_186 default_emulate_view}
    {CK tiki_U14_reg_reg_96_6 default_emulate_view}
    {CK kasa_U619_reg default_emulate_view}
    {CK tiki_U21_reg_253 default_emulate_view}
    {CK U35_reg_30 default_emulate_view}
    {CK storm_U16_reg_57 default_emulate_view}
    {CK storm_U62_reg_64 default_emulate_view}
    {CK tiki_U14_reg_reg_190_5 default_emulate_view}
    {CK tiki_U47_reg_178 default_emulate_view}
    {CK U32_reg_113 default_emulate_view}
    {CK U30_reg_31 default_emulate_view}
    {CK U31_reg_78 default_emulate_view}
    {CK storm_U88_reg_119 default_emulate_view}
    {CK tiki_U14_reg_reg_24_7 default_emulate_view}
    {CK U5_reg_221 default_emulate_view}
    {CK storm_U16_reg_80 default_emulate_view}
    {CK storm_U25_reg_84 default_emulate_view}
    {CK storm_U62_reg_87 default_emulate_view}
    {CK U302_reg_5 default_emulate_view}
    {CK storm_U41_reg_67 default_emulate_view}
    {CK U49_reg_59 default_emulate_view}
    {CK tiki_U14_reg_reg_51_0 default_emulate_view}
    {CK tiki_U14_reg_reg_11_11 default_emulate_view}
    {CK tiki_U37_reg_222 default_emulate_view}
    {CK U65_reg_319 default_emulate_view}
    {CK U30_reg_267 default_emulate_view}
    {CK tiki_U14_reg_reg_175_10 default_emulate_view}
    {CK U12_reg_104 default_emulate_view}
    {CK storm_U133_reg_52 default_emulate_view}
    {CK tiki_U37_reg_242 default_emulate_view}
    {CK U10_reg_125 default_emulate_view}
    {CK storm_U133_reg_118 default_emulate_view}
    {CK storm_U80_reg_132 default_emulate_view}
    {CK U477_reg_3 default_emulate_view}
    {CK tiki_U14_reg_reg_147_5 default_emulate_view}
    {CK tiki_U14_reg_reg_172_1 default_emulate_view}
    {CK U122_reg_58 default_emulate_view}
    {CK storm_U133_reg_170 default_emulate_view}
    {CK storm_U26_reg_188 default_emulate_view}
    {CK tiki_U14_reg_reg_205_10 default_emulate_view}
    {CK tiki_U14_reg_reg_59_2 default_emulate_view}
    {CK tiki_U14_reg_reg_238_5 default_emulate_view}
    {CK tiki_U14_reg_reg_215_6 default_emulate_view}
    {CK tiki_U14_reg_reg_56_3 default_emulate_view}
    {CK storm_U1_reg_158 default_emulate_view}
    {CK storm_U2_reg_128 default_emulate_view}
    {CK tiki_U14_reg_reg_121_10 default_emulate_view}
    {CK kasa_U620_reg default_emulate_view}
    {CK tiki_U37_reg_25 default_emulate_view}
    {CK storm_U25_reg_170 default_emulate_view}
    {CK U510_reg_0 default_emulate_view}
    {CK storm_U78_reg_167 default_emulate_view}
    {CK tiki_U14_reg_reg_37_4 default_emulate_view}
    {CK U87_reg_22 default_emulate_view}
    {CK tiki_U14_reg_reg_159_3 default_emulate_view}
    {CK U51_reg_83 default_emulate_view}
    {CK storm_U41_reg_141 default_emulate_view}
    {CK storm_U59_reg_130 default_emulate_view}
    {CK tiki_U14_reg_reg_192_8 default_emulate_view}
    {CK U358_reg_6 default_emulate_view}
    {CK tiki_U185_reg_6 default_emulate_view}
    {CK tiki_U14_reg_reg_17_3 default_emulate_view}
    {CK tiki_U127_reg_16 default_emulate_view}
    {CK tiki_U14_reg_reg_13_3 default_emulate_view}
    {CK tiki_U37_reg_107 default_emulate_view}
    {CK U29_reg_4 default_emulate_view}
    {CK storm_U16_reg_169 default_emulate_view}
    {CK storm_U26_reg_190 default_emulate_view}
    {CK tiki_U14_reg_reg_120_10 default_emulate_view}
    {CK U20_reg_437 default_emulate_view}
    {CK tiki_U14_reg_reg_242_1 default_emulate_view}
    {CK tiki_U338_reg_7 default_emulate_view}
    {CK U32_reg_177 default_emulate_view}
    {CK U58_reg_68 default_emulate_view}
    {CK U51_reg_98 default_emulate_view}
    {CK storm_U25_reg_133 default_emulate_view}
    {CK storm_U43_reg_165 default_emulate_view}
    {CK storm_U78_reg_120 default_emulate_view}
    {CK storm_U80_reg_143 default_emulate_view}
    {CK U12_reg_26 default_emulate_view}
    {CK U38_reg_69 default_emulate_view}
    {CK U38_reg_46 default_emulate_view}
    {CK U70_reg_45 default_emulate_view}
    {CK U51_reg_65 default_emulate_view}
    {CK storm_U41_reg_2 default_emulate_view}
    {CK U65_reg_293 default_emulate_view}
    {CK tiki_U168_reg_16 default_emulate_view}
    {CK kasa_U621_reg default_emulate_view}
    {CK U72_reg_8 default_emulate_view}
    {CK U35_reg_51 default_emulate_view}
    {CK storm_U150_reg_6 default_emulate_view}
    {CK storm_U26_reg_176 default_emulate_view}
    {CK tiki_U169_reg_4 default_emulate_view}
    {CK tiki_U14_reg_reg_159_11 default_emulate_view}
    {CK tiki_U14_reg_reg_96_8 default_emulate_view}
    {CK U30_reg_156 default_emulate_view}
    {CK U87_reg_68 default_emulate_view}
    {CK U32_reg_124 default_emulate_view}
    {CK U19_reg_31 default_emulate_view}
    {CK tiki_U14_reg_reg_0_9 default_emulate_view}
    {CK U476_reg_1 default_emulate_view}
    {CK storm_U16_reg_28 default_emulate_view}
    {CK tiki_U14_reg_reg_134_2 default_emulate_view}
    {CK U49_reg_8 default_emulate_view}
    {CK storm_U53_reg_175 default_emulate_view}
    {CK U36_reg_0 default_emulate_view}
    {CK U65_reg_160 default_emulate_view}
    {CK U65_reg_487 default_emulate_view}
    {CK U129_reg_9 default_emulate_view}
    {CK U30_reg_174 default_emulate_view}
    {CK U70_reg_32 default_emulate_view}
    {CK U38_reg_60 default_emulate_view}
    {CK storm_U59_reg_8 default_emulate_view}
    {CK U622_reg default_emulate_view}
    {CK U10_reg_13 default_emulate_view}
    {CK tiki_U47_reg_21 default_emulate_view}
    {CK storm_U26_reg_3 default_emulate_view}
    {CK storm_U96_reg_0 default_emulate_view}
    {CK U5_reg_9 default_emulate_view}
    {CK U10_reg_169 default_emulate_view}
    {CK U554_reg_3 default_emulate_view}
    {CK U291_reg_6 default_emulate_view}
    {CK U623_reg default_emulate_view}
    {CK U12_reg_53 default_emulate_view}
    {CK tiki_U14_reg_reg_91_2 default_emulate_view}
    {CK storm_U2_reg_6 default_emulate_view}
    {CK storm_U2_reg_14 default_emulate_view}
    {CK U17_reg_91 default_emulate_view}
    {CK U104_reg_5 default_emulate_view}
    {CK tiki_U14_reg_reg_10_3 default_emulate_view}
    {CK tiki_U14_reg_reg_20_0 default_emulate_view}
    {CK tiki_U14_reg_reg_64_10 default_emulate_view}
    {CK tiki_U14_reg_reg_31_8 default_emulate_view}
    {CK tiki_U14_reg_reg_59_8 default_emulate_view}
    {CK storm_U34_reg_184 default_emulate_view}
    {CK tiki_U14_reg_reg_212_4 default_emulate_view}
    {CK storm_U62_reg_110 default_emulate_view}
    {CK U63_reg_73 default_emulate_view}
    {CK tiki_U14_reg_reg_173_1 default_emulate_view}
    {CK storm_U78_reg_19 default_emulate_view}
    {CK storm_U52_reg_13 default_emulate_view}
    {CK storm_U16_reg_6 default_emulate_view}
    {CK storm_U133_reg_3 default_emulate_view}
    {CK storm_U78_reg_182 default_emulate_view}
    {CK U290_reg_4 default_emulate_view}
    {CK U10_reg_121 default_emulate_view}
    {CK U12_reg_102 default_emulate_view}
    {CK U129_reg_101 default_emulate_view}
    {CK tiki_U14_reg_reg_175_3 default_emulate_view}
    {CK tiki_U161_reg_2 default_emulate_view}
    {CK tiki_U14_reg_reg_248_0 default_emulate_view}
    {CK tiki_U14_reg_reg_166_8 default_emulate_view}
    {CK storm_U62_reg_27 default_emulate_view}
    {CK U19_reg_57 default_emulate_view}
    {CK U19_reg_17 default_emulate_view}
    {CK tiki_U14_reg_reg_196_0 default_emulate_view}
    {CK tiki_U37_reg_5 default_emulate_view}
    {CK tiki_U14_reg_reg_35_3 default_emulate_view}
    {CK storm_U80_reg_5 default_emulate_view}
    {CK U63_reg_65 default_emulate_view}
    {CK tiki_U14_reg_reg_132_4 default_emulate_view}
    {CK storm_U2_reg_28 default_emulate_view}
    {CK storm_U23_reg_14 default_emulate_view}
    {CK tiki_U14_reg_reg_151_10 default_emulate_view}
    {CK U49_reg_16 default_emulate_view}
    {CK tiki_U14_reg_reg_235_3 default_emulate_view}
    {CK U30_reg_60 default_emulate_view}
    {CK U71_reg_4 default_emulate_view}
    {CK U32_reg_90 default_emulate_view}
    {CK tiki_U14_reg_reg_89_0 default_emulate_view}
    {CK storm_U22_reg_1 default_emulate_view}
    {CK storm_U53_reg_12 default_emulate_view}
    {CK U428_reg_3 default_emulate_view}
    {CK tiki_U624_reg default_emulate_view}
    {CK tiki_U21_reg_153 default_emulate_view}
    {CK tiki_U14_reg_reg_231_5 default_emulate_view}
    {CK U83_reg_74 default_emulate_view}
    {CK U36_reg_6 default_emulate_view}
    {CK U20_reg_224 default_emulate_view}
    {CK tiki_U14_reg_reg_21_8 default_emulate_view}
    {CK tiki_U14_reg_reg_245_9 default_emulate_view}
    {CK tiki_U14_reg_reg_195_8 default_emulate_view}
    {CK U30_reg_270 default_emulate_view}
    {CK U30_reg_307 default_emulate_view}
    {CK U39_reg_2 default_emulate_view}
    {CK U129_reg_95 default_emulate_view}
    {CK U595_reg_2 default_emulate_view}
    {CK storm_U53_reg_22 default_emulate_view}
    {CK U51_reg_55 default_emulate_view}
    {CK storm_U26_reg_132 default_emulate_view}
    {CK U310_reg_1 default_emulate_view}
    {CK tiki_U14_reg_reg_159_0 default_emulate_view}
    {CK storm_U589_reg_159 default_emulate_view}
    {CK storm_U16_reg_139 default_emulate_view}
    {CK tiki_U14_reg_reg_6_8 default_emulate_view}
    {CK U70_reg_55 default_emulate_view}
    {CK U30_reg_53 default_emulate_view}
    {CK U104_reg_0 default_emulate_view}
    {CK U51_reg_180 default_emulate_view}
    {CK tiki_U14_reg_reg_93_10 default_emulate_view}
    {CK storm_U53_reg_135 default_emulate_view}
    {CK storm_U133_reg_163 default_emulate_view}
    {CK storm_U1_reg_152 default_emulate_view}
    {CK tiki_U21_reg_225 default_emulate_view}
    {CK U24_reg_12 default_emulate_view}
    {CK storm_U25_reg_118 default_emulate_view}
    {CK kasa_U625_reg default_emulate_view}
    {CK tiki_U37_reg_70 default_emulate_view}
    {CK U30_reg_249 default_emulate_view}
    {CK tiki_U14_reg_reg_222_0 default_emulate_view}
    {CK U51_reg_35 default_emulate_view}
    {CK storm_U2_reg_131 default_emulate_view}
    {CK U54_reg_2 default_emulate_view}
    {CK tiki_U14_reg_reg_67_6 default_emulate_view}
    {CK tiki_U148_reg_1 default_emulate_view}
    {CK tiki_U56_reg_5 default_emulate_view}
    {CK U35_reg_78 default_emulate_view}
    {CK storm_U1_reg_147 default_emulate_view}
    {CK storm_U41_reg_137 default_emulate_view}
    {CK tiki_U14_reg_reg_157_4 default_emulate_view}
    {CK tiki_U14_reg_reg_50_9 default_emulate_view}
    {CK U32_reg_37 default_emulate_view}
    {CK U5_reg_241 default_emulate_view}
    {CK storm_U50_reg_119 default_emulate_view}
    {CK storm_U1_reg_139 default_emulate_view}
    {CK U20_reg_222 default_emulate_view}
    {CK kasa_U626_reg default_emulate_view}
    {CK storm_U16_reg_133 default_emulate_view}
    {CK tiki_U14_reg_reg_34_9 default_emulate_view}
    {CK tiki_U47_reg_79 default_emulate_view}
    {CK tiki_U14_reg_reg_149_7 default_emulate_view}
    {CK tiki_U14_reg_reg_31_3 default_emulate_view}
    {CK tiki_U14_reg_reg_135_3 default_emulate_view}
    {CK U45_reg_63 default_emulate_view}
    {CK storm_U78_reg_161 default_emulate_view}
    {CK tiki_U14_reg_reg_32_1 default_emulate_view}
    {CK U84_reg_19 default_emulate_view}
    {CK U51_reg_113 default_emulate_view}
    {CK U10_reg_145 default_emulate_view}
    {CK U17_reg_127 default_emulate_view}
    {CK U104_reg_10 default_emulate_view}
    {CK U406_reg_3 default_emulate_view}
    {CK U129_reg_107 default_emulate_view}
    {CK U11_reg_16 default_emulate_view}
    {CK U11_reg_216 default_emulate_view}
    {CK U38_reg_20 default_emulate_view}
    {CK U138_reg_2 default_emulate_view}
    {CK U38_reg_98 default_emulate_view}
    {CK U32_reg_127 default_emulate_view}
    {CK U70_reg_35 default_emulate_view}
    {CK U87_reg_65 default_emulate_view}
    {CK tiki_U14_reg_reg_31_10 default_emulate_view}
    {CK tiki_U47_reg_203 default_emulate_view}
    {CK U196_reg_0 default_emulate_view}
    {CK U11_reg_152 default_emulate_view}
    {CK tiki_U263_reg_15 default_emulate_view}
    {CK tiki_U37_reg_184 default_emulate_view}
    {CK tiki_U14_reg_reg_247_7 default_emulate_view}
    {CK tiki_U263_reg_1 default_emulate_view}
    {CK tiki_U14_reg_reg_207_0 default_emulate_view}
    {CK tiki_U14_reg_reg_243_10 default_emulate_view}
    {CK U24_reg_72 default_emulate_view}
    {CK tiki_U14_reg_reg_7_9 default_emulate_view}
    {CK tiki_U14_reg_reg_63_2 default_emulate_view}
    {CK U72_reg_7 default_emulate_view}
    {CK tiki_U21_reg_35 default_emulate_view}
    {CK tiki_U14_reg_reg_36_8 default_emulate_view}
    {CK U73_reg_78 default_emulate_view}
    {CK tiki_U14_reg_reg_140_5 default_emulate_view}
    {CK tiki_U14_reg_reg_46_1 default_emulate_view}
    {CK U11_reg_162 default_emulate_view}
    {CK tiki_U14_reg_reg_87_1 default_emulate_view}
    {CK tiki_U14_reg_reg_151_3 default_emulate_view}
    {CK U35_reg_71 default_emulate_view}
    {CK tiki_U47_reg_222 default_emulate_view}
    {CK U17_reg_46 default_emulate_view}
    {CK tiki_U14_reg_reg_97_11 default_emulate_view}
    {CK U51_reg_79 default_emulate_view}
    {CK storm_U26_reg_82 default_emulate_view}
    {CK storm_U34_reg_183 default_emulate_view}
    {CK storm_U62_reg_193 default_emulate_view}
    {CK U20_reg_497 default_emulate_view}
    {CK tiki_U14_reg_reg_227_2 default_emulate_view}
    {CK U83_reg_56 default_emulate_view}
    {CK storm_U43_reg_65 default_emulate_view}
    {CK storm_U25_reg_76 default_emulate_view}
    {CK tiki_U14_reg_reg_50_1 default_emulate_view}
    {CK tiki_U14_reg_reg_246_6 default_emulate_view}
    {CK tiki_U14_reg_reg_130_10 default_emulate_view}
    {CK tiki_U21_reg_62 default_emulate_view}
    {CK tiki_U14_reg_reg_126_4 default_emulate_view}
    {CK U58_reg_33 default_emulate_view}
    {CK tiki_U14_reg_reg_158_6 default_emulate_view}
    {CK U10_reg_90 default_emulate_view}
    {CK storm_U1_reg_94 default_emulate_view}
    {CK storm_U43_reg_188 default_emulate_view}
    {CK storm_U22_reg_197 default_emulate_view}
    {CK storm_U59_reg_79 default_emulate_view}
    {CK U63_reg_30 default_emulate_view}
    {CK storm_U59_reg_69 default_emulate_view}
    {CK U309_reg_4 default_emulate_view}
    {CK tiki_U37_reg_38 default_emulate_view}
    {CK tiki_U14_reg_reg_22_2 default_emulate_view}
    {CK U38_reg_49 default_emulate_view}
    {CK tiki_U47_reg_4 default_emulate_view}
    {CK storm_U94_reg_1 default_emulate_view}
    {CK U84_reg_43 default_emulate_view}
    {CK U51_reg_11 default_emulate_view}
    {CK storm_U52_reg_196 default_emulate_view}
    {CK storm_U133_reg_185 default_emulate_view}
    {CK storm_U88_reg_67 default_emulate_view}
    {CK tiki_U14_reg_reg_65_9 default_emulate_view}
    {CK tiki_U21_reg_134 default_emulate_view}
    {CK tiki_U21_reg_100 default_emulate_view}
    {CK storm_U80_reg_67 default_emulate_view}
    {CK storm_U52_reg_78 default_emulate_view}
    {CK tiki_U14_reg_reg_154_11 default_emulate_view}
    {CK U20_reg_192 default_emulate_view}
    {CK U20_reg_190 default_emulate_view}
    {CK tiki_U37_reg_81 default_emulate_view}
    {CK U30_reg_127 default_emulate_view}
    {CK U70_reg_14 default_emulate_view}
    {CK U12_reg_21 default_emulate_view}
    {CK storm_U4_reg_127 default_emulate_view}
    {CK U131_reg_4 default_emulate_view}
    {CK storm_U78_reg_96 default_emulate_view}
    {CK storm_U1_reg_73 default_emulate_view}
    {CK storm_U78_reg_54 default_emulate_view}
    {CK storm_U78_reg_81 default_emulate_view}
    {CK U49_reg_51 default_emulate_view}
    {CK tiki_U14_reg_reg_43_5 default_emulate_view}
    {CK tiki_U14_reg_reg_11_8 default_emulate_view}
    {CK tiki_U338_reg_6 default_emulate_view}
    {CK tiki_U47_reg_150 default_emulate_view}
    {CK tiki_U14_reg_reg_142_2 default_emulate_view}
    {CK U87_reg_40 default_emulate_view}
    {CK storm_U78_reg_209 default_emulate_view}
    {CK tiki_U301_reg_4 default_emulate_view}
    {CK U51_reg_137 default_emulate_view}
    {CK tiki_U14_reg_reg_8_8 default_emulate_view}
    {CK U65_reg_347 default_emulate_view}
    {CK tiki_U47_reg_66 default_emulate_view}
    {CK storm_U78_reg_147 default_emulate_view}
    {CK storm_U50_reg_191 default_emulate_view}
    {CK storm_U133_reg_169 default_emulate_view}
    {CK storm_U43_reg_172 default_emulate_view}
    {CK storm_U88_reg_49 default_emulate_view}
    {CK storm_U4_reg_30 default_emulate_view}
    {CK kasa_U628_reg default_emulate_view}
    {CK kasa_U629_reg default_emulate_view}
    {CK U90_reg_7 default_emulate_view}
    {CK U11_reg_207 default_emulate_view}
    {CK U31_reg_30 default_emulate_view}
    {CK U30_reg_197 default_emulate_view}
    {CK U45_reg_35 default_emulate_view}
    {CK tiki_U263_reg_3 default_emulate_view}
    {CK tiki_U14_reg_reg_203_10 default_emulate_view}
    {CK tiki_U14_reg_reg_179_8 default_emulate_view}
    {CK storm_U3_reg_137 default_emulate_view}
    {CK U65_reg_175 default_emulate_view}
    {CK U65_reg_619 default_emulate_view}
    {CK U246_reg_3 default_emulate_view}
    {CK U65_reg_53 default_emulate_view}
    {CK tiki_U14_reg_reg_208_11 default_emulate_view}
    {CK tiki_U14_reg_reg_235_6 default_emulate_view}
    {CK tiki_U14_reg_reg_92_2 default_emulate_view}
    {CK storm_U295_reg_6 default_emulate_view}
    {CK storm_U317_reg_2 default_emulate_view}
    {CK storm_U94_reg_6 default_emulate_view}
    {CK storm_U1_reg_197 default_emulate_view}
    {CK U29_reg_41 default_emulate_view}
    {CK U122_reg_35 default_emulate_view}
    {CK tiki_U169_reg_17 default_emulate_view}
    {CK tiki_U14_reg_reg_225_1 default_emulate_view}
    {CK tiki_U14_reg_reg_117_8 default_emulate_view}
    {CK storm_U4_reg_22 default_emulate_view}
    {CK storm_U25_reg_171 default_emulate_view}
    {CK storm_U26_reg_159 default_emulate_view}
    {CK tiki_U14_reg_reg_185_4 default_emulate_view}
    {CK tiki_U14_reg_reg_37_8 default_emulate_view}
    {CK U156_reg_8 default_emulate_view}
    {CK storm_U1_reg_201 default_emulate_view}
    {CK storm_U315_reg_0 default_emulate_view}
    {CK U20_reg_331 default_emulate_view}
    {CK U65_reg_583 default_emulate_view}
    {CK tiki_U47_reg_138 default_emulate_view}
    {CK U38_reg_15 default_emulate_view}
    {CK U12_reg_69 default_emulate_view}
    {CK U631_reg default_emulate_view}
    {CK U441_reg_0 default_emulate_view}
    {CK tiki_U14_reg_reg_84_7 default_emulate_view}
    {CK storm_U50_reg_173 default_emulate_view}
    {CK storm_U43_reg_193 default_emulate_view}
    {CK storm_U53_reg_194 default_emulate_view}
    {CK U65_reg_52 default_emulate_view}
    {CK storm_U88_reg_106 default_emulate_view}
    {CK U29_reg_78 default_emulate_view}
    {CK U49_reg_13 default_emulate_view}
    {CK U79_reg_6 default_emulate_view}
    {CK U20_reg_70 default_emulate_view}
    {CK U20_reg_71 default_emulate_view}
    {CK U233_reg_1 default_emulate_view}
    {CK U58_reg_11 default_emulate_view}
    {CK U46_reg_0 default_emulate_view}
    {CK storm_U78_reg_118 default_emulate_view}
    {CK U32_reg_189 default_emulate_view}
    {CK storm_U2_reg_112 default_emulate_view}
    {CK storm_U3_reg_175 default_emulate_view}
    {CK U65_reg_395 default_emulate_view}
    {CK kasa_U632_reg default_emulate_view}
    {CK tiki_U14_reg_reg_131_7 default_emulate_view}
    {CK tiki_U21_reg_187 default_emulate_view}
    {CK U76_reg_3 default_emulate_view}
    {CK tiki_U14_reg_reg_222_11 default_emulate_view}
    {CK U633_reg default_emulate_view}
    {CK U634_reg default_emulate_view}
    {CK U30_reg_244 default_emulate_view}
    {CK U38_reg_229 default_emulate_view}
    {CK U84_reg_8 default_emulate_view}
    {CK U10_reg_66 default_emulate_view}
    {CK storm_U78_reg_115 default_emulate_view}
    {CK storm_U3_reg_111 default_emulate_view}
    {CK U428_reg_0 default_emulate_view}
    {CK tiki_U21_reg_231 default_emulate_view}
    {CK tiki_U37_reg_88 default_emulate_view}
    {CK U20_reg_243 default_emulate_view}
    {CK U65_reg_535 default_emulate_view}
    {CK U31_reg_11 default_emulate_view}
    {CK U32_reg_170 default_emulate_view}
    {CK U58_reg_22 default_emulate_view}
    {CK U271_reg_3 default_emulate_view}
    {CK U30_reg_40 default_emulate_view}
    {CK U140_reg_2 default_emulate_view}
    {CK U20_reg_379 default_emulate_view}
    {CK storm_U22_reg_175 default_emulate_view}
    {CK storm_U150_reg_3 default_emulate_view}
    {CK storm_U34_reg_109 default_emulate_view}
    {CK U129_reg_99 default_emulate_view}
    {CK U45_reg_26 default_emulate_view}
    {CK tiki_U14_reg_reg_127_4 default_emulate_view}
    {CK tiki_U14_reg_reg_147_10 default_emulate_view}
    {CK tiki_U14_reg_reg_31_0 default_emulate_view}
    {CK tiki_U14_reg_reg_71_11 default_emulate_view}
    {CK tiki_U14_reg_reg_59_11 default_emulate_view}
    {CK U20_reg_119 default_emulate_view}
    {CK U65_reg_667 default_emulate_view}
    {CK U20_reg_118 default_emulate_view}
    {CK tiki_U285_reg_0 default_emulate_view}
    {CK tiki_U14_reg_reg_223_5 default_emulate_view}
    {CK U65_reg_191 default_emulate_view}
    {CK tiki_U14_reg_reg_152_10 default_emulate_view}
    {CK tiki_U14_reg_reg_101_1 default_emulate_view}
    {CK tiki_U14_reg_reg_44_2 default_emulate_view}
    {CK U63_reg_9 default_emulate_view}
    {CK U35_reg_38 default_emulate_view}
    {CK tiki_U14_reg_reg_25_5 default_emulate_view}
    {CK tiki_U14_reg_reg_92_4 default_emulate_view}
    {CK storm_U80_reg_31 default_emulate_view}
    {CK storm_U52_reg_63 default_emulate_view}
    {CK U20_reg_411 default_emulate_view}
    {CK tiki_U47_reg_229 default_emulate_view}
    {CK U122_reg_34 default_emulate_view}
    {CK storm_U34_reg_14 default_emulate_view}
    {CK storm_U2_reg_25 default_emulate_view}
    {CK U65_reg_639 default_emulate_view}
    {CK U5_reg_31 default_emulate_view}
    {CK U10_reg_34 default_emulate_view}
    {CK tiki_U14_reg_reg_118_3 default_emulate_view}
    {CK storm_U1_reg_50 default_emulate_view}
    {CK storm_U133_reg_57 default_emulate_view}
    {CK storm_U2_reg_68 default_emulate_view}
    {CK tiki_U14_reg_reg_33_9 default_emulate_view}
    {CK tiki_U37_reg_143 default_emulate_view}
    {CK storm_U78_reg_61 default_emulate_view}
    {CK U63_reg_78 default_emulate_view}
    {CK storm_U26_reg_22 default_emulate_view}
    {CK tiki_U14_reg_reg_90_11 default_emulate_view}
    {CK U20_reg_343 default_emulate_view}
    {CK U65_reg_383 default_emulate_view}
    {CK tiki_U14_reg_reg_251_10 default_emulate_view}
    {CK tiki_U37_reg_177 default_emulate_view}
    {CK U104_reg_36 default_emulate_view}
    {CK storm_U16_reg_74 default_emulate_view}
    {CK tiki_U14_reg_reg_23_0 default_emulate_view}
    {CK tiki_U14_reg_reg_228_9 default_emulate_view}
    {CK U20_reg_97 default_emulate_view}
    {CK storm_U34_reg_63 default_emulate_view}
    {CK storm_U22_reg_65 default_emulate_view}
    {CK storm_U1_reg_23 default_emulate_view}
    {CK storm_U133_reg_51 default_emulate_view}
    {CK storm_U59_reg_33 default_emulate_view}
    {CK U118_reg_3 default_emulate_view}
    {CK U38_reg_171 default_emulate_view}
    {CK U11_reg_192 default_emulate_view}
    {CK U11_reg_123 default_emulate_view}
    {CK U19_reg_64 default_emulate_view}
    {CK U19_reg_12 default_emulate_view}
    {CK U11_reg_182 default_emulate_view}
    {CK U84_reg_64 default_emulate_view}
    {CK U71_reg_24 default_emulate_view}
    {CK U30_reg_98 default_emulate_view}
    {CK U38_reg_183 default_emulate_view}
    {CK tiki_U14_reg_reg_145_5 default_emulate_view}
    {CK tiki_U14_reg_reg_40_11 default_emulate_view}
    {CK tiki_U95_reg_11 default_emulate_view}
    {CK storm_U22_reg_69 default_emulate_view}
    {CK U20_reg_15 default_emulate_view}
    {CK U65_reg_527 default_emulate_view}
    {CK U65_reg_148 default_emulate_view}
    {CK U132_reg_5 default_emulate_view}
    {CK tiki_U14_reg_reg_52_8 default_emulate_view}
    {CK tiki_U112_reg_0 default_emulate_view}
    {CK tiki_U14_reg_reg_128_0 default_emulate_view}
    {CK storm_U78_reg_31 default_emulate_view}
    {CK storm_U50_reg_26 default_emulate_view}
    {CK tiki_U14_reg_reg_49_7 default_emulate_view}
    {CK storm_U1_reg_19 default_emulate_view}
    {CK U63_reg_27 default_emulate_view}
    {CK U122_reg_61 default_emulate_view}
    {CK U76_reg_41 default_emulate_view}
    {CK tiki_U14_reg_reg_61_9 default_emulate_view}
    {CK tiki_U95_reg_1 default_emulate_view}
    {CK U20_reg_275 default_emulate_view}
    {CK tiki_U14_reg_reg_133_9 default_emulate_view}
    {CK U123_reg_7 default_emulate_view}
    {CK U124_reg_2 default_emulate_view}
    {CK tiki_U14_reg_reg_138_10 default_emulate_view}
    {CK tiki_U56_reg_17 default_emulate_view}
    {CK tiki_U21_reg_141 default_emulate_view}
    {CK U76_reg_1 default_emulate_view}
    {CK tiki_U14_reg_reg_43_1 default_emulate_view}
    {CK U20_reg_363 default_emulate_view}
    {CK U65_reg_539 default_emulate_view}
    {CK U65_reg_687 default_emulate_view}
    {CK tiki_U14_reg_reg_155_9 default_emulate_view}
    {CK U11_reg_73 default_emulate_view}
    {CK U225_reg_7 default_emulate_view}
    {CK tiki_U14_reg_reg_212_6 default_emulate_view}
    {CK U51_reg_184 default_emulate_view}
    {CK tiki_U14_reg_reg_173_5 default_emulate_view}
    {CK U264_reg_3 default_emulate_view}
    {CK tiki_U14_reg_reg_22_6 default_emulate_view}
    {CK storm_U1_reg_161 default_emulate_view}
    {CK tiki_U37_reg_0 default_emulate_view}
    {CK U65_reg_21 default_emulate_view}
    {CK U20_reg_14 default_emulate_view}
    {CK U65_reg_231 default_emulate_view}
    {CK tiki_U14_reg_reg_49_1 default_emulate_view}
    {CK U32_reg_106 default_emulate_view}
    {CK U30_reg_105 default_emulate_view}
    {CK U129_reg_17 default_emulate_view}
    {CK tiki_U14_reg_reg_128_5 default_emulate_view}
    {CK U5_reg_122 default_emulate_view}
    {CK U20_reg_342 default_emulate_view}
    {CK kasa_U636_reg default_emulate_view}
    {CK U71_reg_77 default_emulate_view}
    {CK U138_reg_76 default_emulate_view}
    {CK U38_reg_117 default_emulate_view}
    {CK U32_reg_147 default_emulate_view}
    {CK tiki_U14_reg_reg_210_7 default_emulate_view}
    {CK tiki_U14_reg_reg_89_10 default_emulate_view}
    {CK tiki_U14_reg_reg_116_4 default_emulate_view}
    {CK U270_reg_0 default_emulate_view}
    {CK U167_reg_6 default_emulate_view}
    {CK tiki_U21_reg_0 default_emulate_view}
    {CK tiki_U14_reg_reg_26_5 default_emulate_view}
    {CK U65_reg_415 default_emulate_view}
    {CK storm_U2_reg_163 default_emulate_view}
    {CK U73_reg_51 default_emulate_view}
    {CK U35_reg_44 default_emulate_view}
    {CK tiki_U14_reg_reg_83_2 default_emulate_view}
    {CK tiki_U181_reg_9 default_emulate_view}
    {CK U65_reg_640 default_emulate_view}
    {CK storm_U34_reg_89 default_emulate_view}
    {CK storm_U16_reg_86 default_emulate_view}
    {CK storm_U26_reg_79 default_emulate_view}
    {CK storm_U59_reg_76 default_emulate_view}
    {CK storm_U16_reg_68 default_emulate_view}
    {CK storm_U62_reg_62 default_emulate_view}
    {CK kasa_U638_reg default_emulate_view}
    {CK U222_reg_4 default_emulate_view}
    {CK U32_reg_14 default_emulate_view}
    {CK U38_reg_166 default_emulate_view}
    {CK tiki_U14_reg_reg_144_7 default_emulate_view}
    {CK tiki_U14_reg_reg_113_0 default_emulate_view}
    {CK tiki_U314_reg_5 default_emulate_view}
    {CK storm_U133_reg_187 default_emulate_view}
    {CK U12_reg_2 default_emulate_view}
    {CK U20_reg_362 default_emulate_view}
    {CK U65_reg_688 default_emulate_view}
    {CK U20_reg_508 default_emulate_view}
    {CK tiki_U14_reg_reg_164_3 default_emulate_view}
    {CK tiki_U21_reg_194 default_emulate_view}
    {CK storm_U62_reg_58 default_emulate_view}
    {CK storm_U52_reg_0 default_emulate_view}
    {CK storm_U43_reg_51 default_emulate_view}
    {CK storm_U1_reg_47 default_emulate_view}
    {CK U73_reg_34 default_emulate_view}
    {CK tiki_U14_reg_reg_70_8 default_emulate_view}
    {CK tiki_U14_reg_reg_53_9 default_emulate_view}
    {CK tiki_U14_reg_reg_48_7 default_emulate_view}
    {CK storm_U3_reg_64 default_emulate_view}
    {CK storm_U50_reg_77 default_emulate_view}
    {CK storm_U133_reg_87 default_emulate_view}
    {CK kasa_U639_reg default_emulate_view}
    {CK U136_reg_4 default_emulate_view}
    {CK U156_reg_0 default_emulate_view}
    {CK tiki_U14_reg_reg_25_10 default_emulate_view}
    {CK tiki_U37_reg_255 default_emulate_view}
    {CK U24_reg_62 default_emulate_view}
    {CK storm_U1_reg_49 default_emulate_view}
    {CK storm_U133_reg_56 default_emulate_view}
    {CK U65_reg_230 default_emulate_view}
    {CK U65_reg_20 default_emulate_view}
    {CK tiki_U14_reg_reg_240_1 default_emulate_view}
    {CK tiki_U210_reg_10 default_emulate_view}
    {CK tiki_U14_reg_reg_95_10 default_emulate_view}
    {CK U70_reg_9 default_emulate_view}
    {CK U32_reg_80 default_emulate_view}
    {CK U5_reg_167 default_emulate_view}
    {CK storm_U80_reg_74 default_emulate_view}
    {CK storm_U43_reg_196 default_emulate_view}
    {CK tiki_U14_reg_reg_187_1 default_emulate_view}
    {CK storm_U2_reg_85 default_emulate_view}
    {CK U175_reg_18 default_emulate_view}
    {CK tiki_U15_reg_17 default_emulate_view}
    {CK U20_reg_574 default_emulate_view}
    {CK U20_reg_96 default_emulate_view}
    {CK U20_reg_575 default_emulate_view}
    {CK U178_reg_3 default_emulate_view}
    {CK U138_reg_16 default_emulate_view}
    {CK storm_U78_reg_107 default_emulate_view}
    {CK U87_reg_53 default_emulate_view}
    {CK kasa_U640_reg default_emulate_view}
    {CK tiki_U21_reg_251 default_emulate_view}
    {CK U35_reg_81 default_emulate_view}
    {CK tiki_U37_reg_110 default_emulate_view}
    {CK tiki_U14_reg_reg_182_9 default_emulate_view}
    {CK tiki_U14_reg_reg_206_7 default_emulate_view}
    {CK U65_reg_538 default_emulate_view}
    {CK U30_reg_138 default_emulate_view}
    {CK U70_reg_2 default_emulate_view}
    {CK U204_reg_8 default_emulate_view}
    {CK U381_reg_1 default_emulate_view}
    {CK U129_reg_7 default_emulate_view}
    {CK U5_reg_87 default_emulate_view}
    {CK U49_reg_54 default_emulate_view}
    {CK U65_reg_149 default_emulate_view}
    {CK U65_reg_526 default_emulate_view}
    {CK U20_reg_274 default_emulate_view}
    {CK tiki_U14_reg_reg_159_2 default_emulate_view}
    {CK tiki_U47_reg_90 default_emulate_view}
    {CK U99_reg_9 default_emulate_view}
    {CK U45_reg_51 default_emulate_view}
    {CK U87_reg_0 default_emulate_view}
    {CK U641_reg default_emulate_view}
    {CK U12_reg_41 default_emulate_view}
    {CK U19_reg_53 default_emulate_view}
    {CK U51_reg_179 default_emulate_view}
    {CK U20_reg_94 default_emulate_view}
    {CK U160_reg_3 default_emulate_view}
    {CK U5_reg_132 default_emulate_view}
    {CK U138_reg_13 default_emulate_view}
    {CK U11_reg_56 default_emulate_view}
    {CK U38_reg_31 default_emulate_view}
    {CK tiki_U14_reg_reg_63_0 default_emulate_view}
    {CK tiki_U14_reg_reg_213_4 default_emulate_view}
    {CK tiki_U14_reg_reg_38_9 default_emulate_view}
    {CK tiki_U14_reg_reg_246_3 default_emulate_view}
    {CK U17_reg_47 default_emulate_view}
    {CK tiki_U14_reg_reg_76_0 default_emulate_view}
    {CK U20_reg_410 default_emulate_view}
    {CK U65_reg_382 default_emulate_view}
    {CK tiki_U47_reg_28 default_emulate_view}
    {CK tiki_U14_reg_reg_209_0 default_emulate_view}
    {CK tiki_U14_reg_reg_161_8 default_emulate_view}
    {CK tiki_U14_reg_reg_162_1 default_emulate_view}
    {CK tiki_U14_reg_reg_226_7 default_emulate_view}
    {CK tiki_U14_reg_reg_255_0 default_emulate_view}
    {CK U122_reg_25 default_emulate_view}
    {CK tiki_U21_reg_133 default_emulate_view}
    {CK tiki_U229_reg_3 default_emulate_view}
    {CK tiki_U14_reg_reg_238_0 default_emulate_view}
    {CK storm_U23_reg_177 default_emulate_view}
    {CK tiki_U14_reg_reg_231_11 default_emulate_view}
    {CK U477_reg_2 default_emulate_view}
    {CK U7_reg_2 default_emulate_view}
    {CK tiki_U21_reg_148 default_emulate_view}
    {CK tiki_U37_reg_103 default_emulate_view}
    {CK tiki_U21_reg_93 default_emulate_view}
    {CK U29_reg_24 default_emulate_view}
    {CK storm_U52_reg_112 default_emulate_view}
    {CK storm_U88_reg_20 default_emulate_view}
    {CK U65_reg_222 default_emulate_view}
    {CK tiki_U14_reg_reg_236_11 default_emulate_view}
    {CK tiki_U14_reg_reg_255_1 default_emulate_view}
    {CK tiki_U148_reg_7 default_emulate_view}
    {CK tiki_U14_reg_reg_17_6 default_emulate_view}
    {CK U32_reg_137 default_emulate_view}
    {CK U12_reg_120 default_emulate_view}
    {CK tiki_U14_reg_reg_227_5 default_emulate_view}
    {CK storm_U3_reg_117 default_emulate_view}
    {CK U65_reg_656 default_emulate_view}
    {CK kasa_U643_reg default_emulate_view}
    {CK kasa_U644_reg default_emulate_view}
    {CK storm_U4_reg_58 default_emulate_view}
    {CK storm_U34_reg_110 default_emulate_view}
    {CK U20_reg_378 default_emulate_view}
    {CK U193_reg_16 default_emulate_view}
    {CK U11_reg_15 default_emulate_view}
    {CK storm_U52_reg_1 default_emulate_view}
    {CK U5_reg_244 default_emulate_view}
    {CK tiki_U14_reg_reg_249_1 default_emulate_view}
    {CK tiki_U14_reg_reg_139_11 default_emulate_view}
    {CK storm_U2_reg_121 default_emulate_view}
    {CK storm_U53_reg_4 default_emulate_view}
    {CK storm_U62_reg_174 default_emulate_view}
    {CK U28_reg_8 default_emulate_view}
    {CK kasa_U646_reg default_emulate_view}
    {CK U30_reg_237 default_emulate_view}
    {CK U70_reg_75 default_emulate_view}
    {CK tiki_U14_reg_reg_94_1 default_emulate_view}
    {CK tiki_U14_reg_reg_122_11 default_emulate_view}
    {CK storm_U150_reg_21 default_emulate_view}
    {CK U65_reg_1 default_emulate_view}
    {CK U65_reg_394 default_emulate_view}
    {CK U20_reg_242 default_emulate_view}
    {CK U65_reg_0 default_emulate_view}
    {CK U65_reg_534 default_emulate_view}
    {CK tiki_U14_reg_reg_140_7 default_emulate_view}
    {CK tiki_U14_reg_reg_142_6 default_emulate_view}
    {CK tiki_U14_reg_reg_26_3 default_emulate_view}
    {CK storm_U292_reg_0 default_emulate_view}
    {CK storm_U26_reg_108 default_emulate_view}
    {CK storm_U16_reg_115 default_emulate_view}
    {CK U29_reg_77 default_emulate_view}
    {CK U647_reg_1 default_emulate_view}
    {CK tiki_U21_reg_55 default_emulate_view}
    {CK tiki_U14_reg_reg_68_1 default_emulate_view}
    {CK storm_U25_reg_166 default_emulate_view}
    {CK storm_U25_reg_141 default_emulate_view}
    {CK storm_U80_reg_130 default_emulate_view}
    {CK U157_reg_2 default_emulate_view}
    {CK tiki_U14_reg_reg_61_8 default_emulate_view}
    {CK tiki_U14_reg_reg_232_2 default_emulate_view}
    {CK storm_U88_reg_112 default_emulate_view}
    {CK storm_U43_reg_173 default_emulate_view}
    {CK tiki_U47_reg_215 default_emulate_view}
    {CK tiki_U14_reg_reg_199_2 default_emulate_view}
    {CK U11_reg_47 default_emulate_view}
    {CK U19_reg_46 default_emulate_view}
    {CK U5_reg_131 default_emulate_view}
    {CK tiki_U14_reg_reg_112_2 default_emulate_view}
    {CK storm_U23_reg_143 default_emulate_view}
    {CK storm_U80_reg_136 default_emulate_view}
    {CK storm_U34_reg_123 default_emulate_view}
    {CK tiki_U14_reg_reg_65_4 default_emulate_view}
    {CK storm_U50_reg_168 default_emulate_view}
    {CK tiki_U205_reg_3 default_emulate_view}
    {CK U49_reg_72 default_emulate_view}
    {CK storm_U88_reg_40 default_emulate_view}
    {CK tiki_U47_reg_19 default_emulate_view}
    {CK U65_reg_582 default_emulate_view}
    {CK U20_reg_518 default_emulate_view}
    {CK tiki_U14_reg_reg_114_4 default_emulate_view}
    {CK U45_reg_6 default_emulate_view}
    {CK U19_reg_80 default_emulate_view}
    {CK U97_reg_5 default_emulate_view}
    {CK tiki_U14_reg_reg_210_1 default_emulate_view}
    {CK storm_U1_reg_120 default_emulate_view}
    {CK U10_reg_79 default_emulate_view}
    {CK U65_reg_608 default_emulate_view}
    {CK tiki_U14_reg_reg_30_11 default_emulate_view}
    {CK tiki_U14_reg_reg_97_5 default_emulate_view}
    {CK tiki_U14_reg_reg_45_5 default_emulate_view}
    {CK storm_U2_reg_136 default_emulate_view}
    {CK storm_U43_reg_128 default_emulate_view}
    {CK storm_U88_reg_12 default_emulate_view}
    {CK storm_U16_reg_138 default_emulate_view}
    {CK storm_U16_reg_118 default_emulate_view}
    {CK storm_U23_reg_189 default_emulate_view}
    {CK U160_reg_2 default_emulate_view}
    {CK U219_reg_7 default_emulate_view}
    {CK U5_reg_166 default_emulate_view}
    {CK U30_reg_48 default_emulate_view}
    {CK U17_reg_38 default_emulate_view}
    {CK U38_reg_100 default_emulate_view}
    {CK U32_reg_100 default_emulate_view}
    {CK U38_reg_210 default_emulate_view}
    {CK U31_reg_63 default_emulate_view}
    {CK U30_reg_262 default_emulate_view}
    {CK tiki_U14_reg_reg_223_11 default_emulate_view}
    {CK tiki_U263_reg_13 default_emulate_view}
    {CK storm_U2_reg_122 default_emulate_view}
    {CK tiki_U14_reg_reg_228_11 default_emulate_view}
    {CK U20_reg_519 default_emulate_view}
    {CK U20_reg_330 default_emulate_view}
    {CK U65_reg_344 default_emulate_view}
    {CK U65_reg_346 default_emulate_view}
    {CK U65_reg_174 default_emulate_view}
    {CK tiki_U274_reg_2 default_emulate_view}
    {CK tiki_U21_reg_206 default_emulate_view}
    {CK storm_U1_reg_167 default_emulate_view}
    {CK storm_U4_reg_4 default_emulate_view}
    {CK storm_U53_reg_141 default_emulate_view}
    {CK U63_reg_45 default_emulate_view}
    {CK U122_reg_7 default_emulate_view}
    {CK tiki_U21_reg_86 default_emulate_view}
    {CK U20_reg_193 default_emulate_view}
    {CK U206_reg_6 default_emulate_view}
    {CK U51_reg_80 default_emulate_view}
    {CK tiki_U14_reg_reg_18_8 default_emulate_view}
    {CK tiki_U127_reg_7 default_emulate_view}
    {CK tiki_U14_reg_reg_13_9 default_emulate_view}
    {CK tiki_U47_reg_177 default_emulate_view}
    {CK tiki_U14_reg_reg_250_3 default_emulate_view}
    {CK tiki_U14_reg_reg_28_9 default_emulate_view}
    {CK U65_reg_289 default_emulate_view}
    {CK U20_reg_463 default_emulate_view}
    {CK tiki_U112_reg_9 default_emulate_view}
    {CK tiki_U14_reg_reg_155_0 default_emulate_view}
    {CK storm_U34_reg_122 default_emulate_view}
    {CK U175_reg_66 default_emulate_view}
    {CK U24_reg_30 default_emulate_view}
    {CK U29_reg_54 default_emulate_view}
    {CK tiki_U21_reg_245 default_emulate_view}
    {CK tiki_U47_reg_210 default_emulate_view}
    {CK storm_U53_reg_162 default_emulate_view}
    {CK U42_reg_6 default_emulate_view}
    {CK U5_reg_228 default_emulate_view}
    {CK U10_reg_144 default_emulate_view}
    {CK U32_reg_30 default_emulate_view}
    {CK U38_reg_184 default_emulate_view}
    {CK U71_reg_12 default_emulate_view}
    {CK U30_reg_86 default_emulate_view}
    {CK tiki_U14_reg_reg_131_5 default_emulate_view}
    {CK tiki_U14_reg_reg_130_8 default_emulate_view}
    {CK tiki_U14_reg_reg_168_1 default_emulate_view}
    {CK tiki_U14_reg_reg_124_3 default_emulate_view}
    {CK U20_reg_496 default_emulate_view}
    {CK tiki_U14_reg_reg_148_10 default_emulate_view}
    {CK tiki_U14_reg_reg_143_7 default_emulate_view}
    {CK tiki_U14_reg_reg_60_2 default_emulate_view}
    {CK storm_U50_reg_120 default_emulate_view}
    {CK storm_U22_reg_122 default_emulate_view}
    {CK U63_reg_20 default_emulate_view}
    {CK U35_reg_1 default_emulate_view}
    {CK tiki_U200_reg_10 default_emulate_view}
    {CK storm_U16_reg_9 default_emulate_view}
    {CK storm_U50_reg_23 default_emulate_view}
    {CK storm_U3_reg_33 default_emulate_view}
    {CK tiki_U14_reg_reg_10_8 default_emulate_view}
    {CK U190_reg_4 default_emulate_view}
    {CK tiki_U14_reg_reg_176_3 default_emulate_view}
    {CK U122_reg_14 default_emulate_view}
    {CK storm_U43_reg_3 default_emulate_view}
    {CK U20_reg_415 default_emulate_view}
    {CK U20_reg_414 default_emulate_view}
    {CK U84_reg_79 default_emulate_view}
    {CK U138_reg_55 default_emulate_view}
    {CK U456_reg_5 default_emulate_view}
    {CK U51_reg_12 default_emulate_view}
    {CK storm_U43_reg_21 default_emulate_view}
    {CK storm_U50_reg_27 default_emulate_view}
    {CK storm_U34_reg_49 default_emulate_view}
    {CK tiki_U14_reg_reg_40_6 default_emulate_view}
    {CK storm_U133_reg_6 default_emulate_view}
    {CK U73_reg_9 default_emulate_view}
    {CK storm_U4_reg_76 default_emulate_view}
    {CK tiki_U21_reg_24 default_emulate_view}
    {CK U193_reg_12 default_emulate_view}
    {CK storm_U22_reg_51 default_emulate_view}
    {CK U84_reg_59 default_emulate_view}
    {CK U10_reg_65 default_emulate_view}
    {CK storm_U25_reg_12 default_emulate_view}
    {CK storm_U62_reg_25 default_emulate_view}
    {CK storm_U22_reg_35 default_emulate_view}
    {CK tiki_U169_reg_8 default_emulate_view}
    {CK U195_reg_5 default_emulate_view}
    {CK U83_reg_67 default_emulate_view}
    {CK storm_U2_reg_117 default_emulate_view}
    {CK storm_U53_reg_29 default_emulate_view}
    {CK tiki_U14_reg_reg_77_11 default_emulate_view}
    {CK tiki_U14_reg_reg_141_7 default_emulate_view}
    {CK U32_reg_24 default_emulate_view}
    {CK U30_reg_65 default_emulate_view}
    {CK U11_reg_147 default_emulate_view}
    {CK U11_reg_243 default_emulate_view}
    {CK storm_U41_reg_58 default_emulate_view}
    {CK tiki_U14_reg_reg_169_1 default_emulate_view}
    {CK tiki_U14_reg_reg_226_11 default_emulate_view}
    {CK U51_reg_138 default_emulate_view}
    {CK storm_U34_reg_21 default_emulate_view}
    {CK storm_U78_reg_1 default_emulate_view}
    {CK storm_U59_reg_60 default_emulate_view}
    {CK tiki_U14_reg_reg_6_0 default_emulate_view}
    {CK tiki_U14_reg_reg_204_4 default_emulate_view}
    {CK storm_U25_reg_8 default_emulate_view}
    {CK U24_reg_21 default_emulate_view}
    {CK U110_reg_4 default_emulate_view}
    {CK tiki_U14_reg_reg_63_8 default_emulate_view}
    {CK tiki_U14_reg_reg_19_4 default_emulate_view}
    {CK tiki_U14_reg_reg_84_11 default_emulate_view}
    {CK tiki_U14_reg_reg_183_11 default_emulate_view}
    {CK U11_reg_244 default_emulate_view}
    {CK U12_reg_115 default_emulate_view}
    {CK U436_reg_2 default_emulate_view}
    {CK storm_U62_reg_49 default_emulate_view}
    {CK U5_reg_52 default_emulate_view}
    {CK storm_U50_reg_192 default_emulate_view}
    {CK storm_U4_reg_93 default_emulate_view}
    {CK storm_U4_reg_19 default_emulate_view}
    {CK U172_reg_6 default_emulate_view}
    {CK U35_reg_57 default_emulate_view}
    {CK storm_U2_reg_87 default_emulate_view}
    {CK storm_U43_reg_185 default_emulate_view}
    {CK tiki_U14_reg_reg_233_7 default_emulate_view}
    {CK U129_reg_39 default_emulate_view}
    {CK tiki_U14_reg_reg_67_7 default_emulate_view}
    {CK storm_U649_reg_0 default_emulate_view}
    {CK storm_U101_reg_6 default_emulate_view}
    {CK storm_U78_reg_142 default_emulate_view}
    {CK kasa_U650_reg default_emulate_view}
    {CK storm_U34_reg_54 default_emulate_view}
    {CK U49_reg_6 default_emulate_view}
    {CK storm_U1_reg_107 default_emulate_view}
    {CK kasa_U651_reg default_emulate_view}
    {CK storm_U88_reg_71 default_emulate_view}
    {CK U5_reg_164 default_emulate_view}
    {CK U10_reg_159 default_emulate_view}
    {CK tiki_U14_reg_reg_202_6 default_emulate_view}
    {CK tiki_U14_reg_reg_254_6 default_emulate_view}
    {CK U20_reg_225 default_emulate_view}
    {CK tiki_U14_reg_reg_205_3 default_emulate_view}
    {CK storm_U317_reg_3 default_emulate_view}
    {CK storm_U88_reg_123 default_emulate_view}
    {CK storm_U22_reg_184 default_emulate_view}
    {CK storm_U487_reg_0 default_emulate_view}
    {CK storm_U4_reg_85 default_emulate_view}
    {CK storm_U80_reg_193 default_emulate_view}
    {CK kasa_U652_reg default_emulate_view}
    {CK U177_reg_3 default_emulate_view}
    {CK U30_reg_192 default_emulate_view}
    {CK U51_reg_114 default_emulate_view}
    {CK U12_reg_90 default_emulate_view}
    {CK U58_reg_42 default_emulate_view}
    {CK U38_reg_78 default_emulate_view}
    {CK U32_reg_198 default_emulate_view}
    {CK U70_reg_47 default_emulate_view}
    {CK U31_reg_25 default_emulate_view}
    {CK tiki_U14_reg_reg_162_11 default_emulate_view}
    {CK tiki_U14_reg_reg_191_8 default_emulate_view}
    {CK tiki_U14_reg_reg_241_6 default_emulate_view}
    {CK storm_U88_reg_31 default_emulate_view}
    {CK U98_reg_1 default_emulate_view}
    {CK U19_reg_73 default_emulate_view}
    {CK U11_reg_61 default_emulate_view}
    {CK tiki_U14_reg_reg_68_2 default_emulate_view}
    {CK tiki_U14_reg_reg_79_10 default_emulate_view}
    {CK tiki_U14_reg_reg_116_6 default_emulate_view}
    {CK tiki_U14_reg_reg_135_11 default_emulate_view}
    {CK storm_U50_reg_56 default_emulate_view}
    {CK storm_U43_reg_187 default_emulate_view}
    {CK tiki_U14_reg_reg_142_8 default_emulate_view}
    {CK storm_U41_reg_89 default_emulate_view}
    {CK U63_reg_75 default_emulate_view}
    {CK tiki_U14_reg_reg_6_5 default_emulate_view}
    {CK U106_reg_8 default_emulate_view}
    {CK U245_reg_8 default_emulate_view}
    {CK U122_reg_28 default_emulate_view}
    {CK tiki_U14_reg_reg_81_2 default_emulate_view}
    {CK U65_reg_288 default_emulate_view}
    {CK U45_reg_17 default_emulate_view}
    {CK U30_reg_167 default_emulate_view}
    {CK U87_reg_58 default_emulate_view}
    {CK U129_reg_24 default_emulate_view}
    {CK tiki_U14_reg_reg_115_3 default_emulate_view}
    {CK U5_reg_51 default_emulate_view}
    {CK U51_reg_56 default_emulate_view}
    {CK storm_U3_reg_113 default_emulate_view}
    {CK tiki_U14_reg_reg_43_11 default_emulate_view}
    {CK U171_reg_3 default_emulate_view}
    {CK tiki_U205_reg_9 default_emulate_view}
    {CK tiki_U37_reg_199 default_emulate_view}
    {CK tiki_U14_reg_reg_29_10 default_emulate_view}
    {CK tiki_U37_reg_171 default_emulate_view}
    {CK tiki_U327_reg_10 default_emulate_view}
    {CK tiki_U47_reg_192 default_emulate_view}
    {CK U167_reg_5 default_emulate_view}
    {CK tiki_U404_reg_1 default_emulate_view}
    {CK U30_reg_179 default_emulate_view}
    {CK U38_reg_196 default_emulate_view}
    {CK storm_U23_reg_110 default_emulate_view}
    {CK tiki_U14_reg_reg_10_6 default_emulate_view}
    {CK U51_reg_183 default_emulate_view}
    {CK kasa_U653_reg default_emulate_view}
    {CK tiki_U14_reg_reg_120_0 default_emulate_view}
    {CK tiki_U14_reg_reg_186_8 default_emulate_view}
    {CK U83_reg_53 default_emulate_view}
    {CK tiki_U210_reg_5 default_emulate_view}
    {CK tiki_U14_reg_reg_171_1 default_emulate_view}
    {CK tiki_U14_reg_reg_250_1 default_emulate_view}
    {CK U138_reg_35 default_emulate_view}
    {CK U104_reg_16 default_emulate_view}
    {CK U11_reg_26 default_emulate_view}
    {CK storm_U22_reg_111 default_emulate_view}
    {CK kasa_U654_reg default_emulate_view}
    {CK U10_reg_120 default_emulate_view}
    {CK U20_reg_494 default_emulate_view}
    {CK tiki_U21_reg_220 default_emulate_view}
    {CK U63_reg_37 default_emulate_view}
    {CK U655_reg default_emulate_view}
    {CK tiki_U14_reg_reg_94_7 default_emulate_view}
    {CK U65_reg_597 default_emulate_view}
    {CK U20_reg_540 default_emulate_view}
    {CK U531_reg_3 default_emulate_view}
    {CK U11_reg_150 default_emulate_view}
    {CK U11_reg_105 default_emulate_view}
    {CK storm_U26_reg_115 default_emulate_view}
    {CK U84_reg_3 default_emulate_view}
    {CK storm_U59_reg_58 default_emulate_view}
    {CK storm_U43_reg_0 default_emulate_view}
    {CK storm_U78_reg_46 default_emulate_view}
    {CK storm_U41_reg_34 default_emulate_view}
    {CK storm_U22_reg_29 default_emulate_view}
    {CK storm_U25_reg_24 default_emulate_view}
    {CK kasa_U656_reg default_emulate_view}
    {CK U222_reg_7 default_emulate_view}
    {CK U51_reg_53 default_emulate_view}
    {CK tiki_U14_reg_reg_135_6 default_emulate_view}
    {CK tiki_U14_reg_reg_138_1 default_emulate_view}
    {CK storm_U59_reg_66 default_emulate_view}
    {CK U129_reg_100 default_emulate_view}
    {CK tiki_U37_reg_73 default_emulate_view}
    {CK tiki_U14_reg_reg_54_10 default_emulate_view}
    {CK tiki_U21_reg_130 default_emulate_view}
    {CK tiki_U14_reg_reg_111_10 default_emulate_view}
    {CK tiki_U14_reg_reg_189_5 default_emulate_view}
    {CK storm_U25_reg_20 default_emulate_view}
    {CK storm_U25_reg_14 default_emulate_view}
    {CK storm_U53_reg_9 default_emulate_view}
    {CK storm_U22_reg_6 default_emulate_view}
    {CK U29_reg_80 default_emulate_view}
    {CK tiki_U21_reg_115 default_emulate_view}
    {CK tiki_U86_reg_5 default_emulate_view}
    {CK storm_U34_reg_57 default_emulate_view}
    {CK storm_U1_reg_11 default_emulate_view}
    {CK storm_U1_reg_34 default_emulate_view}
    {CK storm_U2_reg_32 default_emulate_view}
    {CK storm_U41_reg_25 default_emulate_view}
    {CK U375_reg_0 default_emulate_view}
    {CK U79_reg_4 default_emulate_view}
    {CK U30_reg_120 default_emulate_view}
    {CK U138_reg_74 default_emulate_view}
    {CK U32_reg_28 default_emulate_view}
    {CK U32_reg_72 default_emulate_view}
    {CK U71_reg_43 default_emulate_view}
    {CK U30_reg_316 default_emulate_view}
    {CK tiki_U14_reg_reg_213_1 default_emulate_view}
    {CK tiki_U92_reg_2 default_emulate_view}
    {CK storm_U25_reg_85 default_emulate_view}
    {CK U129_reg_4 default_emulate_view}
    {CK U65_reg_600 default_emulate_view}
    {CK tiki_U14_reg_reg_113_6 default_emulate_view}
    {CK tiki_U14_reg_reg_69_9 default_emulate_view}
    {CK tiki_U14_reg_reg_184_5 default_emulate_view}
    {CK tiki_U14_reg_reg_75_7 default_emulate_view}
    {CK storm_U52_reg_22 default_emulate_view}
    {CK storm_U50_reg_14 default_emulate_view}
    {CK storm_U1_reg_7 default_emulate_view}
    {CK U175_reg_37 default_emulate_view}
    {CK U76_reg_53 default_emulate_view}
    {CK tiki_U14_reg_reg_36_1 default_emulate_view}
    {CK tiki_U14_reg_reg_20_3 default_emulate_view}
    {CK tiki_U14_reg_reg_217_2 default_emulate_view}
    {CK kasa_U658_reg default_emulate_view}
    {CK tiki_U14_reg_reg_248_3 default_emulate_view}
    {CK tiki_U47_reg_240 default_emulate_view}
    {CK tiki_U14_reg_reg_164_0 default_emulate_view}
    {CK tiki_U14_reg_reg_137_2 default_emulate_view}
    {CK U12_reg_71 default_emulate_view}
    {CK U120_reg_3 default_emulate_view}
    {CK U291_reg_10 default_emulate_view}
    {CK tiki_U14_reg_reg_213_8 default_emulate_view}
    {CK storm_U41_reg_163 default_emulate_view}
    {CK tiki_U14_reg_reg_201_5 default_emulate_view}
    {CK U175_reg_75 default_emulate_view}
    {CK U65_reg_150 default_emulate_view}
    {CK tiki_U14_reg_reg_165_11 default_emulate_view}
    {CK tiki_U14_reg_reg_69_8 default_emulate_view}
    {CK U129_reg_98 default_emulate_view}
    {CK U38_reg_153 default_emulate_view}
    {CK U30_reg_67 default_emulate_view}
    {CK U71_reg_22 default_emulate_view}
    {CK U97_reg_0 default_emulate_view}
    {CK U104_reg_17 default_emulate_view}
    {CK tiki_U81_reg_0 default_emulate_view}
    {CK U65_reg_598 default_emulate_view}
    {CK tiki_U47_reg_168 default_emulate_view}
    {CK kasa_U659_reg default_emulate_view}
    {CK U141_reg_7 default_emulate_view}
    {CK U32_reg_49 default_emulate_view}
    {CK U51_reg_33 default_emulate_view}
    {CK U51_reg_158 default_emulate_view}
    {CK U11_reg_55 default_emulate_view}
    {CK U138_reg_25 default_emulate_view}
    {CK tiki_U37_reg_214 default_emulate_view}
    {CK tiki_U27_reg_7 default_emulate_view}
    {CK tiki_U14_reg_reg_26_7 default_emulate_view}
    {CK tiki_U81_reg_10 default_emulate_view}
    {CK U20_reg_538 default_emulate_view}
    {CK tiki_U14_reg_reg_218_10 default_emulate_view}
    {CK tiki_U14_reg_reg_15_10 default_emulate_view}
    {CK storm_U25_reg_162 default_emulate_view}
    {CK U83_reg_3 default_emulate_view}
    {CK tiki_U37_reg_11 default_emulate_view}
    {CK tiki_U14_reg_reg_22_3 default_emulate_view}
    {CK storm_U152_reg_9 default_emulate_view}
    {CK tiki_U37_reg_41 default_emulate_view}
    {CK U83_reg_41 default_emulate_view}
    {CK tiki_U14_reg_reg_77_4 default_emulate_view}
    {CK tiki_U14_reg_reg_187_7 default_emulate_view}
    {CK U131_reg_5 default_emulate_view}
    {CK U38_reg_223 default_emulate_view}
    {CK U38_reg_245 default_emulate_view}
    {CK U12_reg_49 default_emulate_view}
    {CK U660_reg default_emulate_view}
    {CK U11_reg_231 default_emulate_view}
    {CK tiki_U14_reg_reg_106_3 default_emulate_view}
    {CK U51_reg_77 default_emulate_view}
    {CK tiki_U14_reg_reg_238_2 default_emulate_view}
    {CK storm_U43_reg_114 default_emulate_view}
    {CK storm_U4_reg_71 default_emulate_view}
    {CK tiki_U14_reg_reg_247_6 default_emulate_view}
    {CK tiki_U14_reg_reg_156_0 default_emulate_view}
    {CK U63_reg_60 default_emulate_view}
    {CK tiki_U14_reg_reg_105_3 default_emulate_view}
    {CK tiki_U14_reg_reg_166_6 default_emulate_view}
    {CK tiki_U47_reg_50 default_emulate_view}
    {CK U519_reg_0 default_emulate_view}
    {CK U32_reg_179 default_emulate_view}
    {CK U58_reg_44 default_emulate_view}
    {CK U129_reg_3 default_emulate_view}
    {CK U406_reg_2 default_emulate_view}
    {CK storm_U26_reg_177 default_emulate_view}
    {CK U5_reg_252 default_emulate_view}
    {CK tiki_U14_reg_reg_193_6 default_emulate_view}
    {CK storm_U22_reg_121 default_emulate_view}
    {CK storm_U1_reg_108 default_emulate_view}
    {CK U297_reg_8 default_emulate_view}
    {CK U5_reg_201 default_emulate_view}
    {CK storm_U4_reg_63 default_emulate_view}
    {CK U11_reg_126 default_emulate_view}
    {CK U11_reg_25 default_emulate_view}
    {CK tiki_U14_reg_reg_199_11 default_emulate_view}
    {CK U20_reg_416 default_emulate_view}
    {CK tiki_U37_reg_160 default_emulate_view}
    {CK tiki_U14_reg_reg_10_10 default_emulate_view}
    {CK tiki_U327_reg_9 default_emulate_view}
    {CK tiki_U14_reg_reg_167_7 default_emulate_view}
    {CK tiki_U14_reg_reg_16_8 default_emulate_view}
    {CK U647_reg_0 default_emulate_view}
    {CK U122_reg_21 default_emulate_view}
    {CK U35_reg_2 default_emulate_view}
    {CK tiki_U148_reg_5 default_emulate_view}
    {CK tiki_U81_reg_17 default_emulate_view}
    {CK storm_U94_reg_8 default_emulate_view}
    {CK storm_U215_reg_1 default_emulate_view}
    {CK storm_U80_reg_172 default_emulate_view}
    {CK kasa_U662_reg default_emulate_view}
    {CK U76_reg_67 default_emulate_view}
    {CK storm_U78_reg_187 default_emulate_view}
    {CK storm_U16_reg_193 default_emulate_view}
    {CK tiki_U14_reg_reg_57_3 default_emulate_view}
    {CK U129_reg_123 default_emulate_view}
    {CK tiki_U14_reg_reg_3_9 default_emulate_view}
    {CK storm_U101_reg_3 default_emulate_view}
    {CK storm_U88_reg_93 default_emulate_view}
    {CK storm_U23_reg_168 default_emulate_view}
    {CK tiki_U14_reg_reg_66_6 default_emulate_view}
    {CK storm_U1_reg_198 default_emulate_view}
    {CK U24_reg_22 default_emulate_view}
    {CK storm_U34_reg_56 default_emulate_view}
    {CK tiki_U47_reg_147 default_emulate_view}
    {CK tiki_U14_reg_reg_158_1 default_emulate_view}
    {CK tiki_U14_reg_reg_100_10 default_emulate_view}
    {CK U129_reg_96 default_emulate_view}
    {CK tiki_U200_reg_1 default_emulate_view}
    {CK storm_U16_reg_166 default_emulate_view}
    {CK U65_reg_290 default_emulate_view}
    {CK tiki_U21_reg_6 default_emulate_view}
    {CK storm_U1_reg_142 default_emulate_view}
    {CK storm_U4_reg_3 default_emulate_view}
    {CK storm_U34_reg_192 default_emulate_view}
    {CK storm_U4_reg_109 default_emulate_view}
    {CK storm_U89_reg_3 default_emulate_view}
    {CK storm_U2_reg_193 default_emulate_view}
    {CK U219_reg_3 default_emulate_view}
    {CK U51_reg_9 default_emulate_view}
    {CK U10_reg_76 default_emulate_view}
    {CK U32_reg_168 default_emulate_view}
    {CK U38_reg_198 default_emulate_view}
    {CK U87_reg_60 default_emulate_view}
    {CK U30_reg_210 default_emulate_view}
    {CK U30_reg_6 default_emulate_view}
    {CK tiki_U47_reg_57 default_emulate_view}
    {CK storm_U133_reg_167 default_emulate_view}
    {CK storm_U59_reg_170 default_emulate_view}
    {CK U12_reg_28 default_emulate_view}
    {CK U20_reg_462 default_emulate_view}
    {CK U20_reg_464 default_emulate_view}
    {CK tiki_U14_reg_reg_87_8 default_emulate_view}
    {CK tiki_U14_reg_reg_220_0 default_emulate_view}
    {CK storm_U1_reg_202 default_emulate_view}
    {CK storm_U88_reg_116 default_emulate_view}
    {CK tiki_U14_reg_reg_185_3 default_emulate_view}
    {CK storm_U3_reg_54 default_emulate_view}
    {CK U83_reg_1 default_emulate_view}
    {CK tiki_U14_reg_reg_208_4 default_emulate_view}
    {CK tiki_U14_reg_reg_226_2 default_emulate_view}
    {CK tiki_U14_reg_reg_103_11 default_emulate_view}
    {CK tiki_U14_reg_reg_148_5 default_emulate_view}
    {CK U167_reg_3 default_emulate_view}
    {CK U20_reg_520 default_emulate_view}
    {CK storm_U78_reg_126 default_emulate_view}
    {CK storm_U43_reg_130 default_emulate_view}
    {CK storm_U62_reg_133 default_emulate_view}
    {CK storm_U25_reg_140 default_emulate_view}
    {CK kasa_U663_reg default_emulate_view}
    {CK U221_reg_7 default_emulate_view}
    {CK U172_reg_4 default_emulate_view}
    {CK U30_reg_305 default_emulate_view}
    {CK U31_reg_50 default_emulate_view}
    {CK U30_reg_239 default_emulate_view}
    {CK U30_reg_26 default_emulate_view}
    {CK U32_reg_9 default_emulate_view}
    {CK tiki_U14_reg_reg_19_2 default_emulate_view}
    {CK tiki_U14_reg_reg_1_5 default_emulate_view}
    {CK U20_reg_333 default_emulate_view}
    {CK U20_reg_73 default_emulate_view}
    {CK U65_reg_172 default_emulate_view}
    {CK U20_reg_191 default_emulate_view}
    {CK tiki_U21_reg_170 default_emulate_view}
    {CK storm_U1_reg_148 default_emulate_view}
    {CK storm_U78_reg_191 default_emulate_view}
    {CK storm_U1_reg_165 default_emulate_view}
    {CK storm_U34_reg_168 default_emulate_view}
    {CK U73_reg_77 default_emulate_view}
    {CK U35_reg_72 default_emulate_view}
    {CK storm_U80_reg_139 default_emulate_view}
    {CK storm_U25_reg_129 default_emulate_view}
    {CK U272_reg_8 default_emulate_view}
    {CK tiki_U14_reg_reg_180_8 default_emulate_view}
    {CK storm_U23_reg_167 default_emulate_view}
    {CK storm_U429_reg_159 default_emulate_view}
    {CK U65_reg_55 default_emulate_view}
    {CK tiki_U47_reg_10 default_emulate_view}
    {CK tiki_U14_reg_reg_58_0 default_emulate_view}
    {CK U140_reg_3 default_emulate_view}
    {CK U12_reg_23 default_emulate_view}
    {CK U12_reg_76 default_emulate_view}
    {CK U664_reg_1 default_emulate_view}
    {CK U10_reg_146 default_emulate_view}
    {CK storm_U50_reg_131 default_emulate_view}
    {CK storm_U59_reg_189 default_emulate_view}
    {CK U65_reg_560 default_emulate_view}
    {CK tiki_U14_reg_reg_14_11 default_emulate_view}
    {CK kasa_U665_reg default_emulate_view}
    {CK kasa_U666_reg default_emulate_view}
    {CK tiki_U14_reg_reg_72_7 default_emulate_view}
    {CK storm_U3_reg_118 default_emulate_view}
    {CK U73_reg_32 default_emulate_view}
    {CK U63_reg_63 default_emulate_view}
    {CK tiki_U27_reg_6 default_emulate_view}
    {CK tiki_U14_reg_reg_5_9 default_emulate_view}
    {CK tiki_U14_reg_reg_85_7 default_emulate_view}
    {CK U65_reg_606 default_emulate_view}
    {CK tiki_U14_reg_reg_147_6 default_emulate_view}
    {CK U17_reg_89 default_emulate_view}
    {CK tiki_U14_reg_reg_251_0 default_emulate_view}
    {CK U13_reg_10 default_emulate_view}
    {CK U193_reg_1 default_emulate_view}
    {CK tiki_U14_reg_reg_201_1 default_emulate_view}
    {CK tiki_U14_reg_reg_110_9 default_emulate_view}
    {CK U667_reg default_emulate_view}
    {CK tiki_U14_reg_reg_168_8 default_emulate_view}
    {CK storm_U34_reg_7 default_emulate_view}
    {CK storm_U80_reg_2 default_emulate_view}
    {CK U5_reg_224 default_emulate_view}
    {CK U51_reg_140 default_emulate_view}
    {CK U17_reg_75 default_emulate_view}
    {CK U17_reg_34 default_emulate_view}
    {CK U38_reg_102 default_emulate_view}
    {CK U32_reg_71 default_emulate_view}
    {CK U30_reg_286 default_emulate_view}
    {CK U71_reg_17 default_emulate_view}
    {CK tiki_U14_reg_reg_211_0 default_emulate_view}
    {CK tiki_U14_reg_reg_138_8 default_emulate_view}
    {CK tiki_U14_reg_reg_149_6 default_emulate_view}
    {CK storm_U78_reg_10 default_emulate_view}
    {CK tiki_U14_reg_reg_196_3 default_emulate_view}
    {CK tiki_U14_reg_reg_199_1 default_emulate_view}
    {CK U20_reg_245 default_emulate_view}
    {CK U65_reg_2 default_emulate_view}
    {CK U65_reg_512 default_emulate_view}
    {CK U65_reg_392 default_emulate_view}
    {CK tiki_U14_reg_reg_178_11 default_emulate_view}
    {CK tiki_U14_reg_reg_203_6 default_emulate_view}
    {CK tiki_U308_reg_7 default_emulate_view}
    {CK tiki_U14_reg_reg_220_8 default_emulate_view}
    {CK storm_U133_reg_174 default_emulate_view}
    {CK storm_U668_reg default_emulate_view}
    {CK storm_U50_reg_108 default_emulate_view}
    {CK U83_reg_24 default_emulate_view}
    {CK tiki_U37_reg_135 default_emulate_view}
    {CK storm_U80_reg_116 default_emulate_view}
    {CK storm_U1_reg_28 default_emulate_view}
    {CK storm_U59_reg_177 default_emulate_view}
    {CK U160_reg_5 default_emulate_view}
    {CK U231_reg_4 default_emulate_view}
    {CK U5_reg_254 default_emulate_view}
    {CK U10_reg_44 default_emulate_view}
    {CK U17_reg_101 default_emulate_view}
    {CK U129_reg_43 default_emulate_view}
    {CK U214_reg_3 default_emulate_view}
    {CK U129_reg_109 default_emulate_view}
    {CK U45_reg_8 default_emulate_view}
    {CK storm_U62_reg_7 default_emulate_view}
    {CK storm_U62_reg_15 default_emulate_view}
    {CK U20_reg_121 default_emulate_view}
    {CK U65_reg_654 default_emulate_view}
    {CK U65_reg_220 default_emulate_view}
    {CK tiki_U14_reg_reg_99_10 default_emulate_view}
    {CK tiki_U14_reg_reg_88_2 default_emulate_view}
    {CK tiki_U21_reg_242 default_emulate_view}
    {CK U20_reg_317 default_emulate_view}
    {CK tiki_U14_reg_reg_186_5 default_emulate_view}
    {CK storm_U4_reg_60 default_emulate_view}
    {CK U49_reg_31 default_emulate_view}
    {CK U122_reg_57 default_emulate_view}
    {CK storm_U25_reg_74 default_emulate_view}
    {CK storm_U25_reg_195 default_emulate_view}
    {CK storm_U26_reg_185 default_emulate_view}
    {CK U399_reg_0 default_emulate_view}
    {CK tiki_U14_reg_reg_199_9 default_emulate_view}
    {CK kasa_U669_reg default_emulate_view}
    {CK tiki_U14_reg_reg_137_3 default_emulate_view}
    {CK tiki_U14_reg_reg_237_9 default_emulate_view}
    {CK U76_reg_39 default_emulate_view}
    {CK storm_U22_reg_56 default_emulate_view}
    {CK storm_U25_reg_64 default_emulate_view}
    {CK tiki_U14_reg_reg_214_7 default_emulate_view}
    {CK tiki_U14_reg_reg_68_9 default_emulate_view}
    {CK tiki_U14_reg_reg_70_2 default_emulate_view}
    {CK tiki_U15_reg_8 default_emulate_view}
    {CK U10_reg_42 default_emulate_view}
    {CK storm_U25_reg_82 default_emulate_view}
    {CK storm_U41_reg_88 default_emulate_view}
    {CK storm_U59_reg_54 default_emulate_view}
    {CK tiki_U14_reg_reg_220_7 default_emulate_view}
    {CK storm_U59_reg_67 default_emulate_view}
    {CK tiki_U14_reg_reg_157_6 default_emulate_view}
    {CK U29_reg_75 default_emulate_view}
    {CK storm_U43_reg_85 default_emulate_view}
    {CK U20_reg_576 default_emulate_view}
    {CK U20_reg_365 default_emulate_view}
    {CK tiki_U14_reg_reg_184_11 default_emulate_view}
    {CK tiki_U14_reg_reg_109_4 default_emulate_view}
    {CK U11_reg_95 default_emulate_view}
    {CK tiki_U14_reg_reg_129_1 default_emulate_view}
    {CK storm_U78_reg_192 default_emulate_view}
    {CK tiki_U21_reg_46 default_emulate_view}
    {CK U399_reg_7 default_emulate_view}
    {CK storm_U50_reg_189 default_emulate_view}
    {CK storm_U59_reg_186 default_emulate_view}
    {CK storm_U133_reg_62 default_emulate_view}
    {CK storm_U133_reg_85 default_emulate_view}
    {CK storm_U25_reg_83 default_emulate_view}
    {CK storm_U3_reg_76 default_emulate_view}
    {CK U265_reg_3 default_emulate_view}
    {CK U240_reg_5 default_emulate_view}
    {CK U10_reg_68 default_emulate_view}
    {CK U11_reg_45 default_emulate_view}
    {CK U303_reg_2 default_emulate_view}
    {CK U19_reg_82 default_emulate_view}
    {CK U11_reg_63 default_emulate_view}
    {CK U11_reg_85 default_emulate_view}
    {CK U38_reg_96 default_emulate_view}
    {CK U670_reg default_emulate_view}
    {CK U70_reg_4 default_emulate_view}
    {CK U71_reg_63 default_emulate_view}
    {CK U30_reg_172 default_emulate_view}
    {CK storm_U2_reg_56 default_emulate_view}
    {CK U11_reg_2 default_emulate_view}
    {CK U104_reg_35 default_emulate_view}
    {CK U65_reg_23 default_emulate_view}
    {CK U65_reg_528 default_emulate_view}
    {CK tiki_U37_reg_165 default_emulate_view}
    {CK tiki_U14_reg_reg_90_7 default_emulate_view}
    {CK tiki_U14_reg_reg_176_11 default_emulate_view}
    {CK storm_U23_reg_69 default_emulate_view}
    {CK storm_U2_reg_65 default_emulate_view}
    {CK storm_U133_reg_58 default_emulate_view}
    {CK U24_reg_23 default_emulate_view}
    {CK U29_reg_22 default_emulate_view}
    {CK tiki_U14_reg_reg_59_7 default_emulate_view}
    {CK U246_reg_5 default_emulate_view}
    {CK U260_reg_8 default_emulate_view}
    {CK U245_reg_4 default_emulate_view}
    {CK tiki_U14_reg_reg_110_3 default_emulate_view}
    {CK tiki_U21_reg_13 default_emulate_view}
    {CK U83_reg_6 default_emulate_view}
    {CK U20_reg_17 default_emulate_view}
    {CK U20_reg_345 default_emulate_view}
    {CK U30_reg_125 default_emulate_view}
    {CK U5_reg_147 default_emulate_view}
    {CK U10_reg_122 default_emulate_view}
    {CK U331_reg_0 default_emulate_view}
    {CK U175_reg_45 default_emulate_view}
    {CK tiki_U47_reg_159 default_emulate_view}
    {CK tiki_U47_reg_128 default_emulate_view}
    {CK U65_reg_540 default_emulate_view}
    {CK U65_reg_638 default_emulate_view}
    {CK U20_reg_277 default_emulate_view}
    {CK U32_reg_12 default_emulate_view}
    {CK U87_reg_38 default_emulate_view}
    {CK tiki_U14_reg_reg_55_11 default_emulate_view}
    {CK U5_reg_10 default_emulate_view}
    {CK U65_reg_686 default_emulate_view}
    {CK tiki_U14_reg_reg_191_2 default_emulate_view}
    {CK kasa_U671_reg default_emulate_view}
    {CK U672_reg_1 default_emulate_view}
    {CK U32_reg_117 default_emulate_view}
    {CK U51_reg_186 default_emulate_view}
    {CK U58_reg_63 default_emulate_view}
    {CK U38_reg_73 default_emulate_view}
    {CK tiki_U14_reg_reg_180_5 default_emulate_view}
    {CK tiki_U14_reg_reg_80_6 default_emulate_view}
    {CK tiki_U14_reg_reg_135_8 default_emulate_view}
    {CK U65_reg_228 default_emulate_view}
    {CK U65_reg_380 default_emulate_view}
    {CK U20_reg_223 default_emulate_view}
    {CK U20_reg_506 default_emulate_view}
    {CK tiki_U95_reg_8 default_emulate_view}
    {CK tiki_U229_reg_1 default_emulate_view}
    {CK tiki_U14_reg_reg_69_0 default_emulate_view}
    {CK U65_reg_431 default_emulate_view}
    {CK tiki_U14_reg_reg_50_6 default_emulate_view}
    {CK tiki_U112_reg_5 default_emulate_view}
    {CK U175_reg_16 default_emulate_view}
    {CK U122_reg_75 default_emulate_view}
    {CK tiki_U14_reg_reg_253_7 default_emulate_view}
    {CK tiki_U14_reg_reg_2_7 default_emulate_view}
    {CK U20_reg_507 default_emulate_view}
    {CK tiki_U274_reg_4 default_emulate_view}
    {CK storm_U89_reg_5 default_emulate_view}
    {CK storm_U673_reg_1 default_emulate_view}
    {CK storm_U1_reg_196 default_emulate_view}
    {CK storm_U78_reg_210 default_emulate_view}
    {CK storm_U25_reg_55 default_emulate_view}
    {CK storm_U133_reg_184 default_emulate_view}
    {CK U30_reg_177 default_emulate_view}
    {CK tiki_U14_reg_reg_139_0 default_emulate_view}
    {CK tiki_U47_reg_233 default_emulate_view}
    {CK storm_U88_reg_7 default_emulate_view}
    {CK tiki_U185_reg_7 default_emulate_view}
    {CK U20_reg_521 default_emulate_view}
    {CK U20_reg_344 default_emulate_view}
    {CK U20_reg_412 default_emulate_view}
    {CK U65_reg_685 default_emulate_view}
    {CK tiki_U37_reg_241 default_emulate_view}
    {CK tiki_U14_reg_reg_24_6 default_emulate_view}
    {CK storm_U53_reg_89 default_emulate_view}
    {CK storm_U78_reg_87 default_emulate_view}
    {CK storm_U50_reg_82 default_emulate_view}
    {CK storm_U80_reg_79 default_emulate_view}
    {CK U24_reg_31 default_emulate_view}
    {CK U29_reg_56 default_emulate_view}
    {CK storm_U2_reg_185 default_emulate_view}
    {CK storm_U88_reg_77 default_emulate_view}
    {CK storm_U674_reg_1 default_emulate_view}
    {CK tiki_U37_reg_221 default_emulate_view}
    {CK tiki_U14_reg_reg_176_8 default_emulate_view}
    {CK U136_reg_8 default_emulate_view}
    {CK U251_reg_7 default_emulate_view}
    {CK tiki_U14_reg_reg_218_0 default_emulate_view}
    {CK U175_reg_65 default_emulate_view}
    {CK storm_U62_reg_80 default_emulate_view}
    {CK storm_U41_reg_87 default_emulate_view}
    {CK tiki_U14_reg_reg_107_11 default_emulate_view}
    {CK tiki_U14_reg_reg_106_11 default_emulate_view}
    {CK U65_reg_229 default_emulate_view}
    {CK U20_reg_276 default_emulate_view}
    {CK tiki_U37_reg_20 default_emulate_view}
    {CK tiki_U14_reg_reg_100_1 default_emulate_view}
    {CK U32_reg_161 default_emulate_view}
    {CK U58_reg_52 default_emulate_view}
    {CK U104_reg_55 default_emulate_view}
    {CK U11_reg_133 default_emulate_view}
    {CK tiki_U285_reg_3 default_emulate_view}
    {CK storm_U23_reg_182 default_emulate_view}
    {CK storm_U26_reg_196 default_emulate_view}
    {CK storm_U59_reg_192 default_emulate_view}
    {CK tiki_U14_reg_reg_239_3 default_emulate_view}
    {CK storm_U25_reg_108 default_emulate_view}
    {CK U63_reg_23 default_emulate_view}
    {CK U256_reg_5 default_emulate_view}
    {CK tiki_U14_reg_reg_234_7 default_emulate_view}
    {CK U413_reg_7 default_emulate_view}
    {CK U65_reg_541 default_emulate_view}
    {CK tiki_U14_reg_reg_64_9 default_emulate_view}
    {CK U38_reg_65 default_emulate_view}
    {CK U38_reg_22 default_emulate_view}
    {CK U554_reg_0 default_emulate_view}
    {CK storm_U293_reg_1 default_emulate_view}
    {CK U38_reg_251 default_emulate_view}
    {CK tiki_U14_reg_reg_110_2 default_emulate_view}
    {CK tiki_U14_reg_reg_72_11 default_emulate_view}
    {CK U352_reg_1 default_emulate_view}
    {CK tiki_U56_reg_11 default_emulate_view}
    {CK tiki_U21_reg_123 default_emulate_view}
    {CK tiki_U37_reg_59 default_emulate_view}
    {CK U35_reg_33 default_emulate_view}
    {CK tiki_U14_reg_reg_76_6 default_emulate_view}
    {CK U20_reg_95 default_emulate_view}
    {CK U20_reg_16 default_emulate_view}
    {CK tiki_U308_reg_11 default_emulate_view}
    {CK U87_reg_71 default_emulate_view}
    {CK U32_reg_196 default_emulate_view}
    {CK U11_reg_179 default_emulate_view}
    {CK U5_reg_207 default_emulate_view}
    {CK U107_reg_1 default_emulate_view}
    {CK tiki_U14_reg_reg_133_3 default_emulate_view}
    {CK U65_reg_529 default_emulate_view}
    {CK U65_reg_22 default_emulate_view}
    {CK U250_reg_5 default_emulate_view}
    {CK tiki_U14_reg_reg_57_10 default_emulate_view}
    {CK tiki_U14_reg_reg_237_0 default_emulate_view}
    {CK U87_reg_27 default_emulate_view}
    {CK U70_reg_16 default_emulate_view}
    {CK U38_reg_76 default_emulate_view}
    {CK U12_reg_36 default_emulate_view}
    {CK tiki_U14_reg_reg_153_5 default_emulate_view}
    {CK U65_reg_381 default_emulate_view}
    {CK U132_reg_6 default_emulate_view}
    {CK U5_reg_33 default_emulate_view}
    {CK U51_reg_157 default_emulate_view}
    {CK tiki_U14_reg_reg_82_7 default_emulate_view}
    {CK U65_reg_637 default_emulate_view}
    {CK U413_reg_0 default_emulate_view}
    {CK U20_reg_364 default_emulate_view}
    {CK tiki_U14_reg_reg_114_0 default_emulate_view}
    {CK tiki_U14_reg_reg_103_6 default_emulate_view}
    {CK U73_reg_11 default_emulate_view}
    {CK U76_reg_14 default_emulate_view}
    {CK tiki_U21_reg_197 default_emulate_view}
    {CK tiki_U21_reg_73 default_emulate_view}
    {CK tiki_U14_reg_reg_160_8 default_emulate_view}
    {CK U65_reg_221 default_emulate_view}
    {CK U20_reg_120 default_emulate_view}
    {CK tiki_U14_reg_reg_12_5 default_emulate_view}
    {CK storm_U26_reg_61 default_emulate_view}
    {CK storm_U59_reg_24 default_emulate_view}
    {CK storm_U50_reg_15 default_emulate_view}
    {CK storm_U50_reg_11 default_emulate_view}
    {CK storm_U43_reg_9 default_emulate_view}
    {CK storm_U43_reg_1 default_emulate_view}
    {CK U5_reg_55 default_emulate_view}
    {CK U90_reg_0 default_emulate_view}
    {CK U135_reg_4 default_emulate_view}
    {CK U10_reg_50 default_emulate_view}
    {CK U138_reg_65 default_emulate_view}
    {CK tiki_U14_reg_reg_77_8 default_emulate_view}
    {CK tiki_U14_reg_reg_172_3 default_emulate_view}
    {CK tiki_U14_reg_reg_137_10 default_emulate_view}
    {CK tiki_U14_reg_reg_45_1 default_emulate_view}
    {CK storm_U43_reg_32 default_emulate_view}
    {CK tiki_U47_reg_70 default_emulate_view}
    {CK U20_reg_380 default_emulate_view}
    {CK U65_reg_653 default_emulate_view}
    {CK tiki_U21_reg_20 default_emulate_view}
    {CK tiki_U14_reg_reg_91_6 default_emulate_view}
    {CK storm_U41_reg_117 default_emulate_view}
    {CK U73_reg_60 default_emulate_view}
    {CK tiki_U14_reg_reg_76_3 default_emulate_view}
    {CK tiki_U14_reg_reg_59_10 default_emulate_view}
    {CK tiki_U14_reg_reg_254_3 default_emulate_view}
    {CK U65_reg_3 default_emulate_view}
    {CK storm_U53_reg_24 default_emulate_view}
    {CK storm_U23_reg_26 default_emulate_view}
    {CK storm_U23_reg_12 default_emulate_view}
    {CK storm_U43_reg_10 default_emulate_view}
    {CK storm_U2_reg_3 default_emulate_view}
    {CK kasa_U676_reg default_emulate_view}
    {CK U265_reg_7 default_emulate_view}
    {CK U5_reg_210 default_emulate_view}
    {CK U17_reg_111 default_emulate_view}
    {CK U11_reg_138 default_emulate_view}
    {CK U17_reg_22 default_emulate_view}
    {CK U71_reg_10 default_emulate_view}
    {CK U30_reg_251 default_emulate_view}
    {CK U30_reg_55 default_emulate_view}
    {CK U32_reg_209 default_emulate_view}
    {CK storm_U23_reg_30 default_emulate_view}
    {CK U65_reg_393 default_emulate_view}
    {CK U65_reg_151 default_emulate_view}
    {CK U677_reg default_emulate_view}
    {CK U20_reg_244 default_emulate_view}
    {CK U65_reg_513 default_emulate_view}
    {CK tiki_U47_reg_108 default_emulate_view}
    {CK tiki_U14_reg_reg_96_10 default_emulate_view}
    {CK tiki_U168_reg_13 default_emulate_view}
    {CK tiki_U14_reg_reg_0_8 default_emulate_view}
    {CK tiki_U169_reg_7 default_emulate_view}
    {CK tiki_U37_reg_52 default_emulate_view}
    {CK storm_U4_reg_74 default_emulate_view}
    {CK U175_reg_6 default_emulate_view}
    {CK U35_reg_74 default_emulate_view}
    {CK storm_U26_reg_120 default_emulate_view}
    {CK tiki_U14_reg_reg_121_7 default_emulate_view}
    {CK U260_reg_0 default_emulate_view}
    {CK U262_reg_2 default_emulate_view}
    {CK tiki_U37_reg_27 default_emulate_view}
    {CK storm_U2_reg_137 default_emulate_view}
    {CK storm_U43_reg_131 default_emulate_view}
    {CK tiki_U14_reg_reg_171_11 default_emulate_view}
    {CK tiki_U14_reg_reg_197_10 default_emulate_view}
    {CK tiki_U678_reg default_emulate_view}
    {CK U65_reg_173 default_emulate_view}
    {CK U20_reg_577 default_emulate_view}
    {CK U32_reg_2 default_emulate_view}
    {CK U17_reg_72 default_emulate_view}
    {CK U13_reg_16 default_emulate_view}
    {CK U679_reg default_emulate_view}
    {CK U17_reg_67 default_emulate_view}
    {CK tiki_U37_reg_146 default_emulate_view}
    {CK U5_reg_3 default_emulate_view}
    {CK tiki_U14_reg_reg_21_2 default_emulate_view}
    {CK storm_U133_reg_122 default_emulate_view}
    {CK tiki_U14_reg_reg_207_6 default_emulate_view}
    {CK U63_reg_50 default_emulate_view}
    {CK storm_U53_reg_133 default_emulate_view}
    {CK U65_reg_561 default_emulate_view}
    {CK U65_reg_54 default_emulate_view}
    {CK tiki_U14_reg_reg_235_5 default_emulate_view}
    {CK tiki_U14_reg_reg_216_6 default_emulate_view}
    {CK U291_reg_8 default_emulate_view}
    {CK U129_reg_16 default_emulate_view}
    {CK U291_reg_3 default_emulate_view}
    {CK U20_reg_72 default_emulate_view}
    {CK storm_U59_reg_164 default_emulate_view}
    {CK storm_U50_reg_132 default_emulate_view}
    {CK U160_reg_0 default_emulate_view}
    {CK U680_reg_0 default_emulate_view}
    {CK U10_reg_77 default_emulate_view}
    {CK U19_reg_23 default_emulate_view}
    {CK U39_reg_3 default_emulate_view}
    {CK U32_reg_88 default_emulate_view}
    {CK U84_reg_45 default_emulate_view}
    {CK U71_reg_35 default_emulate_view}
    {CK tiki_U47_reg_43 default_emulate_view}
    {CK tiki_U229_reg_8 default_emulate_view}
    {CK U65_reg_605 default_emulate_view}
    {CK U250_reg_3 default_emulate_view}
    {CK U65_reg_345 default_emulate_view}
    {CK U132_reg_3 default_emulate_view}
    {CK U20_reg_332 default_emulate_view}
    {CK tiki_U14_reg_reg_101_3 default_emulate_view}
    {CK tiki_U14_reg_reg_162_3 default_emulate_view}
    {CK tiki_U14_reg_reg_210_2 default_emulate_view}
    {CK storm_U50_reg_122 default_emulate_view}
    {CK storm_U52_reg_128 default_emulate_view}
    {CK storm_U1_reg_151 default_emulate_view}
    {CK U29_reg_1 default_emulate_view}
    {CK U76_reg_28 default_emulate_view}
    {CK tiki_U161_reg_7 default_emulate_view}
    {CK tiki_U14_reg_reg_122_4 default_emulate_view}
    {CK tiki_U217_reg_7 default_emulate_view}
    {CK tiki_U14_reg_reg_56_9 default_emulate_view}
    {CK U20_reg_465 default_emulate_view}
    {CK U310_reg_3 default_emulate_view}
    {CK kasa_U681_reg default_emulate_view}
    {CK U51_reg_78 default_emulate_view}
    {CK U11_reg_195 default_emulate_view}
    {CK U105_reg_6 default_emulate_view}
    {CK U19_reg_44 default_emulate_view}
    {CK U138_reg_14 default_emulate_view}
    {CK U38_reg_136 default_emulate_view}
    {CK U84_reg_66 default_emulate_view}
    {CK U84_reg_53 default_emulate_view}
    {CK U87_reg_19 default_emulate_view}
    {CK U30_reg_132 default_emulate_view}
    {CK tiki_U14_reg_reg_56_0 default_emulate_view}
    {CK tiki_U14_reg_reg_171_4 default_emulate_view}
    {CK U65_reg_291 default_emulate_view}
    {CK tiki_U14_reg_reg_99_2 default_emulate_view}
    {CK tiki_U14_reg_reg_118_10 default_emulate_view}
    {CK U192_reg_1 default_emulate_view}
    {CK tiki_U14_reg_reg_102_7 default_emulate_view}
    {CK U297_reg_0 default_emulate_view}
    {CK U55_reg_5 default_emulate_view}
    {CK tiki_U14_reg_reg_227_8 default_emulate_view}
    {CK tiki_U14_reg_reg_188_9 default_emulate_view}
    {CK tiki_U14_reg_reg_171_8 default_emulate_view}
    {CK tiki_U14_reg_reg_205_6 default_emulate_view}
    {CK U29_reg_39 default_emulate_view}
    {CK tiki_U285_reg_15 default_emulate_view}
    {CK tiki_U14_reg_reg_105_7 default_emulate_view}
    {CK tiki_U47_reg_99 default_emulate_view}
    {CK U282_reg_3 default_emulate_view}
    {CK kasa_U682_reg default_emulate_view}
    {CK tiki_U14_reg_reg_165_2 default_emulate_view}
    {CK U83_reg_34 default_emulate_view}
    {CK U49_reg_69 default_emulate_view}
    {CK kasa_U683_reg default_emulate_view}
    {CK tiki_U14_reg_reg_207_8 default_emulate_view}
    {CK U38_reg_164 default_emulate_view}
    {CK U684_reg_1 default_emulate_view}
    {CK U10_reg_147 default_emulate_view}
    {CK storm_U2_reg_51 default_emulate_view}
    {CK storm_U2_reg_62 default_emulate_view}
    {CK storm_U52_reg_75 default_emulate_view}
    {CK U20_reg_417 default_emulate_view}
    {CK U190_reg_8 default_emulate_view}
    {CK tiki_U14_reg_reg_14_7 default_emulate_view}
    {CK tiki_U21_reg_175 default_emulate_view}
    {CK U35_reg_37 default_emulate_view}
    {CK storm_U34_reg_26 default_emulate_view}
    {CK storm_U80_reg_33 default_emulate_view}
    {CK tiki_U685_reg default_emulate_view}
    {CK tiki_U14_reg_reg_138_4 default_emulate_view}
    {CK tiki_U404_reg_3 default_emulate_view}
    {CK tiki_U14_reg_reg_81_7 default_emulate_view}
    {CK U38_reg_87 default_emulate_view}
    {CK U120_reg_5 default_emulate_view}
    {CK tiki_U14_reg_reg_247_10 default_emulate_view}
    {CK storm_U1_reg_59 default_emulate_view}
    {CK storm_U2_reg_66 default_emulate_view}
    {CK storm_U2_reg_80 default_emulate_view}
    {CK tiki_U169_reg_18 default_emulate_view}
    {CK U307_reg_2 default_emulate_view}
    {CK storm_U1_reg_48 default_emulate_view}
    {CK U175_reg_9 default_emulate_view}
    {CK storm_U62_reg_30 default_emulate_view}
    {CK tiki_U14_reg_reg_224_0 default_emulate_view}
    {CK tiki_U14_reg_reg_157_8 default_emulate_view}
    {CK tiki_U14_reg_reg_94_9 default_emulate_view}
    {CK U138_reg_43 default_emulate_view}
    {CK tiki_U14_reg_reg_31_9 default_emulate_view}
    {CK storm_U1_reg_82 default_emulate_view}
    {CK U84_reg_27 default_emulate_view}
    {CK U51_reg_139 default_emulate_view}
    {CK tiki_U14_reg_reg_175_4 default_emulate_view}
    {CK tiki_U37_reg_13 default_emulate_view}
    {CK storm_U26_reg_67 default_emulate_view}
    {CK storm_U43_reg_78 default_emulate_view}
    {CK storm_U16_reg_31 default_emulate_view}
    {CK storm_U59_reg_64 default_emulate_view}
    {CK storm_U62_reg_83 default_emulate_view}
    {CK U687_reg_0 default_emulate_view}
    {CK kasa_U688_reg default_emulate_view}
    {CK U10_reg_43 default_emulate_view}
    {CK U51_reg_10 default_emulate_view}
    {CK U17_reg_49 default_emulate_view}
    {CK U11_reg_215 default_emulate_view}
    {CK U689_reg default_emulate_view}
    {CK U30_reg_107 default_emulate_view}
    {CK U38_reg_157 default_emulate_view}
    {CK storm_U23_reg_80 default_emulate_view}
    {CK storm_U23_reg_88 default_emulate_view}
    {CK U214_reg_0 default_emulate_view}
    {CK tiki_U14_reg_reg_129_8 default_emulate_view}
    {CK tiki_U14_reg_reg_164_5 default_emulate_view}
    {CK storm_U589_reg_50 default_emulate_view}
    {CK storm_U1_reg_37 default_emulate_view}
    {CK tiki_U14_reg_reg_75_1 default_emulate_view}
    {CK storm_U62_reg_60 default_emulate_view}
    {CK U175_reg_72 default_emulate_view}
    {CK tiki_U14_reg_reg_73_2 default_emulate_view}
    {CK tiki_U14_reg_reg_178_2 default_emulate_view}
    {CK storm_U88_reg_14 default_emulate_view}
    {CK storm_U41_reg_188 default_emulate_view}
    {CK storm_U25_reg_139 default_emulate_view}
    {CK U20_reg_539 default_emulate_view}
    {CK U146_reg_6 default_emulate_view}
    {CK tiki_U14_reg_reg_18_6 default_emulate_view}
    {CK tiki_U14_reg_reg_158_10 default_emulate_view}
    {CK U76_reg_47 default_emulate_view}
    {CK storm_U317_reg_0 default_emulate_view}
    {CK storm_U4_reg_20 default_emulate_view}
    {CK tiki_U14_reg_reg_245_0 default_emulate_view}
    {CK tiki_U14_reg_reg_74_0 default_emulate_view}
    {CK tiki_U14_reg_reg_24_0 default_emulate_view}
    {CK tiki_U14_reg_reg_75_11 default_emulate_view}
    {CK tiki_U14_reg_reg_22_8 default_emulate_view}
    {CK storm_U41_reg_167 default_emulate_view}
    {CK storm_U2_reg_170 default_emulate_view}
    {CK storm_U78_reg_157 default_emulate_view}
    {CK tiki_U37_reg_45 default_emulate_view}
    {CK tiki_U14_reg_reg_6_2 default_emulate_view}
    {CK storm_U16_reg_141 default_emulate_view}
    {CK U175_reg_27 default_emulate_view}
    {CK storm_U88_reg_104 default_emulate_view}
    {CK tiki_U14_reg_reg_253_10 default_emulate_view}
    {CK tiki_U14_reg_reg_239_10 default_emulate_view}
    {CK tiki_U169_reg_2 default_emulate_view}
    {CK tiki_U14_reg_reg_132_3 default_emulate_view}
    {CK U45_reg_28 default_emulate_view}
    {CK storm_U1_reg_132 default_emulate_view}
    {CK tiki_U14_reg_reg_231_9 default_emulate_view}
    {CK U51_reg_115 default_emulate_view}
    {CK tiki_U14_reg_reg_71_6 default_emulate_view}
    {CK U65_reg_599 default_emulate_view}
    {CK storm_U53_reg_140 default_emulate_view}
    {CK storm_U133_reg_137 default_emulate_view}
    {CK storm_U4_reg_28 default_emulate_view}
    {CK storm_U80_reg_190 default_emulate_view}
    {CK storm_U1_reg_164 default_emulate_view}
    {CK storm_U2_reg_173 default_emulate_view}
    {CK kasa_U690_reg default_emulate_view}
    {CK U206_reg_8 default_emulate_view}
    {CK U31_reg_45 default_emulate_view}
    {CK U10_reg_67 default_emulate_view}
    {CK U51_reg_34 default_emulate_view}
    {CK U58_reg_24 default_emulate_view}
    {CK U84_reg_10 default_emulate_view}
    {CK U32_reg_199 default_emulate_view}
    {CK U30_reg_300 default_emulate_view}
    {CK tiki_U14_reg_reg_98_1 default_emulate_view}
    {CK tiki_U14_reg_reg_192_0 default_emulate_view}
    {CK tiki_U14_reg_reg_94_5 default_emulate_view}
    {CK storm_U50_reg_133 default_emulate_view}
    {CK tiki_U21_reg_104 default_emulate_view}
    {CK storm_U88_reg_42 default_emulate_view}
    {CK storm_U88_reg_114 default_emulate_view}
    {CK storm_U324_reg_5 default_emulate_view}
    {CK U175_reg_54 default_emulate_view}
    {CK U35_reg_82 default_emulate_view}
    {CK storm_U50_reg_110 default_emulate_view}
    {CK storm_U41_reg_176 default_emulate_view}
    {CK kasa_U691_reg default_emulate_view}
    {CK U35_reg_43 default_emulate_view}
    {CK tiki_U37_reg_248 default_emulate_view}
    {CK tiki_U14_reg_reg_23_7 default_emulate_view}
    {CK U30_reg_231 default_emulate_view}
    {CK U38_reg_208 default_emulate_view}
    {CK U692_reg default_emulate_view}
    {CK storm_U88_reg_22 default_emulate_view}
    {CK U201_reg_1 default_emulate_view}
    {CK tiki_U14_reg_reg_78_3 default_emulate_view}
    {CK storm_U22_reg_112 default_emulate_view}
    {CK tiki_U14_reg_reg_9_4 default_emulate_view}
    {CK tiki_U14_reg_reg_88_7 default_emulate_view}
    {CK U73_reg_49 default_emulate_view}
    {CK tiki_U14_reg_reg_170_8 default_emulate_view}
    {CK U30_reg_14 default_emulate_view}
    {CK U31_reg_32 default_emulate_view}
    {CK U32_reg_102 default_emulate_view}
    {CK U104_reg_22 default_emulate_view}
    {CK U5_reg_248 default_emulate_view}
    {CK U58_reg_21 default_emulate_view}
    {CK U10_reg_123 default_emulate_view}
    {CK tiki_U14_reg_reg_215_10 default_emulate_view}
    {CK storm_U3_reg_5 default_emulate_view}
    {CK storm_U43_reg_184 default_emulate_view}
    {CK storm_U295_reg_1 default_emulate_view}
    {CK storm_U41_reg_121 default_emulate_view}
    {CK U302_reg_4 default_emulate_view}
    {CK U5_reg_213 default_emulate_view}
    {CK U51_reg_185 default_emulate_view}
    {CK U51_reg_54 default_emulate_view}
    {CK U11_reg_171 default_emulate_view}
    {CK U19_reg_66 default_emulate_view}
    {CK U19_reg_10 default_emulate_view}
    {CK U129_reg_22 default_emulate_view}
    {CK U12_reg_43 default_emulate_view}
    {CK tiki_U14_reg_reg_149_0 default_emulate_view}
    {CK tiki_U14_reg_reg_67_2 default_emulate_view}
    {CK U17_reg_123 default_emulate_view}
    {CK U11_reg_156 default_emulate_view}
    {CK tiki_U37_reg_228 default_emulate_view}
    {CK U20_reg_495 default_emulate_view}
    {CK tiki_U14_reg_reg_92_3 default_emulate_view}
    {CK tiki_U14_reg_reg_104_2 default_emulate_view}
    {CK tiki_U14_reg_reg_191_4 default_emulate_view}
    {CK tiki_U205_reg_4 default_emulate_view}
    {CK tiki_U14_reg_reg_196_11 default_emulate_view}
    {CK tiki_U14_reg_reg_13_1 default_emulate_view}
    {CK storm_U80_reg_115 default_emulate_view}
    {CK tiki_U14_reg_reg_119_7 default_emulate_view}
    {CK U24_reg_63 default_emulate_view}
    {CK storm_U50_reg_33 default_emulate_view}
    {CK storm_U80_reg_30 default_emulate_view}
    {CK storm_U52_reg_23 default_emulate_view}
    {CK storm_U23_reg_20 default_emulate_view}
    {CK storm_U80_reg_12 default_emulate_view}
    {CK storm_U78_reg_7 default_emulate_view}
    {CK U219_reg_4 default_emulate_view}
    {CK U147_reg_2 default_emulate_view}
    {CK U51_reg_117 default_emulate_view}
    {CK tiki_U47_reg_11 default_emulate_view}
    {CK storm_U50_reg_52 default_emulate_view}
    {CK U12_reg_124 default_emulate_view}
    {CK U129_reg_71 default_emulate_view}
    {CK tiki_U14_reg_reg_107_3 default_emulate_view}
    {CK tiki_U14_reg_reg_89_8 default_emulate_view}
    {CK storm_U78_reg_3 default_emulate_view}
    {CK storm_U403_reg_1 default_emulate_view}
    {CK U49_reg_55 default_emulate_view}
    {CK U35_reg_28 default_emulate_view}
    {CK storm_U34_reg_8 default_emulate_view}
    {CK storm_U26_reg_21 default_emulate_view}
    {CK storm_U62_reg_31 default_emulate_view}
    {CK tiki_U14_reg_reg_220_6 default_emulate_view}
    {CK kasa_U693_reg default_emulate_view}
    {CK U297_reg_7 default_emulate_view}
    {CK U63_reg_26 default_emulate_view}
    {CK storm_U62_reg_0 default_emulate_view}
    {CK U65_reg_594 default_emulate_view}
    {CK U20_reg_501 default_emulate_view}
    {CK tiki_U14_reg_reg_200_8 default_emulate_view}
    {CK U131_reg_3 default_emulate_view}
    {CK U30_reg_188 default_emulate_view}
    {CK U70_reg_52 default_emulate_view}
    {CK U38_reg_80 default_emulate_view}
    {CK U51_reg_152 default_emulate_view}
    {CK storm_U3_reg_15 default_emulate_view}
    {CK storm_U53_reg_117 default_emulate_view}
    {CK storm_U52_reg_61 default_emulate_view}
    {CK tiki_U21_reg_198 default_emulate_view}
    {CK U428_reg_2 default_emulate_view}
    {CK kasa_U694_reg default_emulate_view}
    {CK storm_U41_reg_29 default_emulate_view}
    {CK tiki_U263_reg_12 default_emulate_view}
    {CK tiki_U14_reg_reg_208_10 default_emulate_view}
    {CK U122_reg_48 default_emulate_view}
    {CK U309_reg_5 default_emulate_view}
    {CK tiki_U95_reg_13 default_emulate_view}
    {CK tiki_U14_reg_reg_1_7 default_emulate_view}
    {CK tiki_U14_reg_reg_85_10 default_emulate_view}
    {CK tiki_U14_reg_reg_103_4 default_emulate_view}
    {CK U19_reg_39 default_emulate_view}
    {CK U87_reg_75 default_emulate_view}
    {CK U32_reg_154 default_emulate_view}
    {CK U58_reg_38 default_emulate_view}
    {CK storm_U62_reg_35 default_emulate_view}
    {CK tiki_U14_reg_reg_100_4 default_emulate_view}
    {CK storm_U16_reg_164 default_emulate_view}
    {CK U477_reg_6 default_emulate_view}
    {CK tiki_U14_reg_reg_207_10 default_emulate_view}
    {CK storm_U3_reg_132 default_emulate_view}
    {CK storm_U26_reg_122 default_emulate_view}
    {CK tiki_U14_reg_reg_148_3 default_emulate_view}
    {CK tiki_U14_reg_reg_212_8 default_emulate_view}
    {CK tiki_U14_reg_reg_40_9 default_emulate_view}
    {CK U30_reg_181 default_emulate_view}
    {CK U695_reg default_emulate_view}
    {CK U105_reg_5 default_emulate_view}
    {CK tiki_U696_reg default_emulate_view}
    {CK tiki_U127_reg_2 default_emulate_view}
    {CK U24_reg_60 default_emulate_view}
    {CK storm_U50_reg_128 default_emulate_view}
    {CK tiki_U14_reg_reg_168_10 default_emulate_view}
    {CK tiki_U37_reg_87 default_emulate_view}
    {CK tiki_U217_reg_5 default_emulate_view}
    {CK tiki_U14_reg_reg_9_8 default_emulate_view}
    {CK U87_reg_54 default_emulate_view}
    {CK U697_reg default_emulate_view}
    {CK U11_reg_210 default_emulate_view}
    {CK U5_reg_46 default_emulate_view}
    {CK tiki_U14_reg_reg_74_2 default_emulate_view}
    {CK storm_U62_reg_122 default_emulate_view}
    {CK storm_U80_reg_162 default_emulate_view}
    {CK U141_reg_6 default_emulate_view}
    {CK U5_reg_177 default_emulate_view}
    {CK U358_reg_3 default_emulate_view}
    {CK U32_reg_169 default_emulate_view}
    {CK U51_reg_49 default_emulate_view}
    {CK U17_reg_36 default_emulate_view}
    {CK U38_reg_26 default_emulate_view}
    {CK U58_reg_47 default_emulate_view}
    {CK U84_reg_7 default_emulate_view}
    {CK tiki_U21_reg_68 default_emulate_view}
    {CK tiki_U14_reg_reg_182_6 default_emulate_view}
    {CK tiki_U37_reg_29 default_emulate_view}
    {CK storm_U351_reg_0 default_emulate_view}
    {CK storm_U34_reg_120 default_emulate_view}
    {CK storm_U62_reg_130 default_emulate_view}
    {CK U73_reg_38 default_emulate_view}
    {CK tiki_U14_reg_reg_54_0 default_emulate_view}
    {CK tiki_U14_reg_reg_127_1 default_emulate_view}
    {CK tiki_U14_reg_reg_160_11 default_emulate_view}
    {CK kasa_U698_reg default_emulate_view}
    {CK kasa_U699_reg default_emulate_view}
    {CK kasa_U700_reg default_emulate_view}
    {CK U51_reg_141 default_emulate_view}
    {CK U496_reg_2 default_emulate_view}
    {CK U97_reg_9 default_emulate_view}
    {CK U129_reg_53 default_emulate_view}
    {CK U12_reg_45 default_emulate_view}
    {CK U39_reg_5 default_emulate_view}
    {CK U193_reg_10 default_emulate_view}
    {CK U703_reg default_emulate_view}
    {CK U71_reg_33 default_emulate_view}
    {CK tiki_U112_reg_7 default_emulate_view}
    {CK tiki_U47_reg_129 default_emulate_view}
    {CK storm_U50_reg_113 default_emulate_view}
    {CK U11_reg_157 default_emulate_view}
    {CK U129_reg_42 default_emulate_view}
    {CK U11_reg_30 default_emulate_view}
    {CK tiki_U14_reg_reg_147_8 default_emulate_view}
    {CK tiki_U14_reg_reg_52_4 default_emulate_view}
    {CK tiki_U14_reg_reg_117_3 default_emulate_view}
    {CK tiki_U14_reg_reg_28_4 default_emulate_view}
    {CK tiki_U14_reg_reg_71_9 default_emulate_view}
    {CK U175_reg_71 default_emulate_view}
    {CK tiki_U14_reg_reg_41_9 default_emulate_view}
    {CK tiki_U14_reg_reg_126_9 default_emulate_view}
    {CK tiki_U47_reg_85 default_emulate_view}
    {CK U5_reg_169 default_emulate_view}
    {CK U51_reg_15 default_emulate_view}
    {CK U10_reg_82 default_emulate_view}
    {CK U11_reg_109 default_emulate_view}
    {CK U11_reg_185 default_emulate_view}
    {CK U178_reg_16 default_emulate_view}
    {CK tiki_U14_reg_reg_59_4 default_emulate_view}
    {CK U20_reg_418 default_emulate_view}
    {CK tiki_U21_reg_112 default_emulate_view}
    {CK tiki_U37_reg_61 default_emulate_view}
    {CK U49_reg_45 default_emulate_view}
    {CK U76_reg_10 default_emulate_view}
    {CK U35_reg_39 default_emulate_view}
    {CK storm_U41_reg_187 default_emulate_view}
    {CK storm_U59_reg_196 default_emulate_view}
    {CK storm_U317_reg_5 default_emulate_view}
    {CK tiki_U14_reg_reg_43_2 default_emulate_view}
    {CK storm_U3_reg_82 default_emulate_view}
    {CK storm_U16_reg_89 default_emulate_view}
    {CK storm_U1_reg_212 default_emulate_view}
    {CK storm_U4_reg_89 default_emulate_view}
    {CK storm_U4_reg_43 default_emulate_view}
    {CK tiki_U14_reg_reg_203_8 default_emulate_view}
    {CK storm_U52_reg_184 default_emulate_view}
    {CK U427_reg_1 default_emulate_view}
    {CK storm_U133_reg_86 default_emulate_view}
    {CK U79_reg_3 default_emulate_view}
    {CK tiki_U14_reg_reg_179_6 default_emulate_view}
    {CK tiki_U21_reg_255 default_emulate_view}
    {CK tiki_U37_reg_136 default_emulate_view}
    {CK storm_U4_reg_39 default_emulate_view}
    {CK U38_reg_11 default_emulate_view}
    {CK storm_U26_reg_54 default_emulate_view}
    {CK storm_U548_reg_0 default_emulate_view}
    {CK storm_U478_reg_2 default_emulate_view}
    {CK tiki_U14_reg_reg_187_5 default_emulate_view}
    {CK U54_reg_5 default_emulate_view}
    {CK tiki_U95_reg_6 default_emulate_view}
    {CK tiki_U14_reg_reg_209_11 default_emulate_view}
    {CK tiki_U14_reg_reg_230_9 default_emulate_view}
    {CK U29_reg_28 default_emulate_view}
    {CK storm_U34_reg_196 default_emulate_view}
    {CK storm_U3_reg_108 default_emulate_view}
    {CK tiki_U14_reg_reg_175_0 default_emulate_view}
    {CK tiki_U14_reg_reg_88_1 default_emulate_view}
    {CK U65_reg_284 default_emulate_view}
    {CK tiki_U14_reg_reg_164_10 default_emulate_view}
    {CK U30_reg_255 default_emulate_view}
    {CK U38_reg_188 default_emulate_view}
    {CK U12_reg_6 default_emulate_view}
    {CK storm_U43_reg_174 default_emulate_view}
    {CK U5_reg_85 default_emulate_view}
    {CK storm_U88_reg_81 default_emulate_view}
    {CK storm_U53_reg_87 default_emulate_view}
    {CK storm_U4_reg_97 default_emulate_view}
    {CK U290_reg_3 default_emulate_view}
    {CK kasa_U704_reg default_emulate_view}
    {CK tiki_U14_reg_reg_244_4 default_emulate_view}
    {CK storm_U78_reg_185 default_emulate_view}
    {CK tiki_U263_reg_7 default_emulate_view}
    {CK U30_reg_82 default_emulate_view}
    {CK U71_reg_8 default_emulate_view}
    {CK storm_U4_reg_15 default_emulate_view}
    {CK tiki_U14_reg_reg_68_11 default_emulate_view}
    {CK U32_reg_1 default_emulate_view}
    {CK U51_reg_73 default_emulate_view}
    {CK tiki_U14_reg_reg_43_8 default_emulate_view}
    {CK U65_reg_51 default_emulate_view}
    {CK storm_U23_reg_130 default_emulate_view}
    {CK storm_U3_reg_133 default_emulate_view}
    {CK storm_U34_reg_141 default_emulate_view}
    {CK storm_U52_reg_143 default_emulate_view}
    {CK storm_U53_reg_190 default_emulate_view}
    {CK storm_U52_reg_168 default_emulate_view}
    {CK U147_reg_5 default_emulate_view}
    {CK U71_reg_78 default_emulate_view}
    {CK U87_reg_2 default_emulate_view}
    {CK U30_reg_111 default_emulate_view}
    {CK U45_reg_47 default_emulate_view}
    {CK U38_reg_201 default_emulate_view}
    {CK tiki_U14_reg_reg_23_3 default_emulate_view}
    {CK tiki_U14_reg_reg_58_6 default_emulate_view}
    {CK storm_U43_reg_120 default_emulate_view}
    {CK U129_reg_37 default_emulate_view}
    {CK U65_reg_479 default_emulate_view}
    {CK U20_reg_329 default_emulate_view}
    {CK U20_reg_522 default_emulate_view}
    {CK U20_reg_196 default_emulate_view}
    {CK U399_reg_4 default_emulate_view}
    {CK tiki_U14_reg_reg_36_0 default_emulate_view}
    {CK tiki_U14_reg_reg_115_7 default_emulate_view}
    {CK storm_U78_reg_173 default_emulate_view}
    {CK storm_U88_reg_36 default_emulate_view}
    {CK storm_U88_reg_108 default_emulate_view}
    {CK storm_U4_reg_32 default_emulate_view}
    {CK U73_reg_13 default_emulate_view}
    {CK U83_reg_13 default_emulate_view}
    {CK tiki_U14_reg_reg_136_0 default_emulate_view}
    {CK storm_U3_reg_168 default_emulate_view}
    {CK storm_U59_reg_118 default_emulate_view}
    {CK storm_U59_reg_132 default_emulate_view}
    {CK storm_U4_reg_24 default_emulate_view}
    {CK storm_U88_reg_18 default_emulate_view}
    {CK U20_reg_75 default_emulate_view}
    {CK U65_reg_343 default_emulate_view}
    {CK tiki_U263_reg_2 default_emulate_view}
    {CK U138_reg_9 default_emulate_view}
    {CK U12_reg_94 default_emulate_view}
    {CK U19_reg_77 default_emulate_view}
    {CK U99_reg_4 default_emulate_view}
    {CK U10_reg_38 default_emulate_view}
    {CK storm_U78_reg_170 default_emulate_view}
    {CK storm_U80_reg_141 default_emulate_view}
    {CK storm_U78_reg_158 default_emulate_view}
    {CK U413_reg_4 default_emulate_view}
    {CK tiki_U14_reg_reg_244_11 default_emulate_view}
    {CK tiki_U705_reg default_emulate_view}
    {CK storm_U4_reg_10 default_emulate_view}
    {CK tiki_U14_reg_reg_32_7 default_emulate_view}
    {CK tiki_U706_reg default_emulate_view}
    {CK U707_reg default_emulate_view}
    {CK U24_reg_7 default_emulate_view}
    {CK tiki_U21_reg_205 default_emulate_view}
    {CK tiki_U37_reg_183 default_emulate_view}
    {CK U13_reg_12 default_emulate_view}
    {CK U11_reg_72 default_emulate_view}
    {CK tiki_U47_reg_116 default_emulate_view}
    {CK U708_reg default_emulate_view}
    {CK storm_U41_reg_128 default_emulate_view}
    {CK U5_reg_88 default_emulate_view}
    {CK U38_reg_91 default_emulate_view}
    {CK storm_U22_reg_108 default_emulate_view}
    {CK tiki_U37_reg_68 default_emulate_view}
    {CK U20_reg_241 default_emulate_view}
    {CK U260_reg_7 default_emulate_view}
    {CK U146_reg_4 default_emulate_view}
    {CK U124_reg_1 default_emulate_view}
    {CK tiki_U14_reg_reg_2_5 default_emulate_view}
    {CK tiki_U14_reg_reg_34_8 default_emulate_view}
    {CK U29_reg_58 default_emulate_view}
    {CK storm_U59_reg_115 default_emulate_view}
    {CK tiki_U14_reg_reg_248_2 default_emulate_view}
    {CK U87_reg_49 default_emulate_view}
    {CK U178_reg_7 default_emulate_view}
    {CK U138_reg_18 default_emulate_view}
    {CK U10_reg_142 default_emulate_view}
    {CK storm_U50_reg_184 default_emulate_view}
    {CK tiki_U14_reg_reg_88_4 default_emulate_view}
    {CK U307_reg_4 default_emulate_view}
    {CK storm_U43_reg_121 default_emulate_view}
    {CK tiki_U21_reg_3 default_emulate_view}
    {CK U24_reg_28 default_emulate_view}
    {CK tiki_U14_reg_reg_193_8 default_emulate_view}
    {CK tiki_U14_reg_reg_200_5 default_emulate_view}
    {CK tiki_U14_reg_reg_166_4 default_emulate_view}
    {CK U709_reg default_emulate_view}
    {CK U65_reg_4 default_emulate_view}
    {CK U65_reg_391 default_emulate_view}
    {CK U84_reg_49 default_emulate_view}
    {CK U38_reg_134 default_emulate_view}
    {CK tiki_U37_reg_162 default_emulate_view}
    {CK U5_reg_98 default_emulate_view}
    {CK U87_reg_37 default_emulate_view}
    {CK U20_reg_123 default_emulate_view}
    {CK storm_U133_reg_112 default_emulate_view}
    {CK storm_U4_reg_86 default_emulate_view}
    {CK U265_reg_4 default_emulate_view}
    {CK U11_reg_96 default_emulate_view}
    {CK U129_reg_10 default_emulate_view}
    {CK U17_reg_21 default_emulate_view}
    {CK U104_reg_18 default_emulate_view}
    {CK U38_reg_160 default_emulate_view}
    {CK tiki_U14_reg_reg_61_4 default_emulate_view}
    {CK tiki_U14_reg_reg_187_9 default_emulate_view}
    {CK tiki_U47_reg_51 default_emulate_view}
    {CK storm_U53_reg_2 default_emulate_view}
    {CK tiki_U47_reg_78 default_emulate_view}
    {CK U20_reg_377 default_emulate_view}
    {CK tiki_U14_reg_reg_154_10 default_emulate_view}
    {CK tiki_U14_reg_reg_134_1 default_emulate_view}
    {CK tiki_U14_reg_reg_49_2 default_emulate_view}
    {CK U65_reg_635 default_emulate_view}
    {CK tiki_U14_reg_reg_196_6 default_emulate_view}
    {CK storm_U150_reg_0 default_emulate_view}
    {CK storm_U3_reg_110 default_emulate_view}
    {CK U175_reg_20 default_emulate_view}
    {CK U35_reg_3 default_emulate_view}
    {CK tiki_U14_reg_reg_29_2 default_emulate_view}
    {CK tiki_U357_reg_6 default_emulate_view}
    {CK tiki_U14_reg_reg_35_4 default_emulate_view}
    {CK storm_U78_reg_57 default_emulate_view}
    {CK storm_U34_reg_67 default_emulate_view}
    {CK storm_U80_reg_80 default_emulate_view}
    {CK U20_reg_347 default_emulate_view}
    {CK U234_reg_0 default_emulate_view}
    {CK tiki_U14_reg_reg_81_0 default_emulate_view}
    {CK U83_reg_28 default_emulate_view}
    {CK storm_U41_reg_31 default_emulate_view}
    {CK storm_U429_reg_50 default_emulate_view}
    {CK tiki_U14_reg_reg_16_3 default_emulate_view}
    {CK tiki_U81_reg_12 default_emulate_view}
    {CK tiki_U14_reg_reg_10_11 default_emulate_view}
    {CK tiki_U407_reg_4 default_emulate_view}
    {CK U20_reg_228 default_emulate_view}
    {CK U20_reg_361 default_emulate_view}
    {CK tiki_U14_reg_reg_46_5 default_emulate_view}
    {CK tiki_U14_reg_reg_167_0 default_emulate_view}
    {CK tiki_U47_reg_169 default_emulate_view}
    {CK U5_reg_15 default_emulate_view}
    {CK U51_reg_68 default_emulate_view}
    {CK storm_U78_reg_65 default_emulate_view}
    {CK storm_U23_reg_74 default_emulate_view}
    {CK storm_U78_reg_196 default_emulate_view}
    {CK kasa_U710_reg default_emulate_view}
    {CK tiki_U14_reg_reg_151_9 default_emulate_view}
    {CK tiki_U14_reg_reg_221_11 default_emulate_view}
    {CK tiki_U285_reg_12 default_emulate_view}
    {CK U29_reg_3 default_emulate_view}
    {CK storm_U1_reg_35 default_emulate_view}
    {CK kasa_U711_reg default_emulate_view}
    {CK tiki_U404_reg_6 default_emulate_view}
    {CK U322_reg_5 default_emulate_view}
    {CK U65_reg_683 default_emulate_view}
    {CK tiki_U14_reg_reg_145_11 default_emulate_view}
    {CK storm_U78_reg_88 default_emulate_view}
    {CK tiki_U37_reg_36 default_emulate_view}
    {CK tiki_U14_reg_reg_70_10 default_emulate_view}
    {CK U65_reg_19 default_emulate_view}
    {CK storm_U41_reg_80 default_emulate_view}
    {CK storm_U59_reg_82 default_emulate_view}
    {CK storm_U589_reg_49 default_emulate_view}
    {CK storm_U59_reg_68 default_emulate_view}
    {CK storm_U78_reg_66 default_emulate_view}
    {CK storm_U43_reg_59 default_emulate_view}
    {CK kasa_U712_reg default_emulate_view}
    {CK kasa_U713_reg default_emulate_view}
    {CK U10_reg_4 default_emulate_view}
    {CK U17_reg_7 default_emulate_view}
    {CK U11_reg_245 default_emulate_view}
    {CK U104_reg_53 default_emulate_view}
    {CK U664_reg_2 default_emulate_view}
    {CK U12_reg_119 default_emulate_view}
    {CK U129_reg_18 default_emulate_view}
    {CK U32_reg_204 default_emulate_view}
    {CK U38_reg_214 default_emulate_view}
    {CK U31_reg_36 default_emulate_view}
    {CK U30_reg_226 default_emulate_view}
    {CK U30_reg_44 default_emulate_view}
    {CK tiki_U14_reg_reg_228_3 default_emulate_view}
    {CK tiki_U14_reg_reg_160_2 default_emulate_view}
    {CK storm_U59_reg_86 default_emulate_view}
    {CK U180_reg_5 default_emulate_view}
    {CK U20_reg_101 default_emulate_view}
    {CK U65_reg_146 default_emulate_view}
    {CK tiki_U14_reg_reg_166_5 default_emulate_view}
    {CK tiki_U14_reg_reg_58_2 default_emulate_view}
    {CK storm_U26_reg_0 default_emulate_view}
    {CK storm_U429_reg_51 default_emulate_view}
    {CK storm_U53_reg_33 default_emulate_view}
    {CK U175_reg_38 default_emulate_view}
    {CK U76_reg_58 default_emulate_view}
    {CK tiki_U21_reg_81 default_emulate_view}
    {CK tiki_U14_reg_reg_86_11 default_emulate_view}
    {CK U20_reg_19 default_emulate_view}
    {CK tiki_U14_reg_reg_141_4 default_emulate_view}
    {CK tiki_U14_reg_reg_234_6 default_emulate_view}
    {CK U73_reg_56 default_emulate_view}
    {CK U20_reg_273 default_emulate_view}
    {CK U20_reg_409 default_emulate_view}
    {CK tiki_U14_reg_reg_80_7 default_emulate_view}
    {CK U70_reg_71 default_emulate_view}
    {CK U714_reg default_emulate_view}
    {CK U715_reg default_emulate_view}
    {CK U12_reg_32 default_emulate_view}
    {CK U10_reg_62 default_emulate_view}
    {CK U307_reg_7 default_emulate_view}
    {CK tiki_U14_reg_reg_49_9 default_emulate_view}
    {CK tiki_U14_reg_reg_237_3 default_emulate_view}
    {CK U180_reg_7 default_emulate_view}
    {CK U270_reg_5 default_emulate_view}
    {CK U65_reg_543 default_emulate_view}
    {CK U30_reg_233 default_emulate_view}
    {CK tiki_U47_reg_241 default_emulate_view}
    {CK U5_reg_200 default_emulate_view}
    {CK U322_reg_4 default_emulate_view}
    {CK kasa_U716_reg default_emulate_view}
    {CK kasa_U717_reg default_emulate_view}
    {CK kasa_U718_reg default_emulate_view}
    {CK U30_reg_304 default_emulate_view}
    {CK U287_reg_7 default_emulate_view}
    {CK U58_reg_28 default_emulate_view}
    {CK U193_reg_14 default_emulate_view}
    {CK U32_reg_131 default_emulate_view}
    {CK tiki_U14_reg_reg_104_4 default_emulate_view}
    {CK tiki_U14_reg_reg_219_1 default_emulate_view}
    {CK tiki_U14_reg_reg_189_2 default_emulate_view}
    {CK tiki_U14_reg_reg_112_4 default_emulate_view}
    {CK tiki_U14_reg_reg_144_1 default_emulate_view}
    {CK U20_reg_578 default_emulate_view}
    {CK tiki_U14_reg_reg_31_5 default_emulate_view}
    {CK tiki_U14_reg_reg_162_0 default_emulate_view}
    {CK tiki_U37_reg_129 default_emulate_view}
    {CK tiki_U14_reg_reg_181_6 default_emulate_view}
    {CK U65_reg_399 default_emulate_view}
    {CK tiki_U14_reg_reg_201_7 default_emulate_view}
    {CK tiki_U47_reg_202 default_emulate_view}
    {CK U63_reg_5 default_emulate_view}
    {CK U35_reg_60 default_emulate_view}
    {CK tiki_U14_reg_reg_188_3 default_emulate_view}
    {CK U20_reg_360 default_emulate_view}
    {CK storm_U43_reg_194 default_emulate_view}
    {CK storm_U78_reg_56 default_emulate_view}
    {CK storm_U26_reg_183 default_emulate_view}
    {CK storm_U78_reg_92 default_emulate_view}
    {CK storm_U52_reg_85 default_emulate_view}
    {CK storm_U1_reg_79 default_emulate_view}
    {CK kasa_U720_reg default_emulate_view}
    {CK U721_reg default_emulate_view}
    {CK U11_reg_77 default_emulate_view}
    {CK U30_reg_49 default_emulate_view}
    {CK U45_reg_12 default_emulate_view}
    {CK tiki_U14_reg_reg_5_4 default_emulate_view}
    {CK tiki_U14_reg_reg_105_2 default_emulate_view}
    {CK storm_U351_reg_2 default_emulate_view}
    {CK U12_reg_24 default_emulate_view}
    {CK tiki_U14_reg_reg_94_0 default_emulate_view}
    {CK U20_reg_408 default_emulate_view}
    {CK U65_reg_550 default_emulate_view}
    {CK U20_reg_503 default_emulate_view}
    {CK tiki_U14_reg_reg_123_3 default_emulate_view}
    {CK tiki_U14_reg_reg_219_4 default_emulate_view}
    {CK storm_U1_reg_75 default_emulate_view}
    {CK storm_U1_reg_69 default_emulate_view}
    {CK storm_U41_reg_65 default_emulate_view}
    {CK storm_U52_reg_62 default_emulate_view}
    {CK U122_reg_3 default_emulate_view}
    {CK tiki_U21_reg_61 default_emulate_view}
    {CK tiki_U14_reg_reg_134_5 default_emulate_view}
    {CK storm_U2_reg_81 default_emulate_view}
    {CK storm_U78_reg_98 default_emulate_view}
    {CK storm_U133_reg_191 default_emulate_view}
    {CK tiki_U112_reg_14 default_emulate_view}
    {CK tiki_U14_reg_reg_18_7 default_emulate_view}
    {CK tiki_U127_reg_12 default_emulate_view}
    {CK U49_reg_76 default_emulate_view}
    {CK storm_U23_reg_63 default_emulate_view}
    {CK storm_U1_reg_72 default_emulate_view}
    {CK tiki_U14_reg_reg_119_0 default_emulate_view}
    {CK tiki_U14_reg_reg_191_5 default_emulate_view}
    {CK U20_reg_580 default_emulate_view}
    {CK U65_reg_542 default_emulate_view}
    {CK U270_reg_7 default_emulate_view}
    {CK tiki_U14_reg_reg_198_7 default_emulate_view}
    {CK tiki_U14_reg_reg_123_10 default_emulate_view}
    {CK tiki_U200_reg_4 default_emulate_view}
    {CK U84_reg_23 default_emulate_view}
    {CK U45_reg_68 default_emulate_view}
    {CK U19_reg_68 default_emulate_view}
    {CK U11_reg_80 default_emulate_view}
    {CK U5_reg_91 default_emulate_view}
    {CK U722_reg default_emulate_view}
    {CK storm_U43_reg_88 default_emulate_view}
    {CK storm_U23_reg_67 default_emulate_view}
    {CK storm_U23_reg_54 default_emulate_view}
    {CK U20_reg_502 default_emulate_view}
    {CK kasa_U723_reg default_emulate_view}
    {CK storm_U26_reg_78 default_emulate_view}
    {CK U29_reg_53 default_emulate_view}
    {CK U65_reg_224 default_emulate_view}
    {CK U65_reg_18 default_emulate_view}
    {CK U65_reg_225 default_emulate_view}
    {CK U32_reg_75 default_emulate_view}
    {CK U129_reg_122 default_emulate_view}
    {CK storm_U88_reg_63 default_emulate_view}
    {CK U5_reg_120 default_emulate_view}
    {CK U71_reg_21 default_emulate_view}
    {CK U51_reg_151 default_emulate_view}
    {CK U65_reg_147 default_emulate_view}
    {CK tiki_U14_reg_reg_225_4 default_emulate_view}
    {CK U123_reg_2 default_emulate_view}
    {CK U157_reg_1 default_emulate_view}
    {CK tiki_U21_reg_212 default_emulate_view}
    {CK U29_reg_82 default_emulate_view}
    {CK tiki_U14_reg_reg_157_10 default_emulate_view}
    {CK tiki_U14_reg_reg_18_4 default_emulate_view}
    {CK U65_reg_525 default_emulate_view}
    {CK U20_reg_272 default_emulate_view}
    {CK tiki_U168_reg_9 default_emulate_view}
    {CK tiki_U14_reg_reg_97_8 default_emulate_view}
    {CK U30_reg_266 default_emulate_view}
    {CK U30_reg_309 default_emulate_view}
    {CK U724_reg default_emulate_view}
    {CK U456_reg_2 default_emulate_view}
    {CK tiki_U95_reg_19 default_emulate_view}
    {CK U5_reg_127 default_emulate_view}
    {CK tiki_U14_reg_reg_133_5 default_emulate_view}
    {CK U20_reg_100 default_emulate_view}
    {CK U20_reg_18 default_emulate_view}
    {CK tiki_U14_reg_reg_240_11 default_emulate_view}
    {CK U12_reg_54 default_emulate_view}
    {CK U30_reg_30 default_emulate_view}
    {CK U31_reg_48 default_emulate_view}
    {CK U32_reg_86 default_emulate_view}
    {CK U99_reg_6 default_emulate_view}
    {CK tiki_U14_reg_reg_99_0 default_emulate_view}
    {CK U65_reg_524 default_emulate_view}
    {CK tiki_U14_reg_reg_70_4 default_emulate_view}
    {CK U405_reg_8 default_emulate_view}
    {CK kasa_U726_reg default_emulate_view}
    {CK U5_reg_190 default_emulate_view}
    {CK U19_reg_33 default_emulate_view}
    {CK U11_reg_10 default_emulate_view}
    {CK U65_reg_385 default_emulate_view}
    {CK U65_reg_384 default_emulate_view}
    {CK U20_reg_346 default_emulate_view}
    {CK U65_reg_684 default_emulate_view}
    {CK tiki_U14_reg_reg_233_2 default_emulate_view}
    {CK tiki_U21_reg_14 default_emulate_view}
    {CK U29_reg_45 default_emulate_view}
    {CK U83_reg_35 default_emulate_view}
    {CK tiki_U14_reg_reg_82_4 default_emulate_view}
    {CK tiki_U14_reg_reg_64_5 default_emulate_view}
    {CK storm_U53_reg_116 default_emulate_view}
    {CK storm_U22_reg_7 default_emulate_view}
    {CK tiki_U14_reg_reg_226_9 default_emulate_view}
    {CK U7_reg_5 default_emulate_view}
    {CK U268_reg_0 default_emulate_view}
    {CK tiki_U14_reg_reg_194_3 default_emulate_view}
    {CK tiki_U14_reg_reg_162_10 default_emulate_view}
    {CK tiki_U14_reg_reg_242_0 default_emulate_view}
    {CK U122_reg_2 default_emulate_view}
    {CK storm_U16_reg_177 default_emulate_view}
    {CK U65_reg_628 default_emulate_view}
    {CK tiki_U14_reg_reg_63_5 default_emulate_view}
    {CK U38_reg_71 default_emulate_view}
    {CK U38_reg_45 default_emulate_view}
    {CK tiki_U37_reg_122 default_emulate_view}
    {CK storm_U62_reg_1 default_emulate_view}
    {CK storm_U41_reg_12 default_emulate_view}
    {CK U20_reg_376 default_emulate_view}
    {CK tiki_U14_reg_reg_204_3 default_emulate_view}
    {CK kasa_U727_reg default_emulate_view}
    {CK tiki_U37_reg_230 default_emulate_view}
    {CK tiki_U14_reg_reg_170_10 default_emulate_view}
    {CK U65_reg_217 default_emulate_view}
    {CK U65_reg_216 default_emulate_view}
    {CK U20_reg_122 default_emulate_view}
    {CK tiki_U14_reg_reg_173_0 default_emulate_view}
    {CK tiki_U14_reg_reg_153_9 default_emulate_view}
    {CK U58_reg_67 default_emulate_view}
    {CK tiki_U14_reg_reg_188_10 default_emulate_view}
    {CK storm_U25_reg_15 default_emulate_view}
    {CK tiki_U14_reg_reg_23_9 default_emulate_view}
    {CK tiki_U14_reg_reg_4_0 default_emulate_view}
    {CK tiki_U14_reg_reg_33_8 default_emulate_view}
    {CK storm_U50_reg_7 default_emulate_view}
    {CK storm_U133_reg_9 default_emulate_view}
    {CK storm_U2_reg_182 default_emulate_view}
    {CK U136_reg_7 default_emulate_view}
    {CK U5_reg_112 default_emulate_view}
    {CK U350_reg_1 default_emulate_view}
    {CK U10_reg_83 default_emulate_view}
    {CK U87_reg_42 default_emulate_view}
    {CK U30_reg_123 default_emulate_view}
    {CK U32_reg_206 default_emulate_view}
    {CK tiki_U14_reg_reg_104_0 default_emulate_view}
    {CK storm_U133_reg_13 default_emulate_view}
    {CK U65_reg_509 default_emulate_view}
    {CK U20_reg_240 default_emulate_view}
    {CK U728_reg default_emulate_view}
    {CK U65_reg_508 default_emulate_view}
    {CK U65_reg_390 default_emulate_view}
    {CK U65_reg_5 default_emulate_view}
    {CK storm_U16_reg_5 default_emulate_view}
    {CK storm_U52_reg_174 default_emulate_view}
    {CK U73_reg_55 default_emulate_view}
    {CK U35_reg_70 default_emulate_view}
    {CK U122_reg_68 default_emulate_view}
    {CK storm_U16_reg_137 default_emulate_view}
    {CK storm_U78_reg_124 default_emulate_view}
    {CK kasa_U729_reg default_emulate_view}
    {CK U251_reg_6 default_emulate_view}
    {CK U352_reg_2 default_emulate_view}
    {CK tiki_U14_reg_reg_79_0 default_emulate_view}
    {CK U83_reg_40 default_emulate_view}
    {CK storm_U59_reg_165 default_emulate_view}
    {CK storm_U1_reg_149 default_emulate_view}
    {CK tiki_U47_reg_176 default_emulate_view}
    {CK U20_reg_523 default_emulate_view}
    {CK U13_reg_0 default_emulate_view}
    {CK U559_reg_0 default_emulate_view}
    {CK U5_reg_191 default_emulate_view}
    {CK storm_U50_reg_130 default_emulate_view}
    {CK storm_U52_reg_119 default_emulate_view}
    {CK tiki_U21_reg_76 default_emulate_view}
    {CK storm_U23_reg_139 default_emulate_view}
    {CK U175_reg_61 default_emulate_view}
    {CK storm_U133_reg_190 default_emulate_view}
    {CK U256_reg_2 default_emulate_view}
    {CK tiki_U14_reg_reg_63_6 default_emulate_view}
    {CK tiki_U14_reg_reg_222_2 default_emulate_view}
    {CK U65_reg_342 default_emulate_view}
    {CK U65_reg_168 default_emulate_view}
    {CK tiki_U21_reg_191 default_emulate_view}
    {CK tiki_U127_reg_5 default_emulate_view}
    {CK U99_reg_3 default_emulate_view}
    {CK U12_reg_67 default_emulate_view}
    {CK U159_reg_2 default_emulate_view}
    {CK U20_reg_328 default_emulate_view}
    {CK tiki_U169_reg_0 default_emulate_view}
    {CK tiki_U14_reg_reg_125_0 default_emulate_view}
    {CK tiki_U14_reg_reg_172_0 default_emulate_view}
    {CK storm_U43_reg_159 default_emulate_view}
    {CK storm_U3_reg_135 default_emulate_view}
    {CK storm_U23_reg_128 default_emulate_view}
    {CK storm_U1_reg_154 default_emulate_view}
    {CK U346_reg_6 default_emulate_view}
    {CK kasa_U730_reg default_emulate_view}
    {CK U5_reg_92 default_emulate_view}
    {CK U5_reg_37 default_emulate_view}
    {CK U680_reg_1 default_emulate_view}
    {CK U30_reg_176 default_emulate_view}
    {CK U17_reg_54 default_emulate_view}
    {CK U58_reg_78 default_emulate_view}
    {CK U38_reg_94 default_emulate_view}
    {CK U84_reg_82 default_emulate_view}
    {CK U70_reg_31 default_emulate_view}
    {CK U87_reg_67 default_emulate_view}
    {CK tiki_U14_reg_reg_31_1 default_emulate_view}
    {CK tiki_U14_reg_reg_74_7 default_emulate_view}
    {CK tiki_U14_reg_reg_241_0 default_emulate_view}
    {CK tiki_U14_reg_reg_13_5 default_emulate_view}
    {CK U65_reg_169 default_emulate_view}
    {CK U20_reg_74 default_emulate_view}
    {CK U65_reg_556 default_emulate_view}
    {CK U65_reg_557 default_emulate_view}
    {CK U65_reg_50 default_emulate_view}
    {CK U65_reg_478 default_emulate_view}
    {CK tiki_U14_reg_reg_129_11 default_emulate_view}
    {CK tiki_U21_reg_120 default_emulate_view}
    {CK tiki_U27_reg_4 default_emulate_view}
    {CK storm_U53_reg_139 default_emulate_view}
    {CK storm_U34_reg_118 default_emulate_view}
    {CK storm_U16_reg_189 default_emulate_view}
    {CK U63_reg_77 default_emulate_view}
    {CK U83_reg_33 default_emulate_view}
    {CK tiki_U81_reg_9 default_emulate_view}
    {CK tiki_U210_reg_4 default_emulate_view}
    {CK tiki_U14_reg_reg_95_1 default_emulate_view}
    {CK tiki_U14_reg_reg_242_7 default_emulate_view}
    {CK U42_reg_4 default_emulate_view}
    {CK kasa_U731_reg default_emulate_view}
    {CK U5_reg_236 default_emulate_view}
    {CK U51_reg_142 default_emulate_view}
    {CK U84_reg_12 default_emulate_view}
    {CK U32_reg_164 default_emulate_view}
    {CK U38_reg_194 default_emulate_view}
    {CK U31_reg_7 default_emulate_view}
    {CK U30_reg_214 default_emulate_view}
    {CK U30_reg_4 default_emulate_view}
    {CK tiki_U14_reg_reg_216_9 default_emulate_view}
    {CK tiki_U14_reg_reg_21_0 default_emulate_view}
    {CK tiki_U15_reg_0 default_emulate_view}
    {CK U20_reg_467 default_emulate_view}
    {CK tiki_U14_reg_reg_182_0 default_emulate_view}
    {CK tiki_U14_reg_reg_148_6 default_emulate_view}
    {CK tiki_U14_reg_reg_33_4 default_emulate_view}
    {CK tiki_U14_reg_reg_59_1 default_emulate_view}
    {CK storm_U3_reg_162 default_emulate_view}
    {CK U175_reg_31 default_emulate_view}
    {CK U83_reg_57 default_emulate_view}
    {CK tiki_U14_reg_reg_77_3 default_emulate_view}
    {CK kasa_U732_reg default_emulate_view}
    {CK U358_reg_8 default_emulate_view}
    {CK tiki_U14_reg_reg_232_10 default_emulate_view}
    {CK U65_reg_285 default_emulate_view}
    {CK U20_reg_197 default_emulate_view}
    {CK tiki_U14_reg_reg_117_0 default_emulate_view}
    {CK tiki_U14_reg_reg_192_10 default_emulate_view}
    {CK U51_reg_16 default_emulate_view}
    {CK tiki_U235_reg_4 default_emulate_view}
    {CK storm_U53_reg_163 default_emulate_view}
    {CK U20_reg_466 default_emulate_view}
    {CK U171_reg_4 default_emulate_view}
    {CK U122_reg_24 default_emulate_view}
    {CK U20_reg_534 default_emulate_view}
    {CK U45_reg_22 default_emulate_view}
    {CK U5_reg_40 default_emulate_view}
    {CK U10_reg_37 default_emulate_view}
    {CK storm_U52_reg_26 default_emulate_view}
    {CK storm_U78_reg_44 default_emulate_view}
    {CK storm_U16_reg_58 default_emulate_view}
    {CK tiki_U21_reg_217 default_emulate_view}
    {CK U35_reg_69 default_emulate_view}
    {CK storm_U2_reg_9 default_emulate_view}
    {CK storm_U3_reg_20 default_emulate_view}
    {CK tiki_U37_reg_54 default_emulate_view}
    {CK tiki_U47_reg_124 default_emulate_view}
    {CK U32_reg_93 default_emulate_view}
    {CK U58_reg_7 default_emulate_view}
    {CK U129_reg_94 default_emulate_view}
    {CK U224_reg_2 default_emulate_view}
    {CK tiki_U47_reg_109 default_emulate_view}
    {CK storm_U52_reg_34 default_emulate_view}
    {CK storm_U78_reg_52 default_emulate_view}
    {CK storm_U3_reg_63 default_emulate_view}
    {CK storm_U23_reg_23 default_emulate_view}
    {CK tiki_U14_reg_reg_210_0 default_emulate_view}
    {CK U73_reg_73 default_emulate_view}
    {CK storm_U23_reg_13 default_emulate_view}
    {CK tiki_U14_reg_reg_251_2 default_emulate_view}
    {CK tiki_U37_reg_108 default_emulate_view}
    {CK U20_reg_419 default_emulate_view}
    {CK U38_reg_241 default_emulate_view}
    {CK storm_U62_reg_65 default_emulate_view}
    {CK U30_reg_296 default_emulate_view}
    {CK U10_reg_143 default_emulate_view}
    {CK storm_U2_reg_61 default_emulate_view}
    {CK storm_U22_reg_50 default_emulate_view}
    {CK storm_U23_reg_84 default_emulate_view}
    {CK tiki_U14_reg_reg_100_11 default_emulate_view}
    {CK U177_reg_4 default_emulate_view}
    {CK kasa_U733_reg default_emulate_view}
    {CK storm_U59_reg_11 default_emulate_view}
    {CK storm_U22_reg_22 default_emulate_view}
    {CK tiki_U14_reg_reg_170_2 default_emulate_view}
    {CK tiki_U14_reg_reg_221_4 default_emulate_view}
    {CK tiki_U14_reg_reg_218_2 default_emulate_view}
    {CK U30_reg_193 default_emulate_view}
    {CK U129_reg_85 default_emulate_view}
    {CK U19_reg_61 default_emulate_view}
    {CK storm_U50_reg_75 default_emulate_view}
    {CK tiki_U14_reg_reg_12_0 default_emulate_view}
    {CK U5_reg_117 default_emulate_view}
    {CK U51_reg_74 default_emulate_view}
    {CK storm_U59_reg_34 default_emulate_view}
    {CK storm_U26_reg_14 default_emulate_view}
    {CK U290_reg_7 default_emulate_view}
    {CK tiki_U14_reg_reg_46_7 default_emulate_view}
    {CK tiki_U14_reg_reg_2_6 default_emulate_view}
    {CK storm_U43_reg_25 default_emulate_view}
    {CK U24_reg_51 default_emulate_view}
    {CK tiki_U14_reg_reg_224_10 default_emulate_view}
    {CK tiki_U47_reg_71 default_emulate_view}
    {CK tiki_U14_reg_reg_37_10 default_emulate_view}
    {CK tiki_U217_reg_2 default_emulate_view}
    {CK U531_reg_2 default_emulate_view}
    {CK U45_reg_31 default_emulate_view}
    {CK U11_reg_13 default_emulate_view}
    {CK U104_reg_33 default_emulate_view}
    {CK storm_U133_reg_63 default_emulate_view}
    {CK tiki_U168_reg_18 default_emulate_view}
    {CK storm_U41_reg_194 default_emulate_view}
    {CK storm_U52_reg_167 default_emulate_view}
    {CK storm_U52_reg_173 default_emulate_view}
    {CK storm_U59_reg_142 default_emulate_view}
    {CK storm_U734_reg_0 default_emulate_view}
    {CK storm_U215_reg_0 default_emulate_view}
    {CK kasa_U735_reg default_emulate_view}
    {CK U5_reg_94 default_emulate_view}
    {CK U10_reg_167 default_emulate_view}
    {CK U51_reg_100 default_emulate_view}
    {CK U32_reg_212 default_emulate_view}
    {CK storm_U22_reg_159 default_emulate_view}
    {CK U20_reg_500 default_emulate_view}
    {CK U20_reg_535 default_emulate_view}
    {CK tiki_U14_reg_reg_96_11 default_emulate_view}
    {CK tiki_U14_reg_reg_205_11 default_emulate_view}
    {CK tiki_U14_reg_reg_190_6 default_emulate_view}
    {CK tiki_U14_reg_reg_211_6 default_emulate_view}
    {CK tiki_U14_reg_reg_223_9 default_emulate_view}
    {CK storm_U78_reg_193 default_emulate_view}
    {CK storm_U1_reg_203 default_emulate_view}
    {CK storm_U88_reg_72 default_emulate_view}
    {CK storm_U25_reg_192 default_emulate_view}
    {CK U63_reg_16 default_emulate_view}
    {CK U35_reg_49 default_emulate_view}
    {CK tiki_U37_reg_115 default_emulate_view}
    {CK tiki_U14_reg_reg_182_8 default_emulate_view}
    {CK storm_U320_reg_5 default_emulate_view}
    {CK storm_U88_reg_45 default_emulate_view}
    {CK storm_U41_reg_166 default_emulate_view}
    {CK tiki_U14_reg_reg_181_2 default_emulate_view}
    {CK storm_U41_reg_193 default_emulate_view}
    {CK storm_U94_reg_4 default_emulate_view}
    {CK U20_reg_229 default_emulate_view}
    {CK tiki_U47_reg_214 default_emulate_view}
    {CK U71_reg_73 default_emulate_view}
    {CK U32_reg_32 default_emulate_view}
    {CK U11_reg_188 default_emulate_view}
    {CK tiki_U14_reg_reg_113_2 default_emulate_view}
    {CK U51_reg_50 default_emulate_view}
    {CK tiki_U47_reg_18 default_emulate_view}
    {CK storm_U88_reg_97 default_emulate_view}
    {CK storm_U1_reg_199 default_emulate_view}
    {CK storm_U1_reg_168 default_emulate_view}
    {CK kasa_U737_reg default_emulate_view}
    {CK tiki_U14_reg_reg_115_4 default_emulate_view}
    {CK storm_U96_reg_2 default_emulate_view}
    {CK tiki_U14_reg_reg_39_7 default_emulate_view}
    {CK U49_reg_65 default_emulate_view}
    {CK tiki_U14_reg_reg_189_4 default_emulate_view}
    {CK U231_reg_7 default_emulate_view}
    {CK tiki_U14_reg_reg_58_8 default_emulate_view}
    {CK tiki_U14_reg_reg_107_6 default_emulate_view}
    {CK tiki_U21_reg_27 default_emulate_view}
    {CK U32_reg_47 default_emulate_view}
    {CK U138_reg_72 default_emulate_view}
    {CK U12_reg_19 default_emulate_view}
    {CK U12_reg_72 default_emulate_view}
    {CK storm_U52_reg_191 default_emulate_view}
    {CK U738_reg default_emulate_view}
    {CK U10_reg_3 default_emulate_view}
    {CK storm_U62_reg_113 default_emulate_view}
    {CK storm_U4_reg_67 default_emulate_view}
    {CK U190_reg_7 default_emulate_view}
    {CK U72_reg_2 default_emulate_view}
    {CK tiki_U14_reg_reg_77_7 default_emulate_view}
    {CK tiki_U14_reg_reg_105_0 default_emulate_view}
    {CK U83_reg_38 default_emulate_view}
    {CK tiki_U37_reg_22 default_emulate_view}
    {CK tiki_U14_reg_reg_47_1 default_emulate_view}
    {CK tiki_U14_reg_reg_237_8 default_emulate_view}
    {CK U38_reg_175 default_emulate_view}
    {CK U30_reg_103 default_emulate_view}
    {CK U71_reg_26 default_emulate_view}
    {CK U11_reg_238 default_emulate_view}
    {CK storm_U26_reg_109 default_emulate_view}
    {CK storm_U34_reg_177 default_emulate_view}
    {CK tiki_U14_reg_reg_176_4 default_emulate_view}
    {CK U201_reg_5 default_emulate_view}
    {CK tiki_U14_reg_reg_144_6 default_emulate_view}
    {CK tiki_U14_reg_reg_151_4 default_emulate_view}
    {CK U29_reg_71 default_emulate_view}
    {CK tiki_U14_reg_reg_231_6 default_emulate_view}
    {CK tiki_U14_reg_reg_230_6 default_emulate_view}
    {CK U65_reg_593 default_emulate_view}
    {CK tiki_U14_reg_reg_128_7 default_emulate_view}
    {CK U84_reg_68 default_emulate_view}
    {CK U17_reg_33 default_emulate_view}
    {CK U10_reg_61 default_emulate_view}
    {CK storm_U59_reg_114 default_emulate_view}
    {CK storm_U215_reg_7 default_emulate_view}
    {CK tiki_U127_reg_19 default_emulate_view}
    {CK U405_reg_5 default_emulate_view}
    {CK tiki_U14_reg_reg_122_6 default_emulate_view}
    {CK tiki_U14_reg_reg_96_3 default_emulate_view}
    {CK U130_reg_2 default_emulate_view}
    {CK U11_reg_11 default_emulate_view}
    {CK U11_reg_8 default_emulate_view}
    {CK tiki_U357_reg_4 default_emulate_view}
    {CK U5_reg_109 default_emulate_view}
    {CK U51_reg_118 default_emulate_view}
    {CK storm_U53_reg_112 default_emulate_view}
    {CK tiki_U21_reg_178 default_emulate_view}
    {CK U24_reg_9 default_emulate_view}
    {CK tiki_U229_reg_0 default_emulate_view}
    {CK tiki_U14_reg_reg_12_3 default_emulate_view}
    {CK U11_reg_234 default_emulate_view}
    {CK U129_reg_45 default_emulate_view}
    {CK U740_reg default_emulate_view}
    {CK storm_U50_reg_175 default_emulate_view}
    {CK U138_reg_29 default_emulate_view}
    {CK storm_U133_reg_75 default_emulate_view}
    {CK storm_U26_reg_69 default_emulate_view}
    {CK storm_U53_reg_62 default_emulate_view}
    {CK storm_U22_reg_59 default_emulate_view}
    {CK storm_U429_reg_49 default_emulate_view}
    {CK U85_reg_4 default_emulate_view}
    {CK U5_reg_149 default_emulate_view}
    {CK U135_reg_0 default_emulate_view}
    {CK U51_reg_154 default_emulate_view}
    {CK U12_reg_17 default_emulate_view}
    {CK U45_reg_24 default_emulate_view}
    {CK tiki_U37_reg_200 default_emulate_view}
    {CK tiki_U14_reg_reg_28_11 default_emulate_view}
    {CK tiki_U47_reg_211 default_emulate_view}
    {CK storm_U133_reg_83 default_emulate_view}
    {CK U20_reg_504 default_emulate_view}
    {CK tiki_U14_reg_reg_169_6 default_emulate_view}
    {CK tiki_U14_reg_reg_228_1 default_emulate_view}
    {CK tiki_U14_reg_reg_98_4 default_emulate_view}
    {CK tiki_U14_reg_reg_135_5 default_emulate_view}
    {CK storm_U16_reg_33 default_emulate_view}
    {CK storm_U43_reg_31 default_emulate_view}
    {CK storm_U26_reg_26 default_emulate_view}
    {CK storm_U59_reg_23 default_emulate_view}
    {CK U741_reg default_emulate_view}
    {CK tiki_U338_reg_5 default_emulate_view}
    {CK tiki_U14_reg_reg_250_11 default_emulate_view}
    {CK storm_U43_reg_50 default_emulate_view}
    {CK storm_U43_reg_84 default_emulate_view}
    {CK storm_U41_reg_74 default_emulate_view}
    {CK tiki_U14_reg_reg_175_11 default_emulate_view}
    {CK kasa_U742_reg default_emulate_view}
    {CK U24_reg_10 default_emulate_view}
    {CK storm_U78_reg_25 default_emulate_view}
    {CK storm_U53_reg_31 default_emulate_view}
    {CK U20_reg_581 default_emulate_view}
    {CK U20_reg_498 default_emulate_view}
    {CK U31_reg_41 default_emulate_view}
    {CK U32_reg_64 default_emulate_view}
    {CK U58_reg_26 default_emulate_view}
    {CK U17_reg_96 default_emulate_view}
    {CK tiki_U14_reg_reg_84_9 default_emulate_view}
    {CK U5_reg_243 default_emulate_view}
    {CK storm_U52_reg_57 default_emulate_view}
    {CK storm_U43_reg_61 default_emulate_view}
    {CK storm_U41_reg_68 default_emulate_view}
    {CK storm_U1_reg_36 default_emulate_view}
    {CK tiki_U14_reg_reg_11_3 default_emulate_view}
    {CK U73_reg_31 default_emulate_view}
    {CK tiki_U47_reg_158 default_emulate_view}
    {CK tiki_U14_reg_reg_120_6 default_emulate_view}
    {CK U38_reg_225 default_emulate_view}
    {CK U84_reg_14 default_emulate_view}
    {CK storm_U41_reg_78 default_emulate_view}
    {CK U30_reg_248 default_emulate_view}
    {CK tiki_U14_reg_reg_250_6 default_emulate_view}
    {CK tiki_U14_reg_reg_220_1 default_emulate_view}
    {CK U65_reg_145 default_emulate_view}
    {CK U58_reg_17 default_emulate_view}
    {CK U30_reg_10 default_emulate_view}
    {CK U31_reg_34 default_emulate_view}
    {CK U17_reg_15 default_emulate_view}
    {CK U225_reg_8 default_emulate_view}
    {CK U17_reg_93 default_emulate_view}
    {CK tiki_U14_reg_reg_60_5 default_emulate_view}
    {CK tiki_U14_reg_reg_203_1 default_emulate_view}
    {CK U63_reg_64 default_emulate_view}
    {CK tiki_U14_reg_reg_2_1 default_emulate_view}
    {CK tiki_U21_reg_58 default_emulate_view}
    {CK U104_reg_26 default_emulate_view}
    {CK U30_reg_195 default_emulate_view}
    {CK U38_reg_212 default_emulate_view}
    {CK U129_reg_72 default_emulate_view}
    {CK U743_reg default_emulate_view}
    {CK U17_reg_83 default_emulate_view}
    {CK tiki_U112_reg_11 default_emulate_view}
    {CK tiki_U15_reg_7 default_emulate_view}
    {CK U346_reg_2 default_emulate_view}
    {CK U5_reg_68 default_emulate_view}
    {CK U55_reg_4 default_emulate_view}
    {CK U38_reg_19 default_emulate_view}
    {CK U9_reg_0 default_emulate_view}
    {CK U19_reg_51 default_emulate_view}
    {CK U11_reg_161 default_emulate_view}
    {CK tiki_U14_reg_reg_141_9 default_emulate_view}
    {CK tiki_U14_reg_reg_213_11 default_emulate_view}
    {CK tiki_U14_reg_reg_14_5 default_emulate_view}
    {CK tiki_U14_reg_reg_79_11 default_emulate_view}
    {CK tiki_U37_reg_97 default_emulate_view}
    {CK tiki_U21_reg_142 default_emulate_view}
    {CK U24_reg_35 default_emulate_view}
    {CK U29_reg_60 default_emulate_view}
    {CK tiki_U14_reg_reg_99_9 default_emulate_view}
    {CK storm_U62_reg_112 default_emulate_view}
    {CK storm_U26_reg_175 default_emulate_view}
    {CK tiki_U14_reg_reg_166_3 default_emulate_view}
    {CK tiki_U14_reg_reg_26_11 default_emulate_view}
    {CK tiki_U81_reg_3 default_emulate_view}
    {CK U178_reg_1 default_emulate_view}
    {CK U138_reg_39 default_emulate_view}
    {CK U744_reg default_emulate_view}
    {CK U12_reg_98 default_emulate_view}
    {CK U745_reg default_emulate_view}
    {CK tiki_U47_reg_193 default_emulate_view}
    {CK U51_reg_13 default_emulate_view}
    {CK storm_U150_reg_7 default_emulate_view}
    {CK storm_U16_reg_176 default_emulate_view}
    {CK U49_reg_58 default_emulate_view}
    {CK U38_reg_121 default_emulate_view}
    {CK U129_reg_52 default_emulate_view}
    {CK U10_reg_80 default_emulate_view}
    {CK tiki_U37_reg_205 default_emulate_view}
    {CK storm_U320_reg_0 default_emulate_view}
    {CK storm_U1_reg_110 default_emulate_view}
    {CK storm_U23_reg_115 default_emulate_view}
    {CK U375_reg_3 default_emulate_view}
    {CK U5_reg_185 default_emulate_view}
    {CK U30_reg_109 default_emulate_view}
    {CK U32_reg_214 default_emulate_view}
    {CK tiki_U210_reg_7 default_emulate_view}
    {CK storm_U50_reg_5 default_emulate_view}
    {CK U17_reg_57 default_emulate_view}
    {CK tiki_U14_reg_reg_211_2 default_emulate_view}
    {CK U65_reg_6 default_emulate_view}
    {CK tiki_U308_reg_10 default_emulate_view}
    {CK tiki_U14_reg_reg_148_11 default_emulate_view}
    {CK tiki_U14_reg_reg_39_11 default_emulate_view}
    {CK tiki_U14_reg_reg_47_9 default_emulate_view}
    {CK tiki_U14_reg_reg_128_8 default_emulate_view}
    {CK U29_reg_5 default_emulate_view}
    {CK U83_reg_31 default_emulate_view}
    {CK U76_reg_57 default_emulate_view}
    {CK tiki_U14_reg_reg_240_2 default_emulate_view}
    {CK tiki_U14_reg_reg_68_8 default_emulate_view}
    {CK tiki_U14_reg_reg_215_0 default_emulate_view}
    {CK tiki_U14_reg_reg_129_2 default_emulate_view}
    {CK storm_U88_reg_110 default_emulate_view}
    {CK storm_U52_reg_169 default_emulate_view}
    {CK storm_U78_reg_145 default_emulate_view}
    {CK U251_reg_2 default_emulate_view}
    {CK storm_U94_reg_2 default_emulate_view}
    {CK storm_U259_reg_5 default_emulate_view}
    {CK tiki_U14_reg_reg_41_2 default_emulate_view}
    {CK tiki_U14_reg_reg_221_5 default_emulate_view}
    {CK U18_reg_0 default_emulate_view}
    {CK tiki_U14_reg_reg_109_3 default_emulate_view}
    {CK U5_reg_67 default_emulate_view}
    {CK tiki_U14_reg_reg_115_11 default_emulate_view}
    {CK storm_U50_reg_172 default_emulate_view}
    {CK storm_U3_reg_165 default_emulate_view}
    {CK storm_U41_reg_140 default_emulate_view}
    {CK tiki_U14_reg_reg_236_8 default_emulate_view}
    {CK storm_U4_reg_34 default_emulate_view}
    {CK tiki_U14_reg_reg_55_10 default_emulate_view}
    {CK tiki_U21_reg_161 default_emulate_view}
    {CK U24_reg_50 default_emulate_view}
    {CK storm_U292_reg_2 default_emulate_view}
    {CK tiki_U14_reg_reg_202_3 default_emulate_view}
    {CK tiki_U21_reg_127 default_emulate_view}
    {CK tiki_U92_reg_3 default_emulate_view}
    {CK U104_reg_54 default_emulate_view}
    {CK storm_U78_reg_138 default_emulate_view}
    {CK U38_reg_43 default_emulate_view}
    {CK tiki_U14_reg_reg_167_4 default_emulate_view}
    {CK tiki_U14_reg_reg_5_6 default_emulate_view}
    {CK storm_U16_reg_188 default_emulate_view}
    {CK storm_U133_reg_117 default_emulate_view}
    {CK storm_U478_reg_7 default_emulate_view}
    {CK storm_U25_reg_167 default_emulate_view}
    {CK storm_U23_reg_170 default_emulate_view}
    {CK storm_U59_reg_141 default_emulate_view}
    {CK kasa_U746_reg default_emulate_view}
    {CK U5_reg_230 default_emulate_view}
    {CK U177_reg_6 default_emulate_view}
    {CK U38_reg_179 default_emulate_view}
    {CK U38_reg_132 default_emulate_view}
    {CK U84_reg_70 default_emulate_view}
    {CK U71_reg_28 default_emulate_view}
    {CK U87_reg_15 default_emulate_view}
    {CK U30_reg_134 default_emulate_view}
    {CK storm_U34_reg_139 default_emulate_view}
    {CK storm_U43_reg_132 default_emulate_view}
    {CK tiki_U14_reg_reg_19_7 default_emulate_view}
    {CK U20_reg_524 default_emulate_view}
    {CK tiki_U14_reg_reg_85_5 default_emulate_view}
    {CK tiki_U14_reg_reg_51_5 default_emulate_view}
    {CK tiki_U21_reg_248 default_emulate_view}
    {CK tiki_U14_reg_reg_186_1 default_emulate_view}
    {CK storm_U4_reg_26 default_emulate_view}
    {CK storm_U88_reg_100 default_emulate_view}
    {CK storm_U62_reg_192 default_emulate_view}
    {CK U73_reg_58 default_emulate_view}
    {CK tiki_U14_reg_reg_24_2 default_emulate_view}
    {CK tiki_U14_reg_reg_180_7 default_emulate_view}
    {CK U65_reg_170 default_emulate_view}
    {CK tiki_U14_reg_reg_217_0 default_emulate_view}
    {CK storm_U62_reg_159 default_emulate_view}
    {CK storm_U78_reg_123 default_emulate_view}
    {CK kasa_U747_reg default_emulate_view}
    {CK U5_reg_70 default_emulate_view}
    {CK U10_reg_40 default_emulate_view}
    {CK U32_reg_152 default_emulate_view}
    {CK U70_reg_18 default_emulate_view}
    {CK U87_reg_44 default_emulate_view}
    {CK U87_reg_23 default_emulate_view}
    {CK tiki_U14_reg_reg_113_4 default_emulate_view}
    {CK U20_reg_77 default_emulate_view}
    {CK U65_reg_476 default_emulate_view}
    {CK U20_reg_468 default_emulate_view}
    {CK U20_reg_195 default_emulate_view}
    {CK tiki_U748_reg default_emulate_view}
    {CK tiki_U37_reg_159 default_emulate_view}
    {CK tiki_U14_reg_reg_194_0 default_emulate_view}
    {CK tiki_U37_reg_193 default_emulate_view}
    {CK tiki_U205_reg_12 default_emulate_view}
    {CK storm_U78_reg_131 default_emulate_view}
    {CK storm_U80_reg_133 default_emulate_view}
    {CK storm_U53_reg_137 default_emulate_view}
    {CK storm_U59_reg_139 default_emulate_view}
    {CK U49_reg_10 default_emulate_view}
    {CK U35_reg_40 default_emulate_view}
    {CK storm_U52_reg_122 default_emulate_view}
    {CK U245_reg_7 default_emulate_view}
    {CK tiki_U14_reg_reg_246_10 default_emulate_view}
    {CK storm_U41_reg_139 default_emulate_view}
    {CK storm_U34_reg_132 default_emulate_view}
    {CK tiki_U14_reg_reg_104_6 default_emulate_view}
    {CK U65_reg_286 default_emulate_view}
    {CK U180_reg_4 default_emulate_view}
    {CK tiki_U14_reg_reg_143_6 default_emulate_view}
    {CK U11_reg_146 default_emulate_view}
    {CK U51_reg_144 default_emulate_view}
    {CK storm_U1_reg_153 default_emulate_view}
    {CK storm_U62_reg_163 default_emulate_view}
    {CK U65_reg_340 default_emulate_view}
    {CK kasa_U749_reg default_emulate_view}
    {CK tiki_U21_reg_52 default_emulate_view}
    {CK storm_U26_reg_128 default_emulate_view}
    {CK tiki_U14_reg_reg_187_6 default_emulate_view}
    {CK U83_reg_2 default_emulate_view}
    {CK U24_reg_11 default_emulate_view}
    {CK kasa_U750_reg default_emulate_view}
    {CK tiki_U14_reg_reg_45_7 default_emulate_view}
    {CK tiki_U357_reg_2 default_emulate_view}
    {CK U20_reg_326 default_emulate_view}
    {CK U65_reg_554 default_emulate_view}
    {CK tiki_U14_reg_reg_85_4 default_emulate_view}
    {CK tiki_U14_reg_reg_48_8 default_emulate_view}
    {CK U129_reg_73 default_emulate_view}
    {CK U58_reg_37 default_emulate_view}
    {CK storm_U41_reg_6 default_emulate_view}
    {CK storm_U78_reg_17 default_emulate_view}
    {CK kasa_U751_reg default_emulate_view}
    {CK tiki_U14_reg_reg_61_0 default_emulate_view}
    {CK U76_reg_35 default_emulate_view}
    {CK tiki_U47_reg_252 default_emulate_view}
    {CK U20_reg_238 default_emulate_view}
    {CK U65_reg_506 default_emulate_view}
    {CK U38_reg_207 default_emulate_view}
    {CK U38_reg_61 default_emulate_view}
    {CK U38_reg_24 default_emulate_view}
    {CK U11_reg_75 default_emulate_view}
    {CK U5_reg_159 default_emulate_view}
    {CK U51_reg_76 default_emulate_view}
    {CK storm_U25_reg_4 default_emulate_view}
    {CK storm_U41_reg_10 default_emulate_view}
    {CK storm_U41_reg_24 default_emulate_view}
    {CK tiki_U14_reg_reg_134_0 default_emulate_view}
    {CK tiki_U14_reg_reg_71_3 default_emulate_view}
    {CK tiki_U27_reg_2 default_emulate_view}
    {CK tiki_U56_reg_9 default_emulate_view}
    {CK U29_reg_43 default_emulate_view}
    {CK storm_U53_reg_5 default_emulate_view}
    {CK tiki_U14_reg_reg_151_2 default_emulate_view}
    {CK U20_reg_420 default_emulate_view}
    {CK U65_reg_388 default_emulate_view}
    {CK U752_reg default_emulate_view}
    {CK tiki_U14_reg_reg_78_11 default_emulate_view}
    {CK U32_reg_123 default_emulate_view}
    {CK U138_reg_0 default_emulate_view}
    {CK storm_U25_reg_27 default_emulate_view}
    {CK tiki_U14_reg_reg_132_6 default_emulate_view}
    {CK U5_reg_160 default_emulate_view}
    {CK U31_reg_21 default_emulate_view}
    {CK tiki_U47_reg_165 default_emulate_view}
    {CK U65_reg_218 default_emulate_view}
    {CK tiki_U14_reg_reg_25_11 default_emulate_view}
    {CK storm_U52_reg_11 default_emulate_view}
    {CK storm_U2_reg_22 default_emulate_view}
    {CK storm_U23_reg_8 default_emulate_view}
    {CK storm_U78_reg_28 default_emulate_view}
    {CK storm_U16_reg_117 default_emulate_view}
    {CK kasa_U753_reg default_emulate_view}
    {CK U368_reg_4 default_emulate_view}
    {CK kasa_U754_reg default_emulate_view}
    {CK U240_reg_6 default_emulate_view}
    {CK U10_reg_140 default_emulate_view}
    {CK U11_reg_122 default_emulate_view}
    {CK U19_reg_70 default_emulate_view}
    {CK U19_reg_16 default_emulate_view}
    {CK U11_reg_53 default_emulate_view}
    {CK U12_reg_47 default_emulate_view}
    {CK tiki_U14_reg_reg_255_3 default_emulate_view}
    {CK tiki_U14_reg_reg_237_5 default_emulate_view}
    {CK tiki_U14_reg_reg_232_7 default_emulate_view}
    {CK storm_U1_reg_24 default_emulate_view}
    {CK storm_U1_reg_32 default_emulate_view}
    {CK U17_reg_124 default_emulate_view}
    {CK tiki_U121_reg_7 default_emulate_view}
    {CK U20_reg_374 default_emulate_view}
    {CK U65_reg_650 default_emulate_view}
    {CK tiki_U327_reg_2 default_emulate_view}
    {CK U20_reg_61 default_emulate_view}
    {CK tiki_U37_reg_212 default_emulate_view}
    {CK U319_reg_1 default_emulate_view}
    {CK tiki_U14_reg_reg_195_1 default_emulate_view}
    {CK tiki_U14_reg_reg_204_2 default_emulate_view}
    {CK U65_reg_386 default_emulate_view}
    {CK storm_U80_reg_192 default_emulate_view}
    {CK storm_U78_reg_207 default_emulate_view}
    {CK storm_U25_reg_183 default_emulate_view}
    {CK storm_U62_reg_52 default_emulate_view}
    {CK storm_U25_reg_186 default_emulate_view}
    {CK storm_U16_reg_87 default_emulate_view}
    {CK U5_reg_204 default_emulate_view}
    {CK U140_reg_1 default_emulate_view}
    {CK U10_reg_1 default_emulate_view}
    {CK U51_reg_84 default_emulate_view}
    {CK U178_reg_126 default_emulate_view}
    {CK tiki_U14_reg_reg_72_2 default_emulate_view}
    {CK tiki_U14_reg_reg_169_8 default_emulate_view}
    {CK storm_U478_reg_6 default_emulate_view}
    {CK U11_reg_41 default_emulate_view}
    {CK U65_reg_226 default_emulate_view}
    {CK U20_reg_536 default_emulate_view}
    {CK U65_reg_596 default_emulate_view}
    {CK tiki_U47_reg_56 default_emulate_view}
    {CK tiki_U21_reg_239 default_emulate_view}
    {CK storm_U50_reg_196 default_emulate_view}
    {CK storm_U43_reg_81 default_emulate_view}
    {CK storm_U50_reg_78 default_emulate_view}
    {CK storm_U1_reg_71 default_emulate_view}
    {CK U73_reg_53 default_emulate_view}
    {CK U35_reg_41 default_emulate_view}
    {CK tiki_U14_reg_reg_76_1 default_emulate_view}
    {CK tiki_U47_reg_146 default_emulate_view}
    {CK storm_U133_reg_197 default_emulate_view}
    {CK storm_U218_reg_6 default_emulate_view}
    {CK storm_U23_reg_79 default_emulate_view}
    {CK storm_U34_reg_55 default_emulate_view}
    {CK storm_U62_reg_187 default_emulate_view}
    {CK storm_U80_reg_89 default_emulate_view}
    {CK U231_reg_3 default_emulate_view}
    {CK U5_reg_146 default_emulate_view}
    {CK U195_reg_4 default_emulate_view}
    {CK U30_reg_64 default_emulate_view}
    {CK U10_reg_164 default_emulate_view}
    {CK U755_reg default_emulate_view}
    {CK U17_reg_50 default_emulate_view}
    {CK U12_reg_65 default_emulate_view}
    {CK U39_reg_4 default_emulate_view}
    {CK U32_reg_84 default_emulate_view}
    {CK U30_reg_311 default_emulate_view}
    {CK U31_reg_79 default_emulate_view}
    {CK tiki_U37_reg_104 default_emulate_view}
    {CK tiki_U47_reg_91 default_emulate_view}
    {CK storm_U394_reg_1 default_emulate_view}
    {CK U17_reg_117 default_emulate_view}
    {CK U756_reg default_emulate_view}
    {CK U531_reg_0 default_emulate_view}
    {CK U390_reg_7 default_emulate_view}
    {CK U65_reg_522 default_emulate_view}
    {CK U20_reg_98 default_emulate_view}
    {CK tiki_U14_reg_reg_218_8 default_emulate_view}
    {CK tiki_U14_reg_reg_149_10 default_emulate_view}
    {CK tiki_U14_reg_reg_112_9 default_emulate_view}
    {CK storm_U62_reg_86 default_emulate_view}
    {CK storm_U34_reg_82 default_emulate_view}
    {CK tiki_U37_reg_219 default_emulate_view}
    {CK storm_U23_reg_75 default_emulate_view}
    {CK U24_reg_61 default_emulate_view}
    {CK tiki_U86_reg_7 default_emulate_view}
    {CK tiki_U14_reg_reg_111_6 default_emulate_view}
    {CK U76_reg_33 default_emulate_view}
    {CK tiki_U14_reg_reg_236_5 default_emulate_view}
    {CK U390_reg_5 default_emulate_view}
    {CK U322_reg_7 default_emulate_view}
    {CK U30_reg_253 default_emulate_view}
    {CK U51_reg_120 default_emulate_view}
    {CK tiki_U14_reg_reg_4_3 default_emulate_view}
    {CK U307_reg_6 default_emulate_view}
    {CK tiki_U21_reg_167 default_emulate_view}
    {CK U49_reg_78 default_emulate_view}
    {CK tiki_U15_reg_18 default_emulate_view}
    {CK tiki_U14_reg_reg_106_6 default_emulate_view}
    {CK U20_reg_227 default_emulate_view}
    {CK U20_reg_270 default_emulate_view}
    {CK U20_reg_358 default_emulate_view}
    {CK U20_reg_21 default_emulate_view}
    {CK tiki_U14_reg_reg_83_10 default_emulate_view}
    {CK U70_reg_59 default_emulate_view}
    {CK U30_reg_51 default_emulate_view}
    {CK U71_reg_6 default_emulate_view}
    {CK tiki_U14_reg_reg_206_9 default_emulate_view}
    {CK U20_reg_406 default_emulate_view}
    {CK U65_reg_16 default_emulate_view}
    {CK U672_reg_0 default_emulate_view}
    {CK U32_reg_41 default_emulate_view}
    {CK U10_reg_64 default_emulate_view}
    {CK U17_reg_82 default_emulate_view}
    {CK U46_reg_5 default_emulate_view}
    {CK U138_reg_67 default_emulate_view}
    {CK tiki_U47_reg_29 default_emulate_view}
    {CK tiki_U14_reg_reg_191_9 default_emulate_view}
    {CK U65_reg_544 default_emulate_view}
    {CK U65_reg_682 default_emulate_view}
    {CK U65_reg_552 default_emulate_view}
    {CK tiki_U14_reg_reg_71_2 default_emulate_view}
    {CK tiki_U14_reg_reg_129_10 default_emulate_view}
    {CK U49_reg_27 default_emulate_view}
    {CK U76_reg_48 default_emulate_view}
    {CK tiki_U14_reg_reg_113_11 default_emulate_view}
    {CK U65_reg_553 default_emulate_view}
    {CK tiki_U14_reg_reg_66_11 default_emulate_view}
    {CK storm_U23_reg_172 default_emulate_view}
    {CK storm_U88_reg_35 default_emulate_view}
    {CK storm_U4_reg_53 default_emulate_view}
    {CK storm_U320_reg_4 default_emulate_view}
    {CK storm_U599_reg_1 default_emulate_view}
    {CK storm_U1_reg_200 default_emulate_view}
    {CK U221_reg_3 default_emulate_view}
    {CK U51_reg_153 default_emulate_view}
    {CK U11_reg_164 default_emulate_view}
    {CK U11_reg_94 default_emulate_view}
    {CK U30_reg_69 default_emulate_view}
    {CK U38_reg_141 default_emulate_view}
    {CK tiki_U47_reg_151 default_emulate_view}
    {CK storm_U22_reg_165 default_emulate_view}
    {CK tiki_U14_reg_reg_228_2 default_emulate_view}
    {CK U20_reg_525 default_emulate_view}
    {CK U65_reg_171 default_emulate_view}
    {CK U322_reg_6 default_emulate_view}
    {CK U20_reg_348 default_emulate_view}
    {CK U20_reg_407 default_emulate_view}
    {CK tiki_U14_reg_reg_231_7 default_emulate_view}
    {CK tiki_U14_reg_reg_21_9 default_emulate_view}
    {CK tiki_U169_reg_13 default_emulate_view}
    {CK tiki_U56_reg_3 default_emulate_view}
    {CK tiki_U14_reg_reg_41_0 default_emulate_view}
    {CK storm_U53_reg_193 default_emulate_view}
    {CK storm_U26_reg_56 default_emulate_view}
    {CK storm_U2_reg_187 default_emulate_view}
    {CK storm_U26_reg_184 default_emulate_view}
    {CK U76_reg_24 default_emulate_view}
    {CK tiki_U14_reg_reg_98_11 default_emulate_view}
    {CK tiki_U757_reg default_emulate_view}
    {CK storm_U1_reg_204 default_emulate_view}
    {CK storm_U324_reg_2 default_emulate_view}
    {CK storm_U88_reg_27 default_emulate_view}
    {CK tiki_U14_reg_reg_136_8 default_emulate_view}
    {CK kasa_U758_reg default_emulate_view}
    {CK tiki_U14_reg_reg_99_3 default_emulate_view}
    {CK tiki_U14_reg_reg_52_0 default_emulate_view}
    {CK U63_reg_54 default_emulate_view}
    {CK storm_U62_reg_184 default_emulate_view}
    {CK storm_U3_reg_192 default_emulate_view}
    {CK tiki_U14_reg_reg_131_6 default_emulate_view}
    {CK tiki_U14_reg_reg_192_2 default_emulate_view}
    {CK U65_reg_545 default_emulate_view}
    {CK U20_reg_20 default_emulate_view}
    {CK U20_reg_226 default_emulate_view}
    {CK U32_reg_21 default_emulate_view}
    {CK U11_reg_70 default_emulate_view}
    {CK U759_reg default_emulate_view}
    {CK U104_reg_28 default_emulate_view}
    {CK U17_reg_1 default_emulate_view}
    {CK tiki_U14_reg_reg_155_2 default_emulate_view}
    {CK storm_U403_reg_6 default_emulate_view}
    {CK storm_U50_reg_54 default_emulate_view}
    {CK storm_U43_reg_142 default_emulate_view}
    {CK kasa_U760_reg default_emulate_view}
    {CK storm_U88_reg_74 default_emulate_view}
    {CK U35_reg_83 default_emulate_view}
    {CK U24_reg_15 default_emulate_view}
    {CK tiki_U14_reg_reg_67_1 default_emulate_view}
    {CK U20_reg_271 default_emulate_view}
    {CK U138_reg_59 default_emulate_view}
    {CK U129_reg_63 default_emulate_view}
    {CK U761_reg default_emulate_view}
    {CK storm_U88_reg_127 default_emulate_view}
    {CK U5_reg_104 default_emulate_view}
    {CK U84_reg_75 default_emulate_view}
    {CK storm_U34_reg_115 default_emulate_view}
    {CK U65_reg_523 default_emulate_view}
    {CK tiki_U21_reg_38 default_emulate_view}
    {CK U123_reg_6 default_emulate_view}
    {CK U477_reg_5 default_emulate_view}
    {CK U262_reg_1 default_emulate_view}
    {CK tiki_U14_reg_reg_138_6 default_emulate_view}
    {CK tiki_U126_reg_3 default_emulate_view}
    {CK U73_reg_36 default_emulate_view}
    {CK tiki_U14_reg_reg_158_0 default_emulate_view}
    {CK U65_reg_17 default_emulate_view}
    {CK U65_reg_144 default_emulate_view}
    {CK U111_reg_5 default_emulate_view}
    {CK tiki_U762_reg default_emulate_view}
    {CK U30_reg_116 default_emulate_view}
    {CK U71_reg_39 default_emulate_view}
    {CK U32_reg_34 default_emulate_view}
    {CK U763_reg default_emulate_view}
    {CK U5_reg_7 default_emulate_view}
    {CK storm_U52_reg_121 default_emulate_view}
    {CK U307_reg_3 default_emulate_view}
    {CK tiki_U14_reg_reg_101_5 default_emulate_view}
    {CK tiki_U14_reg_reg_57_5 default_emulate_view}
    {CK tiki_U14_reg_reg_216_5 default_emulate_view}
    {CK tiki_U47_reg_223 default_emulate_view}
    {CK U20_reg_99 default_emulate_view}
    {CK U111_reg_7 default_emulate_view}
    {CK U65_reg_7 default_emulate_view}
    {CK tiki_U14_reg_reg_102_5 default_emulate_view}
    {CK tiki_U14_reg_reg_252_5 default_emulate_view}
    {CK U38_reg_190 default_emulate_view}
    {CK U138_reg_70 default_emulate_view}
    {CK storm_U3_reg_109 default_emulate_view}
    {CK U65_reg_681 default_emulate_view}
    {CK tiki_U14_reg_reg_173_9 default_emulate_view}
    {CK storm_U80_reg_110 default_emulate_view}
    {CK kasa_U764_reg default_emulate_view}
    {CK U118_reg_4 default_emulate_view}
    {CK U311_reg_6 default_emulate_view}
    {CK kasa_U765_reg default_emulate_view}
    {CK tiki_U407_reg_0 default_emulate_view}
    {CK tiki_U37_reg_186 default_emulate_view}
    {CK tiki_U263_reg_17 default_emulate_view}
    {CK tiki_U14_reg_reg_244_0 default_emulate_view}
    {CK storm_U152_reg_5 default_emulate_view}
    {CK tiki_U14_reg_reg_239_8 default_emulate_view}
    {CK tiki_U14_reg_reg_253_8 default_emulate_view}
    {CK U20_reg_359 default_emulate_view}
    {CK U65_reg_219 default_emulate_view}
    {CK tiki_U14_reg_reg_149_2 default_emulate_view}
    {CK U65_reg_31 default_emulate_view}
    {CK tiki_U37_reg_149 default_emulate_view}
    {CK U73_reg_75 default_emulate_view}
    {CK U35_reg_58 default_emulate_view}
    {CK tiki_U14_reg_reg_203_7 default_emulate_view}
    {CK tiki_U14_reg_reg_12_6 default_emulate_view}
    {CK tiki_U14_reg_reg_213_3 default_emulate_view}
    {CK U65_reg_649 default_emulate_view}
    {CK storm_U52_reg_14 default_emulate_view}
    {CK storm_U22_reg_49 default_emulate_view}
    {CK storm_U53_reg_32 default_emulate_view}
    {CK storm_U16_reg_60 default_emulate_view}
    {CK storm_U3_reg_26 default_emulate_view}
    {CK kasa_U767_reg default_emulate_view}
    {CK kasa_U768_reg default_emulate_view}
    {CK U5_reg_231 default_emulate_view}
    {CK U221_reg_0 default_emulate_view}
    {CK U10_reg_81 default_emulate_view}
    {CK U769_reg default_emulate_view}
    {CK U138_reg_33 default_emulate_view}
    {CK tiki_U47_reg_36 default_emulate_view}
    {CK tiki_U14_reg_reg_34_11 default_emulate_view}
    {CK tiki_U14_reg_reg_153_4 default_emulate_view}
    {CK storm_U26_reg_57 default_emulate_view}
    {CK U65_reg_387 default_emulate_view}
    {CK U20_reg_124 default_emulate_view}
    {CK U20_reg_375 default_emulate_view}
    {CK tiki_U14_reg_reg_55_6 default_emulate_view}
    {CK storm_U23_reg_11 default_emulate_view}
    {CK storm_U3_reg_8 default_emulate_view}
    {CK storm_U2_reg_29 default_emulate_view}
    {CK storm_U133_reg_0 default_emulate_view}
    {CK U63_reg_44 default_emulate_view}
    {CK U76_reg_7 default_emulate_view}
    {CK tiki_U14_reg_reg_78_6 default_emulate_view}
    {CK tiki_U14_reg_reg_98_0 default_emulate_view}
    {CK U65_reg_507 default_emulate_view}
    {CK storm_U50_reg_49 default_emulate_view}
    {CK storm_U26_reg_51 default_emulate_view}
    {CK storm_U62_reg_6 default_emulate_view}
    {CK storm_U62_reg_29 default_emulate_view}
    {CK storm_U3_reg_27 default_emulate_view}
    {CK storm_U34_reg_20 default_emulate_view}
    {CK U5_reg_20 default_emulate_view}
    {CK U770_reg default_emulate_view}
    {CK U45_reg_21 default_emulate_view}
    {CK U129_reg_44 default_emulate_view}
    {CK U771_reg default_emulate_view}
    {CK U38_reg_192 default_emulate_view}
    {CK U87_reg_56 default_emulate_view}
    {CK U30_reg_183 default_emulate_view}
    {CK U30_reg_162 default_emulate_view}
    {CK tiki_U14_reg_reg_6_10 default_emulate_view}
    {CK storm_U41_reg_0 default_emulate_view}
    {CK tiki_U14_reg_reg_224_2 default_emulate_view}
    {CK U20_reg_239 default_emulate_view}
    {CK U772_reg default_emulate_view}
    {CK U65_reg_389 default_emulate_view}
    {CK tiki_U14_reg_reg_247_8 default_emulate_view}
    {CK tiki_U86_reg_11 default_emulate_view}
    {CK tiki_U14_reg_reg_250_5 default_emulate_view}
    {CK tiki_U14_reg_reg_118_6 default_emulate_view}
    {CK tiki_U773_reg default_emulate_view}
    {CK storm_U1_reg_13 default_emulate_view}
    {CK storm_U41_reg_9 default_emulate_view}
    {CK storm_U62_reg_2 default_emulate_view}
    {CK U49_reg_17 default_emulate_view}
    {CK U83_reg_71 default_emulate_view}
    {CK tiki_U14_reg_reg_245_1 default_emulate_view}
    {CK tiki_U14_reg_reg_240_10 default_emulate_view}
    {CK tiki_U47_reg_98 default_emulate_view}
    {CK U65_reg_555 default_emulate_view}
    {CK tiki_U14_reg_reg_110_1 default_emulate_view}
    {CK U156_reg_7 default_emulate_view}
    {CK tiki_U37_reg_233 default_emulate_view}
    {CK tiki_U14_reg_reg_23_5 default_emulate_view}
    {CK tiki_U37_reg_247 default_emulate_view}
    {CK U29_reg_26 default_emulate_view}
    {CK storm_U3_reg_120 default_emulate_view}
    {CK tiki_U14_reg_reg_235_1 default_emulate_view}
    {CK U65_reg_477 default_emulate_view}
    {CK U65_reg_227 default_emulate_view}
    {CK U20_reg_505 default_emulate_view}
    {CK tiki_U285_reg_6 default_emulate_view}
    {CK U129_reg_106 default_emulate_view}
    {CK U13_reg_4 default_emulate_view}
    {CK U19_reg_49 default_emulate_view}
    {CK tiki_U14_reg_reg_152_6 default_emulate_view}
    {CK tiki_U14_reg_reg_85_1 default_emulate_view}
    {CK tiki_U14_reg_reg_160_3 default_emulate_view}
    {CK U65_reg_341 default_emulate_view}
    {CK U270_reg_4 default_emulate_view}
    {CK U20_reg_582 default_emulate_view}
    {CK tiki_U14_reg_reg_56_2 default_emulate_view}
    {CK U196_reg_1 default_emulate_view}
    {CK U159_reg_1 default_emulate_view}
    {CK U5_reg_58 default_emulate_view}
    {CK U20_reg_194 default_emulate_view}
    {CK storm_U16_reg_163 default_emulate_view}
    {CK kasa_U774_reg default_emulate_view}
    {CK U346_reg_5 default_emulate_view}
    {CK U31_reg_29 default_emulate_view}
    {CK U58_reg_40 default_emulate_view}
    {CK U38_reg_82 default_emulate_view}
    {CK U32_reg_183 default_emulate_view}
    {CK U38_reg_217 default_emulate_view}
    {CK U11_reg_187 default_emulate_view}
    {CK tiki_U285_reg_13 default_emulate_view}
    {CK U20_reg_327 default_emulate_view}
    {CK U65_reg_48 default_emulate_view}
    {CK U65_reg_49 default_emulate_view}
    {CK U20_reg_76 default_emulate_view}
    {CK tiki_U21_reg_184 default_emulate_view}
    {CK tiki_U21_reg_234 default_emulate_view}
    {CK tiki_U14_reg_reg_150_3 default_emulate_view}
    {CK U29_reg_73 default_emulate_view}
    {CK U122_reg_39 default_emulate_view}
    {CK tiki_U14_reg_reg_108_0 default_emulate_view}
    {CK tiki_U14_reg_reg_71_1 default_emulate_view}
    {CK tiki_U14_reg_reg_118_5 default_emulate_view}
    {CK kasa_U776_reg default_emulate_view}
    {CK U10_reg_39 default_emulate_view}
    {CK U51_reg_14 default_emulate_view}
    {CK U129_reg_81 default_emulate_view}
    {CK U11_reg_149 default_emulate_view}
    {CK U104_reg_19 default_emulate_view}
    {CK U572_reg_2 default_emulate_view}
    {CK U105_reg_0 default_emulate_view}
    {CK U38_reg_104 default_emulate_view}
    {CK U32_reg_104 default_emulate_view}
    {CK U30_reg_282 default_emulate_view}
    {CK U31_reg_67 default_emulate_view}
    {CK U30_reg_260 default_emulate_view}
    {CK tiki_U14_reg_reg_38_4 default_emulate_view}
    {CK tiki_U37_reg_2 default_emulate_view}
    {CK U65_reg_287 default_emulate_view}
    {CK tiki_U21_reg_107 default_emulate_view}
    {CK tiki_U14_reg_reg_138_0 default_emulate_view}
    {CK tiki_U21_reg_156 default_emulate_view}
    {CK tiki_U14_reg_reg_20_8 default_emulate_view}
    {CK tiki_U14_reg_reg_229_11 default_emulate_view}
    {CK tiki_U14_reg_reg_107_9 default_emulate_view}
    {CK U24_reg_24 default_emulate_view}
    {CK U76_reg_68 default_emulate_view}
    {CK tiki_U47_reg_232 default_emulate_view}
    {CK tiki_U14_reg_reg_252_9 default_emulate_view}
    {CK tiki_U14_reg_reg_239_4 default_emulate_view}
    {CK kasa_U777_reg default_emulate_view}
    {CK U358_reg_4 default_emulate_view}
    {CK tiki_U14_reg_reg_8_0 default_emulate_view}
    {CK tiki_U14_reg_reg_77_6 default_emulate_view}
    {CK tiki_U14_reg_reg_238_3 default_emulate_view}
    {CK U73_reg_14 default_emulate_view}
    {CK tiki_U14_reg_reg_116_9 default_emulate_view}
    {CK U20_reg_469 default_emulate_view}
    {CK tiki_U14_reg_reg_200_2 default_emulate_view}
    {CK U45_reg_10 default_emulate_view}
    {CK tiki_U778_reg default_emulate_view}
    {CK tiki_U14_reg_reg_139_3 default_emulate_view}
    {CK U201_reg_2 default_emulate_view}
    {CK tiki_U14_reg_reg_15_3 default_emulate_view}
    {CK U76_reg_13 default_emulate_view}
    {CK tiki_U14_reg_reg_34_2 default_emulate_view}
    {CK U129_reg_55 default_emulate_view}
    {CK U684_reg_0 default_emulate_view}
    {CK U51_reg_143 default_emulate_view}
    {CK storm_U53_reg_65 default_emulate_view}
    {CK storm_U34_reg_79 default_emulate_view}
    {CK storm_U25_reg_89 default_emulate_view}
    {CK tiki_U205_reg_1 default_emulate_view}
    {CK tiki_U14_reg_reg_198_9 default_emulate_view}
    {CK tiki_U14_reg_reg_172_11 default_emulate_view}
    {CK U35_reg_4 default_emulate_view}
    {CK storm_U589_reg_51 default_emulate_view}
    {CK storm_U78_reg_59 default_emulate_view}
    {CK tiki_U47_reg_188 default_emulate_view}
    {CK tiki_U14_reg_reg_119_10 default_emulate_view}
    {CK tiki_U14_reg_reg_65_8 default_emulate_view}
    {CK tiki_U779_reg default_emulate_view}
    {CK U780_reg default_emulate_view}
    {CK U129_reg_110 default_emulate_view}
    {CK tiki_U14_reg_reg_52_10 default_emulate_view}
    {CK tiki_U14_reg_reg_96_5 default_emulate_view}
    {CK storm_U78_reg_77 default_emulate_view}
    {CK storm_U34_reg_83 default_emulate_view}
    {CK storm_U34_reg_189 default_emulate_view}
    {CK tiki_U14_reg_reg_25_0 default_emulate_view}
    {CK storm_U22_reg_62 default_emulate_view}
    {CK U49_reg_20 default_emulate_view}
    {CK storm_U50_reg_0 default_emulate_view}
    {CK U36_reg_5 default_emulate_view}
    {CK tiki_U14_reg_reg_245_10 default_emulate_view}
    {CK tiki_U14_reg_reg_84_6 default_emulate_view}
    {CK U20_reg_421 default_emulate_view}
    {CK tiki_U14_reg_reg_157_1 default_emulate_view}
    {CK storm_U1_reg_186 default_emulate_view}
    {CK U193_reg_9 default_emulate_view}
    {CK U51_reg_75 default_emulate_view}
    {CK storm_U34_reg_195 default_emulate_view}
    {CK storm_U78_reg_105 default_emulate_view}
    {CK storm_U62_reg_56 default_emulate_view}
    {CK storm_U133_reg_81 default_emulate_view}
    {CK storm_U3_reg_77 default_emulate_view}
    {CK storm_U1_reg_67 default_emulate_view}
    {CK U302_reg_3 default_emulate_view}
    {CK kasa_U781_reg default_emulate_view}
    {CK U5_reg_237 default_emulate_view}
    {CK U10_reg_141 default_emulate_view}
    {CK U31_reg_46 default_emulate_view}
    {CK U30_reg_235 default_emulate_view}
    {CK U32_reg_5 default_emulate_view}
    {CK tiki_U285_reg_1 default_emulate_view}
    {CK storm_U22_reg_185 default_emulate_view}
    {CK storm_U59_reg_182 default_emulate_view}
    {CK U17_reg_63 default_emulate_view}
    {CK U129_reg_84 default_emulate_view}
    {CK tiki_U14_reg_reg_91_4 default_emulate_view}
    {CK storm_U1_reg_63 default_emulate_view}
    {CK storm_U41_reg_85 default_emulate_view}
    {CK tiki_U21_reg_45 default_emulate_view}
    {CK U63_reg_61 default_emulate_view}
    {CK U122_reg_41 default_emulate_view}
    {CK tiki_U14_reg_reg_212_5 default_emulate_view}
    {CK tiki_U782_reg default_emulate_view}
    {CK tiki_U308_reg_8 default_emulate_view}
    {CK storm_U78_reg_122 default_emulate_view}
    {CK storm_U52_reg_131 default_emulate_view}
    {CK storm_U78_reg_136 default_emulate_view}
    {CK storm_U133_reg_138 default_emulate_view}
    {CK storm_U2_reg_159 default_emulate_view}
    {CK U310_reg_2 default_emulate_view}
    {CK kasa_U783_reg default_emulate_view}
    {CK U131_reg_2 default_emulate_view}
    {CK U51_reg_51 default_emulate_view}
    {CK U129_reg_80 default_emulate_view}
    {CK U30_reg_121 default_emulate_view}
    {CK U32_reg_116 default_emulate_view}
    {CK U38_reg_162 default_emulate_view}
    {CK tiki_U14_reg_reg_60_8 default_emulate_view}
    {CK tiki_U14_reg_reg_173_3 default_emulate_view}
    {CK tiki_U14_reg_reg_209_6 default_emulate_view}
    {CK tiki_U21_reg_32 default_emulate_view}
    {CK tiki_U47_reg_42 default_emulate_view}
    {CK storm_U80_reg_189 default_emulate_view}
    {CK storm_U25_reg_168 default_emulate_view}
    {CK storm_U4_reg_8 default_emulate_view}
    {CK storm_U88_reg_16 default_emulate_view}
    {CK U49_reg_38 default_emulate_view}
    {CK U83_reg_52 default_emulate_view}
    {CK tiki_U14_reg_reg_36_2 default_emulate_view}
    {CK tiki_U14_reg_reg_44_7 default_emulate_view}
    {CK storm_U1_reg_150 default_emulate_view}
    {CK storm_U43_reg_134 default_emulate_view}
    {CK storm_U59_reg_120 default_emulate_view}
    {CK tiki_U37_reg_144 default_emulate_view}
    {CK U55_reg_2 default_emulate_view}
    {CK tiki_U27_reg_0 default_emulate_view}
    {CK tiki_U14_reg_reg_82_1 default_emulate_view}
    {CK tiki_U21_reg_181 default_emulate_view}
    {CK U784_reg default_emulate_view}
    {CK storm_U62_reg_172 default_emulate_view}
    {CK storm_U23_reg_165 default_emulate_view}
    {CK U65_reg_607 default_emulate_view}
    {CK tiki_U14_reg_reg_197_8 default_emulate_view}
    {CK tiki_U14_reg_reg_171_9 default_emulate_view}
    {CK tiki_U14_reg_reg_249_10 default_emulate_view}
    {CK U32_reg_157 default_emulate_view}
    {CK U138_reg_20 default_emulate_view}
    {CK U5_reg_81 default_emulate_view}
    {CK storm_U53_reg_136 default_emulate_view}
    {CK storm_U26_reg_168 default_emulate_view}
    {CK storm_U50_reg_123 default_emulate_view}
    {CK kasa_U785_reg default_emulate_view}
    {CK storm_U62_reg_190 default_emulate_view}
    {CK tiki_U14_reg_reg_136_3 default_emulate_view}
    {CK U32_reg_79 default_emulate_view}
    {CK U70_reg_13 default_emulate_view}
    {CK U10_reg_165 default_emulate_view}
    {CK storm_U1_reg_116 default_emulate_view}
    {CK U72_reg_6 default_emulate_view}
    {CK U35_reg_59 default_emulate_view}
    {CK storm_U25_reg_110 default_emulate_view}
    {CK storm_U4_reg_64 default_emulate_view}
    {CK tiki_U47_reg_139 default_emulate_view}
    {CK tiki_U15_reg_19 default_emulate_view}
    {CK U20_reg_537 default_emulate_view}
    {CK tiki_U21_reg_94 default_emulate_view}
    {CK U71_reg_68 default_emulate_view}
    {CK U84_reg_80 default_emulate_view}
    {CK U11_reg_235 default_emulate_view}
    {CK tiki_U37_reg_90 default_emulate_view}
    {CK storm_U50_reg_1 default_emulate_view}
    {CK storm_U80_reg_177 default_emulate_view}
    {CK tiki_U14_reg_reg_46_0 default_emulate_view}
    {CK U175_reg_5 default_emulate_view}
    {CK storm_U152_reg_14 default_emulate_view}
    {CK tiki_U14_reg_reg_49_0 default_emulate_view}
    {CK U20_reg_499 default_emulate_view}
    {CK U441_reg_2 default_emulate_view}
    {CK U30_reg_142 default_emulate_view}
    {CK U70_reg_0 default_emulate_view}
    {CK U38_reg_92 default_emulate_view}
    {CK storm_U3_reg_29 default_emulate_view}
    {CK U271_reg_2 default_emulate_view}
    {CK U51_reg_119 default_emulate_view}
    {CK tiki_U14_reg_reg_40_2 default_emulate_view}
    {CK storm_U88_reg_3 default_emulate_view}
    {CK storm_U52_reg_108 default_emulate_view}
    {CK storm_U2_reg_4 default_emulate_view}
    {CK U160_reg_4 default_emulate_view}
    {CK kasa_U786_reg default_emulate_view}
    {CK U5_reg_25 default_emulate_view}
    {CK U38_reg_35 default_emulate_view}
    {CK U10_reg_63 default_emulate_view}
    {CK U11_reg_242 default_emulate_view}
    {CK U788_reg default_emulate_view}
    {CK U12_reg_117 default_emulate_view}
    {CK U17_reg_19 default_emulate_view}
    {CK tiki_U47_reg_67 default_emulate_view}
    {CK storm_U23_reg_2 default_emulate_view}
    {CK storm_U23_reg_10 default_emulate_view}
    {CK U17_reg_104 default_emulate_view}
    {CK tiki_U14_reg_reg_137_8 default_emulate_view}
    {CK tiki_U14_reg_reg_224_5 default_emulate_view}
    {CK tiki_U14_reg_reg_106_10 default_emulate_view}
    {CK tiki_U14_reg_reg_192_11 default_emulate_view}
    {CK tiki_U14_reg_reg_214_3 default_emulate_view}
    {CK tiki_U14_reg_reg_39_1 default_emulate_view}
    {CK storm_U22_reg_174 default_emulate_view}
    {CK storm_U320_reg_7 default_emulate_view}
    {CK tiki_U14_reg_reg_108_11 default_emulate_view}
    {CK storm_U78_reg_121 default_emulate_view}
    {CK U175_reg_76 default_emulate_view}
    {CK tiki_U14_reg_reg_35_6 default_emulate_view}
    {CK U20_reg_232 default_emulate_view}
    {CK storm_U80_reg_26 default_emulate_view}
    {CK storm_U62_reg_23 default_emulate_view}
    {CK storm_U34_reg_13 default_emulate_view}
    {CK storm_U16_reg_10 default_emulate_view}
    {CK storm_U62_reg_5 default_emulate_view}
    {CK storm_U150_reg_20 default_emulate_view}
    {CK U219_reg_0 default_emulate_view}
    {CK kasa_U789_reg default_emulate_view}
    {CK U10_reg_89 default_emulate_view}
    {CK U129_reg_75 default_emulate_view}
    {CK U12_reg_31 default_emulate_view}
    {CK tiki_U14_reg_reg_129_7 default_emulate_view}
    {CK tiki_U14_reg_reg_177_11 default_emulate_view}
    {CK tiki_U14_reg_reg_75_0 default_emulate_view}
    {CK storm_U80_reg_34 default_emulate_view}
    {CK U790_reg_2 default_emulate_view}
    {CK U13_reg_2 default_emulate_view}
    {CK U204_reg_4 default_emulate_view}
    {CK U20_reg_489 default_emulate_view}
    {CK tiki_U14_reg_reg_164_7 default_emulate_view}
    {CK tiki_U14_reg_reg_163_3 default_emulate_view}
    {CK storm_U78_reg_5 default_emulate_view}
    {CK U175_reg_60 default_emulate_view}
    {CK U122_reg_43 default_emulate_view}
    {CK tiki_U21_reg_193 default_emulate_view}
    {CK storm_U16_reg_1 default_emulate_view}
    {CK storm_U3_reg_11 default_emulate_view}
    {CK storm_U3_reg_25 default_emulate_view}
    {CK tiki_U14_reg_reg_63_10 default_emulate_view}
    {CK U175_reg_21 default_emulate_view}
    {CK tiki_U14_reg_reg_248_9 default_emulate_view}
    {CK tiki_U14_reg_reg_121_0 default_emulate_view}
    {CK U30_reg_124 default_emulate_view}
    {CK U84_reg_58 default_emulate_view}
    {CK U32_reg_26 default_emulate_view}
    {CK U11_reg_54 default_emulate_view}
    {CK storm_U53_reg_8 default_emulate_view}
    {CK storm_U59_reg_22 default_emulate_view}
    {CK U428_reg_6 default_emulate_view}
    {CK storm_U43_reg_117 default_emulate_view}
    {CK tiki_U210_reg_8 default_emulate_view}
    {CK tiki_U27_reg_10 default_emulate_view}
    {CK U647_reg_3 default_emulate_view}
    {CK U309_reg_1 default_emulate_view}
    {CK tiki_U14_reg_reg_169_11 default_emulate_view}
    {CK tiki_U127_reg_9 default_emulate_view}
    {CK tiki_U47_reg_175 default_emulate_view}
    {CK tiki_U14_reg_reg_142_10 default_emulate_view}
    {CK tiki_U235_reg_3 default_emulate_view}
    {CK U87_reg_11 default_emulate_view}
    {CK U84_reg_78 default_emulate_view}
    {CK U138_reg_22 default_emulate_view}
    {CK tiki_U14_reg_reg_13_11 default_emulate_view}
    {CK storm_U34_reg_61 default_emulate_view}
    {CK U51_reg_23 default_emulate_view}
    {CK storm_U3_reg_122 default_emulate_view}
    {CK tiki_U14_reg_reg_17_9 default_emulate_view}
    {CK U310_reg_7 default_emulate_view}
    {CK U83_reg_68 default_emulate_view}
    {CK storm_U62_reg_138 default_emulate_view}
    {CK storm_U133_reg_132 default_emulate_view}
    {CK tiki_U14_reg_reg_165_7 default_emulate_view}
    {CK tiki_U112_reg_13 default_emulate_view}
    {CK U38_reg_149 default_emulate_view}
    {CK U30_reg_117 default_emulate_view}
    {CK U98_reg_0 default_emulate_view}
    {CK U11_reg_99 default_emulate_view}
    {CK tiki_U14_reg_reg_205_5 default_emulate_view}
    {CK tiki_U14_reg_reg_183_7 default_emulate_view}
    {CK storm_U25_reg_128 default_emulate_view}
    {CK U24_reg_76 default_emulate_view}
    {CK storm_U1_reg_155 default_emulate_view}
    {CK kasa_U791_reg default_emulate_view}
    {CK tiki_U14_reg_reg_188_8 default_emulate_view}
    {CK tiki_U37_reg_117 default_emulate_view}
    {CK U30_reg_313 default_emulate_view}
    {CK U11_reg_232 default_emulate_view}
    {CK tiki_U14_reg_reg_227_6 default_emulate_view}
    {CK tiki_U14_reg_reg_171_7 default_emulate_view}
    {CK U5_reg_148 default_emulate_view}
    {CK storm_U62_reg_120 default_emulate_view}
    {CK tiki_U21_reg_22 default_emulate_view}
    {CK U792_reg default_emulate_view}
    {CK U54_reg_6 default_emulate_view}
    {CK U358_reg_0 default_emulate_view}
    {CK tiki_U14_reg_reg_194_6 default_emulate_view}
    {CK tiki_U14_reg_reg_116_0 default_emulate_view}
    {CK U73_reg_6 default_emulate_view}
    {CK storm_U80_reg_137 default_emulate_view}
    {CK storm_U52_reg_130 default_emulate_view}
    {CK tiki_U14_reg_reg_139_5 default_emulate_view}
    {CK tiki_U14_reg_reg_39_10 default_emulate_view}
    {CK tiki_U14_reg_reg_249_7 default_emulate_view}
    {CK U38_reg_95 default_emulate_view}
    {CK U11_reg_203 default_emulate_view}
    {CK U5_reg_209 default_emulate_view}
    {CK storm_U2_reg_133 default_emulate_view}
    {CK storm_U2_reg_162 default_emulate_view}
    {CK kasa_U793_reg default_emulate_view}
    {CK storm_U2_reg_123 default_emulate_view}
    {CK tiki_U14_reg_reg_190_1 default_emulate_view}
    {CK tiki_U14_reg_reg_172_2 default_emulate_view}
    {CK tiki_U14_reg_reg_169_3 default_emulate_view}
    {CK U38_reg_5 default_emulate_view}
    {CK U11_reg_9 default_emulate_view}
    {CK U84_reg_83 default_emulate_view}
    {CK U51_reg_129 default_emulate_view}
    {CK U287_reg_3 default_emulate_view}
    {CK U10_reg_113 default_emulate_view}
    {CK U104_reg_32 default_emulate_view}
    {CK U531_reg_1 default_emulate_view}
    {CK U19_reg_74 default_emulate_view}
    {CK U17_reg_61 default_emulate_view}
    {CK U11_reg_212 default_emulate_view}
    {CK U138_reg_34 default_emulate_view}
    {CK U84_reg_2 default_emulate_view}
    {CK U32_reg_191 default_emulate_view}
    {CK U38_reg_233 default_emulate_view}
    {CK U31_reg_49 default_emulate_view}
    {CK tiki_U14_reg_reg_190_11 default_emulate_view}
    {CK tiki_U14_reg_reg_119_6 default_emulate_view}
    {CK U17_reg_64 default_emulate_view}
    {CK tiki_U14_reg_reg_82_2 default_emulate_view}
    {CK tiki_U14_reg_reg_241_8 default_emulate_view}
    {CK tiki_U14_reg_reg_141_10 default_emulate_view}
    {CK tiki_U14_reg_reg_11_7 default_emulate_view}
    {CK tiki_U14_reg_reg_124_10 default_emulate_view}
    {CK tiki_U14_reg_reg_29_6 default_emulate_view}
    {CK tiki_U14_reg_reg_162_7 default_emulate_view}
    {CK U63_reg_76 default_emulate_view}
    {CK tiki_U112_reg_10 default_emulate_view}
    {CK tiki_U14_reg_reg_92_6 default_emulate_view}
    {CK U28_reg_2 default_emulate_view}
    {CK kasa_U794_reg default_emulate_view}
    {CK tiki_U14_reg_reg_2_8 default_emulate_view}
    {CK U122_reg_5 default_emulate_view}
    {CK tiki_U14_reg_reg_78_4 default_emulate_view}
    {CK U17_reg_20 default_emulate_view}
    {CK tiki_U14_reg_reg_13_4 default_emulate_view}
    {CK U795_reg_1 default_emulate_view}
    {CK U171_reg_8 default_emulate_view}
    {CK U35_reg_55 default_emulate_view}
    {CK U45_reg_16 default_emulate_view}
    {CK U11_reg_167 default_emulate_view}
    {CK U51_reg_47 default_emulate_view}
    {CK storm_U2_reg_89 default_emulate_view}
    {CK storm_U26_reg_55 default_emulate_view}
    {CK storm_U94_reg_5 default_emulate_view}
    {CK tiki_U14_reg_reg_120_4 default_emulate_view}
    {CK U76_reg_51 default_emulate_view}
    {CK storm_U53_reg_75 default_emulate_view}
    {CK storm_U133_reg_82 default_emulate_view}
    {CK tiki_U47_reg_190 default_emulate_view}
    {CK tiki_U14_reg_reg_255_5 default_emulate_view}
    {CK tiki_U21_reg_16 default_emulate_view}
    {CK U51_reg_164 default_emulate_view}
    {CK storm_U59_reg_187 default_emulate_view}
    {CK storm_U23_reg_194 default_emulate_view}
    {CK storm_U320_reg_2 default_emulate_view}
    {CK tiki_U14_reg_reg_94_10 default_emulate_view}
    {CK U796_reg default_emulate_view}
    {CK storm_U26_reg_86 default_emulate_view}
    {CK tiki_U14_reg_reg_9_6 default_emulate_view}
    {CK U49_reg_36 default_emulate_view}
    {CK storm_U25_reg_80 default_emulate_view}
    {CK U309_reg_8 default_emulate_view}
    {CK tiki_U21_reg_218 default_emulate_view}
    {CK storm_U176_reg_6 default_emulate_view}
    {CK U45_reg_69 default_emulate_view}
    {CK storm_U1_reg_106 default_emulate_view}
    {CK storm_U53_reg_182 default_emulate_view}
    {CK storm_U25_reg_193 default_emulate_view}
    {CK tiki_U217_reg_1 default_emulate_view}
    {CK U54_reg_1 default_emulate_view}
    {CK tiki_U37_reg_201 default_emulate_view}
    {CK tiki_U14_reg_reg_29_5 default_emulate_view}
    {CK tiki_U21_reg_211 default_emulate_view}
    {CK storm_U1_reg_77 default_emulate_view}
    {CK storm_U25_reg_196 default_emulate_view}
    {CK tiki_U14_reg_reg_128_3 default_emulate_view}
    {CK tiki_U14_reg_reg_80_5 default_emulate_view}
    {CK tiki_U14_reg_reg_225_11 default_emulate_view}
    {CK tiki_U121_reg_6 default_emulate_view}
    {CK U30_reg_191 default_emulate_view}
    {CK U38_reg_220 default_emulate_view}
    {CK storm_U673_reg_0 default_emulate_view}
    {CK U5_reg_17 default_emulate_view}
    {CK U20_reg_200 default_emulate_view}
    {CK storm_U26_reg_52 default_emulate_view}
    {CK storm_U22_reg_80 default_emulate_view}
    {CK storm_U88_reg_85 default_emulate_view}
    {CK storm_U59_reg_87 default_emulate_view}
    {CK kasa_U797_reg default_emulate_view}
    {CK tiki_U14_reg_reg_26_6 default_emulate_view}
    {CK tiki_U210_reg_1 default_emulate_view}
    {CK U30_reg_18 default_emulate_view}
    {CK U31_reg_24 default_emulate_view}
    {CK storm_U259_reg_0 default_emulate_view}
    {CK tiki_U14_reg_reg_158_9 default_emulate_view}
    {CK U45_reg_13 default_emulate_view}
    {CK U51_reg_105 default_emulate_view}
    {CK tiki_U126_reg_6 default_emulate_view}
    {CK U20_reg_321 default_emulate_view}
    {CK tiki_U14_reg_reg_223_1 default_emulate_view}
    {CK storm_U52_reg_137 default_emulate_view}
    {CK storm_U62_reg_139 default_emulate_view}
    {CK storm_U2_reg_190 default_emulate_view}
    {CK storm_U50_reg_165 default_emulate_view}
    {CK storm_U3_reg_169 default_emulate_view}
    {CK storm_U88_reg_30 default_emulate_view}
    {CK U798_reg_0 default_emulate_view}
    {CK U71_reg_14 default_emulate_view}
    {CK U30_reg_261 default_emulate_view}
    {CK U30_reg_47 default_emulate_view}
    {CK U45_reg_3 default_emulate_view}
    {CK tiki_U14_reg_reg_122_0 default_emulate_view}
    {CK tiki_U301_reg_7 default_emulate_view}
    {CK storm_U53_reg_130 default_emulate_view}
    {CK U11_reg_237 default_emulate_view}
    {CK U406_reg_5 default_emulate_view}
    {CK U65_reg_503 default_emulate_view}
    {CK U65_reg_355 default_emulate_view}
    {CK U20_reg_67 default_emulate_view}
    {CK tiki_U14_reg_reg_166_9 default_emulate_view}
    {CK tiki_U14_reg_reg_72_1 default_emulate_view}
    {CK tiki_U14_reg_reg_172_5 default_emulate_view}
    {CK storm_U88_reg_122 default_emulate_view}
    {CK storm_U176_reg_3 default_emulate_view}
    {CK storm_U101_reg_5 default_emulate_view}
    {CK storm_U454_reg_1 default_emulate_view}
    {CK U29_reg_67 default_emulate_view}
    {CK U799_reg default_emulate_view}
    {CK tiki_U14_reg_reg_195_0 default_emulate_view}
    {CK tiki_U14_reg_reg_62_2 default_emulate_view}
    {CK storm_U88_reg_70 default_emulate_view}
    {CK storm_U1_reg_188 default_emulate_view}
    {CK storm_U26_reg_139 default_emulate_view}
    {CK tiki_U14_reg_reg_150_6 default_emulate_view}
    {CK kasa_U800_reg default_emulate_view}
    {CK storm_U504_reg_1 default_emulate_view}
    {CK storm_U4_reg_18 default_emulate_view}
    {CK tiki_U14_reg_reg_235_7 default_emulate_view}
    {CK U65_reg_45 default_emulate_view}
    {CK U65_reg_471 default_emulate_view}
    {CK tiki_U407_reg_2 default_emulate_view}
    {CK U138_reg_73 default_emulate_view}
    {CK U129_reg_31 default_emulate_view}
    {CK U291_reg_2 default_emulate_view}
    {CK U801_reg default_emulate_view}
    {CK tiki_U14_reg_reg_210_5 default_emulate_view}
    {CK U5_reg_247 default_emulate_view}
    {CK U10_reg_6 default_emulate_view}
    {CK storm_U80_reg_166 default_emulate_view}
    {CK storm_U324_reg_1 default_emulate_view}
    {CK storm_U41_reg_118 default_emulate_view}
    {CK U20_reg_66 default_emulate_view}
    {CK tiki_U37_reg_105 default_emulate_view}
    {CK tiki_U127_reg_14 default_emulate_view}
    {CK storm_U1_reg_141 default_emulate_view}
    {CK U29_reg_14 default_emulate_view}
    {CK U24_reg_47 default_emulate_view}
    {CK tiki_U37_reg_26 default_emulate_view}
    {CK U111_reg_4 default_emulate_view}
    {CK U390_reg_4 default_emulate_view}
    {CK tiki_U21_reg_91 default_emulate_view}
    {CK tiki_U14_reg_reg_16_10 default_emulate_view}
    {CK tiki_U14_reg_reg_12_10 default_emulate_view}
    {CK U19_reg_7 default_emulate_view}
    {CK U12_reg_121 default_emulate_view}
    {CK U11_reg_139 default_emulate_view}
    {CK storm_U78_reg_155 default_emulate_view}
    {CK U5_reg_186 default_emulate_view}
    {CK U32_reg_33 default_emulate_view}
    {CK storm_U53_reg_115 default_emulate_view}
    {CK storm_U802_reg default_emulate_view}
    {CK U20_reg_369 default_emulate_view}
    {CK U262_reg_5 default_emulate_view}
    {CK tiki_U21_reg_29 default_emulate_view}
    {CK U83_reg_8 default_emulate_view}
    {CK U803_reg default_emulate_view}
    {CK U84_reg_37 default_emulate_view}
    {CK U39_reg_0 default_emulate_view}
    {CK U10_reg_74 default_emulate_view}
    {CK storm_U80_reg_111 default_emulate_view}
    {CK storm_U43_reg_176 default_emulate_view}
    {CK storm_U52_reg_5 default_emulate_view}
    {CK U331_reg_4 default_emulate_view}
    {CK U175_reg_43 default_emulate_view}
    {CK tiki_U14_reg_reg_96_9 default_emulate_view}
    {CK tiki_U14_reg_reg_224_7 default_emulate_view}
    {CK U20_reg_115 default_emulate_view}
    {CK U65_reg_655 default_emulate_view}
    {CK U31_reg_75 default_emulate_view}
    {CK U32_reg_138 default_emulate_view}
    {CK tiki_U168_reg_14 default_emulate_view}
    {CK U5_reg_66 default_emulate_view}
    {CK U804_reg default_emulate_view}
    {CK U30_reg_104 default_emulate_view}
    {CK U20_reg_251 default_emulate_view}
    {CK tiki_U14_reg_reg_28_2 default_emulate_view}
    {CK storm_U1_reg_176 default_emulate_view}
    {CK storm_U2_reg_174 default_emulate_view}
    {CK storm_U133_reg_110 default_emulate_view}
    {CK U11_reg_1 default_emulate_view}
    {CK U104_reg_37 default_emulate_view}
    {CK U32_reg_10 default_emulate_view}
    {CK tiki_U47_reg_20 default_emulate_view}
    {CK tiki_U14_reg_reg_59_9 default_emulate_view}
    {CK tiki_U14_reg_reg_156_7 default_emulate_view}
    {CK U805_reg default_emulate_view}
    {CK U65_reg_307 default_emulate_view}
    {CK U806_reg default_emulate_view}
    {CK tiki_U47_reg_216 default_emulate_view}
    {CK tiki_U168_reg_7 default_emulate_view}
    {CK tiki_U14_reg_reg_211_11 default_emulate_view}
    {CK tiki_U14_reg_reg_177_2 default_emulate_view}
    {CK U65_reg_631 default_emulate_view}
    {CK tiki_U14_reg_reg_64_7 default_emulate_view}
    {CK storm_U43_reg_113 default_emulate_view}
    {CK U49_reg_15 default_emulate_view}
    {CK U122_reg_73 default_emulate_view}
    {CK tiki_U14_reg_reg_236_4 default_emulate_view}
    {CK tiki_U14_reg_reg_206_10 default_emulate_view}
    {CK storm_U23_reg_49 default_emulate_view}
    {CK storm_U41_reg_84 default_emulate_view}
    {CK storm_U78_reg_73 default_emulate_view}
    {CK U20_reg_283 default_emulate_view}
    {CK U268_reg_4 default_emulate_view}
    {CK U76_reg_23 default_emulate_view}
    {CK storm_U52_reg_24 default_emulate_view}
    {CK storm_U1_reg_31 default_emulate_view}
    {CK tiki_U37_reg_112 default_emulate_view}
    {CK U20_reg_105 default_emulate_view}
    {CK U11_reg_163 default_emulate_view}
    {CK U10_reg_110 default_emulate_view}
    {CK storm_U34_reg_58 default_emulate_view}
    {CK storm_U16_reg_64 default_emulate_view}
    {CK storm_U16_reg_78 default_emulate_view}
    {CK kasa_U807_reg default_emulate_view}
    {CK tiki_U14_reg_reg_237_6 default_emulate_view}
    {CK storm_U80_reg_35 default_emulate_view}
    {CK tiki_U14_reg_reg_232_8 default_emulate_view}
    {CK tiki_U21_reg_165 default_emulate_view}
    {CK storm_U41_reg_61 default_emulate_view}
    {CK tiki_U14_reg_reg_205_7 default_emulate_view}
    {CK U20_reg_23 default_emulate_view}
    {CK U65_reg_519 default_emulate_view}
    {CK tiki_U14_reg_reg_255_4 default_emulate_view}
    {CK tiki_U14_reg_reg_181_11 default_emulate_view}
    {CK tiki_U14_reg_reg_242_11 default_emulate_view}
    {CK storm_U34_reg_81 default_emulate_view}
    {CK tiki_U14_reg_reg_161_3 default_emulate_view}
    {CK U20_reg_353 default_emulate_view}
    {CK tiki_U14_reg_reg_38_11 default_emulate_view}
    {CK storm_U78_reg_70 default_emulate_view}
    {CK storm_U78_reg_76 default_emulate_view}
    {CK storm_U22_reg_30 default_emulate_view}
    {CK storm_U78_reg_62 default_emulate_view}
    {CK storm_U34_reg_59 default_emulate_view}
    {CK storm_U80_reg_51 default_emulate_view}
    {CK kasa_U808_reg default_emulate_view}
    {CK U118_reg_7 default_emulate_view}
    {CK U17_reg_65 default_emulate_view}
    {CK U11_reg_151 default_emulate_view}
    {CK U19_reg_54 default_emulate_view}
    {CK U436_reg_0 default_emulate_view}
    {CK U13_reg_7 default_emulate_view}
    {CK U12_reg_79 default_emulate_view}
    {CK U32_reg_140 default_emulate_view}
    {CK U70_reg_8 default_emulate_view}
    {CK U87_reg_52 default_emulate_view}
    {CK U87_reg_31 default_emulate_view}
    {CK tiki_U14_reg_reg_163_8 default_emulate_view}
    {CK tiki_U14_reg_reg_65_2 default_emulate_view}
    {CK tiki_U14_reg_reg_217_10 default_emulate_view}
    {CK storm_U78_reg_80 default_emulate_view}
    {CK U65_reg_603 default_emulate_view}
    {CK U246_reg_7 default_emulate_view}
    {CK tiki_U14_reg_reg_197_4 default_emulate_view}
    {CK tiki_U21_reg_252 default_emulate_view}
    {CK tiki_U14_reg_reg_51_2 default_emulate_view}
    {CK tiki_U47_reg_26 default_emulate_view}
    {CK storm_U2_reg_49 default_emulate_view}
    {CK storm_U43_reg_33 default_emulate_view}
    {CK storm_U22_reg_26 default_emulate_view}
    {CK U49_reg_33 default_emulate_view}
    {CK U83_reg_55 default_emulate_view}
    {CK U35_reg_79 default_emulate_view}
    {CK tiki_U14_reg_reg_124_7 default_emulate_view}
    {CK tiki_U14_reg_reg_143_10 default_emulate_view}
    {CK U20_reg_339 default_emulate_view}
    {CK tiki_U47_reg_197 default_emulate_view}
    {CK U106_reg_2 default_emulate_view}
    {CK U124_reg_6 default_emulate_view}
    {CK tiki_U14_reg_reg_48_9 default_emulate_view}
    {CK tiki_U14_reg_reg_45_10 default_emulate_view}
    {CK tiki_U404_reg_2 default_emulate_view}
    {CK U73_reg_24 default_emulate_view}
    {CK U65_reg_13 default_emulate_view}
    {CK U20_reg_401 default_emulate_view}
    {CK U65_reg_531 default_emulate_view}
    {CK U11_reg_141 default_emulate_view}
    {CK tiki_U47_reg_73 default_emulate_view}
    {CK U10_reg_30 default_emulate_view}
    {CK U264_reg_2 default_emulate_view}
    {CK tiki_U14_reg_reg_231_3 default_emulate_view}
    {CK tiki_U14_reg_reg_31_11 default_emulate_view}
    {CK U250_reg_7 default_emulate_view}
    {CK U65_reg_651 default_emulate_view}
    {CK tiki_U14_reg_reg_118_2 default_emulate_view}
    {CK U602_reg_0 default_emulate_view}
    {CK U30_reg_169 default_emulate_view}
    {CK U11_reg_213 default_emulate_view}
    {CK U5_reg_232 default_emulate_view}
    {CK U20_reg_22 default_emulate_view}
    {CK U5_reg_246 default_emulate_view}
    {CK U809_reg_0 default_emulate_view}
    {CK U38_reg_195 default_emulate_view}
    {CK U38_reg_30 default_emulate_view}
    {CK U138_reg_12 default_emulate_view}
    {CK U38_reg_53 default_emulate_view}
    {CK U32_reg_163 default_emulate_view}
    {CK tiki_U56_reg_12 default_emulate_view}
    {CK tiki_U37_reg_58 default_emulate_view}
    {CK tiki_U47_reg_123 default_emulate_view}
    {CK U129_reg_78 default_emulate_view}
    {CK U250_reg_6 default_emulate_view}
    {CK U65_reg_140 default_emulate_view}
    {CK tiki_U14_reg_reg_109_1 default_emulate_view}
    {CK U65_reg_95 default_emulate_view}
    {CK tiki_U14_reg_reg_95_5 default_emulate_view}
    {CK U175_reg_0 default_emulate_view}
    {CK U35_reg_76 default_emulate_view}
    {CK tiki_U14_reg_reg_207_11 default_emulate_view}
    {CK U20_reg_104 default_emulate_view}
    {CK tiki_U47_reg_2 default_emulate_view}
    {CK storm_U50_reg_187 default_emulate_view}
    {CK storm_U80_reg_184 default_emulate_view}
    {CK storm_U2_reg_86 default_emulate_view}
    {CK storm_U26_reg_83 default_emulate_view}
    {CK storm_U23_reg_78 default_emulate_view}
    {CK storm_U80_reg_69 default_emulate_view}
    {CK U334_reg_0 default_emulate_view}
    {CK tiki_U14_reg_reg_87_5 default_emulate_view}
    {CK tiki_U14_reg_reg_97_3 default_emulate_view}
    {CK tiki_U14_reg_reg_103_10 default_emulate_view}
    {CK tiki_U14_reg_reg_185_5 default_emulate_view}
    {CK storm_U78_reg_213 default_emulate_view}
    {CK U65_reg_12 default_emulate_view}
    {CK U65_reg_530 default_emulate_view}
    {CK U65_reg_566 default_emulate_view}
    {CK U20_reg_567 default_emulate_view}
    {CK tiki_U14_reg_reg_35_8 default_emulate_view}
    {CK tiki_U21_reg_36 default_emulate_view}
    {CK tiki_U14_reg_reg_15_6 default_emulate_view}
    {CK storm_U80_reg_65 default_emulate_view}
    {CK storm_U2_reg_63 default_emulate_view}
    {CK storm_U52_reg_58 default_emulate_view}
    {CK U73_reg_66 default_emulate_view}
    {CK tiki_U14_reg_reg_193_10 default_emulate_view}
    {CK tiki_U14_reg_reg_4_6 default_emulate_view}
    {CK tiki_U14_reg_reg_149_4 default_emulate_view}
    {CK storm_U26_reg_74 default_emulate_view}
    {CK storm_U22_reg_195 default_emulate_view}
    {CK storm_U25_reg_185 default_emulate_view}
    {CK tiki_U14_reg_reg_38_6 default_emulate_view}
    {CK U156_reg_4 default_emulate_view}
    {CK tiki_U14_reg_reg_7_4 default_emulate_view}
    {CK U24_reg_46 default_emulate_view}
    {CK storm_U43_reg_57 default_emulate_view}
    {CK storm_U16_reg_63 default_emulate_view}
    {CK tiki_U47_reg_204 default_emulate_view}
    {CK U65_reg_652 default_emulate_view}
    {CK tiki_U95_reg_18 default_emulate_view}
    {CK tiki_U14_reg_reg_201_11 default_emulate_view}
    {CK U38_reg_215 default_emulate_view}
    {CK U84_reg_42 default_emulate_view}
    {CK U105_reg_4 default_emulate_view}
    {CK U810_reg default_emulate_view}
    {CK U5_reg_11 default_emulate_view}
    {CK storm_U50_reg_81 default_emulate_view}
    {CK storm_U62_reg_84 default_emulate_view}
    {CK storm_U2_reg_108 default_emulate_view}
    {CK U20_reg_566 default_emulate_view}
    {CK U375_reg_8 default_emulate_view}
    {CK storm_U3_reg_68 default_emulate_view}
    {CK U63_reg_7 default_emulate_view}
    {CK tiki_U14_reg_reg_154_7 default_emulate_view}
    {CK U20_reg_510 default_emulate_view}
    {CK U20_reg_352 default_emulate_view}
    {CK U20_reg_511 default_emulate_view}
    {CK U32_reg_171 default_emulate_view}
    {CK U58_reg_32 default_emulate_view}
    {CK U129_reg_83 default_emulate_view}
    {CK storm_U16_reg_54 default_emulate_view}
    {CK U31_reg_37 default_emulate_view}
    {CK tiki_U37_reg_77 default_emulate_view}
    {CK tiki_U14_reg_reg_10_9 default_emulate_view}
    {CK tiki_U274_reg_5 default_emulate_view}
    {CK tiki_U161_reg_6 default_emulate_view}
    {CK U65_reg_377 default_emulate_view}
    {CK U20_reg_400 default_emulate_view}
    {CK U30_reg_202 default_emulate_view}
    {CK U38_reg_248 default_emulate_view}
    {CK U11_reg_249 default_emulate_view}
    {CK U602_reg_1 default_emulate_view}
    {CK U104_reg_38 default_emulate_view}
    {CK tiki_U14_reg_reg_16_7 default_emulate_view}
    {CK tiki_U81_reg_16 default_emulate_view}
    {CK tiki_U14_reg_reg_32_4 default_emulate_view}
    {CK tiki_U14_reg_reg_209_2 default_emulate_view}
    {CK U63_reg_48 default_emulate_view}
    {CK kasa_U811_reg default_emulate_view}
    {CK tiki_U263_reg_19 default_emulate_view}
    {CK U65_reg_604 default_emulate_view}
    {CK U20_reg_338 default_emulate_view}
    {CK tiki_U37_reg_180 default_emulate_view}
    {CK U17_reg_48 default_emulate_view}
    {CK U30_reg_158 default_emulate_view}
    {CK U87_reg_64 default_emulate_view}
    {CK U32_reg_160 default_emulate_view}
    {CK U559_reg_2 default_emulate_view}
    {CK U65_reg_141 default_emulate_view}
    {CK tiki_U14_reg_reg_156_1 default_emulate_view}
    {CK U20_reg_350 default_emulate_view}
    {CK tiki_U14_reg_reg_140_0 default_emulate_view}
    {CK U346_reg_7 default_emulate_view}
    {CK U5_reg_222 default_emulate_view}
    {CK U58_reg_29 default_emulate_view}
    {CK U812_reg_1 default_emulate_view}
    {CK tiki_U37_reg_40 default_emulate_view}
    {CK tiki_U14_reg_reg_171_5 default_emulate_view}
    {CK U20_reg_282 default_emulate_view}
    {CK U65_reg_518 default_emulate_view}
    {CK tiki_U14_reg_reg_50_11 default_emulate_view}
    {CK tiki_U14_reg_reg_39_3 default_emulate_view}
    {CK tiki_U14_reg_reg_71_5 default_emulate_view}
    {CK tiki_U14_reg_reg_125_9 default_emulate_view}
    {CK U29_reg_13 default_emulate_view}
    {CK U76_reg_30 default_emulate_view}
    {CK tiki_U14_reg_reg_110_7 default_emulate_view}
    {CK tiki_U14_reg_reg_235_0 default_emulate_view}
    {CK tiki_U14_reg_reg_152_8 default_emulate_view}
    {CK tiki_U14_reg_reg_85_0 default_emulate_view}
    {CK storm_U1_reg_0 default_emulate_view}
    {CK tiki_U14_reg_reg_221_6 default_emulate_view}
    {CK U477_reg_1 default_emulate_view}
    {CK U222_reg_3 default_emulate_view}
    {CK tiki_U338_reg_0 default_emulate_view}
    {CK tiki_U14_reg_reg_244_9 default_emulate_view}
    {CK tiki_U112_reg_6 default_emulate_view}
    {CK tiki_U37_reg_187 default_emulate_view}
    {CK U122_reg_47 default_emulate_view}
    {CK storm_U152_reg_6 default_emulate_view}
    {CK storm_U41_reg_177 default_emulate_view}
    {CK U65_reg_254 default_emulate_view}
    {CK tiki_U14_reg_reg_151_5 default_emulate_view}
    {CK tiki_U14_reg_reg_41_11 default_emulate_view}
    {CK U38_reg_135 default_emulate_view}
    {CK U17_reg_87 default_emulate_view}
    {CK storm_U50_reg_29 default_emulate_view}
    {CK U65_reg_306 default_emulate_view}
    {CK kasa_U813_reg default_emulate_view}
    {CK storm_U4_reg_72 default_emulate_view}
    {CK kasa_U814_reg default_emulate_view}
    {CK tiki_U47_reg_115 default_emulate_view}
    {CK U20_reg_606 default_emulate_view}
    {CK U20_reg_605 default_emulate_view}
    {CK U20_reg_250 default_emulate_view}
    {CK U138_reg_51 default_emulate_view}
    {CK tiki_U37_reg_72 default_emulate_view}
    {CK storm_U41_reg_8 default_emulate_view}
    {CK tiki_U14_reg_reg_49_10 default_emulate_view}
    {CK tiki_U14_reg_reg_121_2 default_emulate_view}
    {CK storm_U315_reg_1 default_emulate_view}
    {CK storm_U25_reg_3 default_emulate_view}
    {CK storm_U4_reg_56 default_emulate_view}
    {CK U136_reg_3 default_emulate_view}
    {CK kasa_U815_reg default_emulate_view}
    {CK U5_reg_80 default_emulate_view}
    {CK U350_reg_2 default_emulate_view}
    {CK U30_reg_59 default_emulate_view}
    {CK U32_reg_107 default_emulate_view}
    {CK tiki_U14_reg_reg_160_5 default_emulate_view}
    {CK storm_U25_reg_7 default_emulate_view}
    {CK U65_reg_129 default_emulate_view}
    {CK U20_reg_368 default_emulate_view}
    {CK U20_reg_114 default_emulate_view}
    {CK U65_reg_128 default_emulate_view}
    {CK U65_reg_644 default_emulate_view}
    {CK tiki_U14_reg_reg_36_5 default_emulate_view}
    {CK tiki_U47_reg_80 default_emulate_view}
    {CK tiki_U21_reg_223 default_emulate_view}
    {CK storm_U43_reg_175 default_emulate_view}
    {CK storm_U133_reg_108 default_emulate_view}
    {CK U73_reg_23 default_emulate_view}
    {CK U816_reg default_emulate_view}
    {CK tiki_U161_reg_0 default_emulate_view}
    {CK storm_U1_reg_146 default_emulate_view}
    {CK storm_U41_reg_134 default_emulate_view}
    {CK storm_U41_reg_120 default_emulate_view}
    {CK tiki_U14_reg_reg_154_3 default_emulate_view}
    {CK tiki_U37_reg_10 default_emulate_view}
    {CK U272_reg_5 default_emulate_view}
    {CK U157_reg_6 default_emulate_view}
    {CK tiki_U14_reg_reg_53_6 default_emulate_view}
    {CK storm_U26_reg_172 default_emulate_view}
    {CK storm_U50_reg_166 default_emulate_view}
    {CK U12_reg_39 default_emulate_view}
    {CK U19_reg_18 default_emulate_view}
    {CK U129_reg_14 default_emulate_view}
    {CK U17_reg_27 default_emulate_view}
    {CK U5_reg_223 default_emulate_view}
    {CK tiki_U14_reg_reg_22_4 default_emulate_view}
    {CK storm_U43_reg_137 default_emulate_view}
    {CK storm_U62_reg_129 default_emulate_view}
    {CK storm_U203_reg_2 default_emulate_view}
    {CK tiki_U14_reg_reg_172_6 default_emulate_view}
    {CK storm_U41_reg_191 default_emulate_view}
    {CK tiki_U14_reg_reg_155_6 default_emulate_view}
    {CK U63_reg_66 default_emulate_view}
    {CK storm_U22_reg_168 default_emulate_view}
    {CK U79_reg_7 default_emulate_view}
    {CK U20_reg_531 default_emulate_view}
    {CK U65_reg_470 default_emulate_view}
    {CK tiki_U14_reg_reg_131_8 default_emulate_view}
    {CK U32_reg_208 default_emulate_view}
    {CK U129_reg_20 default_emulate_view}
    {CK U19_reg_58 default_emulate_view}
    {CK U17_reg_105 default_emulate_view}
    {CK U51_reg_163 default_emulate_view}
    {CK U65_reg_354 default_emulate_view}
    {CK tiki_U14_reg_reg_200_11 default_emulate_view}
    {CK U20_reg_530 default_emulate_view}
    {CK storm_U26_reg_129 default_emulate_view}
    {CK storm_U80_reg_167 default_emulate_view}
    {CK storm_U133_reg_131 default_emulate_view}
    {CK storm_U52_reg_135 default_emulate_view}
    {CK storm_U1_reg_117 default_emulate_view}
    {CK U141_reg_8 default_emulate_view}
    {CK U5_reg_8 default_emulate_view}
    {CK kasa_U817_reg default_emulate_view}
    {CK U30_reg_112 default_emulate_view}
    {CK U353_reg_2 default_emulate_view}
    {CK U138_reg_62 default_emulate_view}
    {CK U32_reg_36 default_emulate_view}
    {CK U84_reg_18 default_emulate_view}
    {CK U71_reg_47 default_emulate_view}
    {CK U87_reg_3 default_emulate_view}
    {CK tiki_U14_reg_reg_165_10 default_emulate_view}
    {CK U65_reg_44 default_emulate_view}
    {CK U20_reg_318 default_emulate_view}
    {CK U65_reg_177 default_emulate_view}
    {CK U20_reg_320 default_emulate_view}
    {CK tiki_U14_reg_reg_248_4 default_emulate_view}
    {CK U65_reg_502 default_emulate_view}
    {CK tiki_U14_reg_reg_253_6 default_emulate_view}
    {CK tiki_U14_reg_reg_88_11 default_emulate_view}
    {CK tiki_U14_reg_reg_194_9 default_emulate_view}
    {CK storm_U53_reg_159 default_emulate_view}
    {CK storm_U50_reg_194 default_emulate_view}
    {CK storm_U4_reg_0 default_emulate_view}
    {CK U175_reg_40 default_emulate_view}
    {CK U29_reg_48 default_emulate_view}
    {CK tiki_U21_reg_151 default_emulate_view}
    {CK tiki_U14_reg_reg_253_2 default_emulate_view}
    {CK tiki_U37_reg_173 default_emulate_view}
    {CK U20_reg_488 default_emulate_view}
    {CK storm_U1_reg_160 default_emulate_view}
    {CK kasa_U818_reg default_emulate_view}
    {CK U477_reg_7 default_emulate_view}
    {CK kasa_U819_reg default_emulate_view}
    {CK U5_reg_220 default_emulate_view}
    {CK U234_reg_7 default_emulate_view}
    {CK U10_reg_112 default_emulate_view}
    {CK U129_reg_124 default_emulate_view}
    {CK U129_reg_11 default_emulate_view}
    {CK U38_reg_84 default_emulate_view}
    {CK U32_reg_148 default_emulate_view}
    {CK U71_reg_76 default_emulate_view}
    {CK U71_reg_55 default_emulate_view}
    {CK U30_reg_150 default_emulate_view}
    {CK tiki_U95_reg_7 default_emulate_view}
    {CK tiki_U14_reg_reg_1_11 default_emulate_view}
    {CK tiki_U14_reg_reg_46_4 default_emulate_view}
    {CK U20_reg_201 default_emulate_view}
    {CK U65_reg_277 default_emulate_view}
    {CK tiki_U14_reg_reg_41_5 default_emulate_view}
    {CK tiki_U14_reg_reg_242_2 default_emulate_view}
    {CK tiki_U14_reg_reg_60_10 default_emulate_view}
    {CK tiki_U14_reg_reg_146_2 default_emulate_view}
    {CK tiki_U14_reg_reg_86_7 default_emulate_view}
    {CK tiki_U14_reg_reg_132_5 default_emulate_view}
    {CK tiki_U47_reg_254 default_emulate_view}
    {CK U49_reg_26 default_emulate_view}
    {CK U122_reg_63 default_emulate_view}
    {CK tiki_U14_reg_reg_212_1 default_emulate_view}
    {CK tiki_U14_reg_reg_209_7 default_emulate_view}
    {CK U206_reg_1 default_emulate_view}
    {CK U175_reg_79 default_emulate_view}
    {CK tiki_U14_reg_reg_32_9 default_emulate_view}
    {CK tiki_U21_reg_200 default_emulate_view}
    {CK U51_reg_48 default_emulate_view}
    {CK tiki_U14_reg_reg_209_8 default_emulate_view}
    {CK U65_reg_276 default_emulate_view}
    {CK U171_reg_0 default_emulate_view}
    {CK kasa_U820_reg default_emulate_view}
    {CK kasa_U821_reg default_emulate_view}
    {CK storm_U59_reg_163 default_emulate_view}
    {CK U83_reg_18 default_emulate_view}
    {CK U49_reg_53 default_emulate_view}
    {CK tiki_U14_reg_reg_110_4 default_emulate_view}
    {CK tiki_U47_reg_13 default_emulate_view}
    {CK U20_reg_455 default_emulate_view}
    {CK U38_reg_27 default_emulate_view}
    {CK U10_reg_5 default_emulate_view}
    {CK storm_U1_reg_18 default_emulate_view}
    {CK storm_U43_reg_30 default_emulate_view}
    {CK storm_U25_reg_51 default_emulate_view}
    {CK U35_reg_20 default_emulate_view}
    {CK storm_U26_reg_2 default_emulate_view}
    {CK storm_U23_reg_9 default_emulate_view}
    {CK tiki_U14_reg_reg_90_6 default_emulate_view}
    {CK tiki_U37_reg_33 default_emulate_view}
    {CK U32_reg_153 default_emulate_view}
    {CK U58_reg_71 default_emulate_view}
    {CK storm_U23_reg_27 default_emulate_view}
    {CK storm_U43_reg_34 default_emulate_view}
    {CK storm_U16_reg_0 default_emulate_view}
    {CK tiki_U14_reg_reg_42_5 default_emulate_view}
    {CK storm_U16_reg_13 default_emulate_view}
    {CK tiki_U21_reg_67 default_emulate_view}
    {CK tiki_U14_reg_reg_40_1 default_emulate_view}
    {CK U73_reg_41 default_emulate_view}
    {CK storm_U43_reg_7 default_emulate_view}
    {CK tiki_U14_reg_reg_66_2 default_emulate_view}
    {CK U19_reg_35 default_emulate_view}
    {CK U38_reg_113 default_emulate_view}
    {CK storm_U3_reg_59 default_emulate_view}
    {CK U70_reg_53 default_emulate_view}
    {CK U10_reg_73 default_emulate_view}
    {CK tiki_U14_reg_reg_156_11 default_emulate_view}
    {CK storm_U50_reg_35 default_emulate_view}
    {CK storm_U59_reg_7 default_emulate_view}
    {CK storm_U80_reg_32 default_emulate_view}
    {CK storm_U43_reg_60 default_emulate_view}
    {CK storm_U50_reg_22 default_emulate_view}
    {CK U177_reg_0 default_emulate_view}
    {CK U51_reg_106 default_emulate_view}
    {CK U104_reg_3 default_emulate_view}
    {CK U488_reg_0 default_emulate_view}
    {CK U105_reg_7 default_emulate_view}
    {CK U11_reg_145 default_emulate_view}
    {CK U11_reg_201 default_emulate_view}
    {CK U30_reg_129 default_emulate_view}
    {CK U38_reg_182 default_emulate_view}
    {CK U38_reg_170 default_emulate_view}
    {CK tiki_U14_reg_reg_228_6 default_emulate_view}
    {CK tiki_U14_reg_reg_224_3 default_emulate_view}
    {CK storm_U25_reg_57 default_emulate_view}
    {CK storm_U25_reg_65 default_emulate_view}
    {CK U11_reg_82 default_emulate_view}
    {CK U225_reg_5 default_emulate_view}
    {CK tiki_U14_reg_reg_143_3 default_emulate_view}
    {CK U20_reg_439 default_emulate_view}
    {CK U20_reg_438 default_emulate_view}
    {CK tiki_U14_reg_reg_122_2 default_emulate_view}
    {CK tiki_U21_reg_139 default_emulate_view}
    {CK tiki_U822_reg default_emulate_view}
    {CK tiki_U205_reg_18 default_emulate_view}
    {CK tiki_U14_reg_reg_30_5 default_emulate_view}
    {CK tiki_U14_reg_reg_51_9 default_emulate_view}
    {CK storm_U133_reg_14 default_emulate_view}
    {CK storm_U50_reg_12 default_emulate_view}
    {CK tiki_U37_reg_91 default_emulate_view}
    {CK storm_U133_reg_28 default_emulate_view}
    {CK U24_reg_67 default_emulate_view}
    {CK storm_U1_reg_208 default_emulate_view}
    {CK storm_U292_reg_3 default_emulate_view}
    {CK storm_U88_reg_19 default_emulate_view}
    {CK U172_reg_2 default_emulate_view}
    {CK tiki_U14_reg_reg_91_8 default_emulate_view}
    {CK U76_reg_63 default_emulate_view}
    {CK storm_U41_reg_185 default_emulate_view}
    {CK storm_U23_reg_191 default_emulate_view}
    {CK U20_reg_233 default_emulate_view}
    {CK tiki_U37_reg_84 default_emulate_view}
    {CK tiki_U14_reg_reg_222_9 default_emulate_view}
    {CK tiki_U37_reg_65 default_emulate_view}
    {CK U58_reg_18 default_emulate_view}
    {CK U5_reg_251 default_emulate_view}
    {CK storm_U4_reg_126 default_emulate_view}
    {CK storm_U4_reg_121 default_emulate_view}
    {CK storm_U4_reg_11 default_emulate_view}
    {CK kasa_U823_reg default_emulate_view}
    {CK storm_U88_reg_66 default_emulate_view}
    {CK U175_reg_11 default_emulate_view}
    {CK storm_U52_reg_54 default_emulate_view}
    {CK tiki_U14_reg_reg_156_3 default_emulate_view}
    {CK storm_U2_reg_168 default_emulate_view}
    {CK U5_reg_6 default_emulate_view}
    {CK U10_reg_151 default_emulate_view}
    {CK tiki_U14_reg_reg_126_8 default_emulate_view}
    {CK storm_U88_reg_37 default_emulate_view}
    {CK storm_U25_reg_173 default_emulate_view}
    {CK storm_U25_reg_56 default_emulate_view}
    {CK storm_U4_reg_45 default_emulate_view}
    {CK storm_U478_reg_4 default_emulate_view}
    {CK storm_U94_reg_0 default_emulate_view}
    {CK U30_reg_256 default_emulate_view}
    {CK U51_reg_130 default_emulate_view}
    {CK U38_reg_14 default_emulate_view}
    {CK U32_reg_190 default_emulate_view}
    {CK U30_reg_290 default_emulate_view}
    {CK U71_reg_9 default_emulate_view}
    {CK tiki_U14_reg_reg_72_6 default_emulate_view}
    {CK tiki_U14_reg_reg_47_3 default_emulate_view}
    {CK tiki_U308_reg_6 default_emulate_view}
    {CK tiki_U14_reg_reg_146_10 default_emulate_view}
    {CK storm_U80_reg_168 default_emulate_view}
    {CK U291_reg_9 default_emulate_view}
    {CK U129_reg_21 default_emulate_view}
    {CK U12_reg_44 default_emulate_view}
    {CK U20_reg_447 default_emulate_view}
    {CK U65_reg_257 default_emulate_view}
    {CK tiki_U21_reg_82 default_emulate_view}
    {CK tiki_U21_reg_188 default_emulate_view}
    {CK storm_U80_reg_197 default_emulate_view}
    {CK storm_U23_reg_193 default_emulate_view}
    {CK tiki_U14_reg_reg_52_11 default_emulate_view}
    {CK storm_U52_reg_186 default_emulate_view}
    {CK U175_reg_70 default_emulate_view}
    {CK tiki_U14_reg_reg_201_3 default_emulate_view}
    {CK tiki_U14_reg_reg_97_2 default_emulate_view}
    {CK storm_U2_reg_110 default_emulate_view}
    {CK U190_reg_3 default_emulate_view}
    {CK kasa_U824_reg default_emulate_view}
    {CK U35_reg_14 default_emulate_view}
    {CK U20_reg_454 default_emulate_view}
    {CK tiki_U14_reg_reg_180_3 default_emulate_view}
    {CK U178_reg_17 default_emulate_view}
    {CK U30_reg_39 default_emulate_view}
    {CK U31_reg_42 default_emulate_view}
    {CK tiki_U14_reg_reg_243_6 default_emulate_view}
    {CK U51_reg_24 default_emulate_view}
    {CK storm_U150_reg_1 default_emulate_view}
    {CK U264_reg_4 default_emulate_view}
    {CK tiki_U14_reg_reg_116_10 default_emulate_view}
    {CK tiki_U95_reg_0 default_emulate_view}
    {CK tiki_U14_reg_reg_239_7 default_emulate_view}
    {CK U29_reg_31 default_emulate_view}
    {CK tiki_U14_reg_reg_88_3 default_emulate_view}
    {CK tiki_U14_reg_reg_208_6 default_emulate_view}
    {CK U20_reg_446 default_emulate_view}
    {CK U65_reg_256 default_emulate_view}
    {CK tiki_U263_reg_8 default_emulate_view}
    {CK U30_reg_243 default_emulate_view}
    {CK U30_reg_297 default_emulate_view}
    {CK storm_U4_reg_87 default_emulate_view}
    {CK U10_reg_29 default_emulate_view}
    {CK storm_U3_reg_121 default_emulate_view}
    {CK U368_reg_1 default_emulate_view}
    {CK U825_reg_0 default_emulate_view}
    {CK tiki_U14_reg_reg_38_3 default_emulate_view}
    {CK tiki_U14_reg_reg_178_9 default_emulate_view}
    {CK tiki_U168_reg_6 default_emulate_view}
    {CK U456_reg_1 default_emulate_view}
    {CK storm_U53_reg_184 default_emulate_view}
    {CK tiki_U37_reg_134 default_emulate_view}
    {CK U5_reg_77 default_emulate_view}
    {CK U10_reg_88 default_emulate_view}
    {CK U290_reg_0 default_emulate_view}
    {CK U493_reg_2 default_emulate_view}
    {CK tiki_U37_reg_3 default_emulate_view}
    {CK U490_reg_0 default_emulate_view}
    {CK tiki_U14_reg_reg_203_4 default_emulate_view}
    {CK U353_reg_0 default_emulate_view}
    {CK storm_U59_reg_108 default_emulate_view}
    {CK U193_reg_5 default_emulate_view}
    {CK U65_reg_258 default_emulate_view}
    {CK tiki_U14_reg_reg_240_5 default_emulate_view}
    {CK storm_U26_reg_65 default_emulate_view}
    {CK storm_U59_reg_62 default_emulate_view}
    {CK storm_U25_reg_52 default_emulate_view}
    {CK storm_U78_reg_40 default_emulate_view}
    {CK storm_U133_reg_30 default_emulate_view}
    {CK U826_reg_0 default_emulate_view}
    {CK U7_reg_4 default_emulate_view}
    {CK U51_reg_21 default_emulate_view}
    {CK tiki_U47_reg_100 default_emulate_view}
    {CK storm_U25_reg_77 default_emulate_view}
    {CK tiki_U14_reg_reg_15_2 default_emulate_view}
    {CK U20_reg_568 default_emulate_view}
    {CK tiki_U14_reg_reg_170_11 default_emulate_view}
    {CK tiki_U14_reg_reg_188_11 default_emulate_view}
    {CK tiki_U14_reg_reg_109_7 default_emulate_view}
    {CK tiki_U14_reg_reg_146_6 default_emulate_view}
    {CK storm_U133_reg_26 default_emulate_view}
    {CK storm_U50_reg_24 default_emulate_view}
    {CK storm_U1_reg_17 default_emulate_view}
    {CK storm_U53_reg_13 default_emulate_view}
    {CK U29_reg_16 default_emulate_view}
    {CK tiki_U37_reg_123 default_emulate_view}
    {CK tiki_U14_reg_reg_23_10 default_emulate_view}
    {CK tiki_U37_reg_231 default_emulate_view}
    {CK storm_U25_reg_32 default_emulate_view}
    {CK storm_U78_reg_64 default_emulate_view}
    {CK kasa_U827_reg default_emulate_view}
    {CK U647_reg_2 default_emulate_view}
    {CK storm_U22_reg_14 default_emulate_view}
    {CK storm_U22_reg_24 default_emulate_view}
    {CK tiki_U14_reg_reg_23_1 default_emulate_view}
    {CK tiki_U21_reg_236 default_emulate_view}
    {CK U87_reg_57 default_emulate_view}
    {CK U84_reg_26 default_emulate_view}
    {CK U138_reg_10 default_emulate_view}
    {CK U5_reg_123 default_emulate_view}
    {CK storm_U34_reg_50 default_emulate_view}
    {CK storm_U34_reg_22 default_emulate_view}
    {CK storm_U50_reg_85 default_emulate_view}
    {CK tiki_U14_reg_reg_104_11 default_emulate_view}
    {CK U375_reg_4 default_emulate_view}
    {CK kasa_U828_reg default_emulate_view}
    {CK storm_U53_reg_61 default_emulate_view}
    {CK tiki_U14_reg_reg_100_7 default_emulate_view}
    {CK U175_reg_2 default_emulate_view}
    {CK tiki_U14_reg_reg_52_5 default_emulate_view}
    {CK tiki_U14_reg_reg_147_0 default_emulate_view}
    {CK U70_reg_27 default_emulate_view}
    {CK U38_reg_86 default_emulate_view}
    {CK U38_reg_28 default_emulate_view}
    {CK storm_U78_reg_68 default_emulate_view}
    {CK tiki_U14_reg_reg_227_3 default_emulate_view}
    {CK U30_reg_184 default_emulate_view}
    {CK U42_reg_1 default_emulate_view}
    {CK tiki_U14_reg_reg_178_7 default_emulate_view}
    {CK tiki_U14_reg_reg_237_2 default_emulate_view}
    {CK U20_reg_448 default_emulate_view}
    {CK tiki_U14_reg_reg_102_4 default_emulate_view}
    {CK tiki_U14_reg_reg_150_9 default_emulate_view}
    {CK U87_reg_50 default_emulate_view}
    {CK U11_reg_31 default_emulate_view}
    {CK U11_reg_241 default_emulate_view}
    {CK U11_reg_4 default_emulate_view}
    {CK tiki_U169_reg_1 default_emulate_view}
    {CK U49_reg_70 default_emulate_view}
    {CK storm_U80_reg_163 default_emulate_view}
    {CK tiki_U47_reg_35 default_emulate_view}
    {CK tiki_U14_reg_reg_74_8 default_emulate_view}
    {CK tiki_U14_reg_reg_36_6 default_emulate_view}
    {CK U11_reg_247 default_emulate_view}
    {CK U30_reg_131 default_emulate_view}
    {CK U70_reg_6 default_emulate_view}
    {CK U12_reg_123 default_emulate_view}
    {CK U166_reg_0 default_emulate_view}
    {CK tiki_U14_reg_reg_36_4 default_emulate_view}
    {CK tiki_U14_reg_reg_7_8 default_emulate_view}
    {CK tiki_U285_reg_17 default_emulate_view}
    {CK storm_U1_reg_159 default_emulate_view}
    {CK U346_reg_1 default_emulate_view}
    {CK U38_reg_83 default_emulate_view}
    {CK U38_reg_37 default_emulate_view}
    {CK U58_reg_41 default_emulate_view}
    {CK tiki_U14_reg_reg_220_4 default_emulate_view}
    {CK tiki_U14_reg_reg_247_5 default_emulate_view}
    {CK tiki_U169_reg_14 default_emulate_view}
    {CK U65_reg_142 default_emulate_view}
    {CK tiki_U301_reg_3 default_emulate_view}
    {CK tiki_U14_reg_reg_80_10 default_emulate_view}
    {CK U63_reg_43 default_emulate_view}
    {CK U122_reg_9 default_emulate_view}
    {CK tiki_U14_reg_reg_58_7 default_emulate_view}
    {CK storm_U22_reg_109 default_emulate_view}
    {CK storm_U22_reg_177 default_emulate_view}
    {CK U35_reg_80 default_emulate_view}
    {CK tiki_U14_reg_reg_196_1 default_emulate_view}
    {CK tiki_U14_reg_reg_86_6 default_emulate_view}
    {CK U38_reg_191 default_emulate_view}
    {CK U45_reg_71 default_emulate_view}
    {CK U829_reg default_emulate_view}
    {CK U830_reg default_emulate_view}
    {CK tiki_U14_reg_reg_131_11 default_emulate_view}
    {CK U51_reg_45 default_emulate_view}
    {CK storm_U26_reg_113 default_emulate_view}
    {CK storm_U150_reg_11 default_emulate_view}
    {CK U20_reg_440 default_emulate_view}
    {CK tiki_U14_reg_reg_94_4 default_emulate_view}
    {CK U175_reg_55 default_emulate_view}
    {CK tiki_U14_reg_reg_106_0 default_emulate_view}
    {CK U12_reg_86 default_emulate_view}
    {CK U32_reg_19 default_emulate_view}
    {CK U831_reg default_emulate_view}
    {CK tiki_U21_reg_102 default_emulate_view}
    {CK storm_U292_reg_7 default_emulate_view}
    {CK storm_U59_reg_174 default_emulate_view}
    {CK storm_U78_reg_112 default_emulate_view}
    {CK storm_U41_reg_114 default_emulate_view}
    {CK U201_reg_8 default_emulate_view}
    {CK kasa_U832_reg default_emulate_view}
    {CK U30_reg_45 default_emulate_view}
    {CK U58_reg_20 default_emulate_view}
    {CK tiki_U833_reg default_emulate_view}
    {CK tiki_U14_reg_reg_21_7 default_emulate_view}
    {CK tiki_U47_reg_153 default_emulate_view}
    {CK U129_reg_36 default_emulate_view}
    {CK tiki_U181_reg_11 default_emulate_view}
    {CK tiki_U14_reg_reg_245_7 default_emulate_view}
    {CK tiki_U14_reg_reg_231_4 default_emulate_view}
    {CK tiki_U14_reg_reg_240_6 default_emulate_view}
    {CK tiki_U14_reg_reg_137_5 default_emulate_view}
    {CK tiki_U14_reg_reg_89_3 default_emulate_view}
    {CK tiki_U14_reg_reg_75_6 default_emulate_view}
    {CK U76_reg_26 default_emulate_view}
    {CK U83_reg_62 default_emulate_view}
    {CK tiki_U14_reg_reg_158_4 default_emulate_view}
    {CK tiki_U834_reg default_emulate_view}
    {CK storm_U478_reg_5 default_emulate_view}
    {CK storm_U88_reg_57 default_emulate_view}
    {CK storm_U62_reg_165 default_emulate_view}
    {CK storm_U59_reg_193 default_emulate_view}
    {CK storm_U218_reg_7 default_emulate_view}
    {CK tiki_U14_reg_reg_153_0 default_emulate_view}
    {CK tiki_U14_reg_reg_191_3 default_emulate_view}
    {CK U19_reg_76 default_emulate_view}
    {CK U11_reg_28 default_emulate_view}
    {CK tiki_U56_reg_6 default_emulate_view}
    {CK storm_U88_reg_6 default_emulate_view}
    {CK storm_U62_reg_171 default_emulate_view}
    {CK storm_U1_reg_190 default_emulate_view}
    {CK tiki_U37_reg_153 default_emulate_view}
    {CK storm_U734_reg_1 default_emulate_view}
    {CK U24_reg_66 default_emulate_view}
    {CK storm_U16_reg_197 default_emulate_view}
    {CK tiki_U274_reg_1 default_emulate_view}
    {CK tiki_U14_reg_reg_22_10 default_emulate_view}
    {CK U20_reg_532 default_emulate_view}
    {CK U20_reg_486 default_emulate_view}
    {CK tiki_U14_reg_reg_119_1 default_emulate_view}
    {CK tiki_U14_reg_reg_196_4 default_emulate_view}
    {CK tiki_U14_reg_reg_174_9 default_emulate_view}
    {CK U287_reg_4 default_emulate_view}
    {CK U17_reg_23 default_emulate_view}
    {CK U11_reg_124 default_emulate_view}
    {CK tiki_U14_reg_reg_67_4 default_emulate_view}
    {CK storm_U78_reg_151 default_emulate_view}
    {CK U20_reg_456 default_emulate_view}
    {CK tiki_U47_reg_225 default_emulate_view}
    {CK tiki_U37_reg_244 default_emulate_view}
    {CK storm_U26_reg_171 default_emulate_view}
    {CK storm_U22_reg_189 default_emulate_view}
    {CK storm_U1_reg_207 default_emulate_view}
    {CK storm_U133_reg_173 default_emulate_view}
    {CK storm_U41_reg_142 default_emulate_view}
    {CK storm_U295_reg_2 default_emulate_view}
    {CK kasa_U835_reg default_emulate_view}
    {CK U5_reg_124 default_emulate_view}
    {CK kasa_U836_reg default_emulate_view}
    {CK U51_reg_166 default_emulate_view}
    {CK U17_reg_35 default_emulate_view}
    {CK U32_reg_136 default_emulate_view}
    {CK U30_reg_299 default_emulate_view}
    {CK U31_reg_44 default_emulate_view}
    {CK U30_reg_274 default_emulate_view}
    {CK U30_reg_70 default_emulate_view}
    {CK tiki_U14_reg_reg_239_0 default_emulate_view}
    {CK storm_U34_reg_159 default_emulate_view}
    {CK storm_U23_reg_138 default_emulate_view}
    {CK tiki_U14_reg_reg_112_0 default_emulate_view}
    {CK tiki_U14_reg_reg_1_4 default_emulate_view}
    {CK tiki_U14_reg_reg_255_8 default_emulate_view}
    {CK tiki_U21_reg_40 default_emulate_view}
    {CK storm_U649_reg_1 default_emulate_view}
    {CK storm_U22_reg_192 default_emulate_view}
    {CK storm_U88_reg_64 default_emulate_view}
    {CK U73_reg_26 default_emulate_view}
    {CK tiki_U14_reg_reg_15_1 default_emulate_view}
    {CK tiki_U14_reg_reg_148_2 default_emulate_view}
    {CK tiki_U14_reg_reg_83_7 default_emulate_view}
    {CK storm_U133_reg_119 default_emulate_view}
    {CK storm_U52_reg_123 default_emulate_view}
    {CK storm_U41_reg_133 default_emulate_view}
    {CK U234_reg_3 default_emulate_view}
    {CK U10_reg_8 default_emulate_view}
    {CK U84_reg_76 default_emulate_view}
    {CK U71_reg_34 default_emulate_view}
    {CK U30_reg_90 default_emulate_view}
    {CK U38_reg_163 default_emulate_view}
    {CK U17_reg_110 default_emulate_view}
    {CK tiki_U15_reg_1 default_emulate_view}
    {CK tiki_U14_reg_reg_29_1 default_emulate_view}
    {CK U65_reg_47 default_emulate_view}
    {CK U246_reg_4 default_emulate_view}
    {CK U65_reg_504 default_emulate_view}
    {CK U65_reg_278 default_emulate_view}
    {CK tiki_U21_reg_96 default_emulate_view}
    {CK tiki_U14_reg_reg_0_4 default_emulate_view}
    {CK storm_U59_reg_137 default_emulate_view}
    {CK storm_U50_reg_140 default_emulate_view}
    {CK storm_U1_reg_145 default_emulate_view}
    {CK storm_U2_reg_191 default_emulate_view}
    {CK U63_reg_4 default_emulate_view}
    {CK U35_reg_56 default_emulate_view}
    {CK storm_U62_reg_132 default_emulate_view}
    {CK U245_reg_3 default_emulate_view}
    {CK tiki_U14_reg_reg_230_11 default_emulate_view}
    {CK storm_U41_reg_159 default_emulate_view}
    {CK storm_U78_reg_139 default_emulate_view}
    {CK tiki_U14_reg_reg_53_0 default_emulate_view}
    {CK U65_reg_176 default_emulate_view}
    {CK U20_reg_69 default_emulate_view}
    {CK U11_reg_19 default_emulate_view}
    {CK U10_reg_126 default_emulate_view}
    {CK storm_U59_reg_134 default_emulate_view}
    {CK storm_U23_reg_117 default_emulate_view}
    {CK U65_reg_468 default_emulate_view}
    {CK tiki_U14_reg_reg_48_1 default_emulate_view}
    {CK storm_U1_reg_156 default_emulate_view}
    {CK U73_reg_64 default_emulate_view}
    {CK U24_reg_49 default_emulate_view}
    {CK tiki_U14_reg_reg_107_8 default_emulate_view}
    {CK tiki_U56_reg_18 default_emulate_view}
    {CK tiki_U47_reg_141 default_emulate_view}
    {CK U65_reg_352 default_emulate_view}
    {CK U65_reg_178 default_emulate_view}
    {CK U20_reg_199 default_emulate_view}
    {CK tiki_U14_reg_reg_58_10 default_emulate_view}
    {CK tiki_U14_reg_reg_138_7 default_emulate_view}
    {CK U12_reg_116 default_emulate_view}
    {CK storm_U52_reg_163 default_emulate_view}
    {CK U138_reg_21 default_emulate_view}
    {CK tiki_U14_reg_reg_170_4 default_emulate_view}
    {CK tiki_U14_reg_reg_42_2 default_emulate_view}
    {CK tiki_U14_reg_reg_76_9 default_emulate_view}
    {CK storm_U78_reg_14 default_emulate_view}
    {CK storm_U50_reg_9 default_emulate_view}
    {CK storm_U52_reg_3 default_emulate_view}
    {CK storm_U78_reg_178 default_emulate_view}
    {CK U5_reg_192 default_emulate_view}
    {CK U71_reg_69 default_emulate_view}
    {CK U51_reg_108 default_emulate_view}
    {CK U17_reg_39 default_emulate_view}
    {CK U138_reg_64 default_emulate_view}
    {CK U38_reg_125 default_emulate_view}
    {CK U32_reg_59 default_emulate_view}
    {CK U70_reg_1 default_emulate_view}
    {CK tiki_U112_reg_1 default_emulate_view}
    {CK tiki_U14_reg_reg_61_6 default_emulate_view}
    {CK tiki_U14_reg_reg_242_4 default_emulate_view}
    {CK storm_U41_reg_20 default_emulate_view}
    {CK U20_reg_117 default_emulate_view}
    {CK U65_reg_130 default_emulate_view}
    {CK U65_reg_642 default_emulate_view}
    {CK U20_reg_366 default_emulate_view}
    {CK tiki_U47_reg_44 default_emulate_view}
    {CK tiki_U314_reg_0 default_emulate_view}
    {CK tiki_U837_reg default_emulate_view}
    {CK tiki_U14_reg_reg_216_3 default_emulate_view}
    {CK tiki_U14_reg_reg_81_6 default_emulate_view}
    {CK storm_U43_reg_5 default_emulate_view}
    {CK storm_U78_reg_175 default_emulate_view}
    {CK U29_reg_11 default_emulate_view}
    {CK U122_reg_30 default_emulate_view}
    {CK tiki_U210_reg_0 default_emulate_view}
    {CK tiki_U404_reg_4 default_emulate_view}
    {CK U20_reg_608 default_emulate_view}
    {CK storm_U80_reg_28 default_emulate_view}
    {CK storm_U62_reg_11 default_emulate_view}
    {CK storm_U43_reg_2 default_emulate_view}
    {CK storm_U78_reg_116 default_emulate_view}
    {CK U405_reg_0 default_emulate_view}
    {CK U240_reg_2 default_emulate_view}
    {CK U10_reg_172 default_emulate_view}
    {CK U11_reg_83 default_emulate_view}
    {CK U97_reg_3 default_emulate_view}
    {CK U838_reg default_emulate_view}
    {CK U19_reg_72 default_emulate_view}
    {CK U129_reg_60 default_emulate_view}
    {CK U32_reg_210 default_emulate_view}
    {CK tiki_U37_reg_142 default_emulate_view}
    {CK storm_U80_reg_14 default_emulate_view}
    {CK storm_U2_reg_26 default_emulate_view}
    {CK U839_reg default_emulate_view}
    {CK U65_reg_304 default_emulate_view}
    {CK U65_reg_252 default_emulate_view}
    {CK tiki_U14_reg_reg_198_0 default_emulate_view}
    {CK tiki_U14_reg_reg_172_8 default_emulate_view}
    {CK tiki_U37_reg_23 default_emulate_view}
    {CK tiki_U14_reg_reg_226_5 default_emulate_view}
    {CK U65_reg_63 default_emulate_view}
    {CK tiki_U47_reg_106 default_emulate_view}
    {CK U175_reg_36 default_emulate_view}
    {CK U83_reg_51 default_emulate_view}
    {CK storm_U133_reg_80 default_emulate_view}
    {CK storm_U78_reg_100 default_emulate_view}
    {CK storm_U2_reg_192 default_emulate_view}
    {CK U390_reg_6 default_emulate_view}
    {CK tiki_U169_reg_16 default_emulate_view}
    {CK U83_reg_12 default_emulate_view}
    {CK storm_U53_reg_63 default_emulate_view}
    {CK storm_U50_reg_74 default_emulate_view}
    {CK tiki_U14_reg_reg_60_7 default_emulate_view}
    {CK U167_reg_7 default_emulate_view}
    {CK U356_reg_2 default_emulate_view}
    {CK tiki_U14_reg_reg_117_7 default_emulate_view}
    {CK tiki_U14_reg_reg_229_0 default_emulate_view}
    {CK storm_U133_reg_88 default_emulate_view}
    {CK storm_U53_reg_186 default_emulate_view}
    {CK storm_U88_reg_75 default_emulate_view}
    {CK kasa_U840_reg default_emulate_view}
    {CK tiki_U21_reg_71 default_emulate_view}
    {CK storm_U25_reg_78 default_emulate_view}
    {CK tiki_U14_reg_reg_8_2 default_emulate_view}
    {CK U73_reg_21 default_emulate_view}
    {CK storm_U25_reg_68 default_emulate_view}
    {CK tiki_U14_reg_reg_234_0 default_emulate_view}
    {CK tiki_U14_reg_reg_132_9 default_emulate_view}
    {CK U20_reg_512 default_emulate_view}
    {CK U65_reg_15 default_emulate_view}
    {CK tiki_U14_reg_reg_107_7 default_emulate_view}
    {CK U129_reg_27 default_emulate_view}
    {CK U45_reg_14 default_emulate_view}
    {CK storm_U78_reg_205 default_emulate_view}
    {CK U5_reg_126 default_emulate_view}
    {CK tiki_U14_reg_reg_81_10 default_emulate_view}
    {CK tiki_U14_reg_reg_135_2 default_emulate_view}
    {CK storm_U16_reg_56 default_emulate_view}
    {CK storm_U26_reg_193 default_emulate_view}
    {CK storm_U16_reg_69 default_emulate_view}
    {CK storm_U62_reg_183 default_emulate_view}
    {CK storm_U133_reg_89 default_emulate_view}
    {CK storm_U62_reg_82 default_emulate_view}
    {CK kasa_U841_reg default_emulate_view}
    {CK kasa_U842_reg default_emulate_view}
    {CK U110_reg_7 default_emulate_view}
    {CK U195_reg_0 default_emulate_view}
    {CK U30_reg_0 default_emulate_view}
    {CK U10_reg_148 default_emulate_view}
    {CK U496_reg_1 default_emulate_view}
    {CK U19_reg_3 default_emulate_view}
    {CK U11_reg_51 default_emulate_view}
    {CK U12_reg_37 default_emulate_view}
    {CK U84_reg_0 default_emulate_view}
    {CK U32_reg_162 default_emulate_view}
    {CK U38_reg_250 default_emulate_view}
    {CK U31_reg_15 default_emulate_view}
    {CK U30_reg_236 default_emulate_view}
    {CK storm_U78_reg_201 default_emulate_view}
    {CK U11_reg_209 default_emulate_view}
    {CK U129_reg_5 default_emulate_view}
    {CK U104_reg_21 default_emulate_view}
    {CK U65_reg_378 default_emulate_view}
    {CK U65_reg_626 default_emulate_view}
    {CK U20_reg_231 default_emulate_view}
    {CK tiki_U37_reg_55 default_emulate_view}
    {CK tiki_U14_reg_reg_238_7 default_emulate_view}
    {CK tiki_U21_reg_124 default_emulate_view}
    {CK tiki_U14_reg_reg_252_4 default_emulate_view}
    {CK storm_U3_reg_80 default_emulate_view}
    {CK storm_U16_reg_75 default_emulate_view}
    {CK tiki_U21_reg_109 default_emulate_view}
    {CK storm_U16_reg_65 default_emulate_view}
    {CK U24_reg_27 default_emulate_view}
    {CK U83_reg_46 default_emulate_view}
    {CK tiki_U14_reg_reg_251_1 default_emulate_view}
    {CK U29_reg_46 default_emulate_view}
    {CK U20_reg_25 default_emulate_view}
    {CK U30_reg_189 default_emulate_view}
    {CK U10_reg_102 default_emulate_view}
    {CK tiki_U14_reg_reg_24_11 default_emulate_view}
    {CK tiki_U37_reg_237 default_emulate_view}
    {CK U331_reg_3 default_emulate_view}
    {CK U49_reg_40 default_emulate_view}
    {CK tiki_U210_reg_19 default_emulate_view}
    {CK tiki_U14_reg_reg_108_8 default_emulate_view}
    {CK U20_reg_398 default_emulate_view}
    {CK U20_reg_102 default_emulate_view}
    {CK U20_reg_341 default_emulate_view}
    {CK U12_reg_10 default_emulate_view}
    {CK U45_reg_43 default_emulate_view}
    {CK U31_reg_22 default_emulate_view}
    {CK tiki_U14_reg_reg_91_11 default_emulate_view}
    {CK U5_reg_90 default_emulate_view}
    {CK U10_reg_0 default_emulate_view}
    {CK U65_reg_532 default_emulate_view}
    {CK U65_reg_376 default_emulate_view}
    {CK kasa_U844_reg default_emulate_view}
    {CK kasa_U845_reg default_emulate_view}
    {CK U32_reg_105 default_emulate_view}
    {CK U10_reg_32 default_emulate_view}
    {CK U45_reg_79 default_emulate_view}
    {CK U38_reg_105 default_emulate_view}
    {CK tiki_U14_reg_reg_134_3 default_emulate_view}
    {CK tiki_U47_reg_231 default_emulate_view}
    {CK tiki_U47_reg_187 default_emulate_view}
    {CK U65_reg_674 default_emulate_view}
    {CK U65_reg_520 default_emulate_view}
    {CK U65_reg_568 default_emulate_view}
    {CK tiki_U14_reg_reg_216_11 default_emulate_view}
    {CK tiki_U14_reg_reg_163_2 default_emulate_view}
    {CK tiki_U14_reg_reg_66_3 default_emulate_view}
    {CK U65_reg_127 default_emulate_view}
    {CK tiki_U14_reg_reg_105_11 default_emulate_view}
    {CK U63_reg_21 default_emulate_view}
    {CK U493_reg_3 default_emulate_view}
    {CK tiki_U205_reg_5 default_emulate_view}
    {CK tiki_U14_reg_reg_17_0 default_emulate_view}
    {CK U65_reg_569 default_emulate_view}
    {CK U132_reg_7 default_emulate_view}
    {CK tiki_U229_reg_2 default_emulate_view}
    {CK storm_U88_reg_111 default_emulate_view}
    {CK storm_U4_reg_35 default_emulate_view}
    {CK storm_U4_reg_81 default_emulate_view}
    {CK storm_U94_reg_11 default_emulate_view}
    {CK storm_U3_reg_197 default_emulate_view}
    {CK storm_U3_reg_56 default_emulate_view}
    {CK U11_reg_174 default_emulate_view}
    {CK U17_reg_25 default_emulate_view}
    {CK U30_reg_241 default_emulate_view}
    {CK U30_reg_5 default_emulate_view}
    {CK U70_reg_63 default_emulate_view}
    {CK storm_U53_reg_172 default_emulate_view}
    {CK tiki_U14_reg_reg_79_3 default_emulate_view}
    {CK U20_reg_24 default_emulate_view}
    {CK U20_reg_284 default_emulate_view}
    {CK U65_reg_533 default_emulate_view}
    {CK tiki_U14_reg_reg_16_4 default_emulate_view}
    {CK tiki_U81_reg_13 default_emulate_view}
    {CK tiki_U14_reg_reg_4_10 default_emulate_view}
    {CK tiki_U14_reg_reg_61_3 default_emulate_view}
    {CK storm_U22_reg_186 default_emulate_view}
    {CK storm_U41_reg_189 default_emulate_view}
    {CK storm_U43_reg_89 default_emulate_view}
    {CK storm_U50_reg_86 default_emulate_view}
    {CK U49_reg_79 default_emulate_view}
    {CK U122_reg_19 default_emulate_view}
    {CK tiki_U21_reg_169 default_emulate_view}
    {CK storm_U1_reg_191 default_emulate_view}
    {CK storm_U4_reg_105 default_emulate_view}
    {CK storm_U4_reg_27 default_emulate_view}
    {CK tiki_U229_reg_9 default_emulate_view}
    {CK U272_reg_2 default_emulate_view}
    {CK tiki_U14_reg_reg_160_1 default_emulate_view}
    {CK U49_reg_60 default_emulate_view}
    {CK storm_U80_reg_87 default_emulate_view}
    {CK storm_U53_reg_185 default_emulate_view}
    {CK tiki_U14_reg_reg_114_7 default_emulate_view}
    {CK U65_reg_673 default_emulate_view}
    {CK U20_reg_340 default_emulate_view}
    {CK U20_reg_533 default_emulate_view}
    {CK tiki_U14_reg_reg_6_4 default_emulate_view}
    {CK U32_reg_85 default_emulate_view}
    {CK U17_reg_17 default_emulate_view}
    {CK U98_reg_2 default_emulate_view}
    {CK U11_reg_93 default_emulate_view}
    {CK tiki_U15_reg_4 default_emulate_view}
    {CK storm_U78_reg_214 default_emulate_view}
    {CK storm_U1_reg_105 default_emulate_view}
    {CK storm_U88_reg_101 default_emulate_view}
    {CK storm_U22_reg_54 default_emulate_view}
    {CK U83_reg_42 default_emulate_view}
    {CK U49_reg_29 default_emulate_view}
    {CK tiki_U14_reg_reg_218_9 default_emulate_view}
    {CK U20_reg_399 default_emulate_view}
    {CK U129_reg_102 default_emulate_view}
    {CK U38_reg_1 default_emulate_view}
    {CK U46_reg_7 default_emulate_view}
    {CK U17_reg_103 default_emulate_view}
    {CK tiki_U14_reg_reg_180_2 default_emulate_view}
    {CK storm_U133_reg_141 default_emulate_view}
    {CK tiki_U14_reg_reg_232_4 default_emulate_view}
    {CK U5_reg_170 default_emulate_view}
    {CK U30_reg_312 default_emulate_view}
    {CK U65_reg_379 default_emulate_view}
    {CK U106_reg_5 default_emulate_view}
    {CK U286_reg_1 default_emulate_view}
    {CK kasa_U846_reg default_emulate_view}
    {CK U352_reg_5 default_emulate_view}
    {CK tiki_U14_reg_reg_104_5 default_emulate_view}
    {CK tiki_U14_reg_reg_112_7 default_emulate_view}
    {CK tiki_U14_reg_reg_219_5 default_emulate_view}
    {CK U73_reg_4 default_emulate_view}
    {CK tiki_U47_reg_55 default_emulate_view}
    {CK U20_reg_351 default_emulate_view}
    {CK tiki_U14_reg_reg_198_4 default_emulate_view}
    {CK U30_reg_52 default_emulate_view}
    {CK U31_reg_55 default_emulate_view}
    {CK U32_reg_98 default_emulate_view}
    {CK U12_reg_29 default_emulate_view}
    {CK U12_reg_64 default_emulate_view}
    {CK tiki_U14_reg_reg_68_5 default_emulate_view}
    {CK U5_reg_163 default_emulate_view}
    {CK tiki_U14_reg_reg_124_2 default_emulate_view}
    {CK U331_reg_8 default_emulate_view}
    {CK tiki_U14_reg_reg_186_9 default_emulate_view}
    {CK U65_reg_625 default_emulate_view}
    {CK tiki_U14_reg_reg_189_1 default_emulate_view}
    {CK tiki_U14_reg_reg_93_6 default_emulate_view}
    {CK tiki_U14_reg_reg_217_7 default_emulate_view}
    {CK U30_reg_222 default_emulate_view}
    {CK U38_reg_222 default_emulate_view}
    {CK U38_reg_12 default_emulate_view}
    {CK storm_U62_reg_115 default_emulate_view}
    {CK U65_reg_521 default_emulate_view}
    {CK kasa_U847_reg default_emulate_view}
    {CK U141_reg_1 default_emulate_view}
    {CK U118_reg_0 default_emulate_view}
    {CK U311_reg_3 default_emulate_view}
    {CK kasa_U848_reg default_emulate_view}
    {CK tiki_U47_reg_148 default_emulate_view}
    {CK tiki_U47_reg_93 default_emulate_view}
    {CK tiki_U37_reg_102 default_emulate_view}
    {CK storm_U1_reg_112 default_emulate_view}
    {CK tiki_U37_reg_156 default_emulate_view}
    {CK U20_reg_103 default_emulate_view}
    {CK U20_reg_609 default_emulate_view}
    {CK U111_reg_6 default_emulate_view}
    {CK U65_reg_14 default_emulate_view}
    {CK U73_reg_43 default_emulate_view}
    {CK U35_reg_19 default_emulate_view}
    {CK tiki_U21_reg_241 default_emulate_view}
    {CK storm_U23_reg_7 default_emulate_view}
    {CK storm_U22_reg_21 default_emulate_view}
    {CK storm_U26_reg_31 default_emulate_view}
    {CK U65_reg_253 default_emulate_view}
    {CK U849_reg default_emulate_view}
    {CK U147_reg_7 default_emulate_view}
    {CK U90_reg_4 default_emulate_view}
    {CK tiki_U21_reg_51 default_emulate_view}
    {CK tiki_U14_reg_reg_187_10 default_emulate_view}
    {CK tiki_U14_reg_reg_57_4 default_emulate_view}
    {CK U122_reg_18 default_emulate_view}
    {CK storm_U53_reg_1 default_emulate_view}
    {CK U20_reg_252 default_emulate_view}
    {CK U138_reg_1 default_emulate_view}
    {CK tiki_U14_reg_reg_177_0 default_emulate_view}
    {CK U5_reg_227 default_emulate_view}
    {CK tiki_U14_reg_reg_70_7 default_emulate_view}
    {CK storm_U23_reg_15 default_emulate_view}
    {CK storm_U22_reg_25 default_emulate_view}
    {CK storm_U78_reg_37 default_emulate_view}
    {CK U850_reg default_emulate_view}
    {CK storm_U62_reg_28 default_emulate_view}
    {CK storm_U78_reg_117 default_emulate_view}
    {CK tiki_U14_reg_reg_48_6 default_emulate_view}
    {CK tiki_U47_reg_238 default_emulate_view}
    {CK U65_reg_305 default_emulate_view}
    {CK U20_reg_230 default_emulate_view}
    {CK U65_reg_143 default_emulate_view}
    {CK storm_U3_reg_50 default_emulate_view}
    {CK U65_reg_131 default_emulate_view}
    {CK tiki_U181_reg_7 default_emulate_view}
    {CK storm_U3_reg_31 default_emulate_view}
    {CK storm_U52_reg_33 default_emulate_view}
    {CK storm_U150_reg_18 default_emulate_view}
    {CK storm_U3_reg_23 default_emulate_view}
    {CK storm_U53_reg_20 default_emulate_view}
    {CK storm_U1_reg_9 default_emulate_view}
    {CK U5_reg_178 default_emulate_view}
    {CK U426_reg_0 default_emulate_view}
    {CK U71_reg_74 default_emulate_view}
    {CK U30_reg_315 default_emulate_view}
    {CK U30_reg_119 default_emulate_view}
    {CK U45_reg_59 default_emulate_view}
    {CK tiki_U14_reg_reg_25_9 default_emulate_view}
    {CK tiki_U37_reg_254 default_emulate_view}
    {CK storm_U25_reg_49 default_emulate_view}
    {CK U20_reg_367 default_emulate_view}
    {CK U278_reg_0 default_emulate_view}
    {CK U20_reg_116 default_emulate_view}
    {CK U65_reg_641 default_emulate_view}
    {CK tiki_U37_reg_216 default_emulate_view}
    {CK tiki_U14_reg_reg_200_6 default_emulate_view}
    {CK tiki_U205_reg_10 default_emulate_view}
    {CK tiki_U14_reg_reg_212_10 default_emulate_view}
    {CK tiki_U14_reg_reg_145_0 default_emulate_view}
    {CK tiki_U14_reg_reg_218_1 default_emulate_view}
    {CK storm_U2_reg_7 default_emulate_view}
    {CK storm_U52_reg_2 default_emulate_view}
    {CK U63_reg_11 default_emulate_view}
    {CK U122_reg_77 default_emulate_view}
    {CK tiki_U37_reg_163 default_emulate_view}
    {CK tiki_U14_reg_reg_193_9 default_emulate_view}
    {CK storm_U23_reg_162 default_emulate_view}
    {CK U65_reg_179 default_emulate_view}
    {CK tiki_U47_reg_133 default_emulate_view}
    {CK U260_reg_4 default_emulate_view}
    {CK tiki_U21_reg_116 default_emulate_view}
    {CK storm_U26_reg_130 default_emulate_view}
    {CK storm_U133_reg_120 default_emulate_view}
    {CK tiki_U235_reg_2 default_emulate_view}
    {CK tiki_U14_reg_reg_113_8 default_emulate_view}
    {CK U65_reg_505 default_emulate_view}
    {CK U20_reg_513 default_emulate_view}
    {CK U20_reg_569 default_emulate_view}
    {CK tiki_U14_reg_reg_53_8 default_emulate_view}
    {CK tiki_U21_reg_162 default_emulate_view}
    {CK U38_reg_168 default_emulate_view}
    {CK U12_reg_110 default_emulate_view}
    {CK U19_reg_15 default_emulate_view}
    {CK U17_reg_121 default_emulate_view}
    {CK tiki_U14_reg_reg_254_11 default_emulate_view}
    {CK tiki_U14_reg_reg_237_11 default_emulate_view}
    {CK U851_reg default_emulate_view}
    {CK storm_U43_reg_123 default_emulate_view}
    {CK U65_reg_469 default_emulate_view}
    {CK U20_reg_68 default_emulate_view}
    {CK U38_reg_180 default_emulate_view}
    {CK U17_reg_68 default_emulate_view}
    {CK tiki_U14_reg_reg_209_1 default_emulate_view}
    {CK U19_reg_69 default_emulate_view}
    {CK U250_reg_4 default_emulate_view}
    {CK storm_U25_reg_122 default_emulate_view}
    {CK storm_U43_reg_164 default_emulate_view}
    {CK U368_reg_5 default_emulate_view}
    {CK U87_reg_45 default_emulate_view}
    {CK U853_reg default_emulate_view}
    {CK U51_reg_165 default_emulate_view}
    {CK U11_reg_148 default_emulate_view}
    {CK U138_reg_24 default_emulate_view}
    {CK U32_reg_48 default_emulate_view}
    {CK U32_reg_119 default_emulate_view}
    {CK U70_reg_19 default_emulate_view}
    {CK tiki_U14_reg_reg_159_1 default_emulate_view}
    {CK tiki_U47_reg_251 default_emulate_view}
    {CK U11_reg_62 default_emulate_view}
    {CK tiki_U47_reg_166 default_emulate_view}
    {CK U65_reg_353 default_emulate_view}
    {CK U20_reg_319 default_emulate_view}
    {CK U65_reg_46 default_emulate_view}
    {CK tiki_U14_reg_reg_122_7 default_emulate_view}
    {CK tiki_U14_reg_reg_22_1 default_emulate_view}
    {CK tiki_U14_reg_reg_134_10 default_emulate_view}
    {CK U65_reg_159 default_emulate_view}
    {CK tiki_U14_reg_reg_188_2 default_emulate_view}
    {CK tiki_U14_reg_reg_198_2 default_emulate_view}
    {CK storm_U1_reg_127 default_emulate_view}
    {CK U29_reg_33 default_emulate_view}
    {CK U35_reg_13 default_emulate_view}
    {CK tiki_U14_reg_reg_43_9 default_emulate_view}
    {CK tiki_U14_reg_reg_58_4 default_emulate_view}
    {CK tiki_U14_reg_reg_186_7 default_emulate_view}
    {CK tiki_U14_reg_reg_125_6 default_emulate_view}
    {CK tiki_U14_reg_reg_55_7 default_emulate_view}
    {CK U477_reg_4 default_emulate_view}
    {CK U5_reg_14 default_emulate_view}
    {CK U10_reg_7 default_emulate_view}
    {CK U51_reg_46 default_emulate_view}
    {CK U17_reg_2 default_emulate_view}
    {CK U104_reg_50 default_emulate_view}
    {CK U19_reg_56 default_emulate_view}
    {CK U19_reg_20 default_emulate_view}
    {CK U58_reg_30 default_emulate_view}
    {CK U38_reg_72 default_emulate_view}
    {CK U32_reg_118 default_emulate_view}
    {CK U70_reg_39 default_emulate_view}
    {CK U31_reg_3 default_emulate_view}
    {CK U30_reg_196 default_emulate_view}
    {CK tiki_U14_reg_reg_120_1 default_emulate_view}
    {CK U20_reg_457 default_emulate_view}
    {CK tiki_U47_reg_126 default_emulate_view}
    {CK U854_reg default_emulate_view}
    {CK tiki_U37_reg_170 default_emulate_view}
    {CK U297_reg_4 default_emulate_view}
    {CK U311_reg_0 default_emulate_view}
    {CK tiki_U14_reg_reg_168_11 default_emulate_view}
    {CK tiki_U855_reg default_emulate_view}
    {CK U29_reg_68 default_emulate_view}
    {CK tiki_U15_reg_10 default_emulate_view}
    {CK U65_reg_279 default_emulate_view}
    {CK U856_reg default_emulate_view}
    {CK U12_reg_16 default_emulate_view}
    {CK tiki_U14_reg_reg_29_9 default_emulate_view}
    {CK tiki_U37_reg_198 default_emulate_view}
    {CK tiki_U14_reg_reg_184_2 default_emulate_view}
    {CK U282_reg_7 default_emulate_view}
    {CK tiki_U14_reg_reg_148_0 default_emulate_view}
    {CK U319_reg_0 default_emulate_view}
    {CK tiki_U14_reg_reg_185_8 default_emulate_view}
    {CK U10_reg_115 default_emulate_view}
    {CK storm_U22_reg_58 default_emulate_view}
    {CK storm_U1_reg_68 default_emulate_view}
    {CK storm_U41_reg_82 default_emulate_view}
    {CK tiki_U14_reg_reg_133_2 default_emulate_view}
    {CK tiki_U14_reg_reg_1_8 default_emulate_view}
    {CK tiki_U14_reg_reg_100_8 default_emulate_view}
    {CK U83_reg_72 default_emulate_view}
    {CK storm_U78_reg_33 default_emulate_view}
    {CK storm_U16_reg_51 default_emulate_view}
    {CK tiki_U14_reg_reg_79_9 default_emulate_view}
    {CK tiki_U14_reg_reg_135_10 default_emulate_view}
    {CK tiki_U327_reg_1 default_emulate_view}
    {CK tiki_U21_reg_144 default_emulate_view}
    {CK U84_reg_15 default_emulate_view}
    {CK U129_reg_33 default_emulate_view}
    {CK tiki_U14_reg_reg_142_7 default_emulate_view}
    {CK storm_U22_reg_66 default_emulate_view}
    {CK storm_U16_reg_76 default_emulate_view}
    {CK storm_U1_reg_86 default_emulate_view}
    {CK tiki_U14_reg_reg_214_9 default_emulate_view}
    {CK tiki_U14_reg_reg_73_1 default_emulate_view}
    {CK U307_reg_1 default_emulate_view}
    {CK storm_U25_reg_0 default_emulate_view}
    {CK U63_reg_14 default_emulate_view}
    {CK storm_U43_reg_49 default_emulate_view}
    {CK U36_reg_1 default_emulate_view}
    {CK tiki_U14_reg_reg_67_10 default_emulate_view}
    {CK U58_reg_59 default_emulate_view}
    {CK storm_U22_reg_89 default_emulate_view}
    {CK tiki_U14_reg_reg_6_6 default_emulate_view}
    {CK U32_reg_65 default_emulate_view}
    {CK U51_reg_107 default_emulate_view}
    {CK storm_U133_reg_77 default_emulate_view}
    {CK storm_U53_reg_196 default_emulate_view}
    {CK storm_U59_reg_49 default_emulate_view}
    {CK storm_U25_reg_75 default_emulate_view}
    {CK storm_U23_reg_66 default_emulate_view}
    {CK storm_U78_reg_85 default_emulate_view}
    {CK U85_reg_3 default_emulate_view}
    {CK U5_reg_173 default_emulate_view}
    {CK U10_reg_173 default_emulate_view}
    {CK U12_reg_58 default_emulate_view}
    {CK U87_reg_62 default_emulate_view}
    {CK U30_reg_171 default_emulate_view}
    {CK U45_reg_25 default_emulate_view}
    {CK tiki_U47_reg_160 default_emulate_view}
    {CK storm_U52_reg_87 default_emulate_view}
    {CK storm_U43_reg_186 default_emulate_view}
    {CK U129_reg_126 default_emulate_view}
    {CK U17_reg_16 default_emulate_view}
    {CK U20_reg_441 default_emulate_view}
    {CK tiki_U21_reg_11 default_emulate_view}
    {CK tiki_U14_reg_reg_107_2 default_emulate_view}
    {CK storm_U2_reg_57 default_emulate_view}
    {CK storm_U16_reg_35 default_emulate_view}
    {CK U49_reg_67 default_emulate_view}
    {CK storm_U59_reg_167 default_emulate_view}
    {CK storm_U1_reg_118 default_emulate_view}
    {CK storm_U41_reg_132 default_emulate_view}
    {CK U146_reg_1 default_emulate_view}
    {CK tiki_U14_reg_reg_69_5 default_emulate_view}
    {CK U122_reg_66 default_emulate_view}
    {CK storm_U4_reg_16 default_emulate_view}
    {CK storm_U88_reg_68 default_emulate_view}
    {CK tiki_U14_reg_reg_209_3 default_emulate_view}
    {CK U65_reg_259 default_emulate_view}
    {CK U5_reg_255 default_emulate_view}
    {CK storm_U22_reg_170 default_emulate_view}
    {CK storm_U41_reg_138 default_emulate_view}
    {CK storm_U16_reg_128 default_emulate_view}
    {CK tiki_U14_reg_reg_219_8 default_emulate_view}
    {CK kasa_U857_reg default_emulate_view}
    {CK storm_U4_reg_2 default_emulate_view}
    {CK U63_reg_32 default_emulate_view}
    {CK storm_U23_reg_141 default_emulate_view}
    {CK tiki_U14_reg_reg_148_9 default_emulate_view}
    {CK tiki_U14_reg_reg_206_3 default_emulate_view}
    {CK tiki_U14_reg_reg_51_3 default_emulate_view}
    {CK tiki_U14_reg_reg_216_10 default_emulate_view}
    {CK U32_reg_8 default_emulate_view}
    {CK U30_reg_57 default_emulate_view}
    {CK storm_U80_reg_122 default_emulate_view}
    {CK tiki_U92_reg_10 default_emulate_view}
    {CK U51_reg_131 default_emulate_view}
    {CK tiki_U47_reg_245 default_emulate_view}
    {CK storm_U22_reg_133 default_emulate_view}
    {CK storm_U25_reg_131 default_emulate_view}
    {CK storm_U88_reg_28 default_emulate_view}
    {CK storm_U23_reg_140 default_emulate_view}
    {CK storm_U3_reg_143 default_emulate_view}
    {CK storm_U26_reg_166 default_emulate_view}
    {CK U55_reg_3 default_emulate_view}
    {CK U71_reg_29 default_emulate_view}
    {CK U10_reg_149 default_emulate_view}
    {CK U39_reg_1 default_emulate_view}
    {CK U193_reg_6 default_emulate_view}
    {CK U84_reg_71 default_emulate_view}
    {CK tiki_U14_reg_reg_158_3 default_emulate_view}
    {CK storm_U25_reg_123 default_emulate_view}
    {CK tiki_U14_reg_reg_99_4 default_emulate_view}
    {CK U20_reg_487 default_emulate_view}
    {CK tiki_U37_reg_137 default_emulate_view}
    {CK tiki_U14_reg_reg_27_10 default_emulate_view}
    {CK tiki_U37_reg_209 default_emulate_view}
    {CK tiki_U181_reg_6 default_emulate_view}
    {CK storm_U133_reg_168 default_emulate_view}
    {CK storm_U52_reg_172 default_emulate_view}
    {CK storm_U88_reg_120 default_emulate_view}
    {CK U49_reg_49 default_emulate_view}
    {CK storm_U4_reg_70 default_emulate_view}
    {CK U28_reg_5 default_emulate_view}
    {CK U35_reg_75 default_emulate_view}
    {CK storm_U22_reg_110 default_emulate_view}
    {CK tiki_U14_reg_reg_84_10 default_emulate_view}
    {CK tiki_U14_reg_reg_5_11 default_emulate_view}
    {CK U20_reg_198 default_emulate_view}
    {CK U20_reg_449 default_emulate_view}
    {CK U84_reg_16 default_emulate_view}
    {CK U11_reg_40 default_emulate_view}
    {CK storm_U53_reg_177 default_emulate_view}
    {CK kasa_U858_reg default_emulate_view}
    {CK storm_U152_reg_8 default_emulate_view}
    {CK tiki_U14_reg_reg_54_6 default_emulate_view}
    {CK tiki_U21_reg_85 default_emulate_view}
    {CK U49_reg_0 default_emulate_view}
    {CK storm_U78_reg_113 default_emulate_view}
    {CK tiki_U14_reg_reg_154_5 default_emulate_view}
    {CK U30_reg_78 default_emulate_view}
    {CK U71_reg_16 default_emulate_view}
    {CK U32_reg_38 default_emulate_view}
    {CK storm_U52_reg_117 default_emulate_view}
    {CK U32_reg_213 default_emulate_view}
    {CK U10_reg_91 default_emulate_view}
    {CK storm_U4_reg_62 default_emulate_view}
    {CK tiki_U14_reg_reg_55_3 default_emulate_view}
    {CK storm_U80_reg_121 default_emulate_view}
    {CK tiki_U14_reg_reg_19_0 default_emulate_view}
    {CK tiki_U14_reg_reg_250_8 default_emulate_view}
    {CK tiki_U14_reg_reg_221_0 default_emulate_view}
    {CK U13_reg_9 default_emulate_view}
    {CK U381_reg_0 default_emulate_view}
    {CK storm_U43_reg_4 default_emulate_view}
    {CK U5_reg_181 default_emulate_view}
    {CK U51_reg_22 default_emulate_view}
    {CK storm_U41_reg_115 default_emulate_view}
    {CK storm_U23_reg_4 default_emulate_view}
    {CK U85_reg_0 default_emulate_view}
    {CK tiki_U308_reg_3 default_emulate_view}
    {CK tiki_U14_reg_reg_114_9 default_emulate_view}
    {CK storm_U62_reg_108 default_emulate_view}
    {CK U24_reg_53 default_emulate_view}
    {CK tiki_U21_reg_129 default_emulate_view}
    {CK tiki_U112_reg_18 default_emulate_view}
    {CK U225_reg_2 default_emulate_view}
    {CK U12_reg_77 default_emulate_view}
    {CK U397_reg_1 default_emulate_view}
    {CK tiki_U14_reg_reg_52_2 default_emulate_view}
    {CK U10_reg_31 default_emulate_view}
    {CK storm_U34_reg_51 default_emulate_view}
    {CK storm_U78_reg_49 default_emulate_view}
    {CK storm_U41_reg_30 default_emulate_view}
    {CK storm_U52_reg_27 default_emulate_view}
    {CK storm_U1_reg_22 default_emulate_view}
    {CK storm_U59_reg_13 default_emulate_view}
    {CK U7_reg_6 default_emulate_view}
    {CK U51_reg_85 default_emulate_view}
    {CK U58_reg_14 default_emulate_view}
    {CK tiki_U47_reg_45 default_emulate_view}
    {CK storm_U78_reg_60 default_emulate_view}
    {CK U129_reg_0 default_emulate_view}
    {CK U129_reg_104 default_emulate_view}
    {CK U20_reg_493 default_emulate_view}
    {CK U65_reg_268 default_emulate_view}
    {CK tiki_U14_reg_reg_119_9 default_emulate_view}
    {CK tiki_U47_reg_122 default_emulate_view}
    {CK storm_U59_reg_9 default_emulate_view}
    {CK storm_U41_reg_7 default_emulate_view}
    {CK storm_U22_reg_2 default_emulate_view}
    {CK storm_U88_reg_0 default_emulate_view}
    {CK U63_reg_49 default_emulate_view}
    {CK tiki_U14_reg_reg_222_6 default_emulate_view}
    {CK tiki_U14_reg_reg_192_5 default_emulate_view}
    {CK tiki_U47_reg_72 default_emulate_view}
    {CK storm_U78_reg_38 default_emulate_view}
    {CK storm_U163_reg_50 default_emulate_view}
    {CK storm_U78_reg_29 default_emulate_view}
    {CK storm_U41_reg_60 default_emulate_view}
    {CK storm_U26_reg_25 default_emulate_view}
    {CK storm_U78_reg_15 default_emulate_view}
    {CK U79_reg_0 default_emulate_view}
    {CK U5_reg_59 default_emulate_view}
    {CK U30_reg_56 default_emulate_view}
    {CK U38_reg_16 default_emulate_view}
    {CK U32_reg_92 default_emulate_view}
    {CK U30_reg_295 default_emulate_view}
    {CK U31_reg_59 default_emulate_view}
    {CK U30_reg_252 default_emulate_view}
    {CK tiki_U14_reg_reg_25_1 default_emulate_view}
    {CK tiki_U14_reg_reg_172_10 default_emulate_view}
    {CK tiki_U14_reg_reg_198_8 default_emulate_view}
    {CK tiki_U15_reg_2 default_emulate_view}
    {CK tiki_U14_reg_reg_217_6 default_emulate_view}
    {CK tiki_U14_reg_reg_94_2 default_emulate_view}
    {CK tiki_U14_reg_reg_141_3 default_emulate_view}
    {CK tiki_U14_reg_reg_49_4 default_emulate_view}
    {CK storm_U34_reg_12 default_emulate_view}
    {CK storm_U80_reg_7 default_emulate_view}
    {CK storm_U2_reg_1 default_emulate_view}
    {CK storm_U133_reg_116 default_emulate_view}
    {CK U49_reg_32 default_emulate_view}
    {CK U83_reg_58 default_emulate_view}
    {CK tiki_U14_reg_reg_249_0 default_emulate_view}
    {CK tiki_U14_reg_reg_123_8 default_emulate_view}
    {CK tiki_U14_reg_reg_212_3 default_emulate_view}
    {CK storm_U23_reg_121 default_emulate_view}
    {CK U30_reg_245 default_emulate_view}
    {CK U17_reg_52 default_emulate_view}
    {CK U19_reg_62 default_emulate_view}
    {CK tiki_U14_reg_reg_87_7 default_emulate_view}
    {CK tiki_U14_reg_reg_243_0 default_emulate_view}
    {CK kasa_U859_reg default_emulate_view}
    {CK tiki_U200_reg_8 default_emulate_view}
    {CK tiki_U263_reg_16 default_emulate_view}
    {CK tiki_U14_reg_reg_97_6 default_emulate_view}
    {CK tiki_U14_reg_reg_31_4 default_emulate_view}
    {CK U24_reg_44 default_emulate_view}
    {CK tiki_U14_reg_reg_77_5 default_emulate_view}
    {CK U20_reg_450 default_emulate_view}
    {CK tiki_U14_reg_reg_224_6 default_emulate_view}
    {CK tiki_U14_reg_reg_69_3 default_emulate_view}
    {CK tiki_U14_reg_reg_159_5 default_emulate_view}
    {CK U70_reg_67 default_emulate_view}
    {CK U30_reg_3 default_emulate_view}
    {CK U31_reg_38 default_emulate_view}
    {CK U664_reg_0 default_emulate_view}
    {CK U104_reg_48 default_emulate_view}
    {CK tiki_U14_reg_reg_8_1 default_emulate_view}
    {CK U5_reg_21 default_emulate_view}
    {CK U350_reg_6 default_emulate_view}
    {CK U32_reg_89 default_emulate_view}
    {CK U287_reg_6 default_emulate_view}
    {CK U51_reg_17 default_emulate_view}
    {CK U384_reg_2 default_emulate_view}
    {CK U193_reg_3 default_emulate_view}
    {CK tiki_U14_reg_reg_225_3 default_emulate_view}
    {CK tiki_U47_reg_107 default_emulate_view}
    {CK tiki_U37_reg_56 default_emulate_view}
    {CK tiki_U14_reg_reg_210_9 default_emulate_view}
    {CK U65_reg_703 default_emulate_view}
    {CK storm_U52_reg_120 default_emulate_view}
    {CK U73_reg_70 default_emulate_view}
    {CK tiki_U14_reg_reg_112_1 default_emulate_view}
    {CK tiki_U21_reg_215 default_emulate_view}
    {CK tiki_U21_reg_19 default_emulate_view}
    {CK storm_U59_reg_112 default_emulate_view}
    {CK kasa_U860_reg default_emulate_view}
    {CK tiki_U14_reg_reg_239_2 default_emulate_view}
    {CK tiki_U14_reg_reg_62_0 default_emulate_view}
    {CK tiki_U14_reg_reg_106_9 default_emulate_view}
    {CK tiki_U14_reg_reg_59_6 default_emulate_view}
    {CK U70_reg_17 default_emulate_view}
    {CK U38_reg_109 default_emulate_view}
    {CK U11_reg_60 default_emulate_view}
    {CK U595_reg_0 default_emulate_view}
    {CK tiki_U14_reg_reg_108_10 default_emulate_view}
    {CK U51_reg_109 default_emulate_view}
    {CK storm_U53_reg_110 default_emulate_view}
    {CK kasa_U861_reg default_emulate_view}
    {CK tiki_U14_reg_reg_96_0 default_emulate_view}
    {CK tiki_U14_reg_reg_38_10 default_emulate_view}
    {CK U49_reg_74 default_emulate_view}
    {CK U20_reg_442 default_emulate_view}
    {CK tiki_U14_reg_reg_205_4 default_emulate_view}
    {CK U253_reg_0 default_emulate_view}
    {CK U178_reg_11 default_emulate_view}
    {CK U138_reg_28 default_emulate_view}
    {CK U12_reg_73 default_emulate_view}
    {CK tiki_U14_reg_reg_190_2 default_emulate_view}
    {CK U104_reg_40 default_emulate_view}
    {CK storm_U88_reg_23 default_emulate_view}
    {CK U271_reg_1 default_emulate_view}
    {CK tiki_U14_reg_reg_127_6 default_emulate_view}
    {CK storm_U22_reg_115 default_emulate_view}
    {CK kasa_U863_reg default_emulate_view}
    {CK U5_reg_105 default_emulate_view}
    {CK U795_reg_0 default_emulate_view}
    {CK U51_reg_160 default_emulate_view}
    {CK U11_reg_32 default_emulate_view}
    {CK U38_reg_176 default_emulate_view}
    {CK U38_reg_174 default_emulate_view}
    {CK storm_U50_reg_121 default_emulate_view}
    {CK tiki_U14_reg_reg_96_7 default_emulate_view}
    {CK tiki_U14_reg_reg_175_7 default_emulate_view}
    {CK tiki_U14_reg_reg_182_10 default_emulate_view}
    {CK tiki_U37_reg_225 default_emulate_view}
    {CK tiki_U14_reg_reg_189_11 default_emulate_view}
    {CK U175_reg_42 default_emulate_view}
    {CK U83_reg_15 default_emulate_view}
    {CK U76_reg_73 default_emulate_view}
    {CK tiki_U37_reg_111 default_emulate_view}
    {CK storm_U25_reg_194 default_emulate_view}
    {CK storm_U4_reg_125 default_emulate_view}
    {CK storm_U88_reg_115 default_emulate_view}
    {CK tiki_U14_reg_reg_220_9 default_emulate_view}
    {CK storm_U62_reg_88 default_emulate_view}
    {CK storm_U133_reg_186 default_emulate_view}
    {CK tiki_U14_reg_reg_238_6 default_emulate_view}
    {CK tiki_U14_reg_reg_82_5 default_emulate_view}
    {CK U38_reg_23 default_emulate_view}
    {CK U129_reg_68 default_emulate_view}
    {CK tiki_U47_reg_181 default_emulate_view}
    {CK storm_U351_reg_1 default_emulate_view}
    {CK storm_U293_reg_3 default_emulate_view}
    {CK storm_U88_reg_43 default_emulate_view}
    {CK tiki_U407_reg_7 default_emulate_view}
    {CK storm_U1_reg_55 default_emulate_view}
    {CK U24_reg_6 default_emulate_view}
    {CK storm_U43_reg_189 default_emulate_view}
    {CK tiki_U14_reg_reg_82_0 default_emulate_view}
    {CK U864_reg default_emulate_view}
    {CK tiki_U308_reg_0 default_emulate_view}
    {CK storm_U34_reg_173 default_emulate_view}
    {CK U5_reg_50 default_emulate_view}
    {CK U58_reg_53 default_emulate_view}
    {CK tiki_U14_reg_reg_146_1 default_emulate_view}
    {CK tiki_U14_reg_reg_127_10 default_emulate_view}
    {CK storm_U259_reg_6 default_emulate_view}
    {CK storm_U52_reg_141 default_emulate_view}
    {CK storm_U16_reg_185 default_emulate_view}
    {CK storm_U324_reg_6 default_emulate_view}
    {CK storm_U4_reg_101 default_emulate_view}
    {CK storm_U88_reg_62 default_emulate_view}
    {CK U85_reg_7 default_emulate_view}
    {CK U5_reg_60 default_emulate_view}
    {CK kasa_U865_reg default_emulate_view}
    {CK U51_reg_41 default_emulate_view}
    {CK U866_reg default_emulate_view}
    {CK U71_reg_72 default_emulate_view}
    {CK U30_reg_319 default_emulate_view}
    {CK U30_reg_146 default_emulate_view}
    {CK tiki_U14_reg_reg_223_6 default_emulate_view}
    {CK tiki_U14_reg_reg_52_6 default_emulate_view}
    {CK storm_U88_reg_15 default_emulate_view}
    {CK storm_U50_reg_167 default_emulate_view}
    {CK U20_reg_458 default_emulate_view}
    {CK tiki_U14_reg_reg_121_9 default_emulate_view}
    {CK U65_reg_282 default_emulate_view}
    {CK tiki_U37_reg_24 default_emulate_view}
    {CK tiki_U14_reg_reg_109_2 default_emulate_view}
    {CK tiki_U14_reg_reg_144_8 default_emulate_view}
    {CK tiki_U14_reg_reg_73_9 default_emulate_view}
    {CK tiki_U14_reg_reg_7_3 default_emulate_view}
    {CK storm_U59_reg_191 default_emulate_view}
    {CK storm_U133_reg_54 default_emulate_view}
    {CK storm_U1_reg_103 default_emulate_view}
    {CK U76_reg_46 default_emulate_view}
    {CK tiki_U235_reg_9 default_emulate_view}
    {CK tiki_U308_reg_5 default_emulate_view}
    {CK tiki_U14_reg_reg_65_3 default_emulate_view}
    {CK U20_reg_65 default_emulate_view}
    {CK storm_U16_reg_120 default_emulate_view}
    {CK storm_U23_reg_122 default_emulate_view}
    {CK storm_U16_reg_134 default_emulate_view}
    {CK storm_U23_reg_136 default_emulate_view}
    {CK storm_U80_reg_140 default_emulate_view}
    {CK storm_U16_reg_191 default_emulate_view}
    {CK kasa_U867_reg default_emulate_view}
    {CK U268_reg_3 default_emulate_view}
    {CK U222_reg_0 default_emulate_view}
    {CK U38_reg_204 default_emulate_view}
    {CK U87_reg_66 default_emulate_view}
    {CK U30_reg_175 default_emulate_view}
    {CK U30_reg_154 default_emulate_view}
    {CK U45_reg_29 default_emulate_view}
    {CK tiki_U14_reg_reg_108_1 default_emulate_view}
    {CK tiki_U14_reg_reg_246_2 default_emulate_view}
    {CK U104_reg_14 default_emulate_view}
    {CK tiki_U47_reg_174 default_emulate_view}
    {CK U65_reg_351 default_emulate_view}
    {CK U65_reg_43 default_emulate_view}
    {CK tiki_U14_reg_reg_89_5 default_emulate_view}
    {CK storm_U34_reg_166 default_emulate_view}
    {CK storm_U62_reg_168 default_emulate_view}
    {CK storm_U22_reg_172 default_emulate_view}
    {CK storm_U88_reg_32 default_emulate_view}
    {CK U73_reg_45 default_emulate_view}
    {CK U35_reg_17 default_emulate_view}
    {CK tiki_U14_reg_reg_62_4 default_emulate_view}
    {CK storm_U80_reg_159 default_emulate_view}
    {CK storm_U133_reg_135 default_emulate_view}
    {CK storm_U53_reg_122 default_emulate_view}
    {CK storm_U88_reg_24 default_emulate_view}
    {CK storm_U16_reg_167 default_emulate_view}
    {CK U167_reg_4 default_emulate_view}
    {CK U20_reg_204 default_emulate_view}
    {CK U20_reg_325 default_emulate_view}
    {CK tiki_U14_reg_reg_129_3 default_emulate_view}
    {CK tiki_U14_reg_reg_5_1 default_emulate_view}
    {CK U58_reg_25 default_emulate_view}
    {CK U17_reg_53 default_emulate_view}
    {CK U19_reg_65 default_emulate_view}
    {CK U10_reg_70 default_emulate_view}
    {CK tiki_U14_reg_reg_84_3 default_emulate_view}
    {CK storm_U43_reg_138 default_emulate_view}
    {CK storm_U88_reg_124 default_emulate_view}
    {CK storm_U80_reg_128 default_emulate_view}
    {CK kasa_U868_reg default_emulate_view}
    {CK tiki_U14_reg_reg_163_4 default_emulate_view}
    {CK tiki_U14_reg_reg_215_4 default_emulate_view}
    {CK storm_U34_reg_194 default_emulate_view}
    {CK U73_reg_0 default_emulate_view}
    {CK U24_reg_45 default_emulate_view}
    {CK tiki_U14_reg_reg_191_11 default_emulate_view}
    {CK tiki_U37_reg_246 default_emulate_view}
    {CK tiki_U14_reg_reg_171_2 default_emulate_view}
    {CK tiki_U14_reg_reg_23_4 default_emulate_view}
    {CK U20_reg_528 default_emulate_view}
    {CK tiki_U14_reg_reg_241_7 default_emulate_view}
    {CK U12_reg_106 default_emulate_view}
    {CK tiki_U37_reg_232 default_emulate_view}
    {CK U19_reg_9 default_emulate_view}
    {CK U84_reg_11 default_emulate_view}
    {CK tiki_U21_reg_118 default_emulate_view}
    {CK U20_reg_113 default_emulate_view}
    {CK tiki_U14_reg_reg_187_11 default_emulate_view}
    {CK storm_U4_reg_75 default_emulate_view}
    {CK storm_U80_reg_4 default_emulate_view}
    {CK storm_U41_reg_175 default_emulate_view}
    {CK U5_reg_130 default_emulate_view}
    {CK U124_reg_5 default_emulate_view}
    {CK U30_reg_232 default_emulate_view}
    {CK U10_reg_86 default_emulate_view}
    {CK U58_reg_34 default_emulate_view}
    {CK U38_reg_70 default_emulate_view}
    {CK U32_reg_175 default_emulate_view}
    {CK U70_reg_43 default_emulate_view}
    {CK U31_reg_33 default_emulate_view}
    {CK tiki_U14_reg_reg_245_2 default_emulate_view}
    {CK tiki_U200_reg_11 default_emulate_view}
    {CK tiki_U14_reg_reg_240_9 default_emulate_view}
    {CK storm_U34_reg_3 default_emulate_view}
    {CK U20_reg_373 default_emulate_view}
    {CK U65_reg_132 default_emulate_view}
    {CK tiki_U14_reg_reg_74_10 default_emulate_view}
    {CK tiki_U14_reg_reg_94_8 default_emulate_view}
    {CK tiki_U37_reg_49 default_emulate_view}
    {CK storm_U259_reg_7 default_emulate_view}
    {CK storm_U78_reg_109 default_emulate_view}
    {CK storm_U53_reg_121 default_emulate_view}
    {CK storm_U43_reg_115 default_emulate_view}
    {CK U869_reg default_emulate_view}
    {CK U76_reg_19 default_emulate_view}
    {CK U870_reg default_emulate_view}
    {CK storm_U50_reg_117 default_emulate_view}
    {CK storm_U152_reg_2 default_emulate_view}
    {CK U231_reg_0 default_emulate_view}
    {CK U10_reg_12 default_emulate_view}
    {CK U871_reg default_emulate_view}
    {CK U790_reg_1 default_emulate_view}
    {CK tiki_U14_reg_reg_58_5 default_emulate_view}
    {CK tiki_U14_reg_reg_83_5 default_emulate_view}
    {CK tiki_U14_reg_reg_106_8 default_emulate_view}
    {CK storm_U3_reg_1 default_emulate_view}
    {CK storm_U3_reg_9 default_emulate_view}
    {CK U20_reg_249 default_emulate_view}
    {CK U20_reg_610 default_emulate_view}
    {CK tiki_U14_reg_reg_232_3 default_emulate_view}
    {CK tiki_U14_reg_reg_16_2 default_emulate_view}
    {CK U65_reg_335 default_emulate_view}
    {CK tiki_U21_reg_74 default_emulate_view}
    {CK storm_U2_reg_177 default_emulate_view}
    {CK storm_U4_reg_66 default_emulate_view}
    {CK tiki_U14_reg_reg_140_8 default_emulate_view}
    {CK storm_U26_reg_110 default_emulate_view}
    {CK U63_reg_25 default_emulate_view}
    {CK U76_reg_62 default_emulate_view}
    {CK tiki_U14_reg_reg_10_4 default_emulate_view}
    {CK storm_U59_reg_63 default_emulate_view}
    {CK storm_U52_reg_77 default_emulate_view}
    {CK storm_U50_reg_87 default_emulate_view}
    {CK U20_reg_27 default_emulate_view}
    {CK tiki_U14_reg_reg_98_10 default_emulate_view}
    {CK U234_reg_4 default_emulate_view}
    {CK tiki_U14_reg_reg_169_0 default_emulate_view}
    {CK U35_reg_16 default_emulate_view}
    {CK storm_U16_reg_49 default_emulate_view}
    {CK storm_U41_reg_57 default_emulate_view}
    {CK tiki_U169_reg_12 default_emulate_view}
    {CK tiki_U14_reg_reg_158_7 default_emulate_view}
    {CK U65_reg_11 default_emulate_view}
    {CK tiki_U14_reg_reg_124_11 default_emulate_view}
    {CK tiki_U14_reg_reg_115_9 default_emulate_view}
    {CK U19_reg_34 default_emulate_view}
    {CK tiki_U285_reg_19 default_emulate_view}
    {CK U10_reg_118 default_emulate_view}
    {CK kasa_U872_reg default_emulate_view}
    {CK storm_U41_reg_75 default_emulate_view}
    {CK storm_U52_reg_81 default_emulate_view}
    {CK storm_U43_reg_108 default_emulate_view}
    {CK U65_reg_138 default_emulate_view}
    {CK tiki_U14_reg_reg_63_9 default_emulate_view}
    {CK storm_U133_reg_84 default_emulate_view}
    {CK tiki_U14_reg_reg_227_4 default_emulate_view}
    {CK tiki_U169_reg_9 default_emulate_view}
    {CK U29_reg_35 default_emulate_view}
    {CK tiki_U14_reg_reg_34_4 default_emulate_view}
    {CK U399_reg_6 default_emulate_view}
    {CK U20_reg_109 default_emulate_view}
    {CK tiki_U14_reg_reg_57_7 default_emulate_view}
    {CK U17_reg_10 default_emulate_view}
    {CK storm_U34_reg_185 default_emulate_view}
    {CK U5_reg_86 default_emulate_view}
    {CK storm_U25_reg_87 default_emulate_view}
    {CK storm_U26_reg_89 default_emulate_view}
    {CK storm_U3_reg_0 default_emulate_view}
    {CK storm_U25_reg_79 default_emulate_view}
    {CK storm_U41_reg_76 default_emulate_view}
    {CK storm_U23_reg_65 default_emulate_view}
    {CK U240_reg_1 default_emulate_view}
    {CK U77_reg_1 default_emulate_view}
    {CK U51_reg_174 default_emulate_view}
    {CK U11_reg_220 default_emulate_view}
    {CK U104_reg_7 default_emulate_view}
    {CK U18_reg_2 default_emulate_view}
    {CK U46_reg_6 default_emulate_view}
    {CK U129_reg_1 default_emulate_view}
    {CK U11_reg_89 default_emulate_view}
    {CK U32_reg_42 default_emulate_view}
    {CK U84_reg_22 default_emulate_view}
    {CK U71_reg_20 default_emulate_view}
    {CK U30_reg_108 default_emulate_view}
    {CK tiki_U14_reg_reg_99_7 default_emulate_view}
    {CK tiki_U14_reg_reg_52_1 default_emulate_view}
    {CK storm_U23_reg_184 default_emulate_view}
    {CK U11_reg_67 default_emulate_view}
    {CK U20_reg_357 default_emulate_view}
    {CK U65_reg_372 default_emulate_view}
    {CK storm_U43_reg_63 default_emulate_view}
    {CK storm_U26_reg_58 default_emulate_view}
    {CK storm_U41_reg_51 default_emulate_view}
    {CK U510_reg_2 default_emulate_view}
    {CK tiki_U14_reg_reg_179_4 default_emulate_view}
    {CK tiki_U14_reg_reg_21_4 default_emulate_view}
    {CK U873_reg_0 default_emulate_view}
    {CK tiki_U14_reg_reg_206_5 default_emulate_view}
    {CK U245_reg_0 default_emulate_view}
    {CK tiki_U14_reg_reg_131_4 default_emulate_view}
    {CK tiki_U14_reg_reg_168_0 default_emulate_view}
    {CK tiki_U14_reg_reg_130_9 default_emulate_view}
    {CK U76_reg_17 default_emulate_view}
    {CK U874_reg default_emulate_view}
    {CK U20_reg_337 default_emulate_view}
    {CK U20_reg_281 default_emulate_view}
    {CK tiki_U14_reg_reg_199_6 default_emulate_view}
    {CK U32_reg_111 default_emulate_view}
    {CK U30_reg_61 default_emulate_view}
    {CK U10_reg_154 default_emulate_view}
    {CK tiki_U14_reg_reg_119_4 default_emulate_view}
    {CK U20_reg_405 default_emulate_view}
    {CK tiki_U37_reg_17 default_emulate_view}
    {CK U12_reg_25 default_emulate_view}
    {CK U5_reg_168 default_emulate_view}
    {CK kasa_U875_reg default_emulate_view}
    {CK tiki_U14_reg_reg_18_10 default_emulate_view}
    {CK tiki_U127_reg_8 default_emulate_view}
    {CK tiki_U14_reg_reg_13_10 default_emulate_view}
    {CK tiki_U21_reg_177 default_emulate_view}
    {CK U76_reg_64 default_emulate_view}
    {CK U20_reg_570 default_emulate_view}
    {CK U20_reg_514 default_emulate_view}
    {CK tiki_U14_reg_reg_190_9 default_emulate_view}
    {CK tiki_U200_reg_0 default_emulate_view}
    {CK tiki_U126_reg_2 default_emulate_view}
    {CK U38_reg_137 default_emulate_view}
    {CK tiki_U14_reg_reg_146_3 default_emulate_view}
    {CK tiki_U14_reg_reg_57_2 default_emulate_view}
    {CK U413_reg_6 default_emulate_view}
    {CK tiki_U14_reg_reg_220_2 default_emulate_view}
    {CK U49_reg_11 default_emulate_view}
    {CK tiki_U14_reg_reg_225_10 default_emulate_view}
    {CK kasa_U876_reg default_emulate_view}
    {CK tiki_U14_reg_reg_87_2 default_emulate_view}
    {CK tiki_U185_reg_3 default_emulate_view}
    {CK tiki_U14_reg_reg_83_1 default_emulate_view}
    {CK U20_reg_236 default_emulate_view}
    {CK U20_reg_93 default_emulate_view}
    {CK U138_reg_47 default_emulate_view}
    {CK U129_reg_125 default_emulate_view}
    {CK U84_reg_67 default_emulate_view}
    {CK tiki_U14_reg_reg_24_3 default_emulate_view}
    {CK U20_reg_571 default_emulate_view}
    {CK U65_reg_10 default_emulate_view}
    {CK tiki_U37_reg_132 default_emulate_view}
    {CK storm_U94_reg_9 default_emulate_view}
    {CK storm_U78_reg_199 default_emulate_view}
    {CK storm_U22_reg_55 default_emulate_view}
    {CK storm_U26_reg_187 default_emulate_view}
    {CK storm_U22_reg_183 default_emulate_view}
    {CK storm_U22_reg_86 default_emulate_view}
    {CK U268_reg_7 default_emulate_view}
    {CK kasa_U877_reg default_emulate_view}
    {CK U129_reg_35 default_emulate_view}
    {CK U30_reg_113 default_emulate_view}
    {CK U32_reg_0 default_emulate_view}
    {CK tiki_U14_reg_reg_54_5 default_emulate_view}
    {CK tiki_U14_reg_reg_184_0 default_emulate_view}
    {CK storm_U295_reg_3 default_emulate_view}
    {CK tiki_U14_reg_reg_202_10 default_emulate_view}
    {CK U879_reg default_emulate_view}
    {CK U20_reg_280 default_emulate_view}
    {CK U65_reg_558 default_emulate_view}
    {CK U65_reg_565 default_emulate_view}
    {CK tiki_U14_reg_reg_178_4 default_emulate_view}
    {CK storm_U22_reg_82 default_emulate_view}
    {CK storm_U34_reg_80 default_emulate_view}
    {CK storm_U80_reg_75 default_emulate_view}
    {CK storm_U41_reg_69 default_emulate_view}
    {CK U175_reg_44 default_emulate_view}
    {CK U76_reg_8 default_emulate_view}
    {CK tiki_U21_reg_229 default_emulate_view}
    {CK tiki_U14_reg_reg_238_4 default_emulate_view}
    {CK storm_U1_reg_87 default_emulate_view}
    {CK storm_U22_reg_52 default_emulate_view}
    {CK storm_U78_reg_203 default_emulate_view}
    {CK tiki_U21_reg_110 default_emulate_view}
    {CK U251_reg_3 default_emulate_view}
    {CK tiki_U14_reg_reg_41_3 default_emulate_view}
    {CK tiki_U95_reg_12 default_emulate_view}
    {CK U63_reg_70 default_emulate_view}
    {CK storm_U3_reg_74 default_emulate_view}
    {CK storm_U52_reg_80 default_emulate_view}
    {CK tiki_U47_reg_127 default_emulate_view}
    {CK tiki_U229_reg_6 default_emulate_view}
    {CK U20_reg_515 default_emulate_view}
    {CK U20_reg_404 default_emulate_view}
    {CK tiki_U14_reg_reg_42_3 default_emulate_view}
    {CK U880_reg default_emulate_view}
    {CK U38_reg_10 default_emulate_view}
    {CK U881_reg default_emulate_view}
    {CK U11_reg_170 default_emulate_view}
    {CK tiki_U47_reg_161 default_emulate_view}
    {CK tiki_U14_reg_reg_55_9 default_emulate_view}
    {CK storm_U2_reg_186 default_emulate_view}
    {CK storm_U3_reg_78 default_emulate_view}
    {CK storm_U88_reg_117 default_emulate_view}
    {CK U65_reg_564 default_emulate_view}
    {CK kasa_U882_reg default_emulate_view}
    {CK tiki_U14_reg_reg_223_2 default_emulate_view}
    {CK tiki_U14_reg_reg_78_0 default_emulate_view}
    {CK storm_U1_reg_195 default_emulate_view}
    {CK U175_reg_34 default_emulate_view}
    {CK U256_reg_1 default_emulate_view}
    {CK tiki_U14_reg_reg_92_0 default_emulate_view}
    {CK U65_reg_678 default_emulate_view}
    {CK U65_reg_677 default_emulate_view}
    {CK U38_reg_129 default_emulate_view}
    {CK U19_reg_48 default_emulate_view}
    {CK U11_reg_29 default_emulate_view}
    {CK storm_U34_reg_193 default_emulate_view}
    {CK U70_reg_5 default_emulate_view}
    {CK tiki_U14_reg_reg_163_10 default_emulate_view}
    {CK U260_reg_3 default_emulate_view}
    {CK U157_reg_5 default_emulate_view}
    {CK tiki_U14_reg_reg_210_8 default_emulate_view}
    {CK tiki_U14_reg_reg_90_0 default_emulate_view}
    {CK U29_reg_18 default_emulate_view}
    {CK tiki_U14_reg_reg_68_4 default_emulate_view}
    {CK U65_reg_629 default_emulate_view}
    {CK U20_reg_336 default_emulate_view}
    {CK tiki_U14_reg_reg_198_11 default_emulate_view}
    {CK tiki_U14_reg_reg_177_8 default_emulate_view}
    {CK U32_reg_13 default_emulate_view}
    {CK U87_reg_7 default_emulate_view}
    {CK U84_reg_72 default_emulate_view}
    {CK U481_reg_1 default_emulate_view}
    {CK U12_reg_82 default_emulate_view}
    {CK U19_reg_81 default_emulate_view}
    {CK tiki_U14_reg_reg_214_11 default_emulate_view}
    {CK U5_reg_203 default_emulate_view}
    {CK tiki_U14_reg_reg_240_3 default_emulate_view}
    {CK U107_reg_6 default_emulate_view}
    {CK tiki_U14_reg_reg_133_0 default_emulate_view}
    {CK tiki_U14_reg_reg_243_3 default_emulate_view}
    {CK U65_reg_373 default_emulate_view}
    {CK U20_reg_356 default_emulate_view}
    {CK U883_reg default_emulate_view}
    {CK tiki_U14_reg_reg_146_8 default_emulate_view}
    {CK U30_reg_94 default_emulate_view}
    {CK U71_reg_32 default_emulate_view}
    {CK U32_reg_22 default_emulate_view}
    {CK U11_reg_191 default_emulate_view}
    {CK tiki_U14_reg_reg_135_1 default_emulate_view}
    {CK U510_reg_3 default_emulate_view}
    {CK U20_reg_26 default_emulate_view}
    {CK U812_reg_0 default_emulate_view}
    {CK U65_reg_630 default_emulate_view}
    {CK tiki_U14_reg_reg_204_7 default_emulate_view}
    {CK tiki_U14_reg_reg_133_10 default_emulate_view}
    {CK U29_reg_65 default_emulate_view}
    {CK U265_reg_0 default_emulate_view}
    {CK U20_reg_108 default_emulate_view}
    {CK U65_reg_516 default_emulate_view}
    {CK U65_reg_517 default_emulate_view}
    {CK tiki_U21_reg_48 default_emulate_view}
    {CK U5_reg_158 default_emulate_view}
    {CK storm_U53_reg_28 default_emulate_view}
    {CK storm_U53_reg_14 default_emulate_view}
    {CK U20_reg_612 default_emulate_view}
    {CK kasa_U884_reg default_emulate_view}
    {CK U172_reg_0 default_emulate_view}
    {CK tiki_U14_reg_reg_127_5 default_emulate_view}
    {CK tiki_U14_reg_reg_72_4 default_emulate_view}
    {CK tiki_U14_reg_reg_147_11 default_emulate_view}
    {CK U73_reg_28 default_emulate_view}
    {CK tiki_U14_reg_reg_104_7 default_emulate_view}
    {CK U65_reg_302 default_emulate_view}
    {CK U65_reg_139 default_emulate_view}
    {CK tiki_U14_reg_reg_236_7 default_emulate_view}
    {CK tiki_U14_reg_reg_152_3 default_emulate_view}
    {CK U38_reg_103 default_emulate_view}
    {CK U5_reg_71 default_emulate_view}
    {CK tiki_U407_reg_5 default_emulate_view}
    {CK storm_U50_reg_2 default_emulate_view}
    {CK storm_U80_reg_8 default_emulate_view}
    {CK storm_U80_reg_22 default_emulate_view}
    {CK U20_reg_248 default_emulate_view}
    {CK tiki_U14_reg_reg_8_11 default_emulate_view}
    {CK tiki_U14_reg_reg_38_7 default_emulate_view}
    {CK tiki_U14_reg_reg_250_10 default_emulate_view}
    {CK tiki_U14_reg_reg_138_11 default_emulate_view}
    {CK U65_reg_249 default_emulate_view}
    {CK U65_reg_248 default_emulate_view}
    {CK U885_reg default_emulate_view}
    {CK U58_reg_3 default_emulate_view}
    {CK tiki_U14_reg_reg_169_4 default_emulate_view}
    {CK storm_U50_reg_25 default_emulate_view}
    {CK tiki_U14_reg_reg_198_6 default_emulate_view}
    {CK storm_U43_reg_14 default_emulate_view}
    {CK storm_U43_reg_20 default_emulate_view}
    {CK storm_U2_reg_5 default_emulate_view}
    {CK storm_U43_reg_6 default_emulate_view}
    {CK storm_U50_reg_3 default_emulate_view}
    {CK U5_reg_242 default_emulate_view}
    {CK U271_reg_4 default_emulate_view}
    {CK U51_reg_159 default_emulate_view}
    {CK U17_reg_0 default_emulate_view}
    {CK U31_reg_26 default_emulate_view}
    {CK U30_reg_187 default_emulate_view}
    {CK U45_reg_9 default_emulate_view}
    {CK tiki_U14_reg_reg_14_3 default_emulate_view}
    {CK storm_U43_reg_24 default_emulate_view}
    {CK U65_reg_645 default_emulate_view}
    {CK U20_reg_112 default_emulate_view}
    {CK U65_reg_646 default_emulate_view}
    {CK U20_reg_372 default_emulate_view}
    {CK U65_reg_133 default_emulate_view}
    {CK tiki_U14_reg_reg_206_2 default_emulate_view}
    {CK tiki_U21_reg_172 default_emulate_view}
    {CK tiki_U14_reg_reg_15_7 default_emulate_view}
    {CK tiki_U81_reg_19 default_emulate_view}
    {CK U49_reg_1 default_emulate_view}
    {CK U35_reg_66 default_emulate_view}
    {CK storm_U133_reg_130 default_emulate_view}
    {CK U20_reg_529 default_emulate_view}
    {CK U272_reg_1 default_emulate_view}
    {CK U352_reg_6 default_emulate_view}
    {CK U76_reg_77 default_emulate_view}
    {CK storm_U1_reg_143 default_emulate_view}
    {CK storm_U23_reg_137 default_emulate_view}
    {CK tiki_U14_reg_reg_99_8 default_emulate_view}
    {CK tiki_U14_reg_reg_1_9 default_emulate_view}
    {CK U45_reg_18 default_emulate_view}
    {CK U12_reg_125 default_emulate_view}
    {CK U567_reg_2 default_emulate_view}
    {CK U17_reg_102 default_emulate_view}
    {CK U5_reg_171 default_emulate_view}
    {CK storm_U25_reg_120 default_emulate_view}
    {CK storm_U43_reg_162 default_emulate_view}
    {CK storm_U43_reg_133 default_emulate_view}
    {CK tiki_U14_reg_reg_84_5 default_emulate_view}
    {CK tiki_U14_reg_reg_37_9 default_emulate_view}
    {CK U49_reg_56 default_emulate_view}
    {CK storm_U3_reg_140 default_emulate_view}
    {CK U256_reg_6 default_emulate_view}
    {CK U65_reg_181 default_emulate_view}
    {CK U20_reg_324 default_emulate_view}
    {CK U65_reg_548 default_emulate_view}
    {CK tiki_U95_reg_9 default_emulate_view}
    {CK U11_reg_239 default_emulate_view}
    {CK U11_reg_143 default_emulate_view}
    {CK storm_U34_reg_128 default_emulate_view}
    {CK storm_U50_reg_163 default_emulate_view}
    {CK tiki_U14_reg_reg_115_1 default_emulate_view}
    {CK U141_reg_0 default_emulate_view}
    {CK U122_reg_23 default_emulate_view}
    {CK storm_U80_reg_117 default_emulate_view}
    {CK storm_U1_reg_157 default_emulate_view}
    {CK tiki_U47_reg_12 default_emulate_view}
    {CK U20_reg_64 default_emulate_view}
    {CK U65_reg_472 default_emulate_view}
    {CK U132_reg_4 default_emulate_view}
    {CK tiki_U14_reg_reg_197_0 default_emulate_view}
    {CK U31_reg_51 default_emulate_view}
    {CK U32_reg_158 default_emulate_view}
    {CK U138_reg_30 default_emulate_view}
    {CK U19_reg_27 default_emulate_view}
    {CK tiki_U14_reg_reg_154_1 default_emulate_view}
    {CK U65_reg_42 default_emulate_view}
    {CK storm_U43_reg_139 default_emulate_view}
    {CK U65_reg_180 default_emulate_view}
    {CK tiki_U14_reg_reg_203_2 default_emulate_view}
    {CK kasa_U886_reg default_emulate_view}
    {CK storm_U22_reg_132 default_emulate_view}
    {CK tiki_U14_reg_reg_203_11 default_emulate_view}
    {CK tiki_U263_reg_5 default_emulate_view}
    {CK tiki_U14_reg_reg_8_9 default_emulate_view}
    {CK tiki_U14_reg_reg_179_9 default_emulate_view}
    {CK tiki_U14_reg_reg_140_3 default_emulate_view}
    {CK U65_reg_350 default_emulate_view}
    {CK U65_reg_473 default_emulate_view}
    {CK U65_reg_549 default_emulate_view}
    {CK tiki_U14_reg_reg_102_8 default_emulate_view}
    {CK tiki_U14_reg_reg_111_4 default_emulate_view}
    {CK U38_reg_237 default_emulate_view}
    {CK U84_reg_6 default_emulate_view}
    {CK U30_reg_240 default_emulate_view}
    {CK tiki_U14_reg_reg_145_6 default_emulate_view}
    {CK U65_reg_283 default_emulate_view}
    {CK U310_reg_0 default_emulate_view}
    {CK U5_reg_30 default_emulate_view}
    {CK U51_reg_110 default_emulate_view}
    {CK U17_reg_98 default_emulate_view}
    {CK U138_reg_78 default_emulate_view}
    {CK U32_reg_132 default_emulate_view}
    {CK U30_reg_303 default_emulate_view}
    {CK U31_reg_71 default_emulate_view}
    {CK U30_reg_278 default_emulate_view}
    {CK U30_reg_68 default_emulate_view}
    {CK tiki_U14_reg_reg_39_4 default_emulate_view}
    {CK tiki_U14_reg_reg_113_10 default_emulate_view}
    {CK U20_reg_205 default_emulate_view}
    {CK tiki_U14_reg_reg_160_0 default_emulate_view}
    {CK tiki_U21_reg_79 default_emulate_view}
    {CK tiki_U14_reg_reg_67_5 default_emulate_view}
    {CK storm_U59_reg_159 default_emulate_view}
    {CK U63_reg_36 default_emulate_view}
    {CK U76_reg_52 default_emulate_view}
    {CK tiki_U14_reg_reg_32_0 default_emulate_view}
    {CK kasa_U887_reg default_emulate_view}
    {CK U350_reg_3 default_emulate_view}
    {CK tiki_U14_reg_reg_222_4 default_emulate_view}
    {CK tiki_U37_reg_71 default_emulate_view}
    {CK tiki_U14_reg_reg_93_11 default_emulate_view}
    {CK U29_reg_7 default_emulate_view}
    {CK tiki_U47_reg_167 default_emulate_view}
    {CK tiki_U14_reg_reg_16_5 default_emulate_view}
    {CK U20_reg_459 default_emulate_view}
    {CK tiki_U14_reg_reg_24_5 default_emulate_view}
    {CK tiki_U327_reg_5 default_emulate_view}
    {CK tiki_U14_reg_reg_103_8 default_emulate_view}
    {CK U76_reg_29 default_emulate_view}
    {CK tiki_U14_reg_reg_114_5 default_emulate_view}
    {CK U32_reg_6 default_emulate_view}
    {CK U10_reg_69 default_emulate_view}
    {CK storm_U41_reg_33 default_emulate_view}
    {CK storm_U34_reg_65 default_emulate_view}
    {CK tiki_U14_reg_reg_179_11 default_emulate_view}
    {CK kasa_U889_reg default_emulate_view}
    {CK U35_reg_53 default_emulate_view}
    {CK storm_U1_reg_15 default_emulate_view}
    {CK storm_U62_reg_26 default_emulate_view}
    {CK tiki_U14_reg_reg_218_7 default_emulate_view}
    {CK tiki_U14_reg_reg_112_8 default_emulate_view}
    {CK tiki_U37_reg_125 default_emulate_view}
    {CK U32_reg_29 default_emulate_view}
    {CK tiki_U37_reg_218 default_emulate_view}
    {CK tiki_U200_reg_7 default_emulate_view}
    {CK storm_U41_reg_52 default_emulate_view}
    {CK storm_U26_reg_59 default_emulate_view}
    {CK storm_U62_reg_69 default_emulate_view}
    {CK tiki_U81_reg_14 default_emulate_view}
    {CK storm_U52_reg_30 default_emulate_view}
    {CK U49_reg_4 default_emulate_view}
    {CK storm_U3_reg_24 default_emulate_view}
    {CK tiki_U185_reg_4 default_emulate_view}
    {CK tiki_U14_reg_reg_189_0 default_emulate_view}
    {CK tiki_U14_reg_reg_9_11 default_emulate_view}
    {CK U45_reg_75 default_emulate_view}
    {CK U11_reg_183 default_emulate_view}
    {CK storm_U2_reg_76 default_emulate_view}
    {CK U32_reg_73 default_emulate_view}
    {CK U10_reg_87 default_emulate_view}
    {CK storm_U23_reg_35 default_emulate_view}
    {CK storm_U78_reg_58 default_emulate_view}
    {CK storm_U133_reg_67 default_emulate_view}
    {CK tiki_U14_reg_reg_76_5 default_emulate_view}
    {CK kasa_U890_reg default_emulate_view}
    {CK tiki_U14_reg_reg_174_2 default_emulate_view}
    {CK tiki_U14_reg_reg_244_7 default_emulate_view}
    {CK storm_U25_reg_22 default_emulate_view}
    {CK storm_U16_reg_61 default_emulate_view}
    {CK tiki_U14_reg_reg_174_6 default_emulate_view}
    {CK tiki_U14_reg_reg_68_3 default_emulate_view}
    {CK U30_reg_257 default_emulate_view}
    {CK U204_reg_0 default_emulate_view}
    {CK U380_reg_3 default_emulate_view}
    {CK storm_U43_reg_82 default_emulate_view}
    {CK U51_reg_42 default_emulate_view}
    {CK U20_reg_443 default_emulate_view}
    {CK storm_U133_reg_24 default_emulate_view}
    {CK storm_U16_reg_84 default_emulate_view}
    {CK U891_reg default_emulate_view}
    {CK storm_U23_reg_31 default_emulate_view}
    {CK U24_reg_41 default_emulate_view}
    {CK tiki_U14_reg_reg_166_11 default_emulate_view}
    {CK tiki_U47_reg_239 default_emulate_view}
    {CK tiki_U14_reg_reg_253_5 default_emulate_view}
    {CK U20_reg_189 default_emulate_view}
    {CK U99_reg_11 default_emulate_view}
    {CK U70_reg_79 default_emulate_view}
    {CK U30_reg_43 default_emulate_view}
    {CK U12_reg_33 default_emulate_view}
    {CK U104_reg_27 default_emulate_view}
    {CK storm_U43_reg_74 default_emulate_view}
    {CK U10_reg_11 default_emulate_view}
    {CK storm_U2_reg_118 default_emulate_view}
    {CK storm_U25_reg_159 default_emulate_view}
    {CK storm_U23_reg_166 default_emulate_view}
    {CK storm_U34_reg_171 default_emulate_view}
    {CK storm_U25_reg_174 default_emulate_view}
    {CK storm_U4_reg_14 default_emulate_view}
    {CK U51_reg_147 default_emulate_view}
    {CK tiki_U14_reg_reg_193_11 default_emulate_view}
    {CK tiki_U37_reg_158 default_emulate_view}
    {CK storm_U22_reg_139 default_emulate_view}
    {CK tiki_U14_reg_reg_248_6 default_emulate_view}
    {CK U20_reg_237 default_emulate_view}
    {CK tiki_U14_reg_reg_200_7 default_emulate_view}
    {CK tiki_U301_reg_6 default_emulate_view}
    {CK tiki_U14_reg_reg_43_4 default_emulate_view}
    {CK tiki_U14_reg_reg_168_3 default_emulate_view}
    {CK tiki_U14_reg_reg_18_2 default_emulate_view}
    {CK tiki_U14_reg_reg_165_8 default_emulate_view}
    {CK storm_U315_reg_2 default_emulate_view}
    {CK storm_U89_reg_0 default_emulate_view}
    {CK storm_U26_reg_192 default_emulate_view}
    {CK storm_U1_reg_205 default_emulate_view}
    {CK U49_reg_22 default_emulate_view}
    {CK U35_reg_0 default_emulate_view}
    {CK tiki_U14_reg_reg_11_9 default_emulate_view}
    {CK tiki_U217_reg_4 default_emulate_view}
    {CK storm_U4_reg_38 default_emulate_view}
    {CK storm_U50_reg_169 default_emulate_view}
    {CK storm_U78_reg_149 default_emulate_view}
    {CK tiki_U14_reg_reg_63_1 default_emulate_view}
    {CK tiki_U21_reg_4 default_emulate_view}
    {CK tiki_U37_reg_39 default_emulate_view}
    {CK U76_reg_50 default_emulate_view}
    {CK storm_U218_reg_3 default_emulate_view}
    {CK storm_U176_reg_5 default_emulate_view}
    {CK U38_reg_199 default_emulate_view}
    {CK U38_reg_90 default_emulate_view}
    {CK U38_reg_32 default_emulate_view}
    {CK U12_reg_48 default_emulate_view}
    {CK U51_reg_18 default_emulate_view}
    {CK storm_U22_reg_171 default_emulate_view}
    {CK storm_U585_reg_1 default_emulate_view}
    {CK storm_U25_reg_191 default_emulate_view}
    {CK kasa_U892_reg default_emulate_view}
    {CK U893_reg_0 default_emulate_view}
    {CK tiki_U14_reg_reg_246_5 default_emulate_view}
    {CK storm_U4_reg_42 default_emulate_view}
    {CK U63_reg_59 default_emulate_view}
    {CK tiki_U14_reg_reg_158_5 default_emulate_view}
    {CK tiki_U14_reg_reg_89_7 default_emulate_view}
    {CK tiki_U14_reg_reg_186_11 default_emulate_view}
    {CK tiki_U14_reg_reg_50_2 default_emulate_view}
    {CK U84_reg_29 default_emulate_view}
    {CK U138_reg_8 default_emulate_view}
    {CK tiki_U47_reg_52 default_emulate_view}
    {CK U17_reg_31 default_emulate_view}
    {CK storm_U43_reg_140 default_emulate_view}
    {CK U87_reg_61 default_emulate_view}
    {CK U51_reg_173 default_emulate_view}
    {CK storm_U150_reg_15 default_emulate_view}
    {CK U20_reg_451 default_emulate_view}
    {CK U297_reg_3 default_emulate_view}
    {CK tiki_U14_reg_reg_1_2 default_emulate_view}
    {CK U122_reg_12 default_emulate_view}
    {CK U65_reg_269 default_emulate_view}
    {CK U87_reg_36 default_emulate_view}
    {CK U70_reg_10 default_emulate_view}
    {CK U11_reg_165 default_emulate_view}
    {CK storm_U41_reg_113 default_emulate_view}
    {CK storm_U53_reg_174 default_emulate_view}
    {CK tiki_U14_reg_reg_123_2 default_emulate_view}
    {CK U282_reg_6 default_emulate_view}
    {CK tiki_U14_reg_reg_140_1 default_emulate_view}
    {CK tiki_U14_reg_reg_87_4 default_emulate_view}
    {CK tiki_U14_reg_reg_63_4 default_emulate_view}
    {CK U73_reg_17 default_emulate_view}
    {CK tiki_U14_reg_reg_40_0 default_emulate_view}
    {CK tiki_U21_reg_8 default_emulate_view}
    {CK U87_reg_48 default_emulate_view}
    {CK U32_reg_144 default_emulate_view}
    {CK U10_reg_155 default_emulate_view}
    {CK storm_U50_reg_111 default_emulate_view}
    {CK tiki_U112_reg_19 default_emulate_view}
    {CK kasa_U894_reg default_emulate_view}
    {CK U83_reg_69 default_emulate_view}
    {CK tiki_U14_reg_reg_193_2 default_emulate_view}
    {CK tiki_U47_reg_114 default_emulate_view}
    {CK U11_reg_189 default_emulate_view}
    {CK U895_reg default_emulate_view}
    {CK tiki_U14_reg_reg_61_1 default_emulate_view}
    {CK tiki_U308_reg_2 default_emulate_view}
    {CK U5_reg_141 default_emulate_view}
    {CK U51_reg_86 default_emulate_view}
    {CK storm_U133_reg_111 default_emulate_view}
    {CK storm_U152_reg_11 default_emulate_view}
    {CK U302_reg_0 default_emulate_view}
    {CK kasa_U896_reg default_emulate_view}
    {CK tiki_U14_reg_reg_101_9 default_emulate_view}
    {CK tiki_U14_reg_reg_2_10 default_emulate_view}
    {CK tiki_U14_reg_reg_32_3 default_emulate_view}
    {CK U24_reg_25 default_emulate_view}
    {CK U370_reg_2 default_emulate_view}
    {CK tiki_U14_reg_reg_74_4 default_emulate_view}
    {CK U20_reg_492 default_emulate_view}
    {CK tiki_U21_reg_203 default_emulate_view}
    {CK U20_reg_221 default_emulate_view}
    {CK U11_reg_197 default_emulate_view}
    {CK U19_reg_78 default_emulate_view}
    {CK U46_reg_4 default_emulate_view}
    {CK U58_reg_45 default_emulate_view}
    {CK tiki_U14_reg_reg_230_8 default_emulate_view}
    {CK tiki_U14_reg_reg_19_9 default_emulate_view}
    {CK storm_U16_reg_82 default_emulate_view}
    {CK storm_U133_reg_79 default_emulate_view}
    {CK storm_U3_reg_69 default_emulate_view}
    {CK storm_U53_reg_66 default_emulate_view}
    {CK storm_U133_reg_61 default_emulate_view}
    {CK storm_U34_reg_0 default_emulate_view}
    {CK kasa_U897_reg default_emulate_view}
    {CK U5_reg_45 default_emulate_view}
    {CK U135_reg_3 default_emulate_view}
    {CK U32_reg_4 default_emulate_view}
    {CK tiki_U95_reg_5 default_emulate_view}
    {CK tiki_U14_reg_reg_209_10 default_emulate_view}
    {CK storm_U78_reg_95 default_emulate_view}
    {CK tiki_U47_reg_230 default_emulate_view}
    {CK U20_reg_490 default_emulate_view}
    {CK U65_reg_562 default_emulate_view}
    {CK U20_reg_572 default_emulate_view}
    {CK tiki_U14_reg_reg_43_6 default_emulate_view}
    {CK tiki_U14_reg_reg_77_9 default_emulate_view}
    {CK tiki_U14_reg_reg_58_9 default_emulate_view}
    {CK tiki_U14_reg_reg_132_10 default_emulate_view}
    {CK tiki_U47_reg_186 default_emulate_view}
    {CK storm_U53_reg_51 default_emulate_view}
    {CK storm_U41_reg_49 default_emulate_view}
    {CK storm_U2_reg_33 default_emulate_view}
    {CK storm_U26_reg_30 default_emulate_view}
    {CK U73_reg_2 default_emulate_view}
    {CK tiki_U14_reg_reg_160_9 default_emulate_view}
    {CK tiki_U14_reg_reg_45_0 default_emulate_view}
    {CK tiki_U14_reg_reg_137_11 default_emulate_view}
    {CK storm_U53_reg_57 default_emulate_view}
    {CK storm_U25_reg_67 default_emulate_view}
    {CK storm_U25_reg_81 default_emulate_view}
    {CK U136_reg_0 default_emulate_view}
    {CK U24_reg_26 default_emulate_view}
    {CK storm_U59_reg_31 default_emulate_view}
    {CK storm_U80_reg_49 default_emulate_view}
    {CK tiki_U47_reg_255 default_emulate_view}
    {CK U20_reg_516 default_emulate_view}
    {CK tiki_U21_reg_154 default_emulate_view}
    {CK U71_reg_25 default_emulate_view}
    {CK U39_reg_9 default_emulate_view}
    {CK U5_reg_199 default_emulate_view}
    {CK storm_U41_reg_64 default_emulate_view}
    {CK storm_U59_reg_35 default_emulate_view}
    {CK storm_U80_reg_78 default_emulate_view}
    {CK tiki_U14_reg_reg_208_1 default_emulate_view}
    {CK kasa_U898_reg default_emulate_view}
    {CK U76_reg_69 default_emulate_view}
    {CK U73_reg_63 default_emulate_view}
    {CK tiki_U210_reg_17 default_emulate_view}
    {CK tiki_U14_reg_reg_43_3 default_emulate_view}
    {CK U84_reg_33 default_emulate_view}
    {CK U899_reg default_emulate_view}
    {CK storm_U80_reg_196 default_emulate_view}
    {CK kasa_U900_reg default_emulate_view}
    {CK U122_reg_50 default_emulate_view}
    {CK tiki_U14_reg_reg_91_9 default_emulate_view}
    {CK tiki_U21_reg_226 default_emulate_view}
    {CK U32_reg_109 default_emulate_view}
    {CK U30_reg_74 default_emulate_view}
    {CK U71_reg_18 default_emulate_view}
    {CK U17_reg_84 default_emulate_view}
    {CK U104_reg_30 default_emulate_view}
    {CK U11_reg_64 default_emulate_view}
    {CK tiki_U314_reg_8 default_emulate_view}
    {CK U175_reg_59 default_emulate_view}
    {CK U65_reg_374 default_emulate_view}
    {CK tiki_U21_reg_43 default_emulate_view}
    {CK tiki_U14_reg_reg_199_0 default_emulate_view}
    {CK U380_reg_1 default_emulate_view}
    {CK U30_reg_259 default_emulate_view}
    {CK U84_reg_20 default_emulate_view}
    {CK U129_reg_29 default_emulate_view}
    {CK U17_reg_122 default_emulate_view}
    {CK tiki_U14_reg_reg_116_11 default_emulate_view}
    {CK tiki_U14_reg_reg_161_2 default_emulate_view}
    {CK U83_reg_19 default_emulate_view}
    {CK tiki_U14_reg_reg_51_11 default_emulate_view}
    {CK tiki_U14_reg_reg_111_2 default_emulate_view}
    {CK tiki_U14_reg_reg_41_8 default_emulate_view}
    {CK kasa_U901_reg default_emulate_view}
    {CK kasa_U902_reg default_emulate_view}
    {CK tiki_U37_reg_147 default_emulate_view}
    {CK tiki_U14_reg_reg_197_11 default_emulate_view}
    {CK tiki_U14_reg_reg_121_8 default_emulate_view}
    {CK U63_reg_79 default_emulate_view}
    {CK tiki_U14_reg_reg_234_2 default_emulate_view}
    {CK U65_reg_137 default_emulate_view}
    {CK tiki_U14_reg_reg_172_7 default_emulate_view}
    {CK tiki_U148_reg_0 default_emulate_view}
    {CK tiki_U14_reg_reg_229_7 default_emulate_view}
    {CK U17_reg_78 default_emulate_view}
    {CK tiki_U14_reg_reg_208_9 default_emulate_view}
    {CK U5_reg_100 default_emulate_view}
    {CK U138_reg_77 default_emulate_view}
    {CK storm_U152_reg_4 default_emulate_view}
    {CK U7_reg_7 default_emulate_view}
    {CK tiki_U14_reg_reg_82_8 default_emulate_view}
    {CK storm_U2_reg_113 default_emulate_view}
    {CK U20_reg_613 default_emulate_view}
    {CK tiki_U37_reg_140 default_emulate_view}
    {CK tiki_U14_reg_reg_7_11 default_emulate_view}
    {CK U32_reg_181 default_emulate_view}
    {CK U58_reg_55 default_emulate_view}
    {CK U129_reg_90 default_emulate_view}
    {CK U99_reg_0 default_emulate_view}
    {CK storm_U59_reg_176 default_emulate_view}
    {CK storm_U52_reg_110 default_emulate_view}
    {CK U38_reg_57 default_emulate_view}
    {CK U38_reg_34 default_emulate_view}
    {CK U12_reg_27 default_emulate_view}
    {CK U12_reg_68 default_emulate_view}
    {CK U903_reg default_emulate_view}
    {CK U51_reg_162 default_emulate_view}
    {CK storm_U43_reg_109 default_emulate_view}
    {CK tiki_U14_reg_reg_126_2 default_emulate_view}
    {CK tiki_U14_reg_reg_235_11 default_emulate_view}
    {CK U122_reg_37 default_emulate_view}
    {CK storm_U2_reg_115 default_emulate_view}
    {CK tiki_U14_reg_reg_242_3 default_emulate_view}
    {CK U65_reg_134 default_emulate_view}
    {CK tiki_U904_reg default_emulate_view}
    {CK U30_reg_173 default_emulate_view}
    {CK U5_reg_89 default_emulate_view}
    {CK storm_U62_reg_175 default_emulate_view}
    {CK storm_U22_reg_5 default_emulate_view}
    {CK tiki_U14_reg_reg_248_10 default_emulate_view}
    {CK U375_reg_7 default_emulate_view}
    {CK tiki_U14_reg_reg_36_10 default_emulate_view}
    {CK storm_U16_reg_121 default_emulate_view}
    {CK tiki_U14_reg_reg_68_6 default_emulate_view}
    {CK U122_reg_52 default_emulate_view}
    {CK U29_reg_37 default_emulate_view}
    {CK tiki_U14_reg_reg_60_11 default_emulate_view}
    {CK tiki_U14_reg_reg_208_8 default_emulate_view}
    {CK tiki_U21_reg_30 default_emulate_view}
    {CK tiki_U14_reg_reg_169_7 default_emulate_view}
    {CK tiki_U263_reg_11 default_emulate_view}
    {CK storm_U133_reg_172 default_emulate_view}
    {CK storm_U78_reg_190 default_emulate_view}
    {CK storm_U50_reg_137 default_emulate_view}
    {CK tiki_U14_reg_reg_197_3 default_emulate_view}
    {CK kasa_U905_reg default_emulate_view}
    {CK U156_reg_3 default_emulate_view}
    {CK storm_U403_reg_5 default_emulate_view}
    {CK storm_U4_reg_36 default_emulate_view}
    {CK tiki_U14_reg_reg_53_2 default_emulate_view}
    {CK tiki_U14_reg_reg_93_2 default_emulate_view}
    {CK U97_reg_6 default_emulate_view}
    {CK U11_reg_98 default_emulate_view}
    {CK U129_reg_86 default_emulate_view}
    {CK U5_reg_99 default_emulate_view}
    {CK storm_U80_reg_165 default_emulate_view}
    {CK storm_U50_reg_143 default_emulate_view}
    {CK storm_U52_reg_133 default_emulate_view}
    {CK tiki_U14_reg_reg_153_10 default_emulate_view}
    {CK storm_U88_reg_34 default_emulate_view}
    {CK tiki_U285_reg_4 default_emulate_view}
    {CK tiki_U14_reg_reg_176_9 default_emulate_view}
    {CK U24_reg_34 default_emulate_view}
    {CK storm_U4_reg_40 default_emulate_view}
    {CK tiki_U14_reg_reg_127_0 default_emulate_view}
    {CK U65_reg_182 default_emulate_view}
    {CK tiki_U14_reg_reg_108_4 default_emulate_view}
    {CK tiki_U14_reg_reg_227_0 default_emulate_view}
    {CK U17_reg_97 default_emulate_view}
    {CK U554_reg_5 default_emulate_view}
    {CK tiki_U47_reg_68 default_emulate_view}
    {CK storm_U34_reg_131 default_emulate_view}
    {CK storm_U88_reg_126 default_emulate_view}
    {CK storm_U53_reg_170 default_emulate_view}
    {CK storm_U78_reg_153 default_emulate_view}
    {CK tiki_U56_reg_16 default_emulate_view}
    {CK kasa_U906_reg default_emulate_view}
    {CK tiki_U14_reg_reg_134_4 default_emulate_view}
    {CK U83_reg_17 default_emulate_view}
    {CK storm_U89_reg_2 default_emulate_view}
    {CK storm_U25_reg_142 default_emulate_view}
    {CK tiki_U37_reg_86 default_emulate_view}
    {CK tiki_U47_reg_140 default_emulate_view}
    {CK U65_reg_280 default_emulate_view}
    {CK U30_reg_198 default_emulate_view}
    {CK U70_reg_12 default_emulate_view}
    {CK U38_reg_68 default_emulate_view}
    {CK U11_reg_153 default_emulate_view}
    {CK storm_U26_reg_135 default_emulate_view}
    {CK tiki_U14_reg_reg_222_3 default_emulate_view}
    {CK storm_U59_reg_188 default_emulate_view}
    {CK storm_U4_reg_12 default_emulate_view}
    {CK storm_U3_reg_119 default_emulate_view}
    {CK storm_U88_reg_26 default_emulate_view}
    {CK tiki_U21_reg_233 default_emulate_view}
    {CK kasa_U907_reg default_emulate_view}
    {CK U20_reg_527 default_emulate_view}
    {CK U87_reg_79 default_emulate_view}
    {CK U32_reg_146 default_emulate_view}
    {CK U11_reg_236 default_emulate_view}
    {CK storm_U16_reg_132 default_emulate_view}
    {CK U5_reg_198 default_emulate_view}
    {CK U65_reg_546 default_emulate_view}
    {CK storm_U25_reg_163 default_emulate_view}
    {CK U146_reg_2 default_emulate_view}
    {CK U5_reg_54 default_emulate_view}
    {CK U10_reg_72 default_emulate_view}
    {CK U32_reg_94 default_emulate_view}
    {CK U38_reg_216 default_emulate_view}
    {CK U31_reg_28 default_emulate_view}
    {CK U30_reg_218 default_emulate_view}
    {CK U30_reg_22 default_emulate_view}
    {CK U17_reg_79 default_emulate_view}
    {CK U399_reg_5 default_emulate_view}
    {CK U65_reg_348 default_emulate_view}
    {CK U65_reg_281 default_emulate_view}
    {CK tiki_U14_reg_reg_7_5 default_emulate_view}
    {CK tiki_U14_reg_reg_239_11 default_emulate_view}
    {CK tiki_U14_reg_reg_246_8 default_emulate_view}
    {CK tiki_U14_reg_reg_117_10 default_emulate_view}
    {CK tiki_U14_reg_reg_3_1 default_emulate_view}
    {CK storm_U22_reg_120 default_emulate_view}
    {CK storm_U41_reg_123 default_emulate_view}
    {CK storm_U22_reg_130 default_emulate_view}
    {CK storm_U78_reg_133 default_emulate_view}
    {CK U175_reg_15 default_emulate_view}
    {CK U83_reg_73 default_emulate_view}
    {CK tiki_U14_reg_reg_22_9 default_emulate_view}
    {CK tiki_U14_reg_reg_231_10 default_emulate_view}
    {CK tiki_U14_reg_reg_253_11 default_emulate_view}
    {CK storm_U41_reg_164 default_emulate_view}
    {CK tiki_U14_reg_reg_233_10 default_emulate_view}
    {CK kasa_U908_reg default_emulate_view}
    {CK U49_reg_44 default_emulate_view}
    {CK storm_U52_reg_132 default_emulate_view}
    {CK storm_U1_reg_121 default_emulate_view}
    {CK U20_reg_203 default_emulate_view}
    {CK U20_reg_460 default_emulate_view}
    {CK U129_reg_69 default_emulate_view}
    {CK tiki_U14_reg_reg_8_3 default_emulate_view}
    {CK U51_reg_112 default_emulate_view}
    {CK storm_U3_reg_128 default_emulate_view}
    {CK U20_reg_322 default_emulate_view}
    {CK tiki_U14_reg_reg_98_8 default_emulate_view}
    {CK U122_reg_8 default_emulate_view}
    {CK U63_reg_47 default_emulate_view}
    {CK tiki_U14_reg_reg_188_5 default_emulate_view}
    {CK kasa_U909_reg default_emulate_view}
    {CK tiki_U14_reg_reg_242_6 default_emulate_view}
    {CK tiki_U14_reg_reg_35_10 default_emulate_view}
    {CK U65_reg_40 default_emulate_view}
    {CK U65_reg_474 default_emulate_view}
    {CK tiki_U14_reg_reg_91_5 default_emulate_view}
    {CK tiki_U14_reg_reg_145_4 default_emulate_view}
    {CK tiki_U21_reg_182 default_emulate_view}
    {CK tiki_U47_reg_34 default_emulate_view}
    {CK storm_U25_reg_31 default_emulate_view}
    {CK storm_U53_reg_26 default_emulate_view}
    {CK storm_U80_reg_20 default_emulate_view}
    {CK storm_U25_reg_13 default_emulate_view}
    {CK storm_U133_reg_10 default_emulate_view}
    {CK storm_U133_reg_2 default_emulate_view}
    {CK U190_reg_0 default_emulate_view}
    {CK U5_reg_2 default_emulate_view}
    {CK U5_reg_47 default_emulate_view}
    {CK U71_reg_5 default_emulate_view}
    {CK U10_reg_9 default_emulate_view}
    {CK U51_reg_44 default_emulate_view}
    {CK U11_reg_59 default_emulate_view}
    {CK U138_reg_32 default_emulate_view}
    {CK U193_reg_18 default_emulate_view}
    {CK U32_reg_187 default_emulate_view}
    {CK U30_reg_308 default_emulate_view}
    {CK tiki_U47_reg_81 default_emulate_view}
    {CK storm_U133_reg_33 default_emulate_view}
    {CK U65_reg_648 default_emulate_view}
    {CK U20_reg_370 default_emulate_view}
    {CK U20_reg_110 default_emulate_view}
    {CK tiki_U14_reg_reg_207_2 default_emulate_view}
    {CK tiki_U14_reg_reg_14_1 default_emulate_view}
    {CK storm_U88_reg_2 default_emulate_view}
    {CK U29_reg_63 default_emulate_view}
    {CK U102_reg_0 default_emulate_view}
    {CK tiki_U14_reg_reg_215_11 default_emulate_view}
    {CK tiki_U14_reg_reg_145_2 default_emulate_view}
    {CK tiki_U14_reg_reg_67_3 default_emulate_view}
    {CK storm_U43_reg_29 default_emulate_view}
    {CK storm_U52_reg_15 default_emulate_view}
    {CK storm_U25_reg_61 default_emulate_view}
    {CK tiki_U285_reg_11 default_emulate_view}
    {CK U195_reg_1 default_emulate_view}
    {CK kasa_U910_reg default_emulate_view}
    {CK storm_U62_reg_116 default_emulate_view}
    {CK tiki_U14_reg_reg_230_3 default_emulate_view}
    {CK U65_reg_300 default_emulate_view}
    {CK tiki_U14_reg_reg_247_0 default_emulate_view}
    {CK U45_reg_20 default_emulate_view}
    {CK U30_reg_1 default_emulate_view}
    {CK U12_reg_75 default_emulate_view}
    {CK U567_reg_1 default_emulate_view}
    {CK U99_reg_1 default_emulate_view}
    {CK storm_U78_reg_51 default_emulate_view}
    {CK tiki_U14_reg_reg_221_10 default_emulate_view}
    {CK U10_reg_108 default_emulate_view}
    {CK storm_U1_reg_10 default_emulate_view}
    {CK storm_U62_reg_21 default_emulate_view}
    {CK U65_reg_250 default_emulate_view}
    {CK kasa_U911_reg default_emulate_view}
    {CK tiki_U37_reg_249 default_emulate_view}
    {CK tiki_U14_reg_reg_92_10 default_emulate_view}
    {CK storm_U41_reg_1 default_emulate_view}
    {CK U24_reg_5 default_emulate_view}
    {CK tiki_U14_reg_reg_151_8 default_emulate_view}
    {CK U20_reg_444 default_emulate_view}
    {CK U20_reg_246 default_emulate_view}
    {CK U390_reg_3 default_emulate_view}
    {CK U11_reg_65 default_emulate_view}
    {CK U13_reg_3 default_emulate_view}
    {CK U19_reg_50 default_emulate_view}
    {CK tiki_U14_reg_reg_81_1 default_emulate_view}
    {CK storm_U22_reg_31 default_emulate_view}
    {CK tiki_U14_reg_reg_156_4 default_emulate_view}
    {CK U65_reg_514 default_emulate_view}
    {CK storm_U88_reg_107 default_emulate_view}
    {CK storm_U403_reg_0 default_emulate_view}
    {CK storm_U218_reg_0 default_emulate_view}
    {CK storm_U88_reg_89 default_emulate_view}
    {CK storm_U22_reg_182 default_emulate_view}
    {CK storm_U80_reg_185 default_emulate_view}
    {CK kasa_U912_reg default_emulate_view}
    {CK U5_reg_196 default_emulate_view}
    {CK U221_reg_4 default_emulate_view}
    {CK U172_reg_3 default_emulate_view}
    {CK kasa_U913_reg default_emulate_view}
    {CK U51_reg_171 default_emulate_view}
    {CK U51_reg_4 default_emulate_view}
    {CK U38_reg_172 default_emulate_view}
    {CK tiki_U14_reg_reg_136_1 default_emulate_view}
    {CK storm_U4_reg_23 default_emulate_view}
    {CK U17_reg_30 default_emulate_view}
    {CK U129_reg_34 default_emulate_view}
    {CK U914_reg default_emulate_view}
    {CK U65_reg_680 default_emulate_view}
    {CK tiki_U14_reg_reg_231_1 default_emulate_view}
    {CK tiki_U47_reg_224 default_emulate_view}
    {CK storm_U1_reg_104 default_emulate_view}
    {CK storm_U23_reg_87 default_emulate_view}
    {CK storm_U23_reg_195 default_emulate_view}
    {CK storm_U26_reg_80 default_emulate_view}
    {CK U63_reg_0 default_emulate_view}
    {CK U35_reg_8 default_emulate_view}
    {CK tiki_U14_reg_reg_170_5 default_emulate_view}
    {CK tiki_U185_reg_0 default_emulate_view}
    {CK storm_U403_reg_2 default_emulate_view}
    {CK storm_U293_reg_5 default_emulate_view}
    {CK storm_U52_reg_86 default_emulate_view}
    {CK storm_U50_reg_197 default_emulate_view}
    {CK storm_U80_reg_194 default_emulate_view}
    {CK storm_U62_reg_186 default_emulate_view}
    {CK kasa_U915_reg default_emulate_view}
    {CK U5_reg_48 default_emulate_view}
    {CK U195_reg_8 default_emulate_view}
    {CK U30_reg_128 default_emulate_view}
    {CK U51_reg_146 default_emulate_view}
    {CK U916_reg default_emulate_view}
    {CK U12_reg_62 default_emulate_view}
    {CK U129_reg_15 default_emulate_view}
    {CK U138_reg_26 default_emulate_view}
    {CK U32_reg_20 default_emulate_view}
    {CK U84_reg_74 default_emulate_view}
    {CK U84_reg_61 default_emulate_view}
    {CK U87_reg_41 default_emulate_view}
    {CK tiki_U14_reg_reg_244_10 default_emulate_view}
    {CK tiki_U47_reg_205 default_emulate_view}
    {CK tiki_U37_reg_182 default_emulate_view}
    {CK tiki_U14_reg_reg_32_6 default_emulate_view}
    {CK storm_U4_reg_31 default_emulate_view}
    {CK U104_reg_9 default_emulate_view}
    {CK U166_reg_3 default_emulate_view}
    {CK U129_reg_62 default_emulate_view}
    {CK U65_reg_632 default_emulate_view}
    {CK U20_reg_354 default_emulate_view}
    {CK U20_reg_452 default_emulate_view}
    {CK tiki_U917_reg default_emulate_view}
    {CK tiki_U918_reg default_emulate_view}
    {CK tiki_U14_reg_reg_220_5 default_emulate_view}
    {CK tiki_U14_reg_reg_61_11 default_emulate_view}
    {CK tiki_U14_reg_reg_233_5 default_emulate_view}
    {CK tiki_U14_reg_reg_138_3 default_emulate_view}
    {CK tiki_U14_reg_reg_0_11 default_emulate_view}
    {CK tiki_U14_reg_reg_153_2 default_emulate_view}
    {CK storm_U2_reg_189 default_emulate_view}
    {CK storm_U78_reg_89 default_emulate_view}
    {CK tiki_U14_reg_reg_247_11 default_emulate_view}
    {CK storm_U52_reg_82 default_emulate_view}
    {CK U24_reg_33 default_emulate_view}
    {CK tiki_U14_reg_reg_29_3 default_emulate_view}
    {CK U83_reg_22 default_emulate_view}
    {CK tiki_U14_reg_reg_176_5 default_emulate_view}
    {CK U20_reg_235 default_emulate_view}
    {CK U180_reg_6 default_emulate_view}
    {CK U45_reg_55 default_emulate_view}
    {CK U30_reg_317 default_emulate_view}
    {CK tiki_U14_reg_reg_35_5 default_emulate_view}
    {CK U51_reg_88 default_emulate_view}
    {CK tiki_U56_reg_7 default_emulate_view}
    {CK U282_reg_2 default_emulate_view}
    {CK tiki_U285_reg_16 default_emulate_view}
    {CK tiki_U21_reg_99 default_emulate_view}
    {CK tiki_U14_reg_reg_154_9 default_emulate_view}
    {CK tiki_U14_reg_reg_230_10 default_emulate_view}
    {CK tiki_U14_reg_reg_131_9 default_emulate_view}
    {CK U20_reg_334 default_emulate_view}
    {CK U65_reg_8 default_emulate_view}
    {CK U322_reg_2 default_emulate_view}
    {CK tiki_U21_reg_136 default_emulate_view}
    {CK U38_reg_145 default_emulate_view}
    {CK U30_reg_115 default_emulate_view}
    {CK U71_reg_70 default_emulate_view}
    {CK U12_reg_20 default_emulate_view}
    {CK tiki_U148_reg_6 default_emulate_view}
    {CK tiki_U14_reg_reg_21_5 default_emulate_view}
    {CK U825_reg_1 default_emulate_view}
    {CK tiki_U14_reg_reg_52_7 default_emulate_view}
    {CK U122_reg_59 default_emulate_view}
    {CK tiki_U47_reg_152 default_emulate_view}
    {CK U65_reg_536 default_emulate_view}
    {CK U20_reg_106 default_emulate_view}
    {CK U20_reg_402 default_emulate_view}
    {CK tiki_U14_reg_reg_196_7 default_emulate_view}
    {CK tiki_U21_reg_64 default_emulate_view}
    {CK U138_reg_3 default_emulate_view}
    {CK U104_reg_49 default_emulate_view}
    {CK storm_U25_reg_115 default_emulate_view}
    {CK tiki_U14_reg_reg_7_6 default_emulate_view}
    {CK tiki_U47_reg_3 default_emulate_view}
    {CK U10_reg_152 default_emulate_view}
    {CK U20_reg_278 default_emulate_view}
    {CK kasa_U919_reg default_emulate_view}
    {CK U175_reg_32 default_emulate_view}
    {CK tiki_U14_reg_reg_58_3 default_emulate_view}
    {CK tiki_U14_reg_reg_34_1 default_emulate_view}
    {CK U65_reg_270 default_emulate_view}
    {CK U20_reg_157 default_emulate_view}
    {CK U19_reg_60 default_emulate_view}
    {CK U11_reg_128 default_emulate_view}
    {CK U38_reg_99 default_emulate_view}
    {CK tiki_U81_reg_8 default_emulate_view}
    {CK U65_reg_537 default_emulate_view}
    {CK storm_U43_reg_166 default_emulate_view}
    {CK storm_U53_reg_168 default_emulate_view}
    {CK storm_U88_reg_53 default_emulate_view}
    {CK storm_U88_reg_9 default_emulate_view}
    {CK storm_U4_reg_49 default_emulate_view}
    {CK storm_U613_reg_1 default_emulate_view}
    {CK U798_reg_1 default_emulate_view}
    {CK U90_reg_3 default_emulate_view}
    {CK U920_reg default_emulate_view}
    {CK U129_reg_26 default_emulate_view}
    {CK U87_reg_46 default_emulate_view}
    {CK U30_reg_133 default_emulate_view}
    {CK U38_reg_178 default_emulate_view}
    {CK tiki_U210_reg_3 default_emulate_view}
    {CK tiki_U14_reg_reg_95_0 default_emulate_view}
    {CK storm_U62_reg_143 default_emulate_view}
    {CK U65_reg_547 default_emulate_view}
    {CK U20_reg_234 default_emulate_view}
    {CK U270_reg_6 default_emulate_view}
    {CK U20_reg_28 default_emulate_view}
    {CK U20_reg_279 default_emulate_view}
    {CK tiki_U86_reg_10 default_emulate_view}
    {CK tiki_U14_reg_reg_214_8 default_emulate_view}
    {CK tiki_U14_reg_reg_129_0 default_emulate_view}
    {CK tiki_U14_reg_reg_44_9 default_emulate_view}
    {CK tiki_U14_reg_reg_157_11 default_emulate_view}
    {CK storm_U218_reg_5 default_emulate_view}
    {CK storm_U59_reg_197 default_emulate_view}
    {CK storm_U1_reg_193 default_emulate_view}
    {CK storm_U23_reg_55 default_emulate_view}
    {CK U29_reg_9 default_emulate_view}
    {CK U83_reg_29 default_emulate_view}
    {CK tiki_U14_reg_reg_199_10 default_emulate_view}
    {CK tiki_U205_reg_7 default_emulate_view}
    {CK storm_U315_reg_6 default_emulate_view}
    {CK storm_U16_reg_142 default_emulate_view}
    {CK storm_U78_reg_168 default_emulate_view}
    {CK tiki_U14_reg_reg_47_2 default_emulate_view}
    {CK U175_reg_49 default_emulate_view}
    {CK storm_U80_reg_191 default_emulate_view}
    {CK storm_U1_reg_206 default_emulate_view}
    {CK tiki_U47_reg_191 default_emulate_view}
    {CK tiki_U14_reg_reg_163_1 default_emulate_view}
    {CK U20_reg_403 default_emulate_view}
    {CK U322_reg_0 default_emulate_view}
    {CK U65_reg_183 default_emulate_view}
    {CK tiki_U14_reg_reg_84_4 default_emulate_view}
    {CK U38_reg_79 default_emulate_view}
    {CK U38_reg_42 default_emulate_view}
    {CK U11_reg_180 default_emulate_view}
    {CK U214_reg_2 default_emulate_view}
    {CK U129_reg_6 default_emulate_view}
    {CK U17_reg_125 default_emulate_view}
    {CK storm_U4_reg_117 default_emulate_view}
    {CK storm_U88_reg_60 default_emulate_view}
    {CK storm_U4_reg_5 default_emulate_view}
    {CK kasa_U921_reg default_emulate_view}
    {CK storm_U52_reg_192 default_emulate_view}
    {CK U63_reg_39 default_emulate_view}
    {CK tiki_U14_reg_reg_232_5 default_emulate_view}
    {CK U20_reg_335 default_emulate_view}
    {CK U17_reg_12 default_emulate_view}
    {CK U58_reg_75 default_emulate_view}
    {CK U12_reg_35 default_emulate_view}
    {CK U922_reg default_emulate_view}
    {CK U11_reg_154 default_emulate_view}
    {CK storm_U62_reg_189 default_emulate_view}
    {CK U5_reg_202 default_emulate_view}
    {CK U32_reg_197 default_emulate_view}
    {CK storm_U16_reg_108 default_emulate_view}
    {CK U65_reg_643 default_emulate_view}
    {CK tiki_U14_reg_reg_191_0 default_emulate_view}
    {CK U106_reg_1 default_emulate_view}
    {CK U923_reg default_emulate_view}
    {CK tiki_U14_reg_reg_180_4 default_emulate_view}
    {CK tiki_U14_reg_reg_135_9 default_emulate_view}
    {CK tiki_U14_reg_reg_80_8 default_emulate_view}
    {CK U73_reg_68 default_emulate_view}
    {CK U30_reg_180 default_emulate_view}
    {CK U70_reg_23 default_emulate_view}
    {CK U38_reg_88 default_emulate_view}
    {CK U12_reg_14 default_emulate_view}
    {CK U5_reg_95 default_emulate_view}
    {CK U10_reg_10 default_emulate_view}
    {CK storm_U16_reg_114 default_emulate_view}
    {CK storm_U324_reg_0 default_emulate_view}
    {CK tiki_U21_reg_246 default_emulate_view}
    {CK U264_reg_5 default_emulate_view}
    {CK tiki_U14_reg_reg_25_7 default_emulate_view}
    {CK U20_reg_355 default_emulate_view}
    {CK U65_reg_135 default_emulate_view}
    {CK U71_reg_59 default_emulate_view}
    {CK U178_reg_0 default_emulate_view}
    {CK U138_reg_6 default_emulate_view}
    {CK storm_U1_reg_174 default_emulate_view}
    {CK U30_reg_168 default_emulate_view}
    {CK U20_reg_107 default_emulate_view}
    {CK U20_reg_526 default_emulate_view}
    {CK storm_U62_reg_109 default_emulate_view}
    {CK storm_U4_reg_59 default_emulate_view}
    {CK storm_U22_reg_113 default_emulate_view}
    {CK U110_reg_0 default_emulate_view}
    {CK U311_reg_2 default_emulate_view}
    {CK tiki_U14_reg_reg_194_4 default_emulate_view}
    {CK tiki_U14_reg_reg_241_10 default_emulate_view}
    {CK tiki_U14_reg_reg_146_11 default_emulate_view}
    {CK tiki_U14_reg_reg_162_9 default_emulate_view}
    {CK storm_U62_reg_177 default_emulate_view}
    {CK tiki_U14_reg_reg_148_4 default_emulate_view}
    {CK U65_reg_9 default_emulate_view}
    {CK U65_reg_251 default_emulate_view}
    {CK U65_reg_136 default_emulate_view}
    {CK tiki_U14_reg_reg_45_3 default_emulate_view}
    {CK U924_reg default_emulate_view}
    {CK tiki_U21_reg_159 default_emulate_view}
    {CK tiki_U14_reg_reg_56_4 default_emulate_view}
    {CK tiki_U14_reg_reg_234_4 default_emulate_view}
    {CK tiki_U14_reg_reg_254_1 default_emulate_view}
    {CK tiki_U14_reg_reg_235_4 default_emulate_view}
    {CK U175_reg_4 default_emulate_view}
    {CK U35_reg_54 default_emulate_view}
    {CK storm_U62_reg_24 default_emulate_view}
    {CK storm_U3_reg_35 default_emulate_view}
    {CK storm_U23_reg_56 default_emulate_view}
    {CK U65_reg_301 default_emulate_view}
    {CK U29_reg_50 default_emulate_view}
    {CK storm_U16_reg_7 default_emulate_view}
    {CK storm_U62_reg_14 default_emulate_view}
    {CK U925_reg default_emulate_view}
    {CK U65_reg_515 default_emulate_view}
    {CK U17_reg_37 default_emulate_view}
    {CK U5_reg_235 default_emulate_view}
    {CK U10_reg_114 default_emulate_view}
    {CK U51_reg_161 default_emulate_view}
    {CK tiki_U47_reg_61 default_emulate_view}
    {CK storm_U62_reg_32 default_emulate_view}
    {CK storm_U26_reg_50 default_emulate_view}
    {CK storm_U34_reg_85 default_emulate_view}
    {CK storm_U3_reg_22 default_emulate_view}
    {CK U49_reg_42 default_emulate_view}
    {CK storm_U3_reg_12 default_emulate_view}
    {CK kasa_U926_reg default_emulate_view}
    {CK tiki_U14_reg_reg_134_6 default_emulate_view}
    {CK U20_reg_247 default_emulate_view}
    {CK tiki_U21_reg_88 default_emulate_view}
    {CK tiki_U14_reg_reg_187_3 default_emulate_view}
    {CK storm_U2_reg_64 default_emulate_view}
    {CK tiki_U37_reg_93 default_emulate_view}
    {CK U65_reg_647 default_emulate_view}
    {CK storm_U80_reg_0 default_emulate_view}
    {CK storm_U1_reg_58 default_emulate_view}
    {CK storm_U80_reg_13 default_emulate_view}
    {CK storm_U78_reg_42 default_emulate_view}
    {CK storm_U62_reg_33 default_emulate_view}
    {CK storm_U78_reg_27 default_emulate_view}
    {CK kasa_U927_reg default_emulate_view}
    {CK U110_reg_3 default_emulate_view}
    {CK U5_reg_41 default_emulate_view}
    {CK U32_reg_25 default_emulate_view}
    {CK U11_reg_68 default_emulate_view}
    {CK U97_reg_4 default_emulate_view}
    {CK U258_reg_1 default_emulate_view}
    {CK U928_reg default_emulate_view}
    {CK U30_reg_301 default_emulate_view}
    {CK U31_reg_40 default_emulate_view}
    {CK U30_reg_247 default_emulate_view}
    {CK U30_reg_34 default_emulate_view}
    {CK tiki_U112_reg_15 default_emulate_view}
    {CK tiki_U14_reg_reg_17_11 default_emulate_view}
    {CK tiki_U127_reg_11 default_emulate_view}
    {CK storm_U1_reg_62 default_emulate_view}
    {CK U20_reg_111 default_emulate_view}
    {CK U65_reg_375 default_emulate_view}
    {CK tiki_U14_reg_reg_141_11 default_emulate_view}
    {CK U20_reg_371 default_emulate_view}
    {CK tiki_U14_reg_reg_11_5 default_emulate_view}
    {CK tiki_U14_reg_reg_122_9 default_emulate_view}
    {CK tiki_U14_reg_reg_206_4 default_emulate_view}
    {CK tiki_U14_reg_reg_7_0 default_emulate_view}
    {CK tiki_U14_reg_reg_64_3 default_emulate_view}
    {CK tiki_U14_reg_reg_79_7 default_emulate_view}
    {CK storm_U34_reg_24 default_emulate_view}
    {CK storm_U1_reg_16 default_emulate_view}
    {CK storm_U80_reg_9 default_emulate_view}
    {CK U175_reg_22 default_emulate_view}
    {CK U76_reg_74 default_emulate_view}
    {CK tiki_U14_reg_reg_149_8 default_emulate_view}
    {CK tiki_U37_reg_196 default_emulate_view}
    {CK U65_reg_475 default_emulate_view}
    {CK tiki_U14_reg_reg_82_6 default_emulate_view}
    {CK U123_reg_3 default_emulate_view}
    {CK U262_reg_6 default_emulate_view}
    {CK tiki_U14_reg_reg_251_4 default_emulate_view}
    {CK tiki_U14_reg_reg_5_10 default_emulate_view}
    {CK tiki_U14_reg_reg_85_8 default_emulate_view}
    {CK U122_reg_46 default_emulate_view}
    {CK tiki_U14_reg_reg_120_3 default_emulate_view}
    {CK U65_reg_349 default_emulate_view}
    {CK U65_reg_691 default_emulate_view}
    {CK U65_reg_563 default_emulate_view}
    {CK tiki_U168_reg_1 default_emulate_view}
    {CK U12_reg_114 default_emulate_view}
    {CK U303_reg_0 default_emulate_view}
    {CK tiki_U14_reg_reg_64_4 default_emulate_view}
    {CK U107_reg_8 default_emulate_view}
    {CK storm_U23_reg_159 default_emulate_view}
    {CK tiki_U14_reg_reg_167_9 default_emulate_view}
    {CK U20_reg_323 default_emulate_view}
    {CK U20_reg_517 default_emulate_view}
    {CK tiki_U14_reg_reg_232_0 default_emulate_view}
    {CK U11_reg_248 default_emulate_view}
    {CK U58_reg_16 default_emulate_view}
    {CK U30_reg_41 default_emulate_view}
    {CK U160_reg_7 default_emulate_view}
    {CK kasa_U929_reg default_emulate_view}
    {CK kasa_U930_reg default_emulate_view}
    {CK U76_reg_12 default_emulate_view}
    {CK storm_U23_reg_163 default_emulate_view}
    {CK tiki_U14_reg_reg_29_7 default_emulate_view}
    {CK U20_reg_62 default_emulate_view}
    {CK U20_reg_202 default_emulate_view}
    {CK U38_reg_185 default_emulate_view}
    {CK U38_reg_18 default_emulate_view}
    {CK U17_reg_94 default_emulate_view}
    {CK U809_reg_1 default_emulate_view}
    {CK kasa_U931_reg default_emulate_view}
    {CK tiki_U14_reg_reg_19_1 default_emulate_view}
    {CK tiki_U14_reg_reg_144_2 default_emulate_view}
    {CK U73_reg_19 default_emulate_view}
    {CK tiki_U15_reg_9 default_emulate_view}
    {CK U413_reg_5 default_emulate_view}
    {CK U20_reg_63 default_emulate_view}
    {CK U65_reg_41 default_emulate_view}
    {CK U32_reg_63 default_emulate_view}
    {CK tiki_U47_reg_212 default_emulate_view}
    {CK U71_reg_13 default_emulate_view}
    {CK U10_reg_71 default_emulate_view}
    {CK U17_reg_3 default_emulate_view}
    {CK U11_reg_118 default_emulate_view}
    {CK U932_reg default_emulate_view}
    {CK U380_reg_0 default_emulate_view}
    {CK U12_reg_127 default_emulate_view}
    {CK U138_reg_66 default_emulate_view}
    {CK U32_reg_40 default_emulate_view}
    {CK U32_reg_55 default_emulate_view}
    {CK U71_reg_51 default_emulate_view}
    {CK U87_reg_1 default_emulate_view}
    {CK U20_reg_461 default_emulate_view}
    {CK tiki_U47_reg_92 default_emulate_view}
    {CK tiki_U37_reg_215 default_emulate_view}
    {CK tiki_U327_reg_7 default_emulate_view}
    {CK tiki_U210_reg_14 default_emulate_view}
    {CK tiki_U86_reg_9 default_emulate_view}
    {CK tiki_U14_reg_reg_130_3 default_emulate_view}
    {CK U24_reg_64 default_emulate_view}
    {CK tiki_U81_reg_1 default_emulate_view}
    {CK tiki_U14_reg_reg_26_8 default_emulate_view}
    {CK tiki_U14_reg_reg_150_11 default_emulate_view}
    {CK kasa_U933_reg default_emulate_view}
    {CK U72_reg_3 default_emulate_view}
    {CK U350_reg_4 default_emulate_view}
    {CK U73_reg_46 default_emulate_view}
    {CK tiki_U14_reg_reg_179_0 default_emulate_view}
    {CK U178_reg_14 default_emulate_view}
    {CK tiki_U14_reg_reg_144_3 default_emulate_view}
    {CK U5_reg_121 default_emulate_view}
    {CK kasa_U934_reg default_emulate_view}
    {CK U35_reg_18 default_emulate_view}
    {CK tiki_U14_reg_reg_105_1 default_emulate_view}
    {CK tiki_U14_reg_reg_30_0 default_emulate_view}
    {CK U51_reg_111 default_emulate_view}
    {CK storm_U59_reg_75 default_emulate_view}
    {CK storm_U78_reg_86 default_emulate_view}
    {CK storm_U3_reg_187 default_emulate_view}
    {CK tiki_U14_reg_reg_113_7 default_emulate_view}
    {CK tiki_U200_reg_2 default_emulate_view}
    {CK U122_reg_62 default_emulate_view}
    {CK storm_U50_reg_58 default_emulate_view}
    {CK storm_U59_reg_65 default_emulate_view}
    {CK tiki_U47_reg_27 default_emulate_view}
    {CK tiki_U14_reg_reg_210_6 default_emulate_view}
    {CK U138_reg_17 default_emulate_view}
    {CK tiki_U14_reg_reg_189_6 default_emulate_view}
    {CK tiki_U14_reg_reg_39_5 default_emulate_view}
    {CK storm_U59_reg_83 default_emulate_view}
    {CK storm_U78_reg_90 default_emulate_view}
    {CK storm_U53_reg_56 default_emulate_view}
    {CK tiki_U14_reg_reg_72_0 default_emulate_view}
    {CK tiki_U14_reg_reg_244_2 default_emulate_view}
    {CK storm_U53_reg_69 default_emulate_view}
    {CK tiki_U14_reg_reg_213_0 default_emulate_view}
    {CK U175_reg_25 default_emulate_view}
    {CK storm_U78_reg_63 default_emulate_view}
    {CK U309_reg_0 default_emulate_view}
    {CK tiki_U47_reg_54 default_emulate_view}
    {CK tiki_U14_reg_reg_122_1 default_emulate_view}
    {CK storm_U22_reg_193 default_emulate_view}
    {CK U5_reg_144 default_emulate_view}
    {CK U32_reg_81 default_emulate_view}
    {CK U51_reg_43 default_emulate_view}
    {CK storm_U34_reg_78 default_emulate_view}
    {CK storm_U16_reg_88 default_emulate_view}
    {CK storm_U41_reg_54 default_emulate_view}
    {CK tiki_U14_reg_reg_83_4 default_emulate_view}
    {CK U76_reg_78 default_emulate_view}
    {CK storm_U22_reg_84 default_emulate_view}
    {CK storm_U34_reg_68 default_emulate_view}
    {CK tiki_U15_reg_15 default_emulate_view}
    {CK tiki_U14_reg_reg_236_1 default_emulate_view}
    {CK tiki_U37_reg_100 default_emulate_view}
    {CK U38_reg_167 default_emulate_view}
    {CK U30_reg_63 default_emulate_view}
    {CK U71_reg_30 default_emulate_view}
    {CK storm_U674_reg_0 default_emulate_view}
    {CK tiki_U14_reg_reg_182_7 default_emulate_view}
    {CK U5_reg_205 default_emulate_view}
    {CK storm_U26_reg_195 default_emulate_view}
    {CK storm_U80_reg_63 default_emulate_view}
    {CK storm_U78_reg_102 default_emulate_view}
    {CK kasa_U935_reg default_emulate_view}
    {CK U302_reg_7 default_emulate_view}
    {CK storm_U34_reg_74 default_emulate_view}
    {CK U175_reg_56 default_emulate_view}
    {CK tiki_U14_reg_reg_138_2 default_emulate_view}
    {CK tiki_U14_reg_reg_205_9 default_emulate_view}
    {CK tiki_U14_reg_reg_130_5 default_emulate_view}
    {CK U20_reg_445 default_emulate_view}
    {CK U12_reg_40 default_emulate_view}
    {CK storm_U53_reg_192 default_emulate_view}
    {CK tiki_U37_reg_114 default_emulate_view}
    {CK U10_reg_109 default_emulate_view}
    {CK storm_U2_reg_139 default_emulate_view}
    {CK storm_U34_reg_129 default_emulate_view}
    {CK kasa_U936_reg default_emulate_view}
    {CK tiki_U21_reg_57 default_emulate_view}
    {CK storm_U53_reg_167 default_emulate_view}
    {CK storm_U16_reg_159 default_emulate_view}
    {CK tiki_U14_reg_reg_175_2 default_emulate_view}
    {CK tiki_U14_reg_reg_18_9 default_emulate_view}
    {CK U45_reg_39 default_emulate_view}
    {CK U17_reg_42 default_emulate_view}
    {CK U11_reg_125 default_emulate_view}
    {CK tiki_U14_reg_reg_30_3 default_emulate_view}
    {CK storm_U25_reg_132 default_emulate_view}
    {CK storm_U1_reg_134 default_emulate_view}
    {CK tiki_U14_reg_reg_78_7 default_emulate_view}
    {CK storm_U59_reg_117 default_emulate_view}
    {CK U319_reg_3 default_emulate_view}
    {CK storm_U3_reg_194 default_emulate_view}
    {CK tiki_U14_reg_reg_152_7 default_emulate_view}
    {CK U65_reg_271 default_emulate_view}
    {CK tiki_U47_reg_250 default_emulate_view}
    {CK U30_reg_185 default_emulate_view}
    {CK U129_reg_12 default_emulate_view}
    {CK U51_reg_19 default_emulate_view}
    {CK storm_U1_reg_137 default_emulate_view}
    {CK storm_U133_reg_123 default_emulate_view}
    {CK tiki_U14_reg_reg_237_7 default_emulate_view}
    {CK U177_reg_7 default_emulate_view}
    {CK U350_reg_7 default_emulate_view}
    {CK tiki_U86_reg_1 default_emulate_view}
    {CK tiki_U21_reg_147 default_emulate_view}
    {CK tiki_U14_reg_reg_3_10 default_emulate_view}
    {CK U29_reg_20 default_emulate_view}
    {CK storm_U3_reg_166 default_emulate_view}
    {CK storm_U1_reg_144 default_emulate_view}
    {CK tiki_U14_reg_reg_232_9 default_emulate_view}
    {CK tiki_U14_reg_reg_254_9 default_emulate_view}
    {CK tiki_U86_reg_2 default_emulate_view}
    {CK tiki_U14_reg_reg_140_11 default_emulate_view}
    {CK U32_reg_101 default_emulate_view}
    {CK U58_reg_36 default_emulate_view}
    {CK U5_reg_113 default_emulate_view}
    {CK storm_U22_reg_129 default_emulate_view}
    {CK storm_U53_reg_191 default_emulate_view}
    {CK kasa_U937_reg default_emulate_view}
    {CK tiki_U14_reg_reg_57_1 default_emulate_view}
    {CK tiki_U14_reg_reg_3_4 default_emulate_view}
    {CK storm_U34_reg_140 default_emulate_view}
    {CK U38_reg_253 default_emulate_view}
    {CK U38_reg_211 default_emulate_view}
    {CK U51_reg_145 default_emulate_view}
    {CK storm_U26_reg_29 default_emulate_view}
    {CK U28_reg_1 default_emulate_view}
    {CK U122_reg_64 default_emulate_view}
    {CK storm_U4_reg_68 default_emulate_view}
    {CK tiki_U301_reg_2 default_emulate_view}
    {CK tiki_U14_reg_reg_45_11 default_emulate_view}
    {CK U20_reg_491 default_emulate_view}
    {CK tiki_U37_reg_252 default_emulate_view}
    {CK tiki_U37_reg_189 default_emulate_view}
    {CK tiki_U14_reg_reg_30_2 default_emulate_view}
    {CK tiki_U21_reg_208 default_emulate_view}
    {CK U31_reg_20 default_emulate_view}
    {CK U32_reg_156 default_emulate_view}
    {CK U11_reg_38 default_emulate_view}
    {CK tiki_U14_reg_reg_224_9 default_emulate_view}
    {CK U140_reg_6 default_emulate_view}
    {CK storm_U2_reg_116 default_emulate_view}
    {CK storm_U43_reg_8 default_emulate_view}
    {CK tiki_U14_reg_reg_55_1 default_emulate_view}
    {CK U171_reg_7 default_emulate_view}
    {CK U63_reg_10 default_emulate_view}
    {CK storm_U43_reg_177 default_emulate_view}
    {CK U36_reg_2 default_emulate_view}
    {CK U20_reg_453 default_emulate_view}
    {CK U30_reg_206 default_emulate_view}
    {CK U38_reg_206 default_emulate_view}
    {CK U84_reg_4 default_emulate_view}
    {CK storm_U43_reg_12 default_emulate_view}
    {CK U51_reg_87 default_emulate_view}
    {CK storm_U41_reg_5 default_emulate_view}
    {CK storm_U23_reg_6 default_emulate_view}
    {CK kasa_U938_reg default_emulate_view}
    {CK tiki_U14_reg_reg_241_2 default_emulate_view}
    {CK tiki_U14_reg_reg_192_9 default_emulate_view}
    {CK storm_U176_reg_7 default_emulate_view}
    {CK tiki_U14_reg_reg_48_3 default_emulate_view}
    {CK U129_reg_105 default_emulate_view}
    {CK U939_reg default_emulate_view}
    {CK U19_reg_45 default_emulate_view}
    {CK storm_U3_reg_21 default_emulate_view}
    {CK tiki_U14_reg_reg_226_4 default_emulate_view}
    {CK storm_U2_reg_175 default_emulate_view}
    {CK storm_U78_reg_180 default_emulate_view}
    {CK tiki_U14_reg_reg_116_5 default_emulate_view}
    {CK U49_reg_71 default_emulate_view}
    {CK tiki_U14_reg_reg_98_7 default_emulate_view}
    {CK tiki_U14_reg_reg_25_6 default_emulate_view}
    {CK U65_reg_699 default_emulate_view}
    {CK U790_reg_0 default_emulate_view}
    {CK U11_reg_18 default_emulate_view}
    {CK U291_reg_5 default_emulate_view}
    {CK storm_U52_reg_9 default_emulate_view}
    {CK tiki_U47_reg_217 default_emulate_view}
    {CK U10_reg_153 default_emulate_view}
  }
}
