###############################################################
#  Generated by:      Cadence Tempus 20.20-p001_1
#  OS:                Linux x86_64(Host ID APL4.kletech.ac.in)
#  Generated on:      Fri Apr  4 17:15:07 2025
#  Design:            momal
#  Command:           report_timing -early   -max_paths 100                         > outputs/hold_100.rpt.gz
###############################################################
Path 1: MET Hold Check with Pin U460_reg/CK 
Endpoint:   U460_reg/D (v) checked with  leading edge of 'in_rclk'
Beginpoint: U432_reg/Q (v) triggered by  leading edge of 'in_rclk'
Path Groups: {in_rclk}
Other End Arrival Time          0.000
+ Hold                          0.019
+ Phase Shift                   0.000
= Required Time                 0.019
  Arrival Time                  0.253
  Slack Time                    0.234
     Clock Rise Edge                 0.000
     + Clock Network Latency (Ideal) 0.000
     = Beginpoint Arrival Time       0.000
      --------------------------------------------------------
      Instance  Arc          Cell     Delay  Arrival  Required  
                                             Time     Time  
      --------------------------------------------------------
      U432_reg  CK ^         -        -      0.000    -0.234  
      U432_reg  CK ^ -> Q v  SDFF_X1  0.253  0.253    0.019  
      U460_reg  D v          DFF_X2   0.000  0.253    0.019  
      --------------------------------------------------------
Path 2: MET Hold Check with Pin U241_reg/CK 
Endpoint:   U241_reg/D (v) checked with  leading edge of 'in_rclk'
Beginpoint: U165_reg/Q (v) triggered by  leading edge of 'in_rclk'
Path Groups: {in_rclk}
Other End Arrival Time          0.000
+ Hold                          0.019
+ Phase Shift                   0.000
= Required Time                 0.019
  Arrival Time                  0.253
  Slack Time                    0.234
     Clock Rise Edge                 0.000
     + Clock Network Latency (Ideal) 0.000
     = Beginpoint Arrival Time       0.000
      --------------------------------------------------------
      Instance  Arc          Cell     Delay  Arrival  Required  
                                             Time     Time  
      --------------------------------------------------------
      U165_reg  CK ^         -        -      0.000    -0.234  
      U165_reg  CK ^ -> Q v  SDFF_X1  0.253  0.253    0.019  
      U241_reg  D v          DFF_X2   0.000  0.253    0.019  
      --------------------------------------------------------
Path 3: MET Hold Check with Pin U787_reg/CK 
Endpoint:   U787_reg/D (^) checked with  leading edge of 'in_rclk'
Beginpoint: U739_reg/Q (^) triggered by  leading edge of 'in_rclk'
Path Groups: {in_rclk}
Other End Arrival Time          0.000
+ Hold                          0.032
+ Phase Shift                   0.000
= Required Time                 0.032
  Arrival Time                  0.358
  Slack Time                    0.326
     Clock Rise Edge                 0.000
     + Clock Network Latency (Ideal) 0.000
     = Beginpoint Arrival Time       0.000
      --------------------------------------------------------
      Instance  Arc          Cell     Delay  Arrival  Required  
                                             Time     Time  
      --------------------------------------------------------
      U739_reg  CK ^         -        -      0.000    -0.326  
      U739_reg  CK ^ -> Q ^  DFFR_X1  0.358  0.358    0.032  
      U787_reg  D ^          DFFR_X1  0.000  0.358    0.032  
      --------------------------------------------------------
Path 4: MET Hold Check with Pin U568_reg_0/CK 
Endpoint:   U568_reg_0/D (^) checked with  leading edge of 'in_rclk'
Beginpoint: U725_reg_0/Q (^) triggered by  leading edge of 'in_rclk'
Path Groups: {in_rclk}
Other End Arrival Time          0.000
+ Hold                          0.032
+ Phase Shift                   0.000
= Required Time                 0.032
  Arrival Time                  0.358
  Slack Time                    0.326
     Clock Rise Edge                 0.000
     + Clock Network Latency (Ideal) 0.000
     = Beginpoint Arrival Time       0.000
      ----------------------------------------------------------
      Instance    Arc          Cell     Delay  Arrival  Required  
                                               Time     Time  
      ----------------------------------------------------------
      U725_reg_0  CK ^         -        -      0.000    -0.326  
      U725_reg_0  CK ^ -> Q ^  DFFR_X1  0.358  0.358    0.032  
      U568_reg_0  D ^          DFFR_X1  0.000  0.358    0.032  
      ----------------------------------------------------------
Path 5: MET Hold Check with Pin U862_reg_0/CK 
Endpoint:   U862_reg_0/D (^) checked with  leading edge of 'in_rclk'
Beginpoint: U545_reg_0/Q (^) triggered by  leading edge of 'in_rclk'
Path Groups: {in_rclk}
Other End Arrival Time          0.000
+ Hold                          0.032
+ Phase Shift                   0.000
= Required Time                 0.032
  Arrival Time                  0.360
  Slack Time                    0.327
     Clock Rise Edge                 0.000
     + Clock Network Latency (Ideal) 0.000
     = Beginpoint Arrival Time       0.000
      ----------------------------------------------------------
      Instance    Arc          Cell     Delay  Arrival  Required  
                                               Time     Time  
      ----------------------------------------------------------
      U545_reg_0  CK ^         -        -      0.000    -0.327  
      U545_reg_0  CK ^ -> Q ^  DFFR_X1  0.360  0.360    0.032  
      U862_reg_0  D ^          DFFR_X2  0.000  0.360    0.032  
      ----------------------------------------------------------
Path 6: MET Hold Check with Pin U775_reg_0/CK 
Endpoint:   U775_reg_0/D (^) checked with  leading edge of 'in_rclk'
Beginpoint: U421_reg_0/Q (^) triggered by  leading edge of 'in_rclk'
Path Groups: {in_rclk}
Other End Arrival Time          0.000
+ Hold                          0.032
+ Phase Shift                   0.000
= Required Time                 0.032
  Arrival Time                  0.360
  Slack Time                    0.327
     Clock Rise Edge                 0.000
     + Clock Network Latency (Ideal) 0.000
     = Beginpoint Arrival Time       0.000
      ----------------------------------------------------------
      Instance    Arc          Cell     Delay  Arrival  Required  
                                               Time     Time  
      ----------------------------------------------------------
      U421_reg_0  CK ^         -        -      0.000    -0.327  
      U421_reg_0  CK ^ -> Q ^  DFFR_X1  0.360  0.360    0.032  
      U775_reg_0  D ^          DFFR_X2  0.000  0.360    0.032  
      ----------------------------------------------------------
Path 7: MET Hold Check with Pin U657_reg/CK 
Endpoint:   U657_reg/D (^) checked with  leading edge of 'in_rclk'
Beginpoint: U642_reg/Q (^) triggered by  leading edge of 'in_rclk'
Path Groups: {in_rclk}
Other End Arrival Time          0.000
+ Hold                          0.032
+ Phase Shift                   0.000
= Required Time                 0.032
  Arrival Time                  0.360
  Slack Time                    0.327
     Clock Rise Edge                 0.000
     + Clock Network Latency (Ideal) 0.000
     = Beginpoint Arrival Time       0.000
      --------------------------------------------------------
      Instance  Arc          Cell     Delay  Arrival  Required  
                                             Time     Time  
      --------------------------------------------------------
      U642_reg  CK ^         -        -      0.000    -0.327  
      U642_reg  CK ^ -> Q ^  DFFR_X1  0.360  0.360    0.032  
      U657_reg  D ^          DFFR_X2  0.000  0.360    0.032  
      --------------------------------------------------------
Path 8: MET Hold Check with Pin U739_reg/CK 
Endpoint:   U739_reg/D (v) checked with  leading edge of 'in_rclk'
Beginpoint: U627_reg/Q (v) triggered by  leading edge of 'in_rclk'
Path Groups: {in_rclk}
Other End Arrival Time          0.000
+ Hold                          0.013
+ Phase Shift                   0.000
= Required Time                 0.013
  Arrival Time                  0.394
  Slack Time                    0.381
     Clock Rise Edge                 0.000
     + Clock Network Latency (Ideal) 0.000
     = Beginpoint Arrival Time       0.000
      ---------------------------------------------------------
      Instance  Arc          Cell      Delay  Arrival  Required  
                                              Time     Time  
      ---------------------------------------------------------
      U627_reg  CK ^         -         -      0.000    -0.381  
      U627_reg  CK ^ -> Q v  SDFFR_X1  0.394  0.394    0.013  
      U739_reg  D v          DFFR_X1   0.000  0.394    0.013  
      ---------------------------------------------------------
Path 9: MET Hold Check with Pin U725_reg_0/CK 
Endpoint:   U725_reg_0/D (v) checked with  leading edge of 'in_rclk'
Beginpoint: U341_reg/Q   (v) triggered by  leading edge of 'in_rclk'
Path Groups: {in_rclk}
Other End Arrival Time          0.000
+ Hold                          0.013
+ Phase Shift                   0.000
= Required Time                 0.013
  Arrival Time                  0.394
  Slack Time                    0.381
     Clock Rise Edge                 0.000
     + Clock Network Latency (Ideal) 0.000
     = Beginpoint Arrival Time       0.000
      -----------------------------------------------------------
      Instance    Arc          Cell      Delay  Arrival  Required  
                                                Time     Time  
      -----------------------------------------------------------
      U341_reg    CK ^         -         -      0.000    -0.381  
      U341_reg    CK ^ -> Q v  SDFFR_X1  0.394  0.394    0.013  
      U725_reg_0  D v          DFFR_X1   0.000  0.394    0.013  
      -----------------------------------------------------------
Path 10: MET Hold Check with Pin U642_reg/CK 
Endpoint:   U642_reg/D (v) checked with  leading edge of 'in_rclk'
Beginpoint: U528_reg/Q (v) triggered by  leading edge of 'in_rclk'
Path Groups: {in_rclk}
Other End Arrival Time          0.000
+ Hold                          0.013
+ Phase Shift                   0.000
= Required Time                 0.013
  Arrival Time                  0.394
  Slack Time                    0.381
     Clock Rise Edge                 0.000
     + Clock Network Latency (Ideal) 0.000
     = Beginpoint Arrival Time       0.000
      ---------------------------------------------------------
      Instance  Arc          Cell      Delay  Arrival  Required  
                                              Time     Time  
      ---------------------------------------------------------
      U528_reg  CK ^         -         -      0.000    -0.381  
      U528_reg  CK ^ -> Q v  SDFFR_X1  0.394  0.394    0.013  
      U642_reg  D v          DFFR_X1   0.000  0.394    0.013  
      ---------------------------------------------------------
Path 11: MET Hold Check with Pin U545_reg_0/CK 
Endpoint:   U545_reg_0/D (v) checked with  leading edge of 'in_rclk'
Beginpoint: U701_reg/Q   (v) triggered by  leading edge of 'in_rclk'
Path Groups: {in_rclk}
Other End Arrival Time          0.000
+ Hold                          0.013
+ Phase Shift                   0.000
= Required Time                 0.013
  Arrival Time                  0.394
  Slack Time                    0.381
     Clock Rise Edge                 0.000
     + Clock Network Latency (Ideal) 0.000
     = Beginpoint Arrival Time       0.000
      -----------------------------------------------------------
      Instance    Arc          Cell      Delay  Arrival  Required  
                                                Time     Time  
      -----------------------------------------------------------
      U701_reg    CK ^         -         -      0.000    -0.381  
      U701_reg    CK ^ -> Q v  SDFFR_X1  0.394  0.394    0.013  
      U545_reg_0  D v          DFFR_X1   0.000  0.394    0.013  
      -----------------------------------------------------------
Path 12: MET Hold Check with Pin U421_reg_0/CK 
Endpoint:   U421_reg_0/D (v) checked with  leading edge of 'in_rclk'
Beginpoint: U852_reg/Q   (v) triggered by  leading edge of 'in_rclk'
Path Groups: {in_rclk}
Other End Arrival Time          0.000
+ Hold                          0.013
+ Phase Shift                   0.000
= Required Time                 0.013
  Arrival Time                  0.394
  Slack Time                    0.381
     Clock Rise Edge                 0.000
     + Clock Network Latency (Ideal) 0.000
     = Beginpoint Arrival Time       0.000
      -----------------------------------------------------------
      Instance    Arc          Cell      Delay  Arrival  Required  
                                                Time     Time  
      -----------------------------------------------------------
      U852_reg    CK ^         -         -      0.000    -0.381  
      U852_reg    CK ^ -> Q v  SDFFR_X1  0.394  0.394    0.013  
      U421_reg_0  D v          DFFR_X1   0.000  0.394    0.013  
      -----------------------------------------------------------
Path 13: MET Hold Check with Pin U766_reg/CK 
Endpoint:   U766_reg/D (v) checked with  leading edge of 'in_rclk'
Beginpoint: U494_reg/Q (v) triggered by  leading edge of 'in_rclk'
Path Groups: {in_rclk}
Other End Arrival Time          0.000
+ Hold                          0.012
+ Phase Shift                   0.000
= Required Time                 0.012
  Arrival Time                  0.396
  Slack Time                    0.384
     Clock Rise Edge                 0.000
     + Clock Network Latency (Ideal) 0.000
     = Beginpoint Arrival Time       0.000
      ---------------------------------------------------------
      Instance  Arc          Cell      Delay  Arrival  Required  
                                              Time     Time  
      ---------------------------------------------------------
      U494_reg  CK ^         -         -      0.000    -0.384  
      U494_reg  CK ^ -> Q v  SDFFR_X1  0.396  0.396    0.012  
      U766_reg  D v          DFFR_X2   0.000  0.396    0.012  
      ---------------------------------------------------------
Path 14: MET Hold Check with Pin U878_reg/CK 
Endpoint:   U878_reg/D  (^) checked with  leading edge of 'in_rclk'
Beginpoint: U642_reg/QN (v) triggered by  leading edge of 'in_rclk'
Path Groups: {in_rclk}
Other End Arrival Time          0.000
+ Hold                         -0.048
+ Phase Shift                   0.000
= Required Time                -0.048
  Arrival Time                  0.396
  Slack Time                    0.444
     Clock Rise Edge                 0.000
     + Clock Network Latency (Ideal) 0.000
     = Beginpoint Arrival Time       0.000
      ----------------------------------------------------------
      Instance  Arc           Cell      Delay  Arrival  Required  
                                               Time     Time  
      ----------------------------------------------------------
      U642_reg  CK ^          -         -      0.000    -0.444  
      U642_reg  CK ^ -> QN v  DFFR_X1   0.275  0.275    -0.169  
      U29418    A1 v -> ZN ^  NOR2_X2   0.121  0.396    -0.048  
      U878_reg  D ^           SDFFR_X2  0.000  0.396    -0.048  
      ----------------------------------------------------------
Path 15: MET Hold Check with Pin U444_reg_7/CK 
Endpoint:   U444_reg_7/D  (v) checked with  leading edge of 'in_rclk'
Beginpoint: U462_reg_7/QN (^) triggered by  leading edge of 'in_rclk'
Path Groups: {in_rclk}
Other End Arrival Time          0.000
+ Hold                          0.011
+ Phase Shift                   0.000
= Required Time                 0.011
  Arrival Time                  0.476
  Slack Time                    0.465
     Clock Rise Edge                 0.000
     + Clock Network Latency (Ideal) 0.000
     = Beginpoint Arrival Time       0.000
      ------------------------------------------------------------
      Instance    Arc           Cell      Delay  Arrival  Required  
                                                 Time     Time  
      ------------------------------------------------------------
      U462_reg_7  CK ^          -         -      0.000    -0.465  
      U462_reg_7  CK ^ -> QN ^  SDFFR_X2  0.430  0.430    -0.035  
      U9958       A ^ -> ZN v   INV_X4    0.046  0.476    0.011  
      U444_reg_7  D v           DFFR_X2   0.000  0.476    0.011  
      ------------------------------------------------------------
Path 16: MET Hold Check with Pin U471_reg/CK 
Endpoint:   U471_reg/D  (^) checked with  leading edge of 'in_rclk'
Beginpoint: U739_reg/QN (v) triggered by  leading edge of 'in_rclk'
Path Groups: {in_rclk}
Other End Arrival Time          0.000
+ Hold                         -0.048
+ Phase Shift                   0.000
= Required Time                -0.048
  Arrival Time                  0.425
  Slack Time                    0.473
     Clock Rise Edge                 0.000
     + Clock Network Latency (Ideal) 0.000
     = Beginpoint Arrival Time       0.000
      ----------------------------------------------------------
      Instance  Arc           Cell      Delay  Arrival  Required  
                                               Time     Time  
      ----------------------------------------------------------
      U739_reg  CK ^          -         -      0.000    -0.473  
      U739_reg  CK ^ -> QN v  DFFR_X1   0.278  0.278    -0.195  
      U34774    B1 v -> ZN ^  OAI21_X2  0.147  0.425    -0.048  
      U471_reg  D ^           SDFFR_X2  0.000  0.425    -0.048  
      ----------------------------------------------------------
Path 17: MET Hold Check with Pin U686_reg/CK 
Endpoint:   U686_reg/D  (v) checked with  leading edge of 'in_rclk'
Beginpoint: U878_reg/QN (^) triggered by  leading edge of 'in_rclk'
Path Groups: {in_rclk}
Other End Arrival Time          0.000
+ Hold                          0.008
+ Phase Shift                   0.000
= Required Time                 0.008
  Arrival Time                  0.498
  Slack Time                    0.490
     Clock Rise Edge                 0.000
     + Clock Network Latency (Ideal) 0.000
     = Beginpoint Arrival Time       0.000
      ----------------------------------------------------------
      Instance  Arc           Cell      Delay  Arrival  Required  
                                               Time     Time  
      ----------------------------------------------------------
      U878_reg  CK ^          -         -      0.000    -0.490  
      U878_reg  CK ^ -> QN ^  SDFFR_X2  0.430  0.430    -0.060  
      U41052    A ^ -> ZN v   INV_X4    0.069  0.498    0.008  
      U686_reg  D v           DFFR_X1   0.000  0.498    0.008  
      ----------------------------------------------------------
Path 18: MET Hold Check with Pin U444_reg_1/CK 
Endpoint:   U444_reg_1/D (^) checked with  leading edge of 'in_rclk'
Beginpoint: U462_reg_1/Q (^) triggered by  leading edge of 'in_rclk'
Path Groups: {in_rclk}
Other End Arrival Time          0.000
+ Hold                          0.024
+ Phase Shift                   0.000
= Required Time                 0.024
  Arrival Time                  0.526
  Slack Time                    0.502
     Clock Rise Edge                 0.000
     + Clock Network Latency (Ideal) 0.000
     = Beginpoint Arrival Time       0.000
      -------------------------------------------------------------------------
      Instance                  Arc          Cell      Delay  Arrival  Required  
                                                              Time     Time  
      -------------------------------------------------------------------------
      U462_reg_1                CK ^         -         -      0.000    -0.502  
      U462_reg_1                CK ^ -> Q ^  SDFFR_X2  0.374  0.374    -0.128  
      mbn_281_1__ATgbl_i6646_3  A ^ -> Z ^   BUF_X8    0.152  0.526    0.024  
      U444_reg_1                D ^          DFFR_X2   0.000  0.526    0.024  
      -------------------------------------------------------------------------
Path 19: MET Hold Check with Pin U444_reg_3/CK 
Endpoint:   U444_reg_3/D (^) checked with  leading edge of 'in_rclk'
Beginpoint: U462_reg_3/Q (^) triggered by  leading edge of 'in_rclk'
Path Groups: {in_rclk}
Other End Arrival Time          0.000
+ Hold                          0.025
+ Phase Shift                   0.000
= Required Time                 0.025
  Arrival Time                  0.527
  Slack Time                    0.503
     Clock Rise Edge                 0.000
     + Clock Network Latency (Ideal) 0.000
     = Beginpoint Arrival Time       0.000
      -------------------------------------------------------------------------
      Instance                  Arc          Cell      Delay  Arrival  Required  
                                                              Time     Time  
      -------------------------------------------------------------------------
      U462_reg_3                CK ^         -         -      0.000    -0.503  
      U462_reg_3                CK ^ -> Q ^  SDFFR_X2  0.374  0.374    -0.129  
      mbn_281_3__ATgbl_i6564_1  A ^ -> Z ^   BUF_X8    0.153  0.527    0.025  
      U444_reg_3                D ^          DFFR_X2   0.000  0.527    0.025  
      -------------------------------------------------------------------------
Path 20: MET Hold Check with Pin U444_reg_4/CK 
Endpoint:   U444_reg_4/D (^) checked with  leading edge of 'in_rclk'
Beginpoint: U462_reg_4/Q (^) triggered by  leading edge of 'in_rclk'
Path Groups: {in_rclk}
Other End Arrival Time          0.000
+ Hold                          0.026
+ Phase Shift                   0.000
= Required Time                 0.026
  Arrival Time                  0.530
  Slack Time                    0.504
     Clock Rise Edge                 0.000
     + Clock Network Latency (Ideal) 0.000
     = Beginpoint Arrival Time       0.000
      --------------------------------------------------------------------------
      Instance                   Arc          Cell      Delay  Arrival  Required  
                                                               Time     Time  
      --------------------------------------------------------------------------
      U462_reg_4                 CK ^         -         -      0.000    -0.504  
      U462_reg_4                 CK ^ -> Q ^  SDFFR_X2  0.374  0.374    -0.130  
      mbn_281_4__ATgbl_i13551_5  A ^ -> Z ^   BUF_X8    0.156  0.530    0.026  
      U444_reg_4                 D ^          DFFR_X2   0.000  0.530    0.026  
      --------------------------------------------------------------------------
Path 21: MET Hold Check with Pin U444_reg_6/CK 
Endpoint:   U444_reg_6/D (^) checked with  leading edge of 'in_rclk'
Beginpoint: U462_reg_6/Q (^) triggered by  leading edge of 'in_rclk'
Path Groups: {in_rclk}
Other End Arrival Time          0.000
+ Hold                          0.026
+ Phase Shift                   0.000
= Required Time                 0.026
  Arrival Time                  0.530
  Slack Time                    0.504
     Clock Rise Edge                 0.000
     + Clock Network Latency (Ideal) 0.000
     = Beginpoint Arrival Time       0.000
      -------------------------------------------------------------------------
      Instance                  Arc          Cell      Delay  Arrival  Required  
                                                              Time     Time  
      -------------------------------------------------------------------------
      U462_reg_6                CK ^         -         -      0.000    -0.504  
      U462_reg_6                CK ^ -> Q ^  SDFFR_X2  0.374  0.374    -0.130  
      mbn_281_6__ATgbl_i6049_1  A ^ -> Z ^   BUF_X8    0.156  0.530    0.026  
      U444_reg_6                D ^          DFFR_X2   0.000  0.530    0.026  
      -------------------------------------------------------------------------
Path 22: MET Hold Check with Pin U444_reg_5/CK 
Endpoint:   U444_reg_5/D (^) checked with  leading edge of 'in_rclk'
Beginpoint: U462_reg_5/Q (^) triggered by  leading edge of 'in_rclk'
Path Groups: {in_rclk}
Other End Arrival Time          0.000
+ Hold                          0.025
+ Phase Shift                   0.000
= Required Time                 0.025
  Arrival Time                  0.529
  Slack Time                    0.504
     Clock Rise Edge                 0.000
     + Clock Network Latency (Ideal) 0.000
     = Beginpoint Arrival Time       0.000
      --------------------------------------------------------------------------
      Instance                   Arc          Cell      Delay  Arrival  Required  
                                                               Time     Time  
      --------------------------------------------------------------------------
      U462_reg_5                 CK ^         -         -      0.000    -0.504  
      U462_reg_5                 CK ^ -> Q ^  SDFFR_X2  0.374  0.374    -0.130  
      mbn_281_5__ATgbl_i13404_6  A ^ -> Z ^   BUF_X8    0.155  0.529    0.025  
      U444_reg_5                 D ^          DFFR_X2   0.000  0.529    0.025  
      --------------------------------------------------------------------------
Path 23: MET Hold Check with Pin U444_reg_2/CK 
Endpoint:   U444_reg_2/D (^) checked with  leading edge of 'in_rclk'
Beginpoint: U462_reg_2/Q (^) triggered by  leading edge of 'in_rclk'
Path Groups: {in_rclk}
Other End Arrival Time          0.000
+ Hold                          0.020
+ Phase Shift                   0.000
= Required Time                 0.020
  Arrival Time                  0.543
  Slack Time                    0.523
     Clock Rise Edge                 0.000
     + Clock Network Latency (Ideal) 0.000
     = Beginpoint Arrival Time       0.000
      -------------------------------------------------------------------------
      Instance                  Arc          Cell      Delay  Arrival  Required  
                                                              Time     Time  
      -------------------------------------------------------------------------
      U462_reg_2                CK ^         -         -      0.000    -0.523  
      U462_reg_2                CK ^ -> Q ^  SDFFR_X2  0.374  0.374    -0.149  
      sbn_37770_ATdrc_i18918_1  A ^ -> Z ^   BUF_X16   0.169  0.543    0.020  
      U444_reg_2                D ^          DFFR_X1   0.000  0.543    0.020  
      -------------------------------------------------------------------------
Path 24: MET Hold Check with Pin U494_reg/CK 
Endpoint:   U494_reg/D   (^) checked with  leading edge of 'in_rclk'
Beginpoint: U462_reg_0/Q (v) triggered by  leading edge of 'in_rclk'
Path Groups: {in_rclk}
Other End Arrival Time          0.000
+ Hold                         -0.048
+ Phase Shift                   0.000
= Required Time                -0.048
  Arrival Time                  0.507
  Slack Time                    0.556
     Clock Rise Edge                 0.000
     + Clock Network Latency (Ideal) 0.000
     = Beginpoint Arrival Time       0.000
      ------------------------------------------------------------
      Instance    Arc           Cell      Delay  Arrival  Required  
                                                 Time     Time  
      ------------------------------------------------------------
      U462_reg_0  CK ^          -         -      0.000    -0.556  
      U462_reg_0  CK ^ -> Q v   SDFFR_X2  0.379  0.379    -0.176  
      U32791      A1 v -> ZN ^  NOR2_X2   0.128  0.507    -0.048  
      U494_reg    D ^           SDFFR_X1  0.000  0.507    -0.048  
      ------------------------------------------------------------
Path 25: MET Hold Check with Pin U514_reg_4/CK 
Endpoint:   U514_reg_4/D  (v) checked with  leading edge of 'in_rclk'
Beginpoint: U514_reg_4/QN (^) triggered by  leading edge of 'in_rclk'
Path Groups: {in_rclk}
Other End Arrival Time          0.000
+ Hold                         -0.165
+ Phase Shift                   0.000
= Required Time                -0.165
  Arrival Time                  0.392
  Slack Time                    0.557
     Clock Rise Edge                 0.000
     + Clock Network Latency (Ideal) 0.000
     = Beginpoint Arrival Time       0.000
      -------------------------------------------------------------
      Instance    Arc           Cell       Delay  Arrival  Required  
                                                  Time     Time  
      -------------------------------------------------------------
      U514_reg_4  CK ^          -          -      0.000    -0.557  
      U514_reg_4  CK ^ -> QN ^  SDFF_X2    0.321  0.321    -0.236  
      U13958      C1 ^ -> ZN v  OAI211_X2  0.071  0.392    -0.165  
      U514_reg_4  D v           SDFF_X2    0.000  0.392    -0.165  
      -------------------------------------------------------------
Path 26: MET Removal Check with Pin U228_reg_0/CK 
Endpoint:   U228_reg_0/SN (^) checked with  leading edge of 'in_rclk'
Beginpoint: U568_reg_0/Q  (^) triggered by  leading edge of 'in_rclk'
Path Groups: {async_default}
Other End Arrival Time          0.000
+ Removal                       0.346
+ Phase Shift                   0.000
= Required Time                 0.346
  Arrival Time                  0.906
  Slack Time                    0.560
     Clock Rise Edge                 0.000
     + Clock Network Latency (Ideal) 0.000
     = Beginpoint Arrival Time       0.000
      --------------------------------------------------------------------------
      Instance                  Arc          Cell       Delay  Arrival  Required  
                                                               Time     Time  
      --------------------------------------------------------------------------
      U568_reg_0                CK ^         -          -      0.000    -0.560  
      U568_reg_0                CK ^ -> Q ^  DFFR_X1    0.358  0.358    -0.203  
      U25685                    A ^ -> Z ^   MUX2_X2    0.159  0.516    -0.044  
      sbn_54111_ATdrc_i14908_8  A ^ -> Z ^   BUF_X8     0.126  0.642    0.082  
      sbn_54111_AThdrc_i831     A ^ -> Z ^   BUF_X16    0.264  0.906    0.346  
      U228_reg_0                SN ^         SDFFRS_X2  0.000  0.906    0.346  
      --------------------------------------------------------------------------
Path 27: MET Removal Check with Pin U74_reg_0/CK 
Endpoint:   U74_reg_0/SN (^) checked with  leading edge of 'in_rclk'
Beginpoint: U568_reg_0/Q (^) triggered by  leading edge of 'in_rclk'
Path Groups: {async_default}
Other End Arrival Time          0.000
+ Removal                       0.346
+ Phase Shift                   0.000
= Required Time                 0.346
  Arrival Time                  0.906
  Slack Time                    0.560
     Clock Rise Edge                 0.000
     + Clock Network Latency (Ideal) 0.000
     = Beginpoint Arrival Time       0.000
      --------------------------------------------------------------------------
      Instance                  Arc          Cell       Delay  Arrival  Required  
                                                               Time     Time  
      --------------------------------------------------------------------------
      U568_reg_0                CK ^         -          -      0.000    -0.560  
      U568_reg_0                CK ^ -> Q ^  DFFR_X1    0.358  0.358    -0.203  
      U25685                    A ^ -> Z ^   MUX2_X2    0.159  0.516    -0.044  
      sbn_54111_ATdrc_i14908_8  A ^ -> Z ^   BUF_X8     0.126  0.642    0.082  
      sbn_54111_AThdrc_i831     A ^ -> Z ^   BUF_X16    0.264  0.906    0.346  
      U74_reg_0                 SN ^         SDFFRS_X2  0.000  0.906    0.346  
      --------------------------------------------------------------------------
Path 28: MET Hold Check with Pin U440_reg_8/CK 
Endpoint:   U440_reg_8/D  (v) checked with  leading edge of 'in_rclk'
Beginpoint: U440_reg_8/QN (^) triggered by  leading edge of 'in_rclk'
Path Groups: {in_rclk}
Other End Arrival Time          0.000
+ Hold                         -0.161
+ Phase Shift                   0.000
= Required Time                -0.161
  Arrival Time                  0.404
  Slack Time                    0.565
     Clock Rise Edge                 0.000
     + Clock Network Latency (Ideal) 0.000
     = Beginpoint Arrival Time       0.000
      ------------------------------------------------------------
      Instance    Arc           Cell      Delay  Arrival  Required  
                                                 Time     Time  
      ------------------------------------------------------------
      U440_reg_8  CK ^          -         -      0.000    -0.565  
      U440_reg_8  CK ^ -> QN ^  SDFF_X2   0.330  0.330    -0.235  
      U25924      B1 ^ -> ZN v  OAI22_X2  0.074  0.404    -0.161  
      U440_reg_8  D v           SDFF_X2   0.000  0.404    -0.161  
      ------------------------------------------------------------
Path 29: MET Hold Check with Pin U514_reg_8/CK 
Endpoint:   U514_reg_8/D  (v) checked with  leading edge of 'in_rclk'
Beginpoint: U514_reg_8/QN (^) triggered by  leading edge of 'in_rclk'
Path Groups: {in_rclk}
Other End Arrival Time          0.000
+ Hold                         -0.161
+ Phase Shift                   0.000
= Required Time                -0.161
  Arrival Time                  0.404
  Slack Time                    0.565
     Clock Rise Edge                 0.000
     + Clock Network Latency (Ideal) 0.000
     = Beginpoint Arrival Time       0.000
      ------------------------------------------------------------
      Instance    Arc           Cell      Delay  Arrival  Required  
                                                 Time     Time  
      ------------------------------------------------------------
      U514_reg_8  CK ^          -         -      0.000    -0.565  
      U514_reg_8  CK ^ -> QN ^  SDFF_X2   0.330  0.330    -0.235  
      U31010      B1 ^ -> ZN v  OAI22_X2  0.074  0.404    -0.161  
      U514_reg_8  D v           SDFF_X2   0.000  0.404    -0.161  
      ------------------------------------------------------------
Path 30: MET Hold Check with Pin U119_reg_6/CK 
Endpoint:   U119_reg_6/D  (v) checked with  leading edge of 'in_rclk'
Beginpoint: U119_reg_6/QN (^) triggered by  leading edge of 'in_rclk'
Path Groups: {in_rclk}
Other End Arrival Time          0.000
+ Hold                         -0.173
+ Phase Shift                   0.000
= Required Time                -0.173
  Arrival Time                  0.397
  Slack Time                    0.571
     Clock Rise Edge                 0.000
     + Clock Network Latency (Ideal) 0.000
     = Beginpoint Arrival Time       0.000
      -------------------------------------------------------------
      Instance    Arc           Cell       Delay  Arrival  Required  
                                                  Time     Time  
      -------------------------------------------------------------
      U119_reg_6  CK ^          -          -      0.000    -0.571  
      U119_reg_6  CK ^ -> QN ^  SDFF_X2    0.312  0.312    -0.259  
      U12353      C1 ^ -> ZN v  OAI211_X1  0.086  0.397    -0.173  
      U119_reg_6  D v           SDFF_X2    0.000  0.397    -0.173  
      -------------------------------------------------------------
Path 31: MET Hold Check with Pin U440_reg_6/CK 
Endpoint:   U440_reg_6/D  (v) checked with  leading edge of 'in_rclk'
Beginpoint: U440_reg_6/QN (^) triggered by  leading edge of 'in_rclk'
Path Groups: {in_rclk}
Other End Arrival Time          0.000
+ Hold                         -0.165
+ Phase Shift                   0.000
= Required Time                -0.165
  Arrival Time                  0.406
  Slack Time                    0.572
     Clock Rise Edge                 0.000
     + Clock Network Latency (Ideal) 0.000
     = Beginpoint Arrival Time       0.000
      -------------------------------------------------------------
      Instance    Arc           Cell       Delay  Arrival  Required  
                                                  Time     Time  
      -------------------------------------------------------------
      U440_reg_6  CK ^          -          -      0.000    -0.572  
      U440_reg_6  CK ^ -> QN ^  SDFF_X2    0.331  0.331    -0.241  
      U24336      C1 ^ -> ZN v  OAI211_X2  0.075  0.406    -0.165  
      U440_reg_6  D v           SDFF_X2    0.000  0.406    -0.165  
      -------------------------------------------------------------
Path 32: MET Hold Check with Pin U444_reg_0/CK 
Endpoint:   U444_reg_0/D  (v) checked with  leading edge of 'in_rclk'
Beginpoint: U462_reg_0/QN (^) triggered by  leading edge of 'in_rclk'
Path Groups: {in_rclk}
Other End Arrival Time          0.000
+ Hold                          0.012
+ Phase Shift                   0.000
= Required Time                 0.012
  Arrival Time                  0.584
  Slack Time                    0.572
     Clock Rise Edge                 0.000
     + Clock Network Latency (Ideal) 0.000
     = Beginpoint Arrival Time       0.000
      --------------------------------------------------------------------------
      Instance                  Arc           Cell      Delay  Arrival  Required  
                                                               Time     Time  
      --------------------------------------------------------------------------
      U462_reg_0                CK ^          -         -      0.000    -0.572  
      U462_reg_0                CK ^ -> QN ^  SDFFR_X2  0.412  0.412    -0.160  
      sbn_37766_ATgbl_i13536_5  A ^ -> Z ^    BUF_X8    0.128  0.540    -0.032  
      U23334                    A ^ -> ZN v   INV_X4    0.044  0.584    0.012  
      U444_reg_0                D v           DFFR_X2   0.000  0.584    0.012  
      --------------------------------------------------------------------------
Path 33: MET Hold Check with Pin U514_reg_6/CK 
Endpoint:   U514_reg_6/D  (v) checked with  leading edge of 'in_rclk'
Beginpoint: U514_reg_6/QN (^) triggered by  leading edge of 'in_rclk'
Path Groups: {in_rclk}
Other End Arrival Time          0.000
+ Hold                         -0.165
+ Phase Shift                   0.000
= Required Time                -0.165
  Arrival Time                  0.407
  Slack Time                    0.573
     Clock Rise Edge                 0.000
     + Clock Network Latency (Ideal) 0.000
     = Beginpoint Arrival Time       0.000
      -------------------------------------------------------------
      Instance    Arc           Cell       Delay  Arrival  Required  
                                                  Time     Time  
      -------------------------------------------------------------
      U514_reg_6  CK ^          -          -      0.000    -0.573  
      U514_reg_6  CK ^ -> QN ^  SDFF_X2    0.332  0.332    -0.241  
      U16351      C1 ^ -> ZN v  OAI211_X2  0.076  0.407    -0.165  
      U514_reg_6  D v           SDFF_X2    0.000  0.407    -0.165  
      -------------------------------------------------------------
Path 34: MET Hold Check with Pin U440_reg_4/CK 
Endpoint:   U440_reg_4/D  (v) checked with  leading edge of 'in_rclk'
Beginpoint: U440_reg_4/QN (^) triggered by  leading edge of 'in_rclk'
Path Groups: {in_rclk}
Other End Arrival Time          0.000
+ Hold                         -0.165
+ Phase Shift                   0.000
= Required Time                -0.165
  Arrival Time                  0.407
  Slack Time                    0.573
     Clock Rise Edge                 0.000
     + Clock Network Latency (Ideal) 0.000
     = Beginpoint Arrival Time       0.000
      -------------------------------------------------------------
      Instance    Arc           Cell       Delay  Arrival  Required  
                                                  Time     Time  
      -------------------------------------------------------------
      U440_reg_4  CK ^          -          -      0.000    -0.573  
      U440_reg_4  CK ^ -> QN ^  SDFF_X2    0.332  0.332    -0.241  
      U12211      C1 ^ -> ZN v  OAI211_X2  0.076  0.407    -0.165  
      U440_reg_4  D v           SDFF_X2    0.000  0.407    -0.165  
      -------------------------------------------------------------
Path 35: MET Hold Check with Pin U230_reg_7/CK 
Endpoint:   U230_reg_7/D (^) checked with  leading edge of 'in_rclk'
Beginpoint: U230_reg_7/Q (^) triggered by  leading edge of 'in_rclk'
Path Groups: {in_rclk}
Other End Arrival Time          0.000
+ Hold                         -0.041
+ Phase Shift                   0.000
= Required Time                -0.041
  Arrival Time                  0.532
  Slack Time                    0.574
     Clock Rise Edge                 0.000
     + Clock Network Latency (Ideal) 0.000
     = Beginpoint Arrival Time       0.000
      ------------------------------------------------------------
      Instance    Arc           Cell      Delay  Arrival  Required  
                                                 Time     Time  
      ------------------------------------------------------------
      U230_reg_7  CK ^          -         -      0.000    -0.574  
      U230_reg_7  CK ^ -> Q ^   SDFFR_X2  0.414  0.414    -0.160  
      U32101      A2 ^ -> ZN v  OAI22_X2  0.070  0.483    -0.090  
      U16791      A v -> ZN ^   INV_X4    0.049  0.532    -0.041  
      U230_reg_7  D ^           SDFFR_X2  0.000  0.532    -0.041  
      ------------------------------------------------------------
Path 36: MET Hold Check with Pin lckup31/GN 
Endpoint:   lckup31/D     (^) checked with  leading edge of 'in_rclk'
Beginpoint: U151_reg_7/QN (^) triggered by  leading edge of 'in_rclk'
Path Groups: {in_rclk}
Other End Arrival Time          0.000
+ Hold                         -0.070
+ Phase Shift                   0.000
= Required Time                -0.070
  Arrival Time                  0.505
  Slack Time                    0.575
     Clock Rise Edge                 0.000
     + Clock Network Latency (Ideal) 0.000
     = Beginpoint Arrival Time       0.000
      -----------------------------------------------------------------------
      Instance               Arc           Cell      Delay  Arrival  Required  
                                                            Time     Time  
      -----------------------------------------------------------------------
      U151_reg_7             CK ^          -         -      0.000    -0.575  
      U151_reg_7             CK ^ -> QN ^  SDFFR_X2  0.412  0.412    -0.163  
      net834_ATdrc_i18490_1  A ^ -> Z ^    BUF_X4    0.093  0.505    -0.070  
      lckup31                D ^           DLL_X2    0.000  0.505    -0.070  
      -----------------------------------------------------------------------
Path 37: MET Hold Check with Pin U119_reg_7/CK 
Endpoint:   U119_reg_7/D (^) checked with  leading edge of 'in_rclk'
Beginpoint: U119_reg_7/Q (^) triggered by  leading edge of 'in_rclk'
Path Groups: {in_rclk}
Other End Arrival Time          0.000
+ Hold                         -0.048
+ Phase Shift                   0.000
= Required Time                -0.048
  Arrival Time                  0.528
  Slack Time                    0.577
     Clock Rise Edge                 0.000
     + Clock Network Latency (Ideal) 0.000
     = Beginpoint Arrival Time       0.000
      ------------------------------------------------------------
      Instance    Arc           Cell      Delay  Arrival  Required  
                                                 Time     Time  
      ------------------------------------------------------------
      U119_reg_7  CK ^          -         -      0.000    -0.577  
      U119_reg_7  CK ^ -> Q ^   SDFF_X2   0.339  0.339    -0.238  
      U41322      A1 ^ -> ZN v  NAND2_X2  0.057  0.396    -0.181  
      U19124      A3 v -> ZN ^  NAND3_X2  0.133  0.529    -0.048  
      U119_reg_7  D ^           SDFF_X2   0.000  0.528    -0.048  
      ------------------------------------------------------------
Path 38: MET Hold Check with Pin U508_reg_2/CK 
Endpoint:   U508_reg_2/D (^) checked with  leading edge of 'in_rclk'
Beginpoint: U508_reg_2/Q (^) triggered by  leading edge of 'in_rclk'
Path Groups: {in_rclk}
Other End Arrival Time          0.000
+ Hold                         -0.046
+ Phase Shift                   0.000
= Required Time                -0.046
  Arrival Time                  0.534
  Slack Time                    0.580
     Clock Rise Edge                 0.000
     + Clock Network Latency (Ideal) 0.000
     = Beginpoint Arrival Time       0.000
      ------------------------------------------------------------
      Instance    Arc           Cell      Delay  Arrival  Required  
                                                 Time     Time  
      ------------------------------------------------------------
      U508_reg_2  CK ^          -         -      0.000    -0.580  
      U508_reg_2  CK ^ -> Q ^   SDFFR_X2  0.397  0.397    -0.183  
      U17982      A1 ^ -> ZN ^  AND2_X2   0.136  0.534    -0.046  
      U508_reg_2  D ^           SDFFR_X2  0.000  0.534    -0.046  
      ------------------------------------------------------------
Path 39: MET Hold Check with Pin U108_reg_2/CK 
Endpoint:   U108_reg_2/D (^) checked with  leading edge of 'in_rclk'
Beginpoint: U108_reg_2/Q (^) triggered by  leading edge of 'in_rclk'
Path Groups: {in_rclk}
Other End Arrival Time          0.000
+ Hold                         -0.046
+ Phase Shift                   0.000
= Required Time                -0.046
  Arrival Time                  0.534
  Slack Time                    0.580
     Clock Rise Edge                 0.000
     + Clock Network Latency (Ideal) 0.000
     = Beginpoint Arrival Time       0.000
      ------------------------------------------------------------
      Instance    Arc           Cell      Delay  Arrival  Required  
                                                 Time     Time  
      ------------------------------------------------------------
      U108_reg_2  CK ^          -         -      0.000    -0.580  
      U108_reg_2  CK ^ -> Q ^   SDFFR_X2  0.397  0.397    -0.183  
      U20061      A1 ^ -> ZN ^  AND2_X2   0.136  0.534    -0.046  
      U108_reg_2  D ^           SDFFR_X2  0.000  0.534    -0.046  
      ------------------------------------------------------------
Path 40: MET Hold Check with Pin U108_reg_6/CK 
Endpoint:   U108_reg_6/D (^) checked with  leading edge of 'in_rclk'
Beginpoint: U108_reg_6/Q (^) triggered by  leading edge of 'in_rclk'
Path Groups: {in_rclk}
Other End Arrival Time          0.000
+ Hold                         -0.046
+ Phase Shift                   0.000
= Required Time                -0.046
  Arrival Time                  0.534
  Slack Time                    0.580
     Clock Rise Edge                 0.000
     + Clock Network Latency (Ideal) 0.000
     = Beginpoint Arrival Time       0.000
      ------------------------------------------------------------
      Instance    Arc           Cell      Delay  Arrival  Required  
                                                 Time     Time  
      ------------------------------------------------------------
      U108_reg_6  CK ^          -         -      0.000    -0.580  
      U108_reg_6  CK ^ -> Q ^   SDFFR_X2  0.397  0.397    -0.183  
      U1641       A1 ^ -> ZN ^  AND2_X2   0.136  0.534    -0.046  
      U108_reg_6  D ^           SDFFR_X2  0.000  0.534    -0.046  
      ------------------------------------------------------------
Path 41: MET Hold Check with Pin U313_reg_7/CK 
Endpoint:   U313_reg_7/D (^) checked with  leading edge of 'in_rclk'
Beginpoint: U313_reg_7/Q (^) triggered by  leading edge of 'in_rclk'
Path Groups: {in_rclk}
Other End Arrival Time          0.000
+ Hold                         -0.041
+ Phase Shift                   0.000
= Required Time                -0.041
  Arrival Time                  0.540
  Slack Time                    0.581
     Clock Rise Edge                 0.000
     + Clock Network Latency (Ideal) 0.000
     = Beginpoint Arrival Time       0.000
      ------------------------------------------------------------
      Instance    Arc           Cell      Delay  Arrival  Required  
                                                 Time     Time  
      ------------------------------------------------------------
      U313_reg_7  CK ^          -         -      0.000    -0.581  
      U313_reg_7  CK ^ -> Q ^   SDFFR_X2  0.414  0.414    -0.166  
      U25837      B1 ^ -> ZN v  OAI22_X2  0.079  0.493    -0.088  
      U42306      A v -> ZN ^   INV_X4    0.047  0.540    -0.041  
      U313_reg_7  D ^           SDFFR_X2  0.000  0.540    -0.041  
      ------------------------------------------------------------
Path 42: MET Hold Check with Pin U108_reg_5/CK 
Endpoint:   U108_reg_5/D (^) checked with  leading edge of 'in_rclk'
Beginpoint: U108_reg_5/Q (^) triggered by  leading edge of 'in_rclk'
Path Groups: {in_rclk}
Other End Arrival Time          0.000
+ Hold                         -0.046
+ Phase Shift                   0.000
= Required Time                -0.046
  Arrival Time                  0.537
  Slack Time                    0.583
     Clock Rise Edge                 0.000
     + Clock Network Latency (Ideal) 0.000
     = Beginpoint Arrival Time       0.000
      ------------------------------------------------------------
      Instance    Arc           Cell      Delay  Arrival  Required  
                                                 Time     Time  
      ------------------------------------------------------------
      U108_reg_5  CK ^          -         -      0.000    -0.583  
      U108_reg_5  CK ^ -> Q ^   SDFFR_X2  0.400  0.400    -0.184  
      U12776      A1 ^ -> ZN ^  AND2_X2   0.137  0.537    -0.046  
      U108_reg_5  D ^           SDFFR_X2  0.000  0.537    -0.046  
      ------------------------------------------------------------
Path 43: MET Hold Check with Pin U108_reg_3/CK 
Endpoint:   U108_reg_3/D (^) checked with  leading edge of 'in_rclk'
Beginpoint: U108_reg_3/Q (^) triggered by  leading edge of 'in_rclk'
Path Groups: {in_rclk}
Other End Arrival Time          0.000
+ Hold                         -0.046
+ Phase Shift                   0.000
= Required Time                -0.046
  Arrival Time                  0.537
  Slack Time                    0.583
     Clock Rise Edge                 0.000
     + Clock Network Latency (Ideal) 0.000
     = Beginpoint Arrival Time       0.000
      ------------------------------------------------------------
      Instance    Arc           Cell      Delay  Arrival  Required  
                                                 Time     Time  
      ------------------------------------------------------------
      U108_reg_3  CK ^          -         -      0.000    -0.583  
      U108_reg_3  CK ^ -> Q ^   SDFFR_X2  0.400  0.400    -0.184  
      U4086       A1 ^ -> ZN ^  AND2_X2   0.137  0.537    -0.046  
      U108_reg_3  D ^           SDFFR_X2  0.000  0.537    -0.046  
      ------------------------------------------------------------
Path 44: MET Hold Check with Pin U108_reg_7/CK 
Endpoint:   U108_reg_7/D (^) checked with  leading edge of 'in_rclk'
Beginpoint: U108_reg_7/Q (^) triggered by  leading edge of 'in_rclk'
Path Groups: {in_rclk}
Other End Arrival Time          0.000
+ Hold                         -0.046
+ Phase Shift                   0.000
= Required Time                -0.046
  Arrival Time                  0.537
  Slack Time                    0.583
     Clock Rise Edge                 0.000
     + Clock Network Latency (Ideal) 0.000
     = Beginpoint Arrival Time       0.000
      ------------------------------------------------------------
      Instance    Arc           Cell      Delay  Arrival  Required  
                                                 Time     Time  
      ------------------------------------------------------------
      U108_reg_7  CK ^          -         -      0.000    -0.583  
      U108_reg_7  CK ^ -> Q ^   SDFFR_X2  0.400  0.400    -0.184  
      U35018      A1 ^ -> ZN ^  AND2_X2   0.137  0.537    -0.046  
      U108_reg_7  D ^           SDFFR_X2  0.000  0.537    -0.046  
      ------------------------------------------------------------
Path 45: MET Hold Check with Pin U108_reg_4/CK 
Endpoint:   U108_reg_4/D (^) checked with  leading edge of 'in_rclk'
Beginpoint: U108_reg_4/Q (^) triggered by  leading edge of 'in_rclk'
Path Groups: {in_rclk}
Other End Arrival Time          0.000
+ Hold                         -0.046
+ Phase Shift                   0.000
= Required Time                -0.046
  Arrival Time                  0.537
  Slack Time                    0.583
     Clock Rise Edge                 0.000
     + Clock Network Latency (Ideal) 0.000
     = Beginpoint Arrival Time       0.000
      ------------------------------------------------------------
      Instance    Arc           Cell      Delay  Arrival  Required  
                                                 Time     Time  
      ------------------------------------------------------------
      U108_reg_4  CK ^          -         -      0.000    -0.583  
      U108_reg_4  CK ^ -> Q ^   SDFFR_X2  0.400  0.400    -0.184  
      U15696      A1 ^ -> ZN ^  AND2_X2   0.137  0.537    -0.046  
      U108_reg_4  D ^           SDFFR_X2  0.000  0.537    -0.046  
      ------------------------------------------------------------
Path 46: MET Hold Check with Pin U108_reg_1/CK 
Endpoint:   U108_reg_1/D (^) checked with  leading edge of 'in_rclk'
Beginpoint: U108_reg_1/Q (^) triggered by  leading edge of 'in_rclk'
Path Groups: {in_rclk}
Other End Arrival Time          0.000
+ Hold                         -0.046
+ Phase Shift                   0.000
= Required Time                -0.046
  Arrival Time                  0.537
  Slack Time                    0.583
     Clock Rise Edge                 0.000
     + Clock Network Latency (Ideal) 0.000
     = Beginpoint Arrival Time       0.000
      ------------------------------------------------------------
      Instance    Arc           Cell      Delay  Arrival  Required  
                                                 Time     Time  
      ------------------------------------------------------------
      U108_reg_1  CK ^          -         -      0.000    -0.583  
      U108_reg_1  CK ^ -> Q ^   SDFFR_X2  0.400  0.400    -0.184  
      U18454      A1 ^ -> ZN ^  AND2_X2   0.137  0.537    -0.046  
      U108_reg_1  D ^           SDFFR_X2  0.000  0.537    -0.046  
      ------------------------------------------------------------
Path 47: MET Hold Check with Pin U108_reg_0/CK 
Endpoint:   U108_reg_0/D (^) checked with  leading edge of 'in_rclk'
Beginpoint: U108_reg_0/Q (^) triggered by  leading edge of 'in_rclk'
Path Groups: {in_rclk}
Other End Arrival Time          0.000
+ Hold                         -0.046
+ Phase Shift                   0.000
= Required Time                -0.046
  Arrival Time                  0.537
  Slack Time                    0.583
     Clock Rise Edge                 0.000
     + Clock Network Latency (Ideal) 0.000
     = Beginpoint Arrival Time       0.000
      ------------------------------------------------------------
      Instance    Arc           Cell      Delay  Arrival  Required  
                                                 Time     Time  
      ------------------------------------------------------------
      U108_reg_0  CK ^          -         -      0.000    -0.583  
      U108_reg_0  CK ^ -> Q ^   SDFFR_X2  0.400  0.400    -0.184  
      U7307       A1 ^ -> ZN ^  AND2_X2   0.137  0.537    -0.046  
      U108_reg_0  D ^           SDFFR_X2  0.000  0.537    -0.046  
      ------------------------------------------------------------
Path 48: MET Hold Check with Pin U508_reg_1/CK 
Endpoint:   U508_reg_1/D (^) checked with  leading edge of 'in_rclk'
Beginpoint: U508_reg_1/Q (^) triggered by  leading edge of 'in_rclk'
Path Groups: {in_rclk}
Other End Arrival Time          0.000
+ Hold                         -0.046
+ Phase Shift                   0.000
= Required Time                -0.046
  Arrival Time                  0.538
  Slack Time                    0.584
     Clock Rise Edge                 0.000
     + Clock Network Latency (Ideal) 0.000
     = Beginpoint Arrival Time       0.000
      ------------------------------------------------------------
      Instance    Arc           Cell      Delay  Arrival  Required  
                                                 Time     Time  
      ------------------------------------------------------------
      U508_reg_1  CK ^          -         -      0.000    -0.584  
      U508_reg_1  CK ^ -> Q ^   SDFFR_X2  0.400  0.400    -0.184  
      U31091      A1 ^ -> ZN ^  AND2_X2   0.137  0.538    -0.046  
      U508_reg_1  D ^           SDFFR_X2  0.000  0.538    -0.046  
      ------------------------------------------------------------
Path 49: MET Hold Check with Pin U508_reg_0/CK 
Endpoint:   U508_reg_0/D (^) checked with  leading edge of 'in_rclk'
Beginpoint: U508_reg_0/Q (^) triggered by  leading edge of 'in_rclk'
Path Groups: {in_rclk}
Other End Arrival Time          0.000
+ Hold                         -0.046
+ Phase Shift                   0.000
= Required Time                -0.046
  Arrival Time                  0.538
  Slack Time                    0.584
     Clock Rise Edge                 0.000
     + Clock Network Latency (Ideal) 0.000
     = Beginpoint Arrival Time       0.000
      ------------------------------------------------------------
      Instance    Arc           Cell      Delay  Arrival  Required  
                                                 Time     Time  
      ------------------------------------------------------------
      U508_reg_0  CK ^          -         -      0.000    -0.584  
      U508_reg_0  CK ^ -> Q ^   SDFFR_X2  0.400  0.400    -0.184  
      U14780      A1 ^ -> ZN ^  AND2_X2   0.137  0.538    -0.046  
      U508_reg_0  D ^           SDFFR_X2  0.000  0.538    -0.046  
      ------------------------------------------------------------
Path 50: MET Hold Check with Pin U508_reg_6/CK 
Endpoint:   U508_reg_6/D (^) checked with  leading edge of 'in_rclk'
Beginpoint: U508_reg_6/Q (^) triggered by  leading edge of 'in_rclk'
Path Groups: {in_rclk}
Other End Arrival Time          0.000
+ Hold                         -0.046
+ Phase Shift                   0.000
= Required Time                -0.046
  Arrival Time                  0.538
  Slack Time                    0.584
     Clock Rise Edge                 0.000
     + Clock Network Latency (Ideal) 0.000
     = Beginpoint Arrival Time       0.000
      ------------------------------------------------------------
      Instance    Arc           Cell      Delay  Arrival  Required  
                                                 Time     Time  
      ------------------------------------------------------------
      U508_reg_6  CK ^          -         -      0.000    -0.584  
      U508_reg_6  CK ^ -> Q ^   SDFFR_X2  0.400  0.400    -0.184  
      U37516      A1 ^ -> ZN ^  AND2_X2   0.137  0.538    -0.046  
      U508_reg_6  D ^           SDFFR_X2  0.000  0.538    -0.046  
      ------------------------------------------------------------
Path 51: MET Hold Check with Pin U508_reg_5/CK 
Endpoint:   U508_reg_5/D (^) checked with  leading edge of 'in_rclk'
Beginpoint: U508_reg_5/Q (^) triggered by  leading edge of 'in_rclk'
Path Groups: {in_rclk}
Other End Arrival Time          0.000
+ Hold                         -0.046
+ Phase Shift                   0.000
= Required Time                -0.046
  Arrival Time                  0.538
  Slack Time                    0.584
     Clock Rise Edge                 0.000
     + Clock Network Latency (Ideal) 0.000
     = Beginpoint Arrival Time       0.000
      ------------------------------------------------------------
      Instance    Arc           Cell      Delay  Arrival  Required  
                                                 Time     Time  
      ------------------------------------------------------------
      U508_reg_5  CK ^          -         -      0.000    -0.584  
      U508_reg_5  CK ^ -> Q ^   SDFFR_X2  0.400  0.400    -0.184  
      U42336      A1 ^ -> ZN ^  AND2_X2   0.137  0.538    -0.046  
      U508_reg_5  D ^           SDFFR_X2  0.000  0.538    -0.046  
      ------------------------------------------------------------
Path 52: MET Hold Check with Pin U508_reg_4/CK 
Endpoint:   U508_reg_4/D (^) checked with  leading edge of 'in_rclk'
Beginpoint: U508_reg_4/Q (^) triggered by  leading edge of 'in_rclk'
Path Groups: {in_rclk}
Other End Arrival Time          0.000
+ Hold                         -0.046
+ Phase Shift                   0.000
= Required Time                -0.046
  Arrival Time                  0.538
  Slack Time                    0.584
     Clock Rise Edge                 0.000
     + Clock Network Latency (Ideal) 0.000
     = Beginpoint Arrival Time       0.000
      ------------------------------------------------------------
      Instance    Arc           Cell      Delay  Arrival  Required  
                                                 Time     Time  
      ------------------------------------------------------------
      U508_reg_4  CK ^          -         -      0.000    -0.584  
      U508_reg_4  CK ^ -> Q ^   SDFFR_X2  0.400  0.400    -0.184  
      U18292      A1 ^ -> ZN ^  AND2_X2   0.137  0.538    -0.046  
      U508_reg_4  D ^           SDFFR_X2  0.000  0.538    -0.046  
      ------------------------------------------------------------
Path 53: MET Hold Check with Pin U508_reg_7/CK 
Endpoint:   U508_reg_7/D (^) checked with  leading edge of 'in_rclk'
Beginpoint: U508_reg_7/Q (^) triggered by  leading edge of 'in_rclk'
Path Groups: {in_rclk}
Other End Arrival Time          0.000
+ Hold                         -0.046
+ Phase Shift                   0.000
= Required Time                -0.046
  Arrival Time                  0.538
  Slack Time                    0.584
     Clock Rise Edge                 0.000
     + Clock Network Latency (Ideal) 0.000
     = Beginpoint Arrival Time       0.000
      ------------------------------------------------------------
      Instance    Arc           Cell      Delay  Arrival  Required  
                                                 Time     Time  
      ------------------------------------------------------------
      U508_reg_7  CK ^          -         -      0.000    -0.584  
      U508_reg_7  CK ^ -> Q ^   SDFFR_X2  0.400  0.400    -0.184  
      U32381      A1 ^ -> ZN ^  AND2_X2   0.137  0.538    -0.046  
      U508_reg_7  D ^           SDFFR_X2  0.000  0.538    -0.046  
      ------------------------------------------------------------
Path 54: MET Hold Check with Pin U40_reg_5/CK 
Endpoint:   U40_reg_5/D (^) checked with  leading edge of 'in_rclk'
Beginpoint: U40_reg_5/Q (^) triggered by  leading edge of 'in_rclk'
Path Groups: {in_rclk}
Other End Arrival Time          0.000
+ Hold                         -0.046
+ Phase Shift                   0.000
= Required Time                -0.046
  Arrival Time                  0.542
  Slack Time                    0.588
     Clock Rise Edge                 0.000
     + Clock Network Latency (Ideal) 0.000
     = Beginpoint Arrival Time       0.000
      -----------------------------------------------------------
      Instance   Arc           Cell      Delay  Arrival  Required  
                                                Time     Time  
      -----------------------------------------------------------
      U40_reg_5  CK ^          -         -      0.000    -0.588  
      U40_reg_5  CK ^ -> Q ^   SDFFR_X2  0.413  0.413    -0.175  
      U6843      A2 ^ -> ZN v  OAI22_X2  0.065  0.478    -0.110  
      U41239     A v -> ZN ^   INV_X2    0.064  0.542    -0.046  
      U40_reg_5  D ^           SDFFR_X2  0.000  0.542    -0.046  
      -----------------------------------------------------------
Path 55: MET Hold Check with Pin U648_reg_0/CK 
Endpoint:   U648_reg_0/D  (v) checked with  leading edge of 'in_rclk'
Beginpoint: U648_reg_0/QN (^) triggered by  leading edge of 'in_rclk'
Path Groups: {in_rclk}
Other End Arrival Time          0.000
+ Hold                         -0.158
+ Phase Shift                   0.000
= Required Time                -0.158
  Arrival Time                  0.430
  Slack Time                    0.588
     Clock Rise Edge                 0.000
     + Clock Network Latency (Ideal) 0.000
     = Beginpoint Arrival Time       0.000
      ------------------------------------------------------------
      Instance    Arc           Cell      Delay  Arrival  Required  
                                                 Time     Time  
      ------------------------------------------------------------
      U648_reg_0  CK ^          -         -      0.000    -0.588  
      U648_reg_0  CK ^ -> QN ^  SDFF_X2   0.354  0.354    -0.234  
      U4171       B1 ^ -> ZN v  OAI21_X2  0.076  0.430    -0.158  
      U648_reg_0  D v           SDFF_X2   0.000  0.430    -0.158  
      ------------------------------------------------------------
Path 56: MET Hold Check with Pin U230_reg_1/CK 
Endpoint:   U230_reg_1/D (^) checked with  leading edge of 'in_rclk'
Beginpoint: U230_reg_1/Q (^) triggered by  leading edge of 'in_rclk'
Path Groups: {in_rclk}
Other End Arrival Time          0.000
+ Hold                         -0.046
+ Phase Shift                   0.000
= Required Time                -0.046
  Arrival Time                  0.543
  Slack Time                    0.589
     Clock Rise Edge                 0.000
     + Clock Network Latency (Ideal) 0.000
     = Beginpoint Arrival Time       0.000
      ------------------------------------------------------------
      Instance    Arc           Cell      Delay  Arrival  Required  
                                                 Time     Time  
      ------------------------------------------------------------
      U230_reg_1  CK ^          -         -      0.000    -0.589  
      U230_reg_1  CK ^ -> Q ^   SDFFR_X2  0.400  0.400    -0.189  
      U37125      A2 ^ -> ZN v  OAI22_X1  0.075  0.475    -0.114  
      U5630       A v -> ZN ^   INV_X2    0.068  0.543    -0.046  
      U230_reg_1  D ^           SDFFR_X2  0.000  0.543    -0.046  
      ------------------------------------------------------------
Path 57: MET Hold Check with Pin U230_reg_5/CK 
Endpoint:   U230_reg_5/D (^) checked with  leading edge of 'in_rclk'
Beginpoint: U230_reg_5/Q (^) triggered by  leading edge of 'in_rclk'
Path Groups: {in_rclk}
Other End Arrival Time          0.000
+ Hold                         -0.046
+ Phase Shift                   0.000
= Required Time                -0.046
  Arrival Time                  0.543
  Slack Time                    0.589
     Clock Rise Edge                 0.000
     + Clock Network Latency (Ideal) 0.000
     = Beginpoint Arrival Time       0.000
      ------------------------------------------------------------
      Instance    Arc           Cell      Delay  Arrival  Required  
                                                 Time     Time  
      ------------------------------------------------------------
      U230_reg_5  CK ^          -         -      0.000    -0.589  
      U230_reg_5  CK ^ -> Q ^   SDFFR_X2  0.414  0.414    -0.175  
      U19487      A2 ^ -> ZN v  OAI22_X2  0.065  0.479    -0.110  
      U35684      A v -> ZN ^   INV_X2    0.064  0.543    -0.046  
      U230_reg_5  D ^           SDFFR_X2  0.000  0.543    -0.046  
      ------------------------------------------------------------
Path 58: MET Hold Check with Pin U40_reg_4/CK 
Endpoint:   U40_reg_4/D (^) checked with  leading edge of 'in_rclk'
Beginpoint: U40_reg_4/Q (^) triggered by  leading edge of 'in_rclk'
Path Groups: {in_rclk}
Other End Arrival Time          0.000
+ Hold                         -0.046
+ Phase Shift                   0.000
= Required Time                -0.046
  Arrival Time                  0.545
  Slack Time                    0.591
     Clock Rise Edge                 0.000
     + Clock Network Latency (Ideal) 0.000
     = Beginpoint Arrival Time       0.000
      -----------------------------------------------------------
      Instance   Arc           Cell      Delay  Arrival  Required  
                                                Time     Time  
      -----------------------------------------------------------
      U40_reg_4  CK ^          -         -      0.000    -0.591  
      U40_reg_4  CK ^ -> Q ^   SDFFR_X2  0.403  0.403    -0.188  
      U8308      A2 ^ -> ZN v  OAI22_X1  0.076  0.479    -0.112  
      U13361     A v -> ZN ^   INV_X2    0.066  0.545    -0.046  
      U40_reg_4  D ^           SDFFR_X2  0.000  0.545    -0.046  
      -----------------------------------------------------------
Path 59: MET Hold Check with Pin lckup37/GN 
Endpoint:   lckup37/D     (^) checked with  leading edge of 'in_rclk'
Beginpoint: U388_reg_1/QN (^) triggered by  leading edge of 'in_rclk'
Path Groups: {in_rclk}
Other End Arrival Time          0.000
+ Hold                         -0.070
+ Phase Shift                   0.000
= Required Time                -0.070
  Arrival Time                  0.521
  Slack Time                    0.591
     Clock Rise Edge                 0.000
     + Clock Network Latency (Ideal) 0.000
     = Beginpoint Arrival Time       0.000
      ---------------------------------------------------------------------
      Instance             Arc           Cell      Delay  Arrival  Required  
                                                          Time     Time  
      ---------------------------------------------------------------------
      U388_reg_1           CK ^          -         -      0.000    -0.591  
      U388_reg_1           CK ^ -> QN ^  SDFFR_X1  0.403  0.403    -0.188  
      net840_ATmfs_i14636  A ^ -> Z ^    BUF_X8    0.118  0.521    -0.070  
      lckup37              D ^           DLL_X2    0.000  0.521    -0.070  
      ---------------------------------------------------------------------
Path 60: MET Hold Check with Pin U40_reg_6/CK 
Endpoint:   U40_reg_6/D (^) checked with  leading edge of 'in_rclk'
Beginpoint: U40_reg_6/Q (^) triggered by  leading edge of 'in_rclk'
Path Groups: {in_rclk}
Other End Arrival Time          0.000
+ Hold                         -0.046
+ Phase Shift                   0.000
= Required Time                -0.046
  Arrival Time                  0.547
  Slack Time                    0.593
     Clock Rise Edge                 0.000
     + Clock Network Latency (Ideal) 0.000
     = Beginpoint Arrival Time       0.000
      -----------------------------------------------------------
      Instance   Arc           Cell      Delay  Arrival  Required  
                                                Time     Time  
      -----------------------------------------------------------
      U40_reg_6  CK ^          -         -      0.000    -0.593  
      U40_reg_6  CK ^ -> Q ^   SDFFR_X2  0.403  0.403    -0.190  
      U31593     A2 ^ -> ZN v  OAI22_X1  0.076  0.479    -0.114  
      U11916     A v -> ZN ^   INV_X2    0.068  0.547    -0.046  
      U40_reg_6  D ^           SDFFR_X2  0.000  0.547    -0.046  
      -----------------------------------------------------------
Path 61: MET Hold Check with Pin lckup35/GN 
Endpoint:   lckup35/D    (^) checked with  leading edge of 'in_rclk'
Beginpoint: U188_reg_1/Q (^) triggered by  leading edge of 'in_rclk'
Path Groups: {in_rclk}
Other End Arrival Time          0.000
+ Hold                         -0.079
+ Phase Shift                   0.000
= Required Time                -0.079
  Arrival Time                  0.514
  Slack Time                    0.593
     Clock Rise Edge                 0.000
     + Clock Network Latency (Ideal) 0.000
     = Beginpoint Arrival Time       0.000
      ---------------------------------------------------------------------
      Instance              Arc          Cell      Delay  Arrival  Required  
                                                          Time     Time  
      ---------------------------------------------------------------------
      U188_reg_1            CK ^         -         -      0.000    -0.593  
      U188_reg_1            CK ^ -> Q ^  SDFFR_X2  0.374  0.374    -0.219  
      net838_ATgbl_i6340_6  A ^ -> Z ^   BUF_X8    0.140  0.514    -0.079  
      lckup35               D ^          DLL_X2    0.000  0.514    -0.079  
      ---------------------------------------------------------------------
Path 62: MET Hold Check with Pin U119_reg_4/CK 
Endpoint:   U119_reg_4/D  (v) checked with  leading edge of 'in_rclk'
Beginpoint: U119_reg_4/QN (^) triggered by  leading edge of 'in_rclk'
Path Groups: {in_rclk}
Other End Arrival Time          0.000
+ Hold                         -0.162
+ Phase Shift                   0.000
= Required Time                -0.162
  Arrival Time                  0.431
  Slack Time                    0.593
     Clock Rise Edge                 0.000
     + Clock Network Latency (Ideal) 0.000
     = Beginpoint Arrival Time       0.000
      -------------------------------------------------------------
      Instance    Arc           Cell       Delay  Arrival  Required  
                                                  Time     Time  
      -------------------------------------------------------------
      U119_reg_4  CK ^          -          -      0.000    -0.593  
      U119_reg_4  CK ^ -> QN ^  SDFF_X2    0.331  0.331    -0.262  
      U12532      B2 ^ -> ZN v  OAI222_X2  0.100  0.431    -0.162  
      U119_reg_4  D v           SDFF_X2    0.000  0.431    -0.162  
      -------------------------------------------------------------
Path 63: MET Hold Check with Pin U40_reg_0/CK 
Endpoint:   U40_reg_0/D (^) checked with  leading edge of 'in_rclk'
Beginpoint: U40_reg_0/Q (^) triggered by  leading edge of 'in_rclk'
Path Groups: {in_rclk}
Other End Arrival Time          0.000
+ Hold                         -0.046
+ Phase Shift                   0.000
= Required Time                -0.046
  Arrival Time                  0.548
  Slack Time                    0.594
     Clock Rise Edge                 0.000
     + Clock Network Latency (Ideal) 0.000
     = Beginpoint Arrival Time       0.000
      -----------------------------------------------------------
      Instance   Arc           Cell      Delay  Arrival  Required  
                                                Time     Time  
      -----------------------------------------------------------
      U40_reg_0  CK ^          -         -      0.000    -0.594  
      U40_reg_0  CK ^ -> Q ^   SDFFR_X2  0.405  0.405    -0.188  
      U14615     A2 ^ -> ZN v  OAI22_X1  0.076  0.481    -0.112  
      U22828     A v -> ZN ^   INV_X2    0.066  0.548    -0.046  
      U40_reg_0  D ^           SDFFR_X2  0.000  0.548    -0.046  
      -----------------------------------------------------------
Path 64: MET Hold Check with Pin U300_reg/CK 
Endpoint:   U300_reg/D (^) checked with  leading edge of 'in_rclk'
Beginpoint: U686_reg/Q (^) triggered by  leading edge of 'in_rclk'
Path Groups: {in_rclk}
Other End Arrival Time          0.000
+ Hold                         -0.042
+ Phase Shift                   0.000
= Required Time                -0.042
  Arrival Time                  0.555
  Slack Time                    0.597
     Clock Rise Edge                 0.000
     + Clock Network Latency (Ideal) 0.000
     = Beginpoint Arrival Time       0.000
      ----------------------------------------------------------
      Instance  Arc           Cell      Delay  Arrival  Required  
                                               Time     Time  
      ----------------------------------------------------------
      U686_reg  CK ^          -         -      0.000    -0.597  
      U686_reg  CK ^ -> Q ^   DFFR_X1   0.357  0.357    -0.241  
      U29662    A ^ -> ZN v   OAI21_X2  0.068  0.424    -0.173  
      U17958    A1 v -> ZN ^  NAND3_X1  0.131  0.555    -0.042  
      U300_reg  D ^           SDFFR_X2  0.000  0.555    -0.042  
      ----------------------------------------------------------
Path 65: MET Hold Check with Pin U313_reg_4/CK 
Endpoint:   U313_reg_4/D (^) checked with  leading edge of 'in_rclk'
Beginpoint: U313_reg_4/Q (^) triggered by  leading edge of 'in_rclk'
Path Groups: {in_rclk}
Other End Arrival Time          0.000
+ Hold                         -0.046
+ Phase Shift                   0.000
= Required Time                -0.046
  Arrival Time                  0.551
  Slack Time                    0.597
     Clock Rise Edge                 0.000
     + Clock Network Latency (Ideal) 0.000
     = Beginpoint Arrival Time       0.000
      ------------------------------------------------------------
      Instance    Arc           Cell      Delay  Arrival  Required  
                                                 Time     Time  
      ------------------------------------------------------------
      U313_reg_4  CK ^          -         -      0.000    -0.597  
      U313_reg_4  CK ^ -> Q ^   SDFFR_X2  0.414  0.414    -0.183  
      U7965       B1 ^ -> ZN v  OAI22_X2  0.074  0.489    -0.109  
      U4227       A v -> ZN ^   INV_X2    0.063  0.551    -0.046  
      U313_reg_4  D ^           SDFFR_X2  0.000  0.551    -0.046  
      ------------------------------------------------------------
Path 66: MET Hold Check with Pin U313_reg_3/CK 
Endpoint:   U313_reg_3/D (^) checked with  leading edge of 'in_rclk'
Beginpoint: U313_reg_3/Q (^) triggered by  leading edge of 'in_rclk'
Path Groups: {in_rclk}
Other End Arrival Time          0.000
+ Hold                         -0.046
+ Phase Shift                   0.000
= Required Time                -0.046
  Arrival Time                  0.553
  Slack Time                    0.599
     Clock Rise Edge                 0.000
     + Clock Network Latency (Ideal) 0.000
     = Beginpoint Arrival Time       0.000
      ------------------------------------------------------------
      Instance    Arc           Cell      Delay  Arrival  Required  
                                                 Time     Time  
      ------------------------------------------------------------
      U313_reg_3  CK ^          -         -      0.000    -0.599  
      U313_reg_3  CK ^ -> Q ^   SDFFR_X2  0.400  0.400    -0.199  
      U2705       B1 ^ -> ZN v  OAI22_X1  0.087  0.487    -0.112  
      U37474      A v -> ZN ^   INV_X2    0.066  0.553    -0.046  
      U313_reg_3  D ^           SDFFR_X2  0.000  0.553    -0.046  
      ------------------------------------------------------------
Path 67: MET Hold Check with Pin U508_reg_3/CK 
Endpoint:   U508_reg_3/D (^) checked with  leading edge of 'in_rclk'
Beginpoint: U508_reg_3/Q (^) triggered by  leading edge of 'in_rclk'
Path Groups: {in_rclk}
Other End Arrival Time          0.000
+ Hold                         -0.046
+ Phase Shift                   0.000
= Required Time                -0.046
  Arrival Time                  0.554
  Slack Time                    0.600
     Clock Rise Edge                 0.000
     + Clock Network Latency (Ideal) 0.000
     = Beginpoint Arrival Time       0.000
      ------------------------------------------------------------
      Instance    Arc           Cell      Delay  Arrival  Required  
                                                 Time     Time  
      ------------------------------------------------------------
      U508_reg_3  CK ^          -         -      0.000    -0.600  
      U508_reg_3  CK ^ -> Q ^   SDFFR_X2  0.412  0.412    -0.188  
      U20553      A1 ^ -> ZN ^  AND2_X2   0.142  0.554    -0.046  
      U508_reg_3  D ^           SDFFR_X2  0.000  0.554    -0.046  
      ------------------------------------------------------------
Path 68: MET Hold Check with Pin U306_reg_7/CK 
Endpoint:   U306_reg_7/D (^) checked with  leading edge of 'in_rclk'
Beginpoint: U306_reg_7/Q (^) triggered by  leading edge of 'in_rclk'
Path Groups: {in_rclk}
Other End Arrival Time          0.000
+ Hold                         -0.046
+ Phase Shift                   0.000
= Required Time                -0.046
  Arrival Time                  0.557
  Slack Time                    0.603
     Clock Rise Edge                 0.000
     + Clock Network Latency (Ideal) 0.000
     = Beginpoint Arrival Time       0.000
      ------------------------------------------------------------
      Instance    Arc           Cell      Delay  Arrival  Required  
                                                 Time     Time  
      ------------------------------------------------------------
      U306_reg_7  CK ^          -         -      0.000    -0.603  
      U306_reg_7  CK ^ -> Q ^   SDFFR_X2  0.402  0.402    -0.200  
      U39902      B1 ^ -> ZN v  OAI22_X1  0.088  0.490    -0.113  
      U2495       A v -> ZN ^   INV_X2    0.067  0.557    -0.046  
      U306_reg_7  D ^           SDFFR_X2  0.000  0.557    -0.046  
      ------------------------------------------------------------
Path 69: MET Hold Check with Pin U306_reg_4/CK 
Endpoint:   U306_reg_4/D (^) checked with  leading edge of 'in_rclk'
Beginpoint: U306_reg_4/Q (^) triggered by  leading edge of 'in_rclk'
Path Groups: {in_rclk}
Other End Arrival Time          0.000
+ Hold                         -0.046
+ Phase Shift                   0.000
= Required Time                -0.046
  Arrival Time                  0.557
  Slack Time                    0.603
     Clock Rise Edge                 0.000
     + Clock Network Latency (Ideal) 0.000
     = Beginpoint Arrival Time       0.000
      ------------------------------------------------------------
      Instance    Arc           Cell      Delay  Arrival  Required  
                                                 Time     Time  
      ------------------------------------------------------------
      U306_reg_4  CK ^          -         -      0.000    -0.603  
      U306_reg_4  CK ^ -> Q ^   SDFFR_X2  0.402  0.402    -0.200  
      U10510      B1 ^ -> ZN v  OAI22_X1  0.088  0.490    -0.113  
      U3284       A v -> ZN ^   INV_X2    0.067  0.557    -0.046  
      U306_reg_4  D ^           SDFFR_X2  0.000  0.557    -0.046  
      ------------------------------------------------------------
Path 70: MET Hold Check with Pin U8_reg_0/CK 
Endpoint:   U8_reg_0/D (^) checked with  leading edge of 'in_rclk'
Beginpoint: U8_reg_0/Q (v) triggered by  leading edge of 'in_rclk'
Path Groups: {in_rclk}
Other End Arrival Time          0.000
+ Hold                         -0.049
+ Phase Shift                   0.000
= Required Time                -0.049
  Arrival Time                  0.556
  Slack Time                    0.604
     Clock Rise Edge                 0.000
     + Clock Network Latency (Ideal) 0.000
     = Beginpoint Arrival Time       0.000
      ----------------------------------------------------------
      Instance  Arc           Cell      Delay  Arrival  Required  
                                               Time     Time  
      ----------------------------------------------------------
      U8_reg_0  CK ^          -         -      0.000    -0.604  
      U8_reg_0  CK ^ -> Q v   SDFF_X1   0.346  0.346    -0.258  
      U1241     B2 v -> ZN ^  OAI21_X2  0.209  0.556    -0.049  
      U8_reg_0  D ^           SDFF_X1   0.000  0.556    -0.049  
      ----------------------------------------------------------
Path 71: MET Hold Check with Pin U675_reg/CK 
Endpoint:   U675_reg/D  (v) checked with  leading edge of 'in_rclk'
Beginpoint: U675_reg/QN (^) triggered by  leading edge of 'in_rclk'
Path Groups: {in_rclk}
Other End Arrival Time          0.000
+ Hold                         -0.173
+ Phase Shift                   0.000
= Required Time                -0.173
  Arrival Time                  0.433
  Slack Time                    0.605
     Clock Rise Edge                 0.000
     + Clock Network Latency (Ideal) 0.000
     = Beginpoint Arrival Time       0.000
      ----------------------------------------------------------
      Instance  Arc           Cell      Delay  Arrival  Required  
                                               Time     Time  
      ----------------------------------------------------------
      U675_reg  CK ^          -         -      0.000    -0.605  
      U675_reg  CK ^ -> QN ^  SDFF_X2   0.341  0.341    -0.264  
      U4923     B1 ^ -> ZN v  OAI21_X1  0.091  0.433    -0.173  
      U675_reg  D v           SDFF_X2   0.000  0.433    -0.173  
      ----------------------------------------------------------
Path 72: MET Hold Check with Pin U514_reg_7/CK 
Endpoint:   U514_reg_7/D  (v) checked with  leading edge of 'in_rclk'
Beginpoint: U514_reg_7/QN (^) triggered by  leading edge of 'in_rclk'
Path Groups: {in_rclk}
Other End Arrival Time          0.000
+ Hold                         -0.165
+ Phase Shift                   0.000
= Required Time                -0.165
  Arrival Time                  0.442
  Slack Time                    0.608
     Clock Rise Edge                 0.000
     + Clock Network Latency (Ideal) 0.000
     = Beginpoint Arrival Time       0.000
      -------------------------------------------------------------
      Instance    Arc           Cell       Delay  Arrival  Required  
                                                  Time     Time  
      -------------------------------------------------------------
      U514_reg_7  CK ^          -          -      0.000    -0.608  
      U514_reg_7  CK ^ -> QN ^  SDFF_X2    0.351  0.351    -0.257  
      U32595      C2 ^ -> ZN v  OAI211_X2  0.092  0.442    -0.165  
      U514_reg_7  D v           SDFF_X2    0.000  0.442    -0.165  
      -------------------------------------------------------------
Path 73: MET Hold Check with Pin U40_reg_2/CK 
Endpoint:   U40_reg_2/D (^) checked with  leading edge of 'in_rclk'
Beginpoint: U40_reg_2/Q (^) triggered by  leading edge of 'in_rclk'
Path Groups: {in_rclk}
Other End Arrival Time          0.000
+ Hold                         -0.046
+ Phase Shift                   0.000
= Required Time                -0.046
  Arrival Time                  0.563
  Slack Time                    0.609
     Clock Rise Edge                 0.000
     + Clock Network Latency (Ideal) 0.000
     = Beginpoint Arrival Time       0.000
      -----------------------------------------------------------
      Instance   Arc           Cell      Delay  Arrival  Required  
                                                Time     Time  
      -----------------------------------------------------------
      U40_reg_2  CK ^          -         -      0.000    -0.609  
      U40_reg_2  CK ^ -> Q ^   SDFFR_X2  0.415  0.415    -0.194  
      U3182      A2 ^ -> ZN v  OAI22_X1  0.081  0.495    -0.113  
      U24423     A v -> ZN ^   INV_X2    0.067  0.563    -0.046  
      U40_reg_2  D ^           SDFFR_X2  0.000  0.563    -0.046  
      -----------------------------------------------------------
Path 74: MET Hold Check with Pin U230_reg_2/CK 
Endpoint:   U230_reg_2/D (^) checked with  leading edge of 'in_rclk'
Beginpoint: U230_reg_2/Q (^) triggered by  leading edge of 'in_rclk'
Path Groups: {in_rclk}
Other End Arrival Time          0.000
+ Hold                         -0.046
+ Phase Shift                   0.000
= Required Time                -0.046
  Arrival Time                  0.564
  Slack Time                    0.610
     Clock Rise Edge                 0.000
     + Clock Network Latency (Ideal) 0.000
     = Beginpoint Arrival Time       0.000
      ------------------------------------------------------------
      Instance    Arc           Cell      Delay  Arrival  Required  
                                                 Time     Time  
      ------------------------------------------------------------
      U230_reg_2  CK ^          -         -      0.000    -0.610  
      U230_reg_2  CK ^ -> Q ^   SDFFR_X2  0.415  0.415    -0.195  
      U32523      A2 ^ -> ZN v  OAI22_X1  0.081  0.495    -0.114  
      U10686      A v -> ZN ^   INV_X2    0.068  0.564    -0.046  
      U230_reg_2  D ^           SDFFR_X2  0.000  0.564    -0.046  
      ------------------------------------------------------------
Path 75: MET Removal Check with Pin U766_reg/CK 
Endpoint:   U766_reg/RN  (^) checked with  leading edge of 'in_rclk'
Beginpoint: U568_reg_0/Q (^) triggered by  leading edge of 'in_rclk'
Path Groups: {async_default}
Other End Arrival Time          0.000
+ Removal                       0.231
+ Phase Shift                   0.000
= Required Time                 0.231
  Arrival Time                  0.843
  Slack Time                    0.612
     Clock Rise Edge                 0.000
     + Clock Network Latency (Ideal) 0.000
     = Beginpoint Arrival Time       0.000
      ---------------------------------------------------------------------
      Instance               Arc          Cell     Delay  Arrival  Required  
                                                          Time     Time  
      ---------------------------------------------------------------------
      U568_reg_0             CK ^         -        -      0.000    -0.612  
      U568_reg_0             CK ^ -> Q ^  DFFR_X1  0.358  0.358    -0.254  
      U25685                 A ^ -> Z ^   MUX2_X2  0.159  0.516    -0.095  
      sbn_54111_AThdrc_i830  A ^ -> Z ^   BUF_X16  0.326  0.843    0.231  
      U766_reg               RN ^         DFFR_X2  0.000  0.843    0.231  
      ---------------------------------------------------------------------
Path 76: MET Hold Check with Pin U702_reg_3/CK 
Endpoint:   U702_reg_3/D  (v) checked with  leading edge of 'in_rclk'
Beginpoint: U702_reg_3/QN (^) triggered by  leading edge of 'in_rclk'
Path Groups: {in_rclk}
Other End Arrival Time          0.000
+ Hold                         -0.165
+ Phase Shift                   0.000
= Required Time                -0.165
  Arrival Time                  0.448
  Slack Time                    0.612
     Clock Rise Edge                 0.000
     + Clock Network Latency (Ideal) 0.000
     = Beginpoint Arrival Time       0.000
      -------------------------------------------------------------
      Instance    Arc           Cell       Delay  Arrival  Required  
                                                  Time     Time  
      -------------------------------------------------------------
      U702_reg_3  CK ^          -          -      0.000    -0.612  
      U702_reg_3  CK ^ -> QN ^  SDFF_X2    0.361  0.361    -0.252  
      U5863       C1 ^ -> ZN v  OAI211_X2  0.087  0.448    -0.165  
      U702_reg_3  D v           SDFF_X2    0.000  0.448    -0.165  
      -------------------------------------------------------------
Path 77: MET Hold Check with Pin U514_reg_1/CK 
Endpoint:   U514_reg_1/D  (v) checked with  leading edge of 'in_rclk'
Beginpoint: U514_reg_1/QN (^) triggered by  leading edge of 'in_rclk'
Path Groups: {in_rclk}
Other End Arrival Time          0.000
+ Hold                         -0.166
+ Phase Shift                   0.000
= Required Time                -0.166
  Arrival Time                  0.447
  Slack Time                    0.613
     Clock Rise Edge                 0.000
     + Clock Network Latency (Ideal) 0.000
     = Beginpoint Arrival Time       0.000
      -------------------------------------------------------------
      Instance    Arc           Cell       Delay  Arrival  Required  
                                                  Time     Time  
      -------------------------------------------------------------
      U514_reg_1  CK ^          -          -      0.000    -0.613  
      U514_reg_1  CK ^ -> QN ^  SDFF_X2    0.360  0.360    -0.253  
      U3542       C1 ^ -> ZN v  OAI211_X2  0.086  0.447    -0.166  
      U514_reg_1  D v           SDFF_X2    0.000  0.447    -0.166  
      -------------------------------------------------------------
Path 78: MET Hold Check with Pin U440_reg_1/CK 
Endpoint:   U440_reg_1/D  (v) checked with  leading edge of 'in_rclk'
Beginpoint: U440_reg_1/QN (^) triggered by  leading edge of 'in_rclk'
Path Groups: {in_rclk}
Other End Arrival Time          0.000
+ Hold                         -0.166
+ Phase Shift                   0.000
= Required Time                -0.166
  Arrival Time                  0.447
  Slack Time                    0.613
     Clock Rise Edge                 0.000
     + Clock Network Latency (Ideal) 0.000
     = Beginpoint Arrival Time       0.000
      -------------------------------------------------------------
      Instance    Arc           Cell       Delay  Arrival  Required  
                                                  Time     Time  
      -------------------------------------------------------------
      U440_reg_1  CK ^          -          -      0.000    -0.613  
      U440_reg_1  CK ^ -> QN ^  SDFF_X2    0.360  0.360    -0.253  
      U1638       C1 ^ -> ZN v  OAI211_X2  0.086  0.447    -0.166  
      U440_reg_1  D v           SDFF_X2    0.000  0.447    -0.166  
      -------------------------------------------------------------
Path 79: MET Hold Check with Pin U103_reg_0/CK 
Endpoint:   U103_reg_0/D  (v) checked with  leading edge of 'in_rclk'
Beginpoint: U103_reg_0/QN (^) triggered by  leading edge of 'in_rclk'
Path Groups: {in_rclk}
Other End Arrival Time          0.000
+ Hold                         -0.149
+ Phase Shift                   0.000
= Required Time                -0.149
  Arrival Time                  0.465
  Slack Time                    0.614
     Clock Rise Edge                 0.000
     + Clock Network Latency (Ideal) 0.000
     = Beginpoint Arrival Time       0.000
      ------------------------------------------------------------
      Instance    Arc           Cell      Delay  Arrival  Required  
                                                 Time     Time  
      ------------------------------------------------------------
      U103_reg_0  CK ^          -         -      0.000    -0.614  
      U103_reg_0  CK ^ -> QN ^  SDFFR_X2  0.422  0.422    -0.192  
      U22686      A1 ^ -> ZN v  NOR2_X2   0.043  0.465    -0.149  
      U103_reg_0  D v           SDFFR_X2  0.000  0.465    -0.149  
      ------------------------------------------------------------
Path 80: MET Hold Check with Pin U479_reg_0/CK 
Endpoint:   U479_reg_0/D  (v) checked with  leading edge of 'in_rclk'
Beginpoint: U479_reg_0/QN (^) triggered by  leading edge of 'in_rclk'
Path Groups: {in_rclk}
Other End Arrival Time          0.000
+ Hold                         -0.149
+ Phase Shift                   0.000
= Required Time                -0.149
  Arrival Time                  0.465
  Slack Time                    0.614
     Clock Rise Edge                 0.000
     + Clock Network Latency (Ideal) 0.000
     = Beginpoint Arrival Time       0.000
      ------------------------------------------------------------
      Instance    Arc           Cell      Delay  Arrival  Required  
                                                 Time     Time  
      ------------------------------------------------------------
      U479_reg_0  CK ^          -         -      0.000    -0.614  
      U479_reg_0  CK ^ -> QN ^  SDFFR_X2  0.422  0.422    -0.192  
      U42593      A1 ^ -> ZN v  NOR2_X2   0.043  0.465    -0.149  
      U479_reg_0  D v           SDFFR_X2  0.000  0.465    -0.149  
      ------------------------------------------------------------
Path 81: MET Hold Check with Pin U117_reg_0/CK 
Endpoint:   U117_reg_0/D  (v) checked with  leading edge of 'in_rclk'
Beginpoint: U117_reg_0/QN (^) triggered by  leading edge of 'in_rclk'
Path Groups: {in_rclk}
Other End Arrival Time          0.000
+ Hold                         -0.149
+ Phase Shift                   0.000
= Required Time                -0.149
  Arrival Time                  0.465
  Slack Time                    0.614
     Clock Rise Edge                 0.000
     + Clock Network Latency (Ideal) 0.000
     = Beginpoint Arrival Time       0.000
      ------------------------------------------------------------
      Instance    Arc           Cell      Delay  Arrival  Required  
                                                 Time     Time  
      ------------------------------------------------------------
      U117_reg_0  CK ^          -         -      0.000    -0.614  
      U117_reg_0  CK ^ -> QN ^  SDFFR_X2  0.422  0.422    -0.192  
      U40227      A1 ^ -> ZN v  NOR2_X2   0.043  0.465    -0.149  
      U117_reg_0  D v           SDFFR_X2  0.000  0.465    -0.149  
      ------------------------------------------------------------
Path 82: MET Hold Check with Pin U117_reg_1/CK 
Endpoint:   U117_reg_1/D  (v) checked with  leading edge of 'in_rclk'
Beginpoint: U117_reg_1/QN (^) triggered by  leading edge of 'in_rclk'
Path Groups: {in_rclk}
Other End Arrival Time          0.000
+ Hold                         -0.149
+ Phase Shift                   0.000
= Required Time                -0.149
  Arrival Time                  0.465
  Slack Time                    0.614
     Clock Rise Edge                 0.000
     + Clock Network Latency (Ideal) 0.000
     = Beginpoint Arrival Time       0.000
      ------------------------------------------------------------
      Instance    Arc           Cell      Delay  Arrival  Required  
                                                 Time     Time  
      ------------------------------------------------------------
      U117_reg_1  CK ^          -         -      0.000    -0.614  
      U117_reg_1  CK ^ -> QN ^  SDFFR_X2  0.422  0.422    -0.192  
      U33945      A1 ^ -> ZN v  NOR2_X2   0.043  0.465    -0.149  
      U117_reg_1  D v           SDFFR_X2  0.000  0.465    -0.149  
      ------------------------------------------------------------
Path 83: MET Hold Check with Pin U103_reg_2/CK 
Endpoint:   U103_reg_2/D  (v) checked with  leading edge of 'in_rclk'
Beginpoint: U103_reg_2/QN (^) triggered by  leading edge of 'in_rclk'
Path Groups: {in_rclk}
Other End Arrival Time          0.000
+ Hold                         -0.149
+ Phase Shift                   0.000
= Required Time                -0.149
  Arrival Time                  0.465
  Slack Time                    0.614
     Clock Rise Edge                 0.000
     + Clock Network Latency (Ideal) 0.000
     = Beginpoint Arrival Time       0.000
      ------------------------------------------------------------
      Instance    Arc           Cell      Delay  Arrival  Required  
                                                 Time     Time  
      ------------------------------------------------------------
      U103_reg_2  CK ^          -         -      0.000    -0.614  
      U103_reg_2  CK ^ -> QN ^  SDFFR_X2  0.422  0.422    -0.192  
      U37814      A1 ^ -> ZN v  NOR2_X2   0.043  0.465    -0.149  
      U103_reg_2  D v           SDFFR_X2  0.000  0.465    -0.149  
      ------------------------------------------------------------
Path 84: MET Hold Check with Pin U143_reg_0/CK 
Endpoint:   U143_reg_0/D  (v) checked with  leading edge of 'in_rclk'
Beginpoint: U143_reg_0/QN (^) triggered by  leading edge of 'in_rclk'
Path Groups: {in_rclk}
Other End Arrival Time          0.000
+ Hold                         -0.149
+ Phase Shift                   0.000
= Required Time                -0.149
  Arrival Time                  0.465
  Slack Time                    0.614
     Clock Rise Edge                 0.000
     + Clock Network Latency (Ideal) 0.000
     = Beginpoint Arrival Time       0.000
      ------------------------------------------------------------
      Instance    Arc           Cell      Delay  Arrival  Required  
                                                 Time     Time  
      ------------------------------------------------------------
      U143_reg_0  CK ^          -         -      0.000    -0.614  
      U143_reg_0  CK ^ -> QN ^  SDFFR_X2  0.422  0.422    -0.192  
      U16533      A1 ^ -> ZN v  NOR2_X2   0.043  0.465    -0.149  
      U143_reg_0  D v           SDFFR_X2  0.000  0.465    -0.149  
      ------------------------------------------------------------
Path 85: MET Hold Check with Pin U117_reg_2/CK 
Endpoint:   U117_reg_2/D  (v) checked with  leading edge of 'in_rclk'
Beginpoint: U117_reg_2/QN (^) triggered by  leading edge of 'in_rclk'
Path Groups: {in_rclk}
Other End Arrival Time          0.000
+ Hold                         -0.149
+ Phase Shift                   0.000
= Required Time                -0.149
  Arrival Time                  0.465
  Slack Time                    0.614
     Clock Rise Edge                 0.000
     + Clock Network Latency (Ideal) 0.000
     = Beginpoint Arrival Time       0.000
      ------------------------------------------------------------
      Instance    Arc           Cell      Delay  Arrival  Required  
                                                 Time     Time  
      ------------------------------------------------------------
      U117_reg_2  CK ^          -         -      0.000    -0.614  
      U117_reg_2  CK ^ -> QN ^  SDFFR_X2  0.422  0.422    -0.192  
      U24970      A1 ^ -> ZN v  NOR2_X2   0.043  0.465    -0.149  
      U117_reg_2  D v           SDFFR_X2  0.000  0.465    -0.149  
      ------------------------------------------------------------
Path 86: MET Hold Check with Pin U117_reg_3/CK 
Endpoint:   U117_reg_3/D  (v) checked with  leading edge of 'in_rclk'
Beginpoint: U117_reg_3/QN (^) triggered by  leading edge of 'in_rclk'
Path Groups: {in_rclk}
Other End Arrival Time          0.000
+ Hold                         -0.149
+ Phase Shift                   0.000
= Required Time                -0.149
  Arrival Time                  0.465
  Slack Time                    0.614
     Clock Rise Edge                 0.000
     + Clock Network Latency (Ideal) 0.000
     = Beginpoint Arrival Time       0.000
      ------------------------------------------------------------
      Instance    Arc           Cell      Delay  Arrival  Required  
                                                 Time     Time  
      ------------------------------------------------------------
      U117_reg_3  CK ^          -         -      0.000    -0.614  
      U117_reg_3  CK ^ -> QN ^  SDFFR_X2  0.422  0.422    -0.192  
      U35399      A1 ^ -> ZN v  NOR2_X2   0.043  0.465    -0.149  
      U117_reg_3  D v           SDFFR_X2  0.000  0.465    -0.149  
      ------------------------------------------------------------
Path 87: MET Hold Check with Pin U440_reg_0/CK 
Endpoint:   U440_reg_0/D  (v) checked with  leading edge of 'in_rclk'
Beginpoint: U440_reg_0/QN (^) triggered by  leading edge of 'in_rclk'
Path Groups: {in_rclk}
Other End Arrival Time          0.000
+ Hold                         -0.165
+ Phase Shift                   0.000
= Required Time                -0.165
  Arrival Time                  0.449
  Slack Time                    0.614
     Clock Rise Edge                 0.000
     + Clock Network Latency (Ideal) 0.000
     = Beginpoint Arrival Time       0.000
      -------------------------------------------------------------
      Instance    Arc           Cell       Delay  Arrival  Required  
                                                  Time     Time  
      -------------------------------------------------------------
      U440_reg_0  CK ^          -          -      0.000    -0.614  
      U440_reg_0  CK ^ -> QN ^  SDFF_X2    0.362  0.362    -0.252  
      U26086      C1 ^ -> ZN v  OAI211_X2  0.087  0.449    -0.165  
      U440_reg_0  D v           SDFF_X2    0.000  0.449    -0.165  
      -------------------------------------------------------------
Path 88: MET Hold Check with Pin U506_reg/CK 
Endpoint:   U506_reg/D   (^) checked with  leading edge of 'in_rclk'
Beginpoint: U862_reg_0/Q (^) triggered by  leading edge of 'in_rclk'
Path Groups: {in_rclk}
Other End Arrival Time          0.000
+ Hold                          0.012
+ Phase Shift                   0.000
= Required Time                 0.012
  Arrival Time                  0.626
  Slack Time                    0.615
     Clock Rise Edge                 0.000
     + Clock Network Latency (Ideal) 0.000
     = Beginpoint Arrival Time       0.000
      -----------------------------------------------------------
      Instance    Arc          Cell      Delay  Arrival  Required  
                                                Time     Time  
      -----------------------------------------------------------
      U862_reg_0  CK ^         -         -      0.000    -0.615  
      U862_reg_0  CK ^ -> Q ^  DFFR_X2   0.362  0.362    -0.253  
      U3114       A ^ -> Z ^   MUX2_X1   0.264  0.626    0.012  
      U506_reg    D ^          SDFFR_X2  0.000  0.626    0.012  
      -----------------------------------------------------------
Path 89: MET Hold Check with Pin U230_reg_0/CK 
Endpoint:   U230_reg_0/D (^) checked with  leading edge of 'in_rclk'
Beginpoint: U230_reg_0/Q (^) triggered by  leading edge of 'in_rclk'
Path Groups: {in_rclk}
Other End Arrival Time          0.000
+ Hold                         -0.046
+ Phase Shift                   0.000
= Required Time                -0.046
  Arrival Time                  0.569
  Slack Time                    0.615
     Clock Rise Edge                 0.000
     + Clock Network Latency (Ideal) 0.000
     = Beginpoint Arrival Time       0.000
      ------------------------------------------------------------
      Instance    Arc           Cell      Delay  Arrival  Required  
                                                 Time     Time  
      ------------------------------------------------------------
      U230_reg_0  CK ^          -         -      0.000    -0.615  
      U230_reg_0  CK ^ -> Q ^   SDFFR_X2  0.420  0.420    -0.195  
      U42717      A2 ^ -> ZN v  OAI22_X1  0.083  0.502    -0.112  
      U15150      A v -> ZN ^   INV_X2    0.066  0.569    -0.046  
      U230_reg_0  D ^           SDFFR_X2  0.000  0.569    -0.046  
      ------------------------------------------------------------
Path 90: MET Hold Check with Pin U173_reg_5/CK 
Endpoint:   U173_reg_5/D (^) checked with  leading edge of 'in_rclk'
Beginpoint: U888_reg/QN  (^) triggered by  leading edge of 'in_rclk'
Path Groups: {in_rclk}
Other End Arrival Time          0.000
+ Hold                         -0.049
+ Phase Shift                   0.000
= Required Time                -0.049
  Arrival Time                  0.567
  Slack Time                    0.616
     Clock Rise Edge                 0.000
     + Clock Network Latency (Ideal) 0.000
     = Beginpoint Arrival Time       0.000
      -------------------------------------------------------------
      Instance    Arc           Cell       Delay  Arrival  Required  
                                                  Time     Time  
      -------------------------------------------------------------
      U888_reg    CK ^          -          -      0.000    -0.616  
      U888_reg    CK ^ -> QN ^  SDFF_X2    0.346  0.346    -0.270  
      U34804      C2 ^ -> ZN v  OAI221_X2  0.083  0.429    -0.187  
      U32335      B1 v -> ZN ^  OAI21_X2   0.138  0.567    -0.049  
      U173_reg_5  D ^           SDFFR_X1   0.000  0.567    -0.049  
      -------------------------------------------------------------
Path 91: MET Hold Check with Pin U648_reg_4/CK 
Endpoint:   U648_reg_4/D  (v) checked with  leading edge of 'in_rclk'
Beginpoint: U648_reg_4/QN (^) triggered by  leading edge of 'in_rclk'
Path Groups: {in_rclk}
Other End Arrival Time          0.000
+ Hold                         -0.165
+ Phase Shift                   0.000
= Required Time                -0.165
  Arrival Time                  0.452
  Slack Time                    0.616
     Clock Rise Edge                 0.000
     + Clock Network Latency (Ideal) 0.000
     = Beginpoint Arrival Time       0.000
      -------------------------------------------------------------
      Instance    Arc           Cell       Delay  Arrival  Required  
                                                  Time     Time  
      -------------------------------------------------------------
      U648_reg_4  CK ^          -          -      0.000    -0.616  
      U648_reg_4  CK ^ -> QN ^  SDFF_X2    0.344  0.344    -0.272  
      U29356      B2 ^ -> ZN v  OAI222_X2  0.108  0.452    -0.165  
      U648_reg_4  D v           SDFF_X2    0.000  0.452    -0.165  
      -------------------------------------------------------------
Path 92: MET Hold Check with Pin U306_reg_3/CK 
Endpoint:   U306_reg_3/D (^) checked with  leading edge of 'in_rclk'
Beginpoint: U306_reg_3/Q (^) triggered by  leading edge of 'in_rclk'
Path Groups: {in_rclk}
Other End Arrival Time          0.000
+ Hold                         -0.046
+ Phase Shift                   0.000
= Required Time                -0.046
  Arrival Time                  0.571
  Slack Time                    0.617
     Clock Rise Edge                 0.000
     + Clock Network Latency (Ideal) 0.000
     = Beginpoint Arrival Time       0.000
      ------------------------------------------------------------
      Instance    Arc           Cell      Delay  Arrival  Required  
                                                 Time     Time  
      ------------------------------------------------------------
      U306_reg_3  CK ^          -         -      0.000    -0.617  
      U306_reg_3  CK ^ -> Q ^   SDFFR_X2  0.413  0.413    -0.204  
      U4830       B1 ^ -> ZN v  OAI22_X1  0.091  0.504    -0.113  
      U13262      A v -> ZN ^   INV_X2    0.067  0.571    -0.046  
      U306_reg_3  D ^           SDFFR_X2  0.000  0.571    -0.046  
      ------------------------------------------------------------
Path 93: MET Hold Check with Pin U514_reg_3/CK 
Endpoint:   U514_reg_3/D  (v) checked with  leading edge of 'in_rclk'
Beginpoint: U514_reg_3/QN (^) triggered by  leading edge of 'in_rclk'
Path Groups: {in_rclk}
Other End Arrival Time          0.000
+ Hold                         -0.162
+ Phase Shift                   0.000
= Required Time                -0.162
  Arrival Time                  0.458
  Slack Time                    0.620
     Clock Rise Edge                 0.000
     + Clock Network Latency (Ideal) 0.000
     = Beginpoint Arrival Time       0.000
      ------------------------------------------------------------
      Instance    Arc           Cell      Delay  Arrival  Required  
                                                 Time     Time  
      ------------------------------------------------------------
      U514_reg_3  CK ^          -         -      0.000    -0.620  
      U514_reg_3  CK ^ -> QN ^  SDFF_X1   0.370  0.370    -0.250  
      U9854       B1 ^ -> ZN v  OAI21_X2  0.088  0.458    -0.162  
      U514_reg_3  D v           SDFF_X1   0.000  0.458    -0.162  
      ------------------------------------------------------------
Path 94: MET Hold Check with Pin U109_reg_0/CK 
Endpoint:   U109_reg_0/D  (^) checked with  leading edge of 'in_rclk'
Beginpoint: U109_reg_0/QN (^) triggered by  leading edge of 'in_rclk'
Path Groups: {in_rclk}
Other End Arrival Time          0.000
+ Hold                         -0.044
+ Phase Shift                   0.000
= Required Time                -0.044
  Arrival Time                  0.576
  Slack Time                    0.620
     Clock Rise Edge                 0.000
     + Clock Network Latency (Ideal) 0.000
     = Beginpoint Arrival Time       0.000
      ------------------------------------------------------------
      Instance    Arc           Cell      Delay  Arrival  Required  
                                                 Time     Time  
      ------------------------------------------------------------
      U109_reg_0  CK ^          -         -      0.000    -0.620  
      U109_reg_0  CK ^ -> QN ^  SDFFR_X2  0.439  0.439    -0.181  
      U1945       A2 ^ -> ZN ^  AND2_X4   0.137  0.576    -0.044  
      U109_reg_0  D ^           SDFFR_X2  0.000  0.576    -0.044  
      ------------------------------------------------------------
Path 95: MET Hold Check with Pin U514_reg_5/CK 
Endpoint:   U514_reg_5/D  (v) checked with  leading edge of 'in_rclk'
Beginpoint: U514_reg_5/QN (^) triggered by  leading edge of 'in_rclk'
Path Groups: {in_rclk}
Other End Arrival Time          0.000
+ Hold                         -0.165
+ Phase Shift                   0.000
= Required Time                -0.165
  Arrival Time                  0.456
  Slack Time                    0.621
     Clock Rise Edge                 0.000
     + Clock Network Latency (Ideal) 0.000
     = Beginpoint Arrival Time       0.000
      -------------------------------------------------------------
      Instance    Arc           Cell       Delay  Arrival  Required  
                                                  Time     Time  
      -------------------------------------------------------------
      U514_reg_5  CK ^          -          -      0.000    -0.621  
      U514_reg_5  CK ^ -> QN ^  SDFF_X2    0.360  0.360    -0.261  
      U18401      C2 ^ -> ZN v  OAI211_X2  0.096  0.456    -0.165  
      U514_reg_5  D v           SDFF_X2    0.000  0.456    -0.165  
      -------------------------------------------------------------
Path 96: MET Hold Check with Pin U440_reg_5/CK 
Endpoint:   U440_reg_5/D  (v) checked with  leading edge of 'in_rclk'
Beginpoint: U440_reg_5/QN (^) triggered by  leading edge of 'in_rclk'
Path Groups: {in_rclk}
Other End Arrival Time          0.000
+ Hold                         -0.165
+ Phase Shift                   0.000
= Required Time                -0.165
  Arrival Time                  0.456
  Slack Time                    0.621
     Clock Rise Edge                 0.000
     + Clock Network Latency (Ideal) 0.000
     = Beginpoint Arrival Time       0.000
      -------------------------------------------------------------
      Instance    Arc           Cell       Delay  Arrival  Required  
                                                  Time     Time  
      -------------------------------------------------------------
      U440_reg_5  CK ^          -          -      0.000    -0.621  
      U440_reg_5  CK ^ -> QN ^  SDFF_X2    0.360  0.360    -0.261  
      U22169      C2 ^ -> ZN v  OAI211_X2  0.096  0.456    -0.165  
      U440_reg_5  D v           SDFF_X2    0.000  0.456    -0.165  
      -------------------------------------------------------------
Path 97: MET Hold Check with Pin U702_reg_0/CK 
Endpoint:   U702_reg_0/D  (^) checked with  leading edge of 'in_rclk'
Beginpoint: U702_reg_0/QN (^) triggered by  leading edge of 'in_rclk'
Path Groups: {in_rclk}
Other End Arrival Time          0.000
+ Hold                         -0.051
+ Phase Shift                   0.000
= Required Time                -0.051
  Arrival Time                  0.571
  Slack Time                    0.622
     Clock Rise Edge                 0.000
     + Clock Network Latency (Ideal) 0.000
     = Beginpoint Arrival Time       0.000
      ------------------------------------------------------------
      Instance    Arc           Cell      Delay  Arrival  Required  
                                                 Time     Time  
      ------------------------------------------------------------
      U702_reg_0  CK ^          -         -      0.000    -0.622  
      U702_reg_0  CK ^ -> QN ^  SDFF_X1   0.344  0.344    -0.278  
      U41965      A1 ^ -> ZN v  NAND2_X2  0.114  0.458    -0.164  
      U36390      A2 v -> ZN ^  NAND2_X2  0.113  0.571    -0.051  
      U702_reg_0  D ^           SDFF_X1   0.000  0.571    -0.051  
      ------------------------------------------------------------
Path 98: MET Hold Check with Pin U44_reg_13/CK 
Endpoint:   U44_reg_13/D  (v) checked with  leading edge of 'in_rclk'
Beginpoint: U44_reg_15/QN (^) triggered by  leading edge of 'in_rclk'
Path Groups: {in_rclk}
Other End Arrival Time          0.000
+ Hold                         -0.165
+ Phase Shift                   0.000
= Required Time                -0.165
  Arrival Time                  0.457
  Slack Time                    0.622
     Clock Rise Edge                 0.000
     + Clock Network Latency (Ideal) 0.000
     = Beginpoint Arrival Time       0.000
      -------------------------------------------------------------
      Instance    Arc           Cell       Delay  Arrival  Required  
                                                  Time     Time  
      -------------------------------------------------------------
      U44_reg_15  CK ^          -          -      0.000    -0.622  
      U44_reg_15  CK ^ -> QN ^  SDFF_X2    0.368  0.368    -0.253  
      U32985      C1 ^ -> ZN v  OAI211_X2  0.088  0.457    -0.165  
      U44_reg_13  D v           SDFF_X2    0.000  0.457    -0.165  
      -------------------------------------------------------------
Path 99: MET Hold Check with Pin U630_reg/CK 
Endpoint:   U630_reg/D  (v) checked with  leading edge of 'in_rclk'
Beginpoint: U630_reg/QN (^) triggered by  leading edge of 'in_rclk'
Path Groups: {in_rclk}
Other End Arrival Time          0.000
+ Hold                         -0.170
+ Phase Shift                   0.000
= Required Time                -0.170
  Arrival Time                  0.454
  Slack Time                    0.623
     Clock Rise Edge                 0.000
     + Clock Network Latency (Ideal) 0.000
     = Beginpoint Arrival Time       0.000
      ----------------------------------------------------------
      Instance  Arc           Cell      Delay  Arrival  Required  
                                               Time     Time  
      ----------------------------------------------------------
      U630_reg  CK ^          -         -      0.000    -0.623  
      U630_reg  CK ^ -> QN ^  SDFF_X2   0.372  0.372    -0.251  
      U19805    B1 ^ -> ZN v  OAI21_X2  0.081  0.454    -0.170  
      U630_reg  D v           SDFF_X2   0.000  0.454    -0.170  
      ----------------------------------------------------------
Path 100: MET Hold Check with Pin U44_reg_15/CK 
Endpoint:   U44_reg_15/D (^) checked with  leading edge of 'in_rclk'
Beginpoint: U44_reg_15/Q (^) triggered by  leading edge of 'in_rclk'
Path Groups: {in_rclk}
Other End Arrival Time          0.000
+ Hold                         -0.047
+ Phase Shift                   0.000
= Required Time                -0.047
  Arrival Time                  0.577
  Slack Time                    0.624
     Clock Rise Edge                 0.000
     + Clock Network Latency (Ideal) 0.000
     = Beginpoint Arrival Time       0.000
      ------------------------------------------------------------
      Instance    Arc           Cell      Delay  Arrival  Required  
                                                 Time     Time  
      ------------------------------------------------------------
      U44_reg_15  CK ^          -         -      0.000    -0.624  
      U44_reg_15  CK ^ -> Q ^   SDFF_X2   0.385  0.385    -0.240  
      U519        B2 ^ -> ZN v  AOI22_X1  0.115  0.499    -0.125  
      U12490      A v -> ZN ^   INV_X2    0.078  0.577    -0.047  
      U44_reg_15  D ^           SDFF_X2   0.000  0.577    -0.047  
      ------------------------------------------------------------

