###############################################################
#  Generated by:      Cadence Tempus 20.20-p001_1
#  OS:                Linux x86_64(Host ID APL4.kletech.ac.in)
#  Generated on:      Fri Apr  4 17:15:07 2025
#  Design:            momal
#  Command:           report_timing -late    -max_paths 100                         > outputs/setup_100.rpt.gz
###############################################################
Path 1: VIOLATED Setup Check with Pin U528_reg/CK 
Endpoint:   U528_reg/D (v) checked with  leading edge of 'in_rclk'
Beginpoint: in75       (v) triggered by  leading edge of 'in_rclk'
Path Groups: {in_rclk}
Other End Arrival Time          0.000
- Setup                         0.377
+ Phase Shift                   2.000
= Required Time                 1.623
- Arrival Time                  4.491
= Slack Time                   -2.867
     Clock Rise Edge                      0.000
     + Input Delay                        2.000
     = Beginpoint Arrival Time            2.000
      --------------------------------------------------------------------------
      Instance                  Arc           Cell      Delay  Arrival  Required  
                                                               Time     Time  
      --------------------------------------------------------------------------
      -                         in75 v        -         -      2.000    -0.867  
      U18176                    A1 v -> ZN ^  NOR2_X4   0.065  2.065    -0.803  
      sbn_1007_ATmdrc_i26106_5  A ^ -> Z ^    BUF_X4    0.182  2.247    -0.620  
      U16657                    A2 ^ -> ZN v  NAND2_X2  0.069  2.316    -0.551  
      sbn_1006_ATmdrc_i3862     A v -> Z v    BUF_X32   0.656  2.972    0.105  
      U13480                    A v -> ZN ^   INV_X4    0.103  3.075    0.207  
      sbn_978_ATmdrc_i4068      A ^ -> Z ^    BUF_X32   0.362  3.436    0.569  
      U19423                    A1 ^ -> ZN v  NAND2_X2  0.111  3.548    0.680  
      U34831                    A v -> ZN ^   INV_X2    0.116  3.664    0.797  
      U27504                    B2 ^ -> ZN v  AOI22_X2  0.083  3.747    0.880  
      sbn_1131_ATmdrc_i4979     A v -> Z v    BUF_X16   0.339  4.086    1.219  
      U37928                    A1 v -> ZN v  AND2_X2   0.173  4.259    1.392  
      U35123                    A2 v -> ZN v  OR2_X2    0.232  4.491    1.623  
      U528_reg                  D v           SDFFR_X1  0.000  4.491    1.623  
      --------------------------------------------------------------------------
Path 2: VIOLATED Setup Check with Pin U8_reg_4/CK 
Endpoint:   U8_reg_4/D (^) checked with  leading edge of 'in_rclk'
Beginpoint: in121[10]  (v) triggered by  leading edge of 'in_rclk'
Path Groups: {in_rclk}
Other End Arrival Time          0.000
- Setup                         0.500
+ Phase Shift                   2.000
= Required Time                 1.500
- Arrival Time                  4.207
= Slack Time                   -2.706
     Clock Rise Edge                      0.000
     + Input Delay                        2.000
     = Beginpoint Arrival Time            2.000
      -------------------------------------------------------------------------
      Instance                 Arc           Cell      Delay  Arrival  Required  
                                                              Time     Time  
      -------------------------------------------------------------------------
      -                        in121[10] v   -         -      2.000    -0.706  
      U42417                   A2 v -> ZN ^  NOR2_X4   0.202  2.202    -0.504  
      U38021                   A ^ -> ZN v   INV_X16   0.045  2.247    -0.459  
      atop_ATls_i25429         A1 v -> ZN ^  NOR2_X4   0.098  2.345    -0.362  
      U24194                   A1 ^ -> ZN v  NAND2_X4  0.054  2.398    -0.308  
      sbn_724_ATrbuf_i14700    A v -> Z v    BUF_X4    0.167  2.565    -0.141  
      U33203                   A3 v -> ZN ^  NOR3_X2   0.210  2.774    0.068  
      sbn_1155_ATgbl_i18993_4  A ^ -> Z ^    BUF_X8    0.158  2.932    0.226  
      U20647                   A3 ^ -> ZN ^  AND3_X4   0.184  3.117    0.411  
      U10351                   B1 ^ -> ZN v  OAI21_X4  0.081  3.197    0.491  
      U5090                    B1 v -> ZN ^  OAI21_X4  0.195  3.393    0.687  
      U17700                   A1 ^ -> ZN v  NAND2_X4  0.105  3.498    0.792  
      U3583                    A v -> ZN ^   INV_X8    0.094  3.592    0.886  
      U30599                   A1 ^ -> ZN v  NAND2_X4  0.073  3.665    0.959  
      U29661                   A1 v -> ZN ^  NOR2_X2   0.253  3.918    1.212  
      U20557                   A1 ^ -> ZN v  NAND2_X1  0.123  4.042    1.335  
      U22661                   A2 v -> ZN ^  NAND4_X2  0.165  4.207    1.500  
      U8_reg_4                 D ^           SDFF_X1   0.000  4.207    1.500  
      -------------------------------------------------------------------------
Path 3: VIOLATED Setup Check with Pin U8_reg_7/CK 
Endpoint:   U8_reg_7/D (^) checked with  leading edge of 'in_rclk'
Beginpoint: in121[10]  (v) triggered by  leading edge of 'in_rclk'
Path Groups: {in_rclk}
Other End Arrival Time          0.000
- Setup                         0.500
+ Phase Shift                   2.000
= Required Time                 1.500
- Arrival Time                  4.196
= Slack Time                   -2.696
     Clock Rise Edge                      0.000
     + Input Delay                        2.000
     = Beginpoint Arrival Time            2.000
      -------------------------------------------------------------------------
      Instance                 Arc           Cell      Delay  Arrival  Required  
                                                              Time     Time  
      -------------------------------------------------------------------------
      -                        in121[10] v   -         -      2.000    -0.696  
      U42417                   A2 v -> ZN ^  NOR2_X4   0.202  2.202    -0.493  
      U38021                   A ^ -> ZN v   INV_X16   0.045  2.247    -0.448  
      atop_ATls_i25429         A1 v -> ZN ^  NOR2_X4   0.098  2.345    -0.351  
      U24194                   A1 ^ -> ZN v  NAND2_X4  0.054  2.398    -0.297  
      sbn_724_ATrbuf_i14700    A v -> Z v    BUF_X4    0.167  2.565    -0.131  
      U33203                   A3 v -> ZN ^  NOR3_X2   0.210  2.774    0.079  
      sbn_1155_ATgbl_i18993_4  A ^ -> Z ^    BUF_X8    0.158  2.932    0.237  
      U20647                   A3 ^ -> ZN ^  AND3_X4   0.184  3.117    0.421  
      U10351                   B1 ^ -> ZN v  OAI21_X4  0.081  3.197    0.502  
      U5090                    B1 v -> ZN ^  OAI21_X4  0.195  3.393    0.697  
      U17700                   A1 ^ -> ZN v  NAND2_X4  0.105  3.498    0.803  
      U3583                    A v -> ZN ^   INV_X8    0.094  3.592    0.896  
      U30599                   A1 ^ -> ZN v  NAND2_X4  0.073  3.665    0.969  
      U29661                   A1 v -> ZN ^  NOR2_X2   0.253  3.918    1.223  
      U30992                   A1 ^ -> ZN v  NAND2_X2  0.115  4.033    1.337  
      U18609                   A2 v -> ZN ^  NAND4_X2  0.163  4.196    1.500  
      U8_reg_7                 D ^           SDFF_X1   0.000  4.196    1.500  
      -------------------------------------------------------------------------
Path 4: VIOLATED Setup Check with Pin U8_reg_15/CK 
Endpoint:   U8_reg_15/D (^) checked with  leading edge of 'in_rclk'
Beginpoint: in121[10]   (v) triggered by  leading edge of 'in_rclk'
Path Groups: {in_rclk}
Other End Arrival Time          0.000
- Setup                         0.489
+ Phase Shift                   2.000
= Required Time                 1.511
- Arrival Time                  4.204
= Slack Time                   -2.693
     Clock Rise Edge                      0.000
     + Input Delay                        2.000
     = Beginpoint Arrival Time            2.000
      -------------------------------------------------------------------------
      Instance                 Arc           Cell      Delay  Arrival  Required  
                                                              Time     Time  
      -------------------------------------------------------------------------
      -                        in121[10] v   -         -      2.000    -0.693  
      U42417                   A2 v -> ZN ^  NOR2_X4   0.202  2.202    -0.490  
      U38021                   A ^ -> ZN v   INV_X16   0.045  2.247    -0.446  
      atop_ATls_i25429         A1 v -> ZN ^  NOR2_X4   0.098  2.345    -0.348  
      U24194                   A1 ^ -> ZN v  NAND2_X4  0.054  2.398    -0.294  
      sbn_724_ATrbuf_i14700    A v -> Z v    BUF_X4    0.167  2.565    -0.128  
      U33203                   A3 v -> ZN ^  NOR3_X2   0.210  2.774    0.082  
      sbn_1155_ATgbl_i18993_4  A ^ -> Z ^    BUF_X8    0.158  2.932    0.240  
      U20647                   A3 ^ -> ZN ^  AND3_X4   0.184  3.117    0.424  
      U10351                   B1 ^ -> ZN v  OAI21_X4  0.081  3.197    0.505  
      U5090                    B1 v -> ZN ^  OAI21_X4  0.195  3.393    0.700  
      U17700                   A1 ^ -> ZN v  NAND2_X4  0.105  3.498    0.805  
      U3583                    A v -> ZN ^   INV_X8    0.094  3.592    0.899  
      U30599                   A1 ^ -> ZN v  NAND2_X4  0.073  3.665    0.972  
      U29661                   A1 v -> ZN ^  NOR2_X2   0.253  3.918    1.226  
      U4832                    A1 ^ -> ZN v  NAND2_X1  0.123  4.042    1.349  
      U24593                   A2 v -> ZN ^  NAND4_X2  0.162  4.204    1.511  
      U8_reg_15                D ^           SDFF_X2   0.000  4.204    1.511  
      -------------------------------------------------------------------------
Path 5: VIOLATED Setup Check with Pin U8_reg_5/CK 
Endpoint:   U8_reg_5/D (^) checked with  leading edge of 'in_rclk'
Beginpoint: in121[10]  (v) triggered by  leading edge of 'in_rclk'
Path Groups: {in_rclk}
Other End Arrival Time          0.000
- Setup                         0.489
+ Phase Shift                   2.000
= Required Time                 1.511
- Arrival Time                  4.175
= Slack Time                   -2.664
     Clock Rise Edge                      0.000
     + Input Delay                        2.000
     = Beginpoint Arrival Time            2.000
      -------------------------------------------------------------------------
      Instance                 Arc           Cell      Delay  Arrival  Required  
                                                              Time     Time  
      -------------------------------------------------------------------------
      -                        in121[10] v   -         -      2.000    -0.664  
      U42417                   A2 v -> ZN ^  NOR2_X4   0.202  2.202    -0.461  
      U38021                   A ^ -> ZN v   INV_X16   0.045  2.247    -0.417  
      atop_ATls_i25429         A1 v -> ZN ^  NOR2_X4   0.098  2.345    -0.319  
      U24194                   A1 ^ -> ZN v  NAND2_X4  0.054  2.398    -0.266  
      sbn_724_ATrbuf_i14700    A v -> Z v    BUF_X4    0.167  2.565    -0.099  
      U33203                   A3 v -> ZN ^  NOR3_X2   0.210  2.774    0.110  
      sbn_1155_ATgbl_i18993_4  A ^ -> Z ^    BUF_X8    0.158  2.932    0.268  
      U20647                   A3 ^ -> ZN ^  AND3_X4   0.184  3.117    0.453  
      U10351                   B1 ^ -> ZN v  OAI21_X4  0.081  3.197    0.534  
      U5090                    B1 v -> ZN ^  OAI21_X4  0.195  3.393    0.729  
      U17700                   A1 ^ -> ZN v  NAND2_X4  0.105  3.498    0.834  
      U3583                    A v -> ZN ^   INV_X8    0.094  3.592    0.928  
      U30599                   A1 ^ -> ZN v  NAND2_X4  0.073  3.665    1.001  
      U29661                   A1 v -> ZN ^  NOR2_X2   0.253  3.918    1.254  
      U17368                   A1 ^ -> ZN v  NAND2_X1  0.124  4.042    1.378  
      U27532                   A1 v -> ZN ^  NAND4_X2  0.133  4.175    1.511  
      U8_reg_5                 D ^           SDFF_X2   0.000  4.175    1.511  
      -------------------------------------------------------------------------
Path 6: VIOLATED Setup Check with Pin U8_reg_13/CK 
Endpoint:   U8_reg_13/D (^) checked with  leading edge of 'in_rclk'
Beginpoint: in121[10]   (v) triggered by  leading edge of 'in_rclk'
Path Groups: {in_rclk}
Other End Arrival Time          0.000
- Setup                         0.488
+ Phase Shift                   2.000
= Required Time                 1.512
- Arrival Time                  4.172
= Slack Time                   -2.660
     Clock Rise Edge                      0.000
     + Input Delay                        2.000
     = Beginpoint Arrival Time            2.000
      -------------------------------------------------------------------------
      Instance                 Arc           Cell      Delay  Arrival  Required  
                                                              Time     Time  
      -------------------------------------------------------------------------
      -                        in121[10] v   -         -      2.000    -0.660  
      U42417                   A2 v -> ZN ^  NOR2_X4   0.202  2.202    -0.457  
      U38021                   A ^ -> ZN v   INV_X16   0.045  2.247    -0.413  
      atop_ATls_i25429         A1 v -> ZN ^  NOR2_X4   0.098  2.345    -0.315  
      U24194                   A1 ^ -> ZN v  NAND2_X4  0.054  2.398    -0.262  
      sbn_724_ATrbuf_i14700    A v -> Z v    BUF_X4    0.167  2.565    -0.095  
      U33203                   A3 v -> ZN ^  NOR3_X2   0.210  2.774    0.115  
      sbn_1155_ATgbl_i18993_4  A ^ -> Z ^    BUF_X8    0.158  2.932    0.273  
      U20647                   A3 ^ -> ZN ^  AND3_X4   0.184  3.117    0.457  
      U10351                   B1 ^ -> ZN v  OAI21_X4  0.081  3.197    0.538  
      U5090                    B1 v -> ZN ^  OAI21_X4  0.195  3.393    0.733  
      U17700                   A1 ^ -> ZN v  NAND2_X4  0.105  3.498    0.838  
      U3583                    A v -> ZN ^   INV_X8    0.094  3.592    0.932  
      U30599                   A1 ^ -> ZN v  NAND2_X4  0.073  3.665    1.005  
      U29661                   A1 v -> ZN ^  NOR2_X2   0.253  3.918    1.258  
      U25606                   A1 ^ -> ZN v  NAND2_X2  0.109  4.027    1.367  
      U33441                   A2 v -> ZN ^  NAND3_X2  0.144  4.172    1.512  
      U8_reg_13                D ^           SDFF_X1   0.000  4.172    1.512  
      -------------------------------------------------------------------------
Path 7: VIOLATED Setup Check with Pin U8_reg_9/CK 
Endpoint:   U8_reg_9/D (^) checked with  leading edge of 'in_rclk'
Beginpoint: in121[10]  (v) triggered by  leading edge of 'in_rclk'
Path Groups: {in_rclk}
Other End Arrival Time          0.000
- Setup                         0.504
+ Phase Shift                   2.000
= Required Time                 1.496
- Arrival Time                  4.153
= Slack Time                   -2.657
     Clock Rise Edge                      0.000
     + Input Delay                        2.000
     = Beginpoint Arrival Time            2.000
      --------------------------------------------------------------------------
      Instance                 Arc           Cell       Delay  Arrival  Required  
                                                               Time     Time  
      --------------------------------------------------------------------------
      -                        in121[10] v   -          -      2.000    -0.657  
      U42417                   A2 v -> ZN ^  NOR2_X4    0.202  2.202    -0.455  
      U38021                   A ^ -> ZN v   INV_X16    0.045  2.247    -0.410  
      atop_ATls_i25429         A1 v -> ZN ^  NOR2_X4    0.098  2.345    -0.313  
      U24194                   A1 ^ -> ZN v  NAND2_X4   0.054  2.398    -0.259  
      sbn_724_ATrbuf_i14700    A v -> Z v    BUF_X4     0.167  2.565    -0.093  
      U33203                   A3 v -> ZN ^  NOR3_X2    0.210  2.774    0.117  
      sbn_1155_ATgbl_i18993_4  A ^ -> Z ^    BUF_X8     0.158  2.932    0.275  
      U20647                   A3 ^ -> ZN ^  AND3_X4    0.184  3.117    0.459  
      U10351                   B1 ^ -> ZN v  OAI21_X4   0.081  3.197    0.540  
      U5090                    B1 v -> ZN ^  OAI21_X4   0.195  3.393    0.735  
      U17700                   A1 ^ -> ZN v  NAND2_X4   0.105  3.498    0.841  
      U3583                    A v -> ZN ^   INV_X8     0.094  3.592    0.935  
      U30599                   A1 ^ -> ZN v  NAND2_X4   0.073  3.665    1.007  
      U27374                   A1 v -> ZN ^  NOR2_X4    0.240  3.905    1.247  
      U35248                   A1 ^ -> ZN v  NOR2_X2    0.083  3.988    1.331  
      U28903                   A v -> ZN ^   OAI211_X2  0.165  4.153    1.496  
      U8_reg_9                 D ^           SDFF_X1    0.000  4.153    1.496  
      --------------------------------------------------------------------------
Path 8: VIOLATED Setup Check with Pin U8_reg_16/CK 
Endpoint:   U8_reg_16/D (^) checked with  leading edge of 'in_rclk'
Beginpoint: in121[10]   (v) triggered by  leading edge of 'in_rclk'
Path Groups: {in_rclk}
Other End Arrival Time          0.000
- Setup                         0.489
+ Phase Shift                   2.000
= Required Time                 1.511
- Arrival Time                  4.163
= Slack Time                   -2.652
     Clock Rise Edge                      0.000
     + Input Delay                        2.000
     = Beginpoint Arrival Time            2.000
      -------------------------------------------------------------------------
      Instance                 Arc           Cell      Delay  Arrival  Required  
                                                              Time     Time  
      -------------------------------------------------------------------------
      -                        in121[10] v   -         -      2.000    -0.652  
      U42417                   A2 v -> ZN ^  NOR2_X4   0.202  2.202    -0.450  
      U38021                   A ^ -> ZN v   INV_X16   0.045  2.247    -0.405  
      atop_ATls_i25429         A1 v -> ZN ^  NOR2_X4   0.098  2.345    -0.307  
      U24194                   A1 ^ -> ZN v  NAND2_X4  0.054  2.398    -0.254  
      sbn_724_ATrbuf_i14700    A v -> Z v    BUF_X4    0.167  2.565    -0.087  
      U33203                   A3 v -> ZN ^  NOR3_X2   0.210  2.774    0.122  
      sbn_1155_ATgbl_i18993_4  A ^ -> Z ^    BUF_X8    0.158  2.932    0.280  
      U20647                   A3 ^ -> ZN ^  AND3_X4   0.184  3.117    0.465  
      U10351                   B1 ^ -> ZN v  OAI21_X4  0.081  3.197    0.545  
      U5090                    B1 v -> ZN ^  OAI21_X4  0.195  3.393    0.741  
      U17700                   A1 ^ -> ZN v  NAND2_X4  0.105  3.498    0.846  
      U3583                    A v -> ZN ^   INV_X8    0.094  3.592    0.940  
      U30599                   A1 ^ -> ZN v  NAND2_X4  0.073  3.665    1.013  
      U29661                   A1 v -> ZN ^  NOR2_X2   0.253  3.918    1.266  
      U30992                   A1 ^ -> ZN v  NAND2_X2  0.115  4.033    1.381  
      U13447                   A1 v -> ZN ^  NAND4_X2  0.131  4.163    1.511  
      U8_reg_16                D ^           SDFF_X2   0.000  4.163    1.511  
      -------------------------------------------------------------------------
Path 9: VIOLATED Setup Check with Pin U8_reg_12/CK 
Endpoint:   U8_reg_12/D (^) checked with  leading edge of 'in_rclk'
Beginpoint: in121[10]   (v) triggered by  leading edge of 'in_rclk'
Path Groups: {in_rclk}
Other End Arrival Time          0.000
- Setup                         0.477
+ Phase Shift                   2.000
= Required Time                 1.523
- Arrival Time                  4.173
= Slack Time                   -2.651
     Clock Rise Edge                      0.000
     + Input Delay                        2.000
     = Beginpoint Arrival Time            2.000
      -------------------------------------------------------------------------
      Instance                 Arc           Cell      Delay  Arrival  Required  
                                                              Time     Time  
      -------------------------------------------------------------------------
      -                        in121[10] v   -         -      2.000    -0.651  
      U42417                   A2 v -> ZN ^  NOR2_X4   0.202  2.202    -0.448  
      U38021                   A ^ -> ZN v   INV_X16   0.045  2.247    -0.403  
      atop_ATls_i25429         A1 v -> ZN ^  NOR2_X4   0.098  2.345    -0.306  
      U24194                   A1 ^ -> ZN v  NAND2_X4  0.054  2.398    -0.252  
      sbn_724_ATrbuf_i14700    A v -> Z v    BUF_X4    0.167  2.565    -0.086  
      U33203                   A3 v -> ZN ^  NOR3_X2   0.210  2.774    0.124  
      sbn_1155_ATgbl_i18993_4  A ^ -> Z ^    BUF_X8    0.158  2.932    0.282  
      U20647                   A3 ^ -> ZN ^  AND3_X4   0.184  3.117    0.466  
      U10351                   B1 ^ -> ZN v  OAI21_X4  0.081  3.197    0.547  
      U5090                    B1 v -> ZN ^  OAI21_X4  0.195  3.393    0.742  
      U17700                   A1 ^ -> ZN v  NAND2_X4  0.105  3.498    0.848  
      U3583                    A v -> ZN ^   INV_X8    0.094  3.592    0.941  
      U30599                   A1 ^ -> ZN v  NAND2_X4  0.073  3.665    1.014  
      U27374                   A1 v -> ZN ^  NOR2_X4   0.240  3.905    1.254  
      U1554                    A1 ^ -> ZN v  NAND2_X2  0.107  4.012    1.361  
      U7646                    A3 v -> ZN ^  NAND3_X2  0.161  4.173    1.523  
      U8_reg_12                D ^           SDFF_X2   0.000  4.173    1.523  
      -------------------------------------------------------------------------
Path 10: VIOLATED Setup Check with Pin U8_reg_23/CK 
Endpoint:   U8_reg_23/D (^) checked with  leading edge of 'in_rclk'
Beginpoint: in121[10]   (v) triggered by  leading edge of 'in_rclk'
Path Groups: {in_rclk}
Other End Arrival Time          0.000
- Setup                         0.496
+ Phase Shift                   2.000
= Required Time                 1.504
- Arrival Time                  4.142
= Slack Time                   -2.638
     Clock Rise Edge                      0.000
     + Input Delay                        2.000
     = Beginpoint Arrival Time            2.000
      -------------------------------------------------------------------------
      Instance                 Arc           Cell      Delay  Arrival  Required  
                                                              Time     Time  
      -------------------------------------------------------------------------
      -                        in121[10] v   -         -      2.000    -0.638  
      U42417                   A2 v -> ZN ^  NOR2_X4   0.202  2.202    -0.436  
      U38021                   A ^ -> ZN v   INV_X16   0.045  2.247    -0.391  
      atop_ATls_i25429         A1 v -> ZN ^  NOR2_X4   0.098  2.345    -0.294  
      U24194                   A1 ^ -> ZN v  NAND2_X4  0.054  2.398    -0.240  
      sbn_724_ATrbuf_i14700    A v -> Z v    BUF_X4    0.167  2.565    -0.074  
      U33203                   A3 v -> ZN ^  NOR3_X2   0.210  2.774    0.136  
      sbn_1155_ATgbl_i18993_4  A ^ -> Z ^    BUF_X8    0.158  2.932    0.294  
      U20647                   A3 ^ -> ZN ^  AND3_X4   0.184  3.117    0.478  
      U10351                   B1 ^ -> ZN v  OAI21_X4  0.081  3.197    0.559  
      U5090                    B1 v -> ZN ^  OAI21_X4  0.195  3.393    0.754  
      U17700                   A1 ^ -> ZN v  NAND2_X4  0.105  3.498    0.860  
      U3583                    A v -> ZN ^   INV_X8    0.094  3.592    0.954  
      U30599                   A1 ^ -> ZN v  NAND2_X4  0.073  3.665    1.027  
      U27374                   A1 v -> ZN ^  NOR2_X4   0.240  3.905    1.267  
      U153                     A ^ -> ZN v   INV_X4    0.082  3.987    1.348  
      U27094                   B1 v -> ZN ^  OAI21_X2  0.155  4.142    1.504  
      U8_reg_23                D ^           SDFF_X1   0.000  4.142    1.504  
      -------------------------------------------------------------------------
Path 11: VIOLATED Setup Check with Pin U8_reg_21/CK 
Endpoint:   U8_reg_21/D (^) checked with  leading edge of 'in_rclk'
Beginpoint: in121[10]   (v) triggered by  leading edge of 'in_rclk'
Path Groups: {in_rclk}
Other End Arrival Time          0.000
- Setup                         0.496
+ Phase Shift                   2.000
= Required Time                 1.504
- Arrival Time                  4.142
= Slack Time                   -2.638
     Clock Rise Edge                      0.000
     + Input Delay                        2.000
     = Beginpoint Arrival Time            2.000
      -------------------------------------------------------------------------
      Instance                 Arc           Cell      Delay  Arrival  Required  
                                                              Time     Time  
      -------------------------------------------------------------------------
      -                        in121[10] v   -         -      2.000    -0.638  
      U42417                   A2 v -> ZN ^  NOR2_X4   0.202  2.202    -0.436  
      U38021                   A ^ -> ZN v   INV_X16   0.045  2.247    -0.391  
      atop_ATls_i25429         A1 v -> ZN ^  NOR2_X4   0.098  2.345    -0.294  
      U24194                   A1 ^ -> ZN v  NAND2_X4  0.054  2.398    -0.240  
      sbn_724_ATrbuf_i14700    A v -> Z v    BUF_X4    0.167  2.565    -0.073  
      U33203                   A3 v -> ZN ^  NOR3_X2   0.210  2.774    0.136  
      sbn_1155_ATgbl_i18993_4  A ^ -> Z ^    BUF_X8    0.158  2.932    0.294  
      U20647                   A3 ^ -> ZN ^  AND3_X4   0.184  3.117    0.479  
      U10351                   B1 ^ -> ZN v  OAI21_X4  0.081  3.197    0.559  
      U5090                    B1 v -> ZN ^  OAI21_X4  0.195  3.393    0.755  
      U17700                   A1 ^ -> ZN v  NAND2_X4  0.105  3.498    0.860  
      U3583                    A v -> ZN ^   INV_X8    0.094  3.592    0.954  
      U30599                   A1 ^ -> ZN v  NAND2_X4  0.073  3.665    1.027  
      U27374                   A1 v -> ZN ^  NOR2_X4   0.240  3.905    1.267  
      U153                     A ^ -> ZN v   INV_X4    0.082  3.987    1.349  
      U19401                   B1 v -> ZN ^  OAI21_X2  0.155  4.142    1.504  
      U8_reg_21                D ^           SDFF_X1   0.000  4.142    1.504  
      -------------------------------------------------------------------------
Path 12: VIOLATED Setup Check with Pin U369_reg_2/CK 
Endpoint:   U369_reg_2/D (^) checked with  leading edge of 'in_rclk'
Beginpoint: in121[3]     (v) triggered by  leading edge of 'in_rclk'
Path Groups: {in_rclk}
Other End Arrival Time          0.000
- Setup                         0.501
+ Phase Shift                   2.000
= Required Time                 1.499
- Arrival Time                  4.120
= Slack Time                   -2.620
     Clock Rise Edge                      0.000
     + Input Delay                        2.000
     = Beginpoint Arrival Time            2.000
      ----------------------------------------------------------------------------
      Instance                   Arc           Cell       Delay  Arrival  Required  
                                                                 Time     Time  
      ----------------------------------------------------------------------------
      -                          in121[3] v    -          -      2.000    -0.620  
      in121_3__ATctop_i149305_1  A v -> Z v    BUF_X8     0.210  2.210    -0.410  
      U780                       A1 v -> ZN ^  NAND2_X1   0.474  2.684    0.064  
      U34572                     A1 ^ -> ZN v  NOR2_X1    0.126  2.810    0.190  
      sbn_22_ATgbl_i19090_5      A v -> Z v    BUF_X4     0.210  3.020    0.400  
      U17118                     A v -> ZN ^   INV_X1     0.147  3.168    0.548  
      U37847                     A2 ^ -> ZN v  NAND2_X4   0.080  3.248    0.628  
      U14342                     A1 v -> ZN v  OR4_X4     0.388  3.635    1.015  
      U36176                     A1 v -> ZN ^  NAND2_X2   0.217  3.852    1.232  
      U1271                      A ^ -> ZN v   AOI211_X1  0.149  4.001    1.380  
      U2034                      A v -> ZN ^   INV_X2     0.119  4.120    1.499  
      U369_reg_2                 D ^           SDFFR_X2   0.000  4.120    1.499  
      ----------------------------------------------------------------------------
Path 13: VIOLATED Setup Check with Pin U8_reg_11/CK 
Endpoint:   U8_reg_11/D (^) checked with  leading edge of 'in_rclk'
Beginpoint: in121[10]   (v) triggered by  leading edge of 'in_rclk'
Path Groups: {in_rclk}
Other End Arrival Time          0.000
- Setup                         0.500
+ Phase Shift                   2.000
= Required Time                 1.500
- Arrival Time                  4.118
= Slack Time                   -2.617
     Clock Rise Edge                      0.000
     + Input Delay                        2.000
     = Beginpoint Arrival Time            2.000
      -------------------------------------------------------------------------
      Instance                 Arc           Cell      Delay  Arrival  Required  
                                                              Time     Time  
      -------------------------------------------------------------------------
      -                        in121[10] v   -         -      2.000    -0.617  
      U42417                   A2 v -> ZN ^  NOR2_X4   0.202  2.202    -0.415  
      U38021                   A ^ -> ZN v   INV_X16   0.045  2.247    -0.370  
      atop_ATls_i25429         A1 v -> ZN ^  NOR2_X4   0.098  2.345    -0.273  
      U24194                   A1 ^ -> ZN v  NAND2_X4  0.054  2.398    -0.219  
      sbn_724_ATrbuf_i14700    A v -> Z v    BUF_X4    0.167  2.565    -0.053  
      U33203                   A3 v -> ZN ^  NOR3_X2   0.210  2.774    0.157  
      sbn_1155_ATgbl_i18993_4  A ^ -> Z ^    BUF_X8    0.158  2.932    0.315  
      U20647                   A3 ^ -> ZN ^  AND3_X4   0.184  3.117    0.499  
      U10351                   B1 ^ -> ZN v  OAI21_X4  0.081  3.197    0.580  
      U5090                    B1 v -> ZN ^  OAI21_X4  0.195  3.393    0.775  
      U17700                   A1 ^ -> ZN v  NAND2_X4  0.105  3.498    0.881  
      U3583                    A v -> ZN ^   INV_X8    0.094  3.592    0.975  
      U30599                   A1 ^ -> ZN v  NAND2_X4  0.073  3.665    1.047  
      U27374                   A1 v -> ZN ^  NOR2_X4   0.240  3.905    1.287  
      U36066                   A1 ^ -> ZN v  NAND2_X2  0.086  3.991    1.373  
      U1384                    A1 v -> ZN ^  NAND4_X2  0.127  4.118    1.500  
      U8_reg_11                D ^           SDFF_X1   0.000  4.118    1.500  
      -------------------------------------------------------------------------
Path 14: VIOLATED Setup Check with Pin U109_reg_4/CK 
Endpoint:   U109_reg_4/D (^) checked with  leading edge of 'in_rclk'
Beginpoint: in121[3]     (v) triggered by  leading edge of 'in_rclk'
Path Groups: {in_rclk}
Other End Arrival Time          0.000
- Setup                         0.505
+ Phase Shift                   2.000
= Required Time                 1.495
- Arrival Time                  4.093
= Slack Time                   -2.598
     Clock Rise Edge                      0.000
     + Input Delay                        2.000
     = Beginpoint Arrival Time            2.000
      ---------------------------------------------------------------------------
      Instance                   Arc           Cell      Delay  Arrival  Required  
                                                                Time     Time  
      ---------------------------------------------------------------------------
      -                          in121[3] v    -         -      2.000    -0.598  
      in121_3__ATctop_i149305_1  A v -> Z v    BUF_X8    0.210  2.210    -0.387  
      U780                       A1 v -> ZN ^  NAND2_X1  0.474  2.684    0.087  
      U34572                     A1 ^ -> ZN v  NOR2_X1   0.126  2.810    0.213  
      sbn_22_ATgbl_i19090_5      A v -> Z v    BUF_X4    0.210  3.020    0.423  
      U17118                     A v -> ZN ^   INV_X1    0.147  3.168    0.570  
      U37847                     A2 ^ -> ZN v  NAND2_X4  0.080  3.248    0.650  
      U14342                     A1 v -> ZN v  OR4_X4    0.388  3.635    1.038  
      U36176                     A1 v -> ZN ^  NAND2_X2  0.217  3.852    1.254  
      U16004                     A1 ^ -> ZN v  NOR2_X1   0.100  3.951    1.354  
      U2975                      A2 v -> ZN ^  NAND2_X2  0.142  4.093    1.495  
      U109_reg_4                 D ^           SDFFR_X1  0.000  4.093    1.495  
      ---------------------------------------------------------------------------
Path 15: VIOLATED Setup Check with Pin U8_reg_17/CK 
Endpoint:   U8_reg_17/D (^) checked with  leading edge of 'in_rclk'
Beginpoint: in121[10]   (v) triggered by  leading edge of 'in_rclk'
Path Groups: {in_rclk}
Other End Arrival Time          0.000
- Setup                         0.488
+ Phase Shift                   2.000
= Required Time                 1.512
- Arrival Time                  4.103
= Slack Time                   -2.591
     Clock Rise Edge                      0.000
     + Input Delay                        2.000
     = Beginpoint Arrival Time            2.000
      -------------------------------------------------------------------------
      Instance                 Arc           Cell      Delay  Arrival  Required  
                                                              Time     Time  
      -------------------------------------------------------------------------
      -                        in121[10] v   -         -      2.000    -0.591  
      U42417                   A2 v -> ZN ^  NOR2_X4   0.202  2.202    -0.389  
      U38021                   A ^ -> ZN v   INV_X16   0.045  2.247    -0.344  
      atop_ATls_i25429         A1 v -> ZN ^  NOR2_X4   0.098  2.345    -0.247  
      U24194                   A1 ^ -> ZN v  NAND2_X4  0.054  2.398    -0.193  
      sbn_724_ATrbuf_i14700    A v -> Z v    BUF_X4    0.167  2.565    -0.027  
      U33203                   A3 v -> ZN ^  NOR3_X2   0.210  2.774    0.183  
      sbn_1155_ATgbl_i18993_4  A ^ -> Z ^    BUF_X8    0.158  2.932    0.341  
      U20647                   A3 ^ -> ZN ^  AND3_X4   0.184  3.117    0.525  
      U10351                   B1 ^ -> ZN v  OAI21_X4  0.081  3.197    0.606  
      U5090                    B1 v -> ZN ^  OAI21_X4  0.195  3.393    0.801  
      U17700                   A1 ^ -> ZN v  NAND2_X4  0.105  3.498    0.907  
      U3583                    A v -> ZN ^   INV_X8    0.094  3.592    1.001  
      U30599                   A1 ^ -> ZN v  NAND2_X4  0.073  3.665    1.074  
      U27374                   A1 v -> ZN ^  NOR2_X4   0.240  3.905    1.314  
      U26841                   A1 ^ -> ZN v  NAND2_X2  0.083  3.988    1.397  
      U32020                   A1 v -> ZN ^  NAND3_X2  0.115  4.103    1.512  
      U8_reg_17                D ^           SDFF_X1   0.000  4.103    1.512  
      -------------------------------------------------------------------------
Path 16: VIOLATED Setup Check with Pin U8_reg_20/CK 
Endpoint:   U8_reg_20/D (^) checked with  leading edge of 'in_rclk'
Beginpoint: in121[10]   (v) triggered by  leading edge of 'in_rclk'
Path Groups: {in_rclk}
Other End Arrival Time          0.000
- Setup                         0.467
+ Phase Shift                   2.000
= Required Time                 1.533
- Arrival Time                  4.118
= Slack Time                   -2.585
     Clock Rise Edge                      0.000
     + Input Delay                        2.000
     = Beginpoint Arrival Time            2.000
      -------------------------------------------------------------------------
      Instance                 Arc           Cell      Delay  Arrival  Required  
                                                              Time     Time  
      -------------------------------------------------------------------------
      -                        in121[10] v   -         -      2.000    -0.585  
      U42417                   A2 v -> ZN ^  NOR2_X4   0.202  2.202    -0.383  
      U38021                   A ^ -> ZN v   INV_X16   0.045  2.247    -0.338  
      atop_ATls_i25429         A1 v -> ZN ^  NOR2_X4   0.098  2.345    -0.240  
      U24194                   A1 ^ -> ZN v  NAND2_X4  0.054  2.398    -0.187  
      sbn_724_ATrbuf_i14700    A v -> Z v    BUF_X4    0.167  2.565    -0.020  
      U33203                   A3 v -> ZN ^  NOR3_X2   0.210  2.774    0.189  
      sbn_1155_ATgbl_i18993_4  A ^ -> Z ^    BUF_X8    0.158  2.932    0.347  
      U20647                   A3 ^ -> ZN ^  AND3_X4   0.184  3.117    0.532  
      U10351                   B1 ^ -> ZN v  OAI21_X4  0.081  3.197    0.612  
      U5090                    B1 v -> ZN ^  OAI21_X4  0.195  3.393    0.808  
      U17700                   A1 ^ -> ZN v  NAND2_X4  0.105  3.498    0.913  
      U3583                    A v -> ZN ^   INV_X8    0.094  3.592    1.007  
      U30599                   A1 ^ -> ZN v  NAND2_X4  0.073  3.665    1.080  
      U27374                   A1 v -> ZN ^  NOR2_X4   0.240  3.905    1.320  
      U1554                    A1 ^ -> ZN v  NAND2_X2  0.107  4.012    1.427  
      U21837                   A1 v -> ZN ^  NAND2_X2  0.106  4.118    1.533  
      U8_reg_20                D ^           SDFF_X2   0.000  4.118    1.533  
      -------------------------------------------------------------------------
Path 17: VIOLATED Setup Check with Pin U109_reg_14/CK 
Endpoint:   U109_reg_14/D (^) checked with  leading edge of 'in_rclk'
Beginpoint: in121[3]      (v) triggered by  leading edge of 'in_rclk'
Path Groups: {in_rclk}
Other End Arrival Time          0.000
- Setup                         0.497
+ Phase Shift                   2.000
= Required Time                 1.503
- Arrival Time                  4.081
= Slack Time                   -2.578
     Clock Rise Edge                      0.000
     + Input Delay                        2.000
     = Beginpoint Arrival Time            2.000
      ---------------------------------------------------------------------------
      Instance                   Arc           Cell      Delay  Arrival  Required  
                                                                Time     Time  
      ---------------------------------------------------------------------------
      -                          in121[3] v    -         -      2.000    -0.578  
      in121_3__ATctop_i149305_1  A v -> Z v    BUF_X8    0.210  2.210    -0.367  
      U780                       A1 v -> ZN ^  NAND2_X1  0.474  2.684    0.107  
      U34572                     A1 ^ -> ZN v  NOR2_X1   0.126  2.810    0.232  
      sbn_22_ATgbl_i19090_5      A v -> Z v    BUF_X4    0.210  3.020    0.443  
      U17118                     A v -> ZN ^   INV_X1    0.147  3.168    0.590  
      U37847                     A2 ^ -> ZN v  NAND2_X4  0.080  3.248    0.670  
      U14342                     A1 v -> ZN v  OR4_X4    0.388  3.635    1.057  
      U36176                     A1 v -> ZN ^  NAND2_X2  0.217  3.852    1.274  
      U27747                     A ^ -> ZN v   AOI21_X1  0.130  3.981    1.404  
      U34157                     A v -> ZN ^   INV_X2    0.100  4.081    1.503  
      U109_reg_14                D ^           SDFFR_X1  0.000  4.081    1.503  
      ---------------------------------------------------------------------------
Path 18: VIOLATED Setup Check with Pin U109_reg_6/CK 
Endpoint:   U109_reg_6/D (^) checked with  leading edge of 'in_rclk'
Beginpoint: in121[3]     (v) triggered by  leading edge of 'in_rclk'
Path Groups: {in_rclk}
Other End Arrival Time          0.000
- Setup                         0.497
+ Phase Shift                   2.000
= Required Time                 1.503
- Arrival Time                  4.081
= Slack Time                   -2.578
     Clock Rise Edge                      0.000
     + Input Delay                        2.000
     = Beginpoint Arrival Time            2.000
      ---------------------------------------------------------------------------
      Instance                   Arc           Cell      Delay  Arrival  Required  
                                                                Time     Time  
      ---------------------------------------------------------------------------
      -                          in121[3] v    -         -      2.000    -0.578  
      in121_3__ATctop_i149305_1  A v -> Z v    BUF_X8    0.210  2.210    -0.367  
      U780                       A1 v -> ZN ^  NAND2_X1  0.474  2.684    0.107  
      U34572                     A1 ^ -> ZN v  NOR2_X1   0.126  2.810    0.232  
      sbn_22_ATgbl_i19090_5      A v -> Z v    BUF_X4    0.210  3.020    0.443  
      U17118                     A v -> ZN ^   INV_X1    0.147  3.168    0.590  
      U37847                     A2 ^ -> ZN v  NAND2_X4  0.080  3.248    0.670  
      U14342                     A1 v -> ZN v  OR4_X4    0.388  3.635    1.057  
      U36176                     A1 v -> ZN ^  NAND2_X2  0.217  3.852    1.274  
      U20685                     A ^ -> ZN v   AOI21_X1  0.130  3.981    1.404  
      U11337                     A v -> ZN ^   INV_X2    0.100  4.081    1.503  
      U109_reg_6                 D ^           SDFFR_X1  0.000  4.081    1.503  
      ---------------------------------------------------------------------------
Path 19: VIOLATED Setup Check with Pin U8_reg_19/CK 
Endpoint:   U8_reg_19/D (^) checked with  leading edge of 'in_rclk'
Beginpoint: in121[10]   (v) triggered by  leading edge of 'in_rclk'
Path Groups: {in_rclk}
Other End Arrival Time          0.000
- Setup                         0.477
+ Phase Shift                   2.000
= Required Time                 1.523
- Arrival Time                  4.095
= Slack Time                   -2.573
     Clock Rise Edge                      0.000
     + Input Delay                        2.000
     = Beginpoint Arrival Time            2.000
      -------------------------------------------------------------------------
      Instance                 Arc           Cell      Delay  Arrival  Required  
                                                              Time     Time  
      -------------------------------------------------------------------------
      -                        in121[10] v   -         -      2.000    -0.573  
      U42417                   A2 v -> ZN ^  NOR2_X4   0.202  2.202    -0.370  
      U38021                   A ^ -> ZN v   INV_X16   0.045  2.247    -0.326  
      atop_ATls_i25429         A1 v -> ZN ^  NOR2_X4   0.098  2.345    -0.228  
      U24194                   A1 ^ -> ZN v  NAND2_X4  0.054  2.398    -0.174  
      sbn_724_ATrbuf_i14700    A v -> Z v    BUF_X4    0.167  2.565    -0.008  
      U33203                   A3 v -> ZN ^  NOR3_X2   0.210  2.774    0.202  
      sbn_1155_ATgbl_i18993_4  A ^ -> Z ^    BUF_X8    0.158  2.932    0.360  
      U20647                   A3 ^ -> ZN ^  AND3_X4   0.184  3.117    0.544  
      U10351                   B1 ^ -> ZN v  OAI21_X4  0.081  3.197    0.625  
      U5090                    B1 v -> ZN ^  OAI21_X4  0.195  3.393    0.820  
      U17700                   A1 ^ -> ZN v  NAND2_X4  0.105  3.498    0.925  
      U3583                    A v -> ZN ^   INV_X8    0.094  3.592    1.019  
      U30599                   A1 ^ -> ZN v  NAND2_X4  0.073  3.665    1.092  
      U27374                   A1 v -> ZN ^  NOR2_X4   0.240  3.905    1.332  
      U153                     A ^ -> ZN v   INV_X4    0.082  3.987    1.414  
      U26424                   A1 v -> ZN ^  NAND3_X2  0.109  4.095    1.523  
      U8_reg_19                D ^           SDFF_X2   0.000  4.095    1.523  
      -------------------------------------------------------------------------
Path 20: VIOLATED Setup Check with Pin U369_reg_12/CK 
Endpoint:   U369_reg_12/D (^) checked with  leading edge of 'in_rclk'
Beginpoint: in121[3]      (v) triggered by  leading edge of 'in_rclk'
Path Groups: {in_rclk}
Other End Arrival Time          0.000
- Setup                         0.496
+ Phase Shift                   2.000
= Required Time                 1.504
- Arrival Time                  4.075
= Slack Time                   -2.571
     Clock Rise Edge                      0.000
     + Input Delay                        2.000
     = Beginpoint Arrival Time            2.000
      ---------------------------------------------------------------------------
      Instance                   Arc           Cell      Delay  Arrival  Required  
                                                                Time     Time  
      ---------------------------------------------------------------------------
      -                          in121[3] v    -         -      2.000    -0.571  
      in121_3__ATctop_i149305_1  A v -> Z v    BUF_X8    0.210  2.210    -0.361  
      U780                       A1 v -> ZN ^  NAND2_X1  0.474  2.684    0.114  
      U34572                     A1 ^ -> ZN v  NOR2_X1   0.126  2.810    0.239  
      sbn_22_ATgbl_i19090_5      A v -> Z v    BUF_X4    0.210  3.020    0.449  
      U17118                     A v -> ZN ^   INV_X1    0.147  3.168    0.597  
      U37847                     A2 ^ -> ZN v  NAND2_X4  0.080  3.248    0.677  
      U14342                     A1 v -> ZN v  OR4_X4    0.388  3.635    1.064  
      U36176                     A1 v -> ZN ^  NAND2_X2  0.217  3.852    1.281  
      U14501                     A ^ -> ZN v   AOI21_X1  0.130  3.981    1.411  
      U18509                     A v -> ZN ^   INV_X2    0.094  4.075    1.504  
      U369_reg_12                D ^           SDFFR_X2  0.000  4.075    1.504  
      ---------------------------------------------------------------------------
Path 21: VIOLATED Setup Check with Pin U109_reg_5/CK 
Endpoint:   U109_reg_5/D (^) checked with  leading edge of 'in_rclk'
Beginpoint: in121[10]    (v) triggered by  leading edge of 'in_rclk'
Path Groups: {in_rclk}
Other End Arrival Time          0.000
- Setup                         0.521
+ Phase Shift                   2.000
= Required Time                 1.479
- Arrival Time                  4.048
= Slack Time                   -2.568
     Clock Rise Edge                      0.000
     + Input Delay                        2.000
     = Beginpoint Arrival Time            2.000
      ------------------------------------------------------------------------
      Instance               Arc           Cell       Delay  Arrival  Required  
                                                             Time     Time  
      ------------------------------------------------------------------------
      -                      in121[10] v   -          -      2.000    -0.568  
      U42417                 A2 v -> ZN ^  NOR2_X4    0.202  2.202    -0.366  
      U38021                 A ^ -> ZN v   INV_X16    0.045  2.247    -0.321  
      atop_ATls_i29947       A1 v -> ZN ^  NOR2_X4    0.116  2.363    -0.206  
      sbn_828_ATrbuf_i25284  A ^ -> Z ^    CLKBUF_X3  0.123  2.485    -0.083  
      U28654                 A1 ^ -> ZN v  NAND2_X2   0.073  2.558    -0.010  
      U34572                 A2 v -> ZN ^  NOR2_X1    0.184  2.742    0.173  
      sbn_22_ATgbl_i19090_5  A ^ -> Z ^    BUF_X4     0.147  2.889    0.320  
      U17118                 A ^ -> ZN v   INV_X1     0.060  2.949    0.380  
      U37847                 A2 v -> ZN ^  NAND2_X4   0.100  3.049    0.480  
      U24817                 A ^ -> ZN v   INV_X4     0.067  3.116    0.548  
      U22719                 B2 v -> ZN ^  AOI221_X2  0.574  3.690    1.122  
      U9823                  A ^ -> ZN v   AOI21_X1   0.185  3.876    1.307  
      U2713                  A1 v -> ZN ^  NAND2_X1   0.172  4.048    1.479  
      U109_reg_5             D ^           SDFFR_X2   0.000  4.048    1.479  
      ------------------------------------------------------------------------
Path 22: VIOLATED Setup Check with Pin U8_reg_22/CK 
Endpoint:   U8_reg_22/D (^) checked with  leading edge of 'in_rclk'
Beginpoint: in121[10]   (v) triggered by  leading edge of 'in_rclk'
Path Groups: {in_rclk}
Other End Arrival Time          0.000
- Setup                         0.478
+ Phase Shift                   2.000
= Required Time                 1.522
- Arrival Time                  4.089
= Slack Time                   -2.567
     Clock Rise Edge                      0.000
     + Input Delay                        2.000
     = Beginpoint Arrival Time            2.000
      -------------------------------------------------------------------------
      Instance                 Arc           Cell      Delay  Arrival  Required  
                                                              Time     Time  
      -------------------------------------------------------------------------
      -                        in121[10] v   -         -      2.000    -0.567  
      U42417                   A2 v -> ZN ^  NOR2_X4   0.202  2.202    -0.364  
      U38021                   A ^ -> ZN v   INV_X16   0.045  2.247    -0.320  
      atop_ATls_i25429         A1 v -> ZN ^  NOR2_X4   0.098  2.345    -0.222  
      U24194                   A1 ^ -> ZN v  NAND2_X4  0.054  2.398    -0.169  
      sbn_724_ATrbuf_i14700    A v -> Z v    BUF_X4    0.167  2.565    -0.002  
      U33203                   A3 v -> ZN ^  NOR3_X2   0.210  2.774    0.208  
      sbn_1155_ATgbl_i18993_4  A ^ -> Z ^    BUF_X8    0.158  2.932    0.366  
      U20647                   A3 ^ -> ZN ^  AND3_X4   0.184  3.117    0.550  
      U10351                   B1 ^ -> ZN v  OAI21_X4  0.081  3.197    0.631  
      U5090                    B1 v -> ZN ^  OAI21_X4  0.195  3.393    0.826  
      U17700                   A1 ^ -> ZN v  NAND2_X4  0.105  3.498    0.931  
      U3583                    A v -> ZN ^   INV_X8    0.094  3.592    1.025  
      U30599                   A1 ^ -> ZN v  NAND2_X4  0.073  3.665    1.098  
      U27374                   A1 v -> ZN ^  NOR2_X4   0.240  3.905    1.338  
      U14782                   A1 ^ -> ZN v  NAND2_X2  0.081  3.986    1.419  
      U11605                   A1 v -> ZN ^  NAND2_X2  0.103  4.089    1.522  
      U8_reg_22                D ^           SDFF_X1   0.000  4.089    1.522  
      -------------------------------------------------------------------------
Path 23: VIOLATED Setup Check with Pin U8_reg_3/CK 
Endpoint:   U8_reg_3/D (^) checked with  leading edge of 'in_rclk'
Beginpoint: in121[10]  (v) triggered by  leading edge of 'in_rclk'
Path Groups: {in_rclk}
Other End Arrival Time          0.000
- Setup                         0.477
+ Phase Shift                   2.000
= Required Time                 1.523
- Arrival Time                  4.077
= Slack Time                   -2.555
     Clock Rise Edge                      0.000
     + Input Delay                        2.000
     = Beginpoint Arrival Time            2.000
      -------------------------------------------------------------------------
      Instance                 Arc           Cell      Delay  Arrival  Required  
                                                              Time     Time  
      -------------------------------------------------------------------------
      -                        in121[10] v   -         -      2.000    -0.555  
      U42417                   A2 v -> ZN ^  NOR2_X4   0.202  2.202    -0.352  
      U38021                   A ^ -> ZN v   INV_X16   0.045  2.247    -0.308  
      atop_ATls_i25429         A1 v -> ZN ^  NOR2_X4   0.098  2.345    -0.210  
      U24194                   A1 ^ -> ZN v  NAND2_X4  0.054  2.398    -0.157  
      sbn_724_ATrbuf_i14700    A v -> Z v    BUF_X4    0.167  2.565    0.010  
      U33203                   A3 v -> ZN ^  NOR3_X2   0.210  2.774    0.219  
      sbn_1155_ATgbl_i18993_4  A ^ -> Z ^    BUF_X8    0.158  2.932    0.377  
      U20647                   A3 ^ -> ZN ^  AND3_X4   0.184  3.117    0.562  
      U10351                   B1 ^ -> ZN v  OAI21_X4  0.081  3.197    0.643  
      U5090                    B1 v -> ZN ^  OAI21_X4  0.195  3.393    0.838  
      U17700                   A1 ^ -> ZN v  NAND2_X4  0.105  3.498    0.943  
      U3583                    A v -> ZN ^   INV_X8    0.094  3.592    1.037  
      U5720                    A1 ^ -> ZN v  NAND2_X2  0.091  3.683    1.128  
      U23400                   A1 v -> ZN ^  NOR2_X4   0.187  3.869    1.315  
      U21149                   A1 ^ -> ZN v  NAND2_X2  0.099  3.969    1.414  
      U36621                   A1 v -> ZN ^  NAND3_X2  0.109  4.077    1.523  
      U8_reg_3                 D ^           SDFF_X2   0.000  4.077    1.523  
      -------------------------------------------------------------------------
Path 24: VIOLATED Setup Check with Pin U8_reg_6/CK 
Endpoint:   U8_reg_6/D (^) checked with  leading edge of 'in_rclk'
Beginpoint: in121[10]  (v) triggered by  leading edge of 'in_rclk'
Path Groups: {in_rclk}
Other End Arrival Time          0.000
- Setup                         0.489
+ Phase Shift                   2.000
= Required Time                 1.511
- Arrival Time                  4.063
= Slack Time                   -2.552
     Clock Rise Edge                      0.000
     + Input Delay                        2.000
     = Beginpoint Arrival Time            2.000
      -------------------------------------------------------------------------
      Instance                 Arc           Cell      Delay  Arrival  Required  
                                                              Time     Time  
      -------------------------------------------------------------------------
      -                        in121[10] v   -         -      2.000    -0.552  
      U42417                   A2 v -> ZN ^  NOR2_X4   0.202  2.202    -0.349  
      U38021                   A ^ -> ZN v   INV_X16   0.045  2.247    -0.305  
      atop_ATls_i25429         A1 v -> ZN ^  NOR2_X4   0.098  2.345    -0.207  
      U24194                   A1 ^ -> ZN v  NAND2_X4  0.054  2.398    -0.154  
      sbn_724_ATrbuf_i14700    A v -> Z v    BUF_X4    0.167  2.565    0.013  
      U33203                   A3 v -> ZN ^  NOR3_X2   0.210  2.774    0.222  
      sbn_1155_ATgbl_i18993_4  A ^ -> Z ^    BUF_X8    0.158  2.932    0.380  
      U20647                   A3 ^ -> ZN ^  AND3_X4   0.184  3.117    0.565  
      U10351                   B1 ^ -> ZN v  OAI21_X4  0.081  3.197    0.646  
      U5090                    B1 v -> ZN ^  OAI21_X4  0.195  3.393    0.841  
      U17700                   A1 ^ -> ZN v  NAND2_X4  0.105  3.498    0.946  
      U3583                    A v -> ZN ^   INV_X8    0.094  3.592    1.040  
      U5720                    A1 ^ -> ZN v  NAND2_X2  0.091  3.683    1.131  
      U23400                   A1 v -> ZN ^  NOR2_X4   0.187  3.869    1.318  
      U13040                   A1 ^ -> ZN v  NAND2_X2  0.078  3.947    1.395  
      U15440                   A1 v -> ZN ^  NAND4_X2  0.116  4.063    1.511  
      U8_reg_6                 D ^           SDFF_X2   0.000  4.063    1.511  
      -------------------------------------------------------------------------
Path 25: VIOLATED Setup Check with Pin U369_reg_6/CK 
Endpoint:   U369_reg_6/D (^) checked with  leading edge of 'in_rclk'
Beginpoint: in121[10]    (v) triggered by  leading edge of 'in_rclk'
Path Groups: {in_rclk}
Other End Arrival Time          0.000
- Setup                         0.504
+ Phase Shift                   2.000
= Required Time                 1.496
- Arrival Time                  4.022
= Slack Time                   -2.526
     Clock Rise Edge                      0.000
     + Input Delay                        2.000
     = Beginpoint Arrival Time            2.000
      ------------------------------------------------------------------------
      Instance               Arc           Cell       Delay  Arrival  Required  
                                                             Time     Time  
      ------------------------------------------------------------------------
      -                      in121[10] v   -          -      2.000    -0.526  
      U42417                 A2 v -> ZN ^  NOR2_X4    0.202  2.202    -0.323  
      U38021                 A ^ -> ZN v   INV_X16    0.045  2.247    -0.279  
      atop_ATls_i29947       A1 v -> ZN ^  NOR2_X4    0.116  2.363    -0.163  
      sbn_828_ATrbuf_i25284  A ^ -> Z ^    CLKBUF_X3  0.123  2.485    -0.040  
      U28654                 A1 ^ -> ZN v  NAND2_X2   0.073  2.558    0.032  
      U34572                 A2 v -> ZN ^  NOR2_X1    0.184  2.742    0.216  
      sbn_22_ATgbl_i19090_5  A ^ -> Z ^    BUF_X4     0.147  2.889    0.363  
      U17118                 A ^ -> ZN v   INV_X1     0.060  2.949    0.423  
      U37847                 A2 v -> ZN ^  NAND2_X4   0.100  3.049    0.523  
      U24817                 A ^ -> ZN v   INV_X4     0.067  3.116    0.591  
      U22719                 B2 v -> ZN ^  AOI221_X2  0.574  3.690    1.165  
      U38454                 A ^ -> ZN v   AOI21_X1   0.198  3.888    1.363  
      U3981                  A1 v -> ZN ^  NAND2_X2   0.134  4.022    1.496  
      U369_reg_6             D ^           SDFFR_X1   0.000  4.022    1.496  
      ------------------------------------------------------------------------
Path 26: VIOLATED Setup Check with Pin U369_reg_5/CK 
Endpoint:   U369_reg_5/D (^) checked with  leading edge of 'in_rclk'
Beginpoint: in121[10]    (v) triggered by  leading edge of 'in_rclk'
Path Groups: {in_rclk}
Other End Arrival Time          0.000
- Setup                         0.503
+ Phase Shift                   2.000
= Required Time                 1.497
- Arrival Time                  4.022
= Slack Time                   -2.525
     Clock Rise Edge                      0.000
     + Input Delay                        2.000
     = Beginpoint Arrival Time            2.000
      ------------------------------------------------------------------------
      Instance               Arc           Cell       Delay  Arrival  Required  
                                                             Time     Time  
      ------------------------------------------------------------------------
      -                      in121[10] v   -          -      2.000    -0.525  
      U42417                 A2 v -> ZN ^  NOR2_X4    0.202  2.202    -0.323  
      U38021                 A ^ -> ZN v   INV_X16    0.045  2.247    -0.278  
      atop_ATls_i29947       A1 v -> ZN ^  NOR2_X4    0.116  2.363    -0.162  
      sbn_828_ATrbuf_i25284  A ^ -> Z ^    CLKBUF_X3  0.123  2.485    -0.040  
      U28654                 A1 ^ -> ZN v  NAND2_X2   0.073  2.558    0.033  
      U34572                 A2 v -> ZN ^  NOR2_X1    0.184  2.742    0.216  
      sbn_22_ATgbl_i19090_5  A ^ -> Z ^    BUF_X4     0.147  2.889    0.363  
      U17118                 A ^ -> ZN v   INV_X1     0.060  2.949    0.423  
      U37847                 A2 v -> ZN ^  NAND2_X4   0.100  3.049    0.523  
      U24817                 A ^ -> ZN v   INV_X4     0.067  3.116    0.591  
      U22719                 B2 v -> ZN ^  AOI221_X2  0.574  3.690    1.165  
      U25472                 A ^ -> ZN v   AOI21_X1   0.198  3.888    1.363  
      U4635                  A1 v -> ZN ^  NAND2_X2   0.134  4.022    1.497  
      U369_reg_5             D ^           SDFFR_X2   0.000  4.022    1.497  
      ------------------------------------------------------------------------
Path 27: VIOLATED Setup Check with Pin U369_reg_10/CK 
Endpoint:   U369_reg_10/D (^) checked with  leading edge of 'in_rclk'
Beginpoint: in121[3]      (v) triggered by  leading edge of 'in_rclk'
Path Groups: {in_rclk}
Other End Arrival Time          0.000
- Setup                         0.489
+ Phase Shift                   2.000
= Required Time                 1.511
- Arrival Time                  4.035
= Slack Time                   -2.524
     Clock Rise Edge                      0.000
     + Input Delay                        2.000
     = Beginpoint Arrival Time            2.000
      ---------------------------------------------------------------------------
      Instance                   Arc           Cell      Delay  Arrival  Required  
                                                                Time     Time  
      ---------------------------------------------------------------------------
      -                          in121[3] v    -         -      2.000    -0.524  
      in121_3__ATctop_i149305_1  A v -> Z v    BUF_X8    0.210  2.210    -0.314  
      U780                       A1 v -> ZN ^  NAND2_X1  0.474  2.684    0.160  
      U34572                     A1 ^ -> ZN v  NOR2_X1   0.126  2.810    0.286  
      sbn_22_ATgbl_i19090_5      A v -> Z v    BUF_X4    0.210  3.020    0.496  
      U17118                     A v -> ZN ^   INV_X1    0.147  3.168    0.643  
      U37847                     A2 ^ -> ZN v  NAND2_X4  0.080  3.248    0.723  
      U14342                     A1 v -> ZN v  OR4_X4    0.388  3.635    1.111  
      U36176                     A1 v -> ZN ^  NAND2_X2  0.217  3.852    1.327  
      U39783                     A ^ -> ZN v   AOI21_X2  0.112  3.964    1.439  
      U24045                     A v -> ZN ^   INV_X4    0.071  4.035    1.511  
      U369_reg_10                D ^           SDFFR_X2  0.000  4.035    1.511  
      ---------------------------------------------------------------------------
Path 28: VIOLATED Setup Check with Pin U109_reg_1/CK 
Endpoint:   U109_reg_1/D (^) checked with  leading edge of 'in_rclk'
Beginpoint: in121[10]    (v) triggered by  leading edge of 'in_rclk'
Path Groups: {in_rclk}
Other End Arrival Time          0.000
- Setup                         0.521
+ Phase Shift                   2.000
= Required Time                 1.479
- Arrival Time                  4.003
= Slack Time                   -2.524
     Clock Rise Edge                      0.000
     + Input Delay                        2.000
     = Beginpoint Arrival Time            2.000
      ------------------------------------------------------------------------
      Instance               Arc           Cell       Delay  Arrival  Required  
                                                             Time     Time  
      ------------------------------------------------------------------------
      -                      in121[10] v   -          -      2.000    -0.524  
      U42417                 A2 v -> ZN ^  NOR2_X4    0.202  2.202    -0.321  
      U38021                 A ^ -> ZN v   INV_X16    0.045  2.247    -0.277  
      atop_ATls_i29947       A1 v -> ZN ^  NOR2_X4    0.116  2.363    -0.161  
      sbn_828_ATrbuf_i25284  A ^ -> Z ^    CLKBUF_X3  0.123  2.485    -0.038  
      U28654                 A1 ^ -> ZN v  NAND2_X2   0.073  2.558    0.034  
      U34572                 A2 v -> ZN ^  NOR2_X1    0.184  2.742    0.218  
      sbn_22_ATgbl_i19090_5  A ^ -> Z ^    BUF_X4     0.147  2.889    0.365  
      U17118                 A ^ -> ZN v   INV_X1     0.060  2.949    0.425  
      U37847                 A2 v -> ZN ^  NAND2_X4   0.100  3.049    0.525  
      U24817                 A ^ -> ZN v   INV_X4     0.067  3.116    0.593  
      U22719                 B2 v -> ZN ^  AOI221_X2  0.574  3.690    1.167  
      U32757                 A ^ -> ZN v   AOI21_X2   0.148  3.839    1.315  
      U28390                 A1 v -> ZN ^  NAND2_X1   0.164  4.003    1.479  
      U109_reg_1             D ^           SDFFR_X2   0.000  4.003    1.479  
      ------------------------------------------------------------------------
Path 29: VIOLATED Setup Check with Pin U8_reg_14/CK 
Endpoint:   U8_reg_14/D (^) checked with  leading edge of 'in_rclk'
Beginpoint: in121[10]   (v) triggered by  leading edge of 'in_rclk'
Path Groups: {in_rclk}
Other End Arrival Time          0.000
- Setup                         0.521
+ Phase Shift                   2.000
= Required Time                 1.479
- Arrival Time                  3.977
= Slack Time                   -2.497
     Clock Rise Edge                      0.000
     + Input Delay                        2.000
     = Beginpoint Arrival Time            2.000
      --------------------------------------------------------------------------
      Instance                 Arc           Cell       Delay  Arrival  Required  
                                                               Time     Time  
      --------------------------------------------------------------------------
      -                        in121[10] v   -          -      2.000    -0.497  
      U42417                   A2 v -> ZN ^  NOR2_X4    0.202  2.202    -0.295  
      U38021                   A ^ -> ZN v   INV_X16    0.045  2.247    -0.250  
      atop_ATls_i25429         A1 v -> ZN ^  NOR2_X4    0.098  2.345    -0.153  
      U24194                   A1 ^ -> ZN v  NAND2_X4   0.054  2.398    -0.099  
      sbn_724_ATrbuf_i14700    A v -> Z v    BUF_X4     0.167  2.565    0.068  
      U33203                   A3 v -> ZN ^  NOR3_X2    0.210  2.774    0.277  
      sbn_1155_ATgbl_i18993_4  A ^ -> Z ^    BUF_X8     0.158  2.932    0.435  
      U20647                   A3 ^ -> ZN ^  AND3_X4    0.184  3.117    0.620  
      U10351                   B1 ^ -> ZN v  OAI21_X4   0.081  3.197    0.700  
      U5090                    B1 v -> ZN ^  OAI21_X4   0.195  3.393    0.896  
      U17700                   A1 ^ -> ZN v  NAND2_X4   0.105  3.498    1.001  
      U3583                    A v -> ZN ^   INV_X8     0.094  3.592    1.095  
      U30599                   A1 ^ -> ZN v  NAND2_X4   0.073  3.665    1.168  
      U24952                   B2 v -> ZN ^  OAI221_X2  0.312  3.977    1.479  
      U8_reg_14                D ^           SDFF_X2    0.000  3.977    1.479  
      --------------------------------------------------------------------------
Path 30: VIOLATED Setup Check with Pin U8_reg_10/CK 
Endpoint:   U8_reg_10/D (^) checked with  leading edge of 'in_rclk'
Beginpoint: in121[10]   (v) triggered by  leading edge of 'in_rclk'
Path Groups: {in_rclk}
Other End Arrival Time          0.000
- Setup                         0.489
+ Phase Shift                   2.000
= Required Time                 1.511
- Arrival Time                  4.008
= Slack Time                   -2.497
     Clock Rise Edge                      0.000
     + Input Delay                        2.000
     = Beginpoint Arrival Time            2.000
      -------------------------------------------------------------------------
      Instance                 Arc           Cell      Delay  Arrival  Required  
                                                              Time     Time  
      -------------------------------------------------------------------------
      -                        in121[10] v   -         -      2.000    -0.497  
      U42417                   A2 v -> ZN ^  NOR2_X4   0.202  2.202    -0.294  
      U38021                   A ^ -> ZN v   INV_X16   0.045  2.247    -0.250  
      atop_ATls_i25429         A1 v -> ZN ^  NOR2_X4   0.098  2.345    -0.152  
      U24194                   A1 ^ -> ZN v  NAND2_X4  0.054  2.398    -0.099  
      sbn_724_ATrbuf_i14700    A v -> Z v    BUF_X4    0.167  2.565    0.068  
      U33203                   A3 v -> ZN ^  NOR3_X2   0.210  2.774    0.278  
      sbn_1155_ATgbl_i18993_4  A ^ -> Z ^    BUF_X8    0.158  2.932    0.436  
      U20647                   A3 ^ -> ZN ^  AND3_X4   0.184  3.117    0.620  
      U10351                   B1 ^ -> ZN v  OAI21_X4  0.081  3.197    0.701  
      U5090                    B1 v -> ZN ^  OAI21_X4  0.195  3.393    0.896  
      U17700                   A1 ^ -> ZN v  NAND2_X4  0.105  3.498    1.001  
      U3583                    A v -> ZN ^   INV_X8    0.094  3.592    1.095  
      U30599                   A1 ^ -> ZN v  NAND2_X4  0.073  3.665    1.168  
      U39229                   A1 v -> ZN v  OR2_X2    0.203  3.868    1.371  
      U19928                   A2 v -> ZN ^  NAND4_X2  0.140  4.008    1.511  
      U8_reg_10                D ^           SDFF_X2   0.000  4.008    1.511  
      -------------------------------------------------------------------------
Path 31: VIOLATED Setup Check with Pin U369_reg_15/CK 
Endpoint:   U369_reg_15/D (^) checked with  leading edge of 'in_rclk'
Beginpoint: in121[3]      (v) triggered by  leading edge of 'in_rclk'
Path Groups: {in_rclk}
Other End Arrival Time          0.000
- Setup                         0.553
+ Phase Shift                   2.000
= Required Time                 1.447
- Arrival Time                  3.917
= Slack Time                   -2.470
     Clock Rise Edge                      0.000
     + Input Delay                        2.000
     = Beginpoint Arrival Time            2.000
      ----------------------------------------------------------------------------
      Instance                   Arc           Cell       Delay  Arrival  Required  
                                                                 Time     Time  
      ----------------------------------------------------------------------------
      -                          in121[3] v    -          -      2.000    -0.470  
      in121_3__ATctop_i149305_1  A v -> Z v    BUF_X8     0.210  2.210    -0.260  
      U780                       A1 v -> ZN ^  NAND2_X1   0.474  2.684    0.214  
      U34572                     A1 ^ -> ZN v  NOR2_X1    0.126  2.810    0.340  
      sbn_22_ATgbl_i19090_5      A v -> Z v    BUF_X4     0.210  3.020    0.550  
      U17118                     A v -> ZN ^   INV_X1     0.147  3.168    0.698  
      U37847                     A2 ^ -> ZN v  NAND2_X4   0.080  3.248    0.778  
      U24817                     A v -> ZN ^   INV_X4     0.134  3.382    0.912  
      U23884                     A3 ^ -> ZN v  NAND3_X1   0.104  3.485    1.015  
      sbn_53403_ATmdrc_i5054     A v -> Z v    BUF_X4     0.187  3.673    1.203  
      U25058                     B v -> ZN ^   OAI211_X1  0.244  3.917    1.447  
      U369_reg_15                D ^           SDFFR_X1   0.000  3.917    1.447  
      ----------------------------------------------------------------------------
Path 32: VIOLATED Setup Check with Pin U173_reg_0/CK 
Endpoint:   U173_reg_0/D (^) checked with  leading edge of 'in_rclk'
Beginpoint: in127        (v) triggered by  leading edge of 'in_rclk'
Path Groups: {in_rclk}
Other End Arrival Time          0.000
- Setup                         0.631
+ Phase Shift                   2.000
= Required Time                 1.369
- Arrival Time                  3.792
= Slack Time                   -2.423
     Clock Rise Edge                      0.000
     + Input Delay                        2.000
     = Beginpoint Arrival Time            2.000
      ---------------------------------------------------------------------------
      Instance                  Arc           Cell       Delay  Arrival  Required  
                                                                Time     Time  
      ---------------------------------------------------------------------------
      -                         in127 v       -          -      2.000    -0.423  
      U22607_ATdup_i14701       A v -> ZN ^   INV_X32    0.025  2.025    -0.398  
      U42417                    A1 ^ -> ZN v  NOR2_X4    0.036  2.061    -0.362  
      U38021                    A v -> ZN ^   INV_X16    0.048  2.109    -0.314  
      atop_ATls_i25429          A1 ^ -> ZN v  NOR2_X4    0.030  2.139    -0.284  
      U24194                    A1 v -> ZN ^  NAND2_X4   0.066  2.206    -0.218  
      sbn_724_ATrbuf_i14700     A ^ -> Z ^    BUF_X4     0.138  2.343    -0.080  
      U33203                    A3 ^ -> ZN v  NOR3_X2    0.056  2.399    -0.024  
      sbn_1155_ATgbl_i18993_4   A v -> Z v    BUF_X8     0.215  2.614    0.191  
      U20647                    A3 v -> ZN v  AND3_X4    0.279  2.894    0.470  
      U10351                    B1 v -> ZN ^  OAI21_X4   0.233  3.127    0.704  
      sbn_35299_ATmfs_i18996_4  A ^ -> Z ^    CLKBUF_X3  0.174  3.301    0.877  
      U36326                    A ^ -> ZN v   INV_X1     0.053  3.354    0.930  
      U14781                    B1 v -> ZN ^  AOI21_X2   0.135  3.488    1.065  
      U40925                    A1 ^ -> ZN v  OAI22_X2   0.113  3.602    1.178  
      U35035                    C1 v -> ZN ^  OAI211_X2  0.191  3.792    1.369  
      U173_reg_0                D ^           SDFFS_X2   0.000  3.792    1.369  
      ---------------------------------------------------------------------------
Path 33: VIOLATED Setup Check with Pin U173_reg_1/CK 
Endpoint:   U173_reg_1/D (^) checked with  leading edge of 'in_rclk'
Beginpoint: in121[10]    (v) triggered by  leading edge of 'in_rclk'
Path Groups: {in_rclk}
Other End Arrival Time          0.000
- Setup                         0.503
+ Phase Shift                   2.000
= Required Time                 1.497
- Arrival Time                  3.906
= Slack Time                   -2.409
     Clock Rise Edge                      0.000
     + Input Delay                        2.000
     = Beginpoint Arrival Time            2.000
      ---------------------------------------------------------------------------
      Instance                  Arc           Cell       Delay  Arrival  Required  
                                                                Time     Time  
      ---------------------------------------------------------------------------
      -                         in121[10] v   -          -      2.000    -0.409  
      U42417                    A2 v -> ZN ^  NOR2_X4    0.202  2.202    -0.207  
      U38021                    A ^ -> ZN v   INV_X16    0.045  2.247    -0.162  
      atop_ATls_i25429          A1 v -> ZN ^  NOR2_X4    0.098  2.345    -0.065  
      U24194                    A1 ^ -> ZN v  NAND2_X4   0.054  2.398    -0.011  
      sbn_724_ATrbuf_i14700     A v -> Z v    BUF_X4     0.167  2.565    0.155  
      U33203                    A3 v -> ZN ^  NOR3_X2    0.210  2.774    0.365  
      sbn_1155_ATgbl_i18993_4   A ^ -> Z ^    BUF_X8     0.158  2.932    0.523  
      U20647                    A3 ^ -> ZN ^  AND3_X4    0.184  3.117    0.707  
      U10351                    B1 ^ -> ZN v  OAI21_X4   0.081  3.197    0.788  
      sbn_35299_ATmfs_i18996_4  A v -> Z v    CLKBUF_X3  0.156  3.354    0.944  
      U36326                    A v -> ZN ^   INV_X1     0.105  3.459    1.049  
      U14781                    B1 ^ -> ZN v  AOI21_X2   0.070  3.528    1.119  
      U40925                    A1 v -> ZN ^  OAI22_X2   0.198  3.727    1.317  
      U27601                    A1 ^ -> ZN v  NAND2_X2   0.081  3.808    1.398  
      U36313                    A1 v -> ZN ^  NAND2_X2   0.099  3.906    1.497  
      U173_reg_1                D ^           SDFFR_X2   0.000  3.906    1.497  
      ---------------------------------------------------------------------------
Path 34: VIOLATED Setup Check with Pin U369_reg_16/CK 
Endpoint:   U369_reg_16/D (^) checked with  leading edge of 'in_rclk'
Beginpoint: in121[3]      (v) triggered by  leading edge of 'in_rclk'
Path Groups: {in_rclk}
Other End Arrival Time          0.000
- Setup                         0.545
+ Phase Shift                   2.000
= Required Time                 1.455
- Arrival Time                  3.863
= Slack Time                   -2.408
     Clock Rise Edge                      0.000
     + Input Delay                        2.000
     = Beginpoint Arrival Time            2.000
      ---------------------------------------------------------------------------
      Instance                   Arc           Cell      Delay  Arrival  Required  
                                                                Time     Time  
      ---------------------------------------------------------------------------
      -                          in121[3] v    -         -      2.000    -0.408  
      in121_3__ATctop_i149305_1  A v -> Z v    BUF_X8    0.210  2.210    -0.198  
      U780                       A1 v -> ZN ^  NAND2_X1  0.474  2.684    0.276  
      U34572                     A1 ^ -> ZN v  NOR2_X1   0.126  2.810    0.402  
      sbn_22_ATgbl_i19090_5      A v -> Z v    BUF_X4    0.210  3.020    0.612  
      U17118                     A v -> ZN ^   INV_X1    0.147  3.168    0.760  
      U37847                     A2 ^ -> ZN v  NAND2_X4  0.080  3.248    0.840  
      U24817                     A v -> ZN ^   INV_X4    0.134  3.382    0.974  
      U23884                     A3 ^ -> ZN v  NAND3_X1  0.104  3.485    1.077  
      sbn_53403_ATmdrc_i5054     A v -> Z v    BUF_X4    0.187  3.673    1.265  
      U33415                     A v -> ZN ^   OAI21_X1  0.191  3.863    1.455  
      U369_reg_16                D ^           SDFFR_X2  0.000  3.863    1.455  
      ---------------------------------------------------------------------------
Path 35: VIOLATED Setup Check with Pin U109_reg_16/CK 
Endpoint:   U109_reg_16/D (^) checked with  leading edge of 'in_rclk'
Beginpoint: in121[3]      (v) triggered by  leading edge of 'in_rclk'
Path Groups: {in_rclk}
Other End Arrival Time          0.000
- Setup                         0.545
+ Phase Shift                   2.000
= Required Time                 1.455
- Arrival Time                  3.863
= Slack Time                   -2.408
     Clock Rise Edge                      0.000
     + Input Delay                        2.000
     = Beginpoint Arrival Time            2.000
      ---------------------------------------------------------------------------
      Instance                   Arc           Cell      Delay  Arrival  Required  
                                                                Time     Time  
      ---------------------------------------------------------------------------
      -                          in121[3] v    -         -      2.000    -0.408  
      in121_3__ATctop_i149305_1  A v -> Z v    BUF_X8    0.210  2.210    -0.198  
      U780                       A1 v -> ZN ^  NAND2_X1  0.474  2.684    0.276  
      U34572                     A1 ^ -> ZN v  NOR2_X1   0.126  2.810    0.402  
      sbn_22_ATgbl_i19090_5      A v -> Z v    BUF_X4    0.210  3.020    0.612  
      U17118                     A v -> ZN ^   INV_X1    0.147  3.168    0.760  
      U37847                     A2 ^ -> ZN v  NAND2_X4  0.080  3.248    0.840  
      U24817                     A v -> ZN ^   INV_X4    0.134  3.382    0.974  
      U23884                     A3 ^ -> ZN v  NAND3_X1  0.104  3.485    1.077  
      sbn_53403_ATmdrc_i5054     A v -> Z v    BUF_X4    0.187  3.673    1.265  
      U42093                     A v -> ZN ^   OAI21_X1  0.191  3.863    1.455  
      U109_reg_16                D ^           SDFFR_X2  0.000  3.863    1.455  
      ---------------------------------------------------------------------------
Path 36: VIOLATED Setup Check with Pin U369_reg_0/CK 
Endpoint:   U369_reg_0/D (^) checked with  leading edge of 'in_rclk'
Beginpoint: in121[3]     (v) triggered by  leading edge of 'in_rclk'
Path Groups: {in_rclk}
Other End Arrival Time          0.000
- Setup                         0.545
+ Phase Shift                   2.000
= Required Time                 1.455
- Arrival Time                  3.853
= Slack Time                   -2.398
     Clock Rise Edge                      0.000
     + Input Delay                        2.000
     = Beginpoint Arrival Time            2.000
      ---------------------------------------------------------------------------
      Instance                   Arc           Cell      Delay  Arrival  Required  
                                                                Time     Time  
      ---------------------------------------------------------------------------
      -                          in121[3] v    -         -      2.000    -0.398  
      in121_3__ATctop_i149305_1  A v -> Z v    BUF_X8    0.210  2.210    -0.188  
      U780                       A1 v -> ZN ^  NAND2_X1  0.474  2.684    0.286  
      U34572                     A1 ^ -> ZN v  NOR2_X1   0.126  2.810    0.412  
      sbn_22_ATgbl_i19090_5      A v -> Z v    BUF_X4    0.210  3.020    0.622  
      U17118                     A v -> ZN ^   INV_X1    0.147  3.168    0.770  
      U37847                     A2 ^ -> ZN v  NAND2_X4  0.080  3.248    0.850  
      U14342                     A1 v -> ZN v  OR4_X4    0.388  3.635    1.237  
      U9416                      A v -> ZN ^   OAI21_X1  0.218  3.853    1.455  
      U369_reg_0                 D ^           SDFFR_X2  0.000  3.853    1.455  
      ---------------------------------------------------------------------------
Path 37: VIOLATED Setup Check with Pin U109_reg_10/CK 
Endpoint:   U109_reg_10/D (^) checked with  leading edge of 'in_rclk'
Beginpoint: in121[3]      (v) triggered by  leading edge of 'in_rclk'
Path Groups: {in_rclk}
Other End Arrival Time          0.000
- Setup                         0.521
+ Phase Shift                   2.000
= Required Time                 1.479
- Arrival Time                  3.823
= Slack Time                   -2.344
     Clock Rise Edge                      0.000
     + Input Delay                        2.000
     = Beginpoint Arrival Time            2.000
      ---------------------------------------------------------------------------
      Instance                   Arc           Cell      Delay  Arrival  Required  
                                                                Time     Time  
      ---------------------------------------------------------------------------
      -                          in121[3] v    -         -      2.000    -0.344  
      in121_3__ATctop_i149305_1  A v -> Z v    BUF_X8    0.210  2.210    -0.134  
      U780                       A1 v -> ZN ^  NAND2_X1  0.474  2.684    0.340  
      U34572                     A1 ^ -> ZN v  NOR2_X1   0.126  2.810    0.466  
      sbn_22_ATgbl_i19090_5      A v -> Z v    BUF_X4    0.210  3.020    0.676  
      U17118                     A v -> ZN ^   INV_X1    0.147  3.168    0.823  
      U37847                     A2 ^ -> ZN v  NAND2_X4  0.080  3.248    0.903  
      U24817                     A v -> ZN ^   INV_X4    0.134  3.382    1.038  
      U23884                     A3 ^ -> ZN v  NAND3_X1  0.104  3.485    1.141  
      sbn_53403_ATmdrc_i5054     A v -> Z v    BUF_X4    0.187  3.673    1.328  
      U41294                     A2 v -> ZN ^  NAND2_X1  0.151  3.823    1.479  
      U109_reg_10                D ^           SDFFR_X1  0.000  3.823    1.479  
      ---------------------------------------------------------------------------
Path 38: VIOLATED Setup Check with Pin U369_reg_11/CK 
Endpoint:   U369_reg_11/D (^) checked with  leading edge of 'in_rclk'
Beginpoint: in121[3]      (v) triggered by  leading edge of 'in_rclk'
Path Groups: {in_rclk}
Other End Arrival Time          0.000
- Setup                         0.521
+ Phase Shift                   2.000
= Required Time                 1.479
- Arrival Time                  3.823
= Slack Time                   -2.344
     Clock Rise Edge                      0.000
     + Input Delay                        2.000
     = Beginpoint Arrival Time            2.000
      ---------------------------------------------------------------------------
      Instance                   Arc           Cell      Delay  Arrival  Required  
                                                                Time     Time  
      ---------------------------------------------------------------------------
      -                          in121[3] v    -         -      2.000    -0.344  
      in121_3__ATctop_i149305_1  A v -> Z v    BUF_X8    0.210  2.210    -0.134  
      U780                       A1 v -> ZN ^  NAND2_X1  0.474  2.684    0.340  
      U34572                     A1 ^ -> ZN v  NOR2_X1   0.126  2.810    0.466  
      sbn_22_ATgbl_i19090_5      A v -> Z v    BUF_X4    0.210  3.020    0.676  
      U17118                     A v -> ZN ^   INV_X1    0.147  3.168    0.823  
      U37847                     A2 ^ -> ZN v  NAND2_X4  0.080  3.248    0.903  
      U24817                     A v -> ZN ^   INV_X4    0.134  3.382    1.038  
      U23884                     A3 ^ -> ZN v  NAND3_X1  0.104  3.485    1.141  
      sbn_53403_ATmdrc_i5054     A v -> Z v    BUF_X4    0.187  3.673    1.328  
      U9992                      A2 v -> ZN ^  NAND2_X1  0.151  3.823    1.479  
      U369_reg_11                D ^           SDFFR_X1  0.000  3.823    1.479  
      ---------------------------------------------------------------------------
Path 39: VIOLATED Setup Check with Pin U8_reg_18/CK 
Endpoint:   U8_reg_18/D (^) checked with  leading edge of 'in_rclk'
Beginpoint: in127       (v) triggered by  leading edge of 'in_rclk'
Path Groups: {in_rclk}
Other End Arrival Time          0.000
- Setup                         0.488
+ Phase Shift                   2.000
= Required Time                 1.512
- Arrival Time                  3.856
= Slack Time                   -2.344
     Clock Rise Edge                      0.000
     + Input Delay                        2.000
     = Beginpoint Arrival Time            2.000
      -------------------------------------------------------------------------
      Instance                 Arc           Cell      Delay  Arrival  Required  
                                                              Time     Time  
      -------------------------------------------------------------------------
      -                        in127 v       -         -      2.000    -0.344  
      U22607_ATdup_i14701      A v -> ZN ^   INV_X32   0.025  2.025    -0.319  
      U42417                   A1 ^ -> ZN v  NOR2_X4   0.036  2.061    -0.283  
      U38021                   A v -> ZN ^   INV_X16   0.048  2.109    -0.235  
      atop_ATls_i25429         A1 ^ -> ZN v  NOR2_X4   0.030  2.139    -0.205  
      U24194                   A1 v -> ZN ^  NAND2_X4  0.066  2.206    -0.139  
      sbn_724_ATrbuf_i14700    A ^ -> Z ^    BUF_X4    0.138  2.343    -0.001  
      U33203                   A3 ^ -> ZN v  NOR3_X2   0.056  2.399    0.055  
      sbn_1155_ATgbl_i18993_4  A v -> Z v    BUF_X8    0.215  2.614    0.270  
      U20647                   A3 v -> ZN v  AND3_X4   0.279  2.894    0.549  
      U10351                   B1 v -> ZN ^  OAI21_X4  0.233  3.127    0.783  
      U5090                    B1 ^ -> ZN v  OAI21_X4  0.118  3.245    0.901  
      U1758                    A1 v -> ZN ^  NOR2_X2   0.144  3.389    1.045  
      U20331                   A ^ -> ZN v   INV_X4    0.071  3.460    1.116  
      U39988                   A v -> ZN ^   INV_X4    0.171  3.631    1.287  
      U28492                   A1 ^ -> ZN v  NAND2_X2  0.075  3.705    1.361  
      U11110                   A3 v -> ZN ^  NAND3_X2  0.151  3.856    1.512  
      U8_reg_18                D ^           SDFF_X1   0.000  3.856    1.512  
      -------------------------------------------------------------------------
Path 40: VIOLATED Setup Check with Pin U369_reg_3/CK 
Endpoint:   U369_reg_3/D (^) checked with  leading edge of 'in_rclk'
Beginpoint: in121[3]     (v) triggered by  leading edge of 'in_rclk'
Path Groups: {in_rclk}
Other End Arrival Time          0.000
- Setup                         0.521
+ Phase Shift                   2.000
= Required Time                 1.479
- Arrival Time                  3.823
= Slack Time                   -2.344
     Clock Rise Edge                      0.000
     + Input Delay                        2.000
     = Beginpoint Arrival Time            2.000
      ---------------------------------------------------------------------------
      Instance                   Arc           Cell      Delay  Arrival  Required  
                                                                Time     Time  
      ---------------------------------------------------------------------------
      -                          in121[3] v    -         -      2.000    -0.344  
      in121_3__ATctop_i149305_1  A v -> Z v    BUF_X8    0.210  2.210    -0.134  
      U780                       A1 v -> ZN ^  NAND2_X1  0.474  2.684    0.341  
      U34572                     A1 ^ -> ZN v  NOR2_X1   0.126  2.810    0.466  
      sbn_22_ATgbl_i19090_5      A v -> Z v    BUF_X4    0.210  3.020    0.676  
      U17118                     A v -> ZN ^   INV_X1    0.147  3.168    0.824  
      U37847                     A2 ^ -> ZN v  NAND2_X4  0.080  3.248    0.904  
      U24817                     A v -> ZN ^   INV_X4    0.134  3.382    1.038  
      U23884                     A3 ^ -> ZN v  NAND3_X1  0.104  3.485    1.142  
      sbn_53403_ATmdrc_i5054     A v -> Z v    BUF_X4    0.187  3.673    1.329  
      U19781                     A2 v -> ZN ^  NAND2_X1  0.150  3.823    1.479  
      U369_reg_3                 D ^           SDFFR_X2  0.000  3.823    1.479  
      ---------------------------------------------------------------------------
Path 41: VIOLATED Setup Check with Pin U369_reg_8/CK 
Endpoint:   U369_reg_8/D (^) checked with  leading edge of 'in_rclk'
Beginpoint: in121[3]     (v) triggered by  leading edge of 'in_rclk'
Path Groups: {in_rclk}
Other End Arrival Time          0.000
- Setup                         0.521
+ Phase Shift                   2.000
= Required Time                 1.479
- Arrival Time                  3.814
= Slack Time                   -2.334
     Clock Rise Edge                      0.000
     + Input Delay                        2.000
     = Beginpoint Arrival Time            2.000
      ---------------------------------------------------------------------------
      Instance                   Arc           Cell      Delay  Arrival  Required  
                                                                Time     Time  
      ---------------------------------------------------------------------------
      -                          in121[3] v    -         -      2.000    -0.334  
      in121_3__ATctop_i149305_1  A v -> Z v    BUF_X8    0.210  2.210    -0.124  
      U780                       A1 v -> ZN ^  NAND2_X1  0.474  2.684    0.350  
      U34572                     A1 ^ -> ZN v  NOR2_X1   0.126  2.810    0.476  
      sbn_22_ATgbl_i19090_5      A v -> Z v    BUF_X4    0.210  3.020    0.686  
      U17118                     A v -> ZN ^   INV_X1    0.147  3.168    0.833  
      U37847                     A2 ^ -> ZN v  NAND2_X4  0.080  3.248    0.913  
      U14342                     A1 v -> ZN v  OR4_X4    0.388  3.635    1.301  
      U14755                     A2 v -> ZN ^  NAND2_X1  0.178  3.814    1.479  
      U369_reg_8                 D ^           SDFFR_X1  0.000  3.814    1.479  
      ---------------------------------------------------------------------------
Path 42: VIOLATED Setup Check with Pin U369_reg_9/CK 
Endpoint:   U369_reg_9/D (^) checked with  leading edge of 'in_rclk'
Beginpoint: in121[3]     (v) triggered by  leading edge of 'in_rclk'
Path Groups: {in_rclk}
Other End Arrival Time          0.000
- Setup                         0.521
+ Phase Shift                   2.000
= Required Time                 1.479
- Arrival Time                  3.813
= Slack Time                   -2.334
     Clock Rise Edge                      0.000
     + Input Delay                        2.000
     = Beginpoint Arrival Time            2.000
      ---------------------------------------------------------------------------
      Instance                   Arc           Cell      Delay  Arrival  Required  
                                                                Time     Time  
      ---------------------------------------------------------------------------
      -                          in121[3] v    -         -      2.000    -0.334  
      in121_3__ATctop_i149305_1  A v -> Z v    BUF_X8    0.210  2.210    -0.124  
      U780                       A1 v -> ZN ^  NAND2_X1  0.474  2.684    0.350  
      U34572                     A1 ^ -> ZN v  NOR2_X1   0.126  2.810    0.476  
      sbn_22_ATgbl_i19090_5      A v -> Z v    BUF_X4    0.210  3.020    0.686  
      U17118                     A v -> ZN ^   INV_X1    0.147  3.168    0.834  
      U37847                     A2 ^ -> ZN v  NAND2_X4  0.080  3.248    0.914  
      U14342                     A1 v -> ZN v  OR4_X4    0.388  3.635    1.301  
      U3647                      A2 v -> ZN ^  NAND2_X1  0.178  3.813    1.479  
      U369_reg_9                 D ^           SDFFR_X2  0.000  3.813    1.479  
      ---------------------------------------------------------------------------
Path 43: VIOLATED Setup Check with Pin U369_reg_7/CK 
Endpoint:   U369_reg_7/D (^) checked with  leading edge of 'in_rclk'
Beginpoint: in121[3]     (v) triggered by  leading edge of 'in_rclk'
Path Groups: {in_rclk}
Other End Arrival Time          0.000
- Setup                         0.521
+ Phase Shift                   2.000
= Required Time                 1.479
- Arrival Time                  3.813
= Slack Time                   -2.334
     Clock Rise Edge                      0.000
     + Input Delay                        2.000
     = Beginpoint Arrival Time            2.000
      ---------------------------------------------------------------------------
      Instance                   Arc           Cell      Delay  Arrival  Required  
                                                                Time     Time  
      ---------------------------------------------------------------------------
      -                          in121[3] v    -         -      2.000    -0.334  
      in121_3__ATctop_i149305_1  A v -> Z v    BUF_X8    0.210  2.210    -0.124  
      U780                       A1 v -> ZN ^  NAND2_X1  0.474  2.684    0.350  
      U34572                     A1 ^ -> ZN v  NOR2_X1   0.126  2.810    0.476  
      sbn_22_ATgbl_i19090_5      A v -> Z v    BUF_X4    0.210  3.020    0.686  
      U17118                     A v -> ZN ^   INV_X1    0.147  3.168    0.834  
      U37847                     A2 ^ -> ZN v  NAND2_X4  0.080  3.248    0.914  
      U14342                     A1 v -> ZN v  OR4_X4    0.388  3.635    1.301  
      U13167                     A2 v -> ZN ^  NAND2_X1  0.178  3.813    1.479  
      U369_reg_7                 D ^           SDFFR_X2  0.000  3.813    1.479  
      ---------------------------------------------------------------------------
Path 44: VIOLATED Setup Check with Pin U369_reg_1/CK 
Endpoint:   U369_reg_1/D (^) checked with  leading edge of 'in_rclk'
Beginpoint: in121[3]     (v) triggered by  leading edge of 'in_rclk'
Path Groups: {in_rclk}
Other End Arrival Time          0.000
- Setup                         0.521
+ Phase Shift                   2.000
= Required Time                 1.479
- Arrival Time                  3.813
= Slack Time                   -2.334
     Clock Rise Edge                      0.000
     + Input Delay                        2.000
     = Beginpoint Arrival Time            2.000
      ---------------------------------------------------------------------------
      Instance                   Arc           Cell      Delay  Arrival  Required  
                                                                Time     Time  
      ---------------------------------------------------------------------------
      -                          in121[3] v    -         -      2.000    -0.334  
      in121_3__ATctop_i149305_1  A v -> Z v    BUF_X8    0.210  2.210    -0.124  
      U780                       A1 v -> ZN ^  NAND2_X1  0.474  2.684    0.350  
      U34572                     A1 ^ -> ZN v  NOR2_X1   0.126  2.810    0.476  
      sbn_22_ATgbl_i19090_5      A v -> Z v    BUF_X4    0.210  3.020    0.686  
      U17118                     A v -> ZN ^   INV_X1    0.147  3.168    0.834  
      U37847                     A2 ^ -> ZN v  NAND2_X4  0.080  3.248    0.914  
      U14342                     A1 v -> ZN v  OR4_X4    0.388  3.635    1.301  
      U17006                     A2 v -> ZN ^  NAND2_X1  0.178  3.813    1.479  
      U369_reg_1                 D ^           SDFFR_X2  0.000  3.813    1.479  
      ---------------------------------------------------------------------------
Path 45: VIOLATED Setup Check with Pin U109_reg_11/CK 
Endpoint:   U109_reg_11/D (^) checked with  leading edge of 'in_rclk'
Beginpoint: in121[3]      (v) triggered by  leading edge of 'in_rclk'
Path Groups: {in_rclk}
Other End Arrival Time          0.000
- Setup                         0.521
+ Phase Shift                   2.000
= Required Time                 1.479
- Arrival Time                  3.813
= Slack Time                   -2.334
     Clock Rise Edge                      0.000
     + Input Delay                        2.000
     = Beginpoint Arrival Time            2.000
      ---------------------------------------------------------------------------
      Instance                   Arc           Cell      Delay  Arrival  Required  
                                                                Time     Time  
      ---------------------------------------------------------------------------
      -                          in121[3] v    -         -      2.000    -0.334  
      in121_3__ATctop_i149305_1  A v -> Z v    BUF_X8    0.210  2.210    -0.124  
      U780                       A1 v -> ZN ^  NAND2_X1  0.474  2.684    0.350  
      U34572                     A1 ^ -> ZN v  NOR2_X1   0.126  2.810    0.476  
      sbn_22_ATgbl_i19090_5      A v -> Z v    BUF_X4    0.210  3.020    0.686  
      U17118                     A v -> ZN ^   INV_X1    0.147  3.168    0.834  
      U37847                     A2 ^ -> ZN v  NAND2_X4  0.080  3.248    0.914  
      U14342                     A1 v -> ZN v  OR4_X4    0.388  3.635    1.301  
      U38867                     A2 v -> ZN ^  NAND2_X1  0.178  3.813    1.479  
      U109_reg_11                D ^           SDFFR_X2  0.000  3.813    1.479  
      ---------------------------------------------------------------------------
Path 46: VIOLATED Setup Check with Pin U8_reg_2/CK 
Endpoint:   U8_reg_2/D (^) checked with  leading edge of 'in_rclk'
Beginpoint: in127      (v) triggered by  leading edge of 'in_rclk'
Path Groups: {in_rclk}
Other End Arrival Time          0.000
- Setup                         0.488
+ Phase Shift                   2.000
= Required Time                 1.512
- Arrival Time                  3.789
= Slack Time                   -2.278
     Clock Rise Edge                      0.000
     + Input Delay                        2.000
     = Beginpoint Arrival Time            2.000
      -------------------------------------------------------------------------
      Instance                 Arc           Cell      Delay  Arrival  Required  
                                                              Time     Time  
      -------------------------------------------------------------------------
      -                        in127 v       -         -      2.000    -0.278  
      U22607_ATdup_i14701      A v -> ZN ^   INV_X32   0.025  2.025    -0.252  
      U42417                   A1 ^ -> ZN v  NOR2_X4   0.036  2.061    -0.217  
      U38021                   A v -> ZN ^   INV_X16   0.048  2.109    -0.169  
      atop_ATls_i25429         A1 ^ -> ZN v  NOR2_X4   0.030  2.139    -0.138  
      U24194                   A1 v -> ZN ^  NAND2_X4  0.066  2.206    -0.072  
      sbn_724_ATrbuf_i14700    A ^ -> Z ^    BUF_X4    0.138  2.343    0.066  
      U33203                   A3 ^ -> ZN v  NOR3_X2   0.056  2.399    0.121  
      sbn_1155_ATgbl_i18993_4  A v -> Z v    BUF_X8    0.215  2.614    0.337  
      U20647                   A3 v -> ZN v  AND3_X4   0.279  2.894    0.616  
      U10351                   B1 v -> ZN ^  OAI21_X4  0.233  3.127    0.849  
      U5090                    B1 ^ -> ZN v  OAI21_X4  0.118  3.245    0.968  
      U1758                    A1 v -> ZN ^  NOR2_X2   0.144  3.389    1.111  
      U20331                   A ^ -> ZN v   INV_X4    0.071  3.460    1.182  
      U11865                   A v -> ZN ^   INV_X8    0.153  3.613    1.336  
      U4662                    A1 ^ -> ZN v  NAND2_X2  0.072  3.686    1.408  
      U25922                   A1 v -> ZN ^  NAND3_X2  0.104  3.789    1.512  
      U8_reg_2                 D ^           SDFF_X1   0.000  3.789    1.512  
      -------------------------------------------------------------------------
Path 47: VIOLATED Setup Check with Pin U8_reg_8/CK 
Endpoint:   U8_reg_8/D (^) checked with  leading edge of 'in_rclk'
Beginpoint: in127      (v) triggered by  leading edge of 'in_rclk'
Path Groups: {in_rclk}
Other End Arrival Time          0.000
- Setup                         0.488
+ Phase Shift                   2.000
= Required Time                 1.512
- Arrival Time                  3.789
= Slack Time                   -2.278
     Clock Rise Edge                      0.000
     + Input Delay                        2.000
     = Beginpoint Arrival Time            2.000
      -------------------------------------------------------------------------
      Instance                 Arc           Cell      Delay  Arrival  Required  
                                                              Time     Time  
      -------------------------------------------------------------------------
      -                        in127 v       -         -      2.000    -0.278  
      U22607_ATdup_i14701      A v -> ZN ^   INV_X32   0.025  2.025    -0.252  
      U42417                   A1 ^ -> ZN v  NOR2_X4   0.036  2.061    -0.217  
      U38021                   A v -> ZN ^   INV_X16   0.048  2.109    -0.169  
      atop_ATls_i25429         A1 ^ -> ZN v  NOR2_X4   0.030  2.139    -0.138  
      U24194                   A1 v -> ZN ^  NAND2_X4  0.066  2.206    -0.072  
      sbn_724_ATrbuf_i14700    A ^ -> Z ^    BUF_X4    0.138  2.343    0.066  
      U33203                   A3 ^ -> ZN v  NOR3_X2   0.056  2.399    0.121  
      sbn_1155_ATgbl_i18993_4  A v -> Z v    BUF_X8    0.215  2.614    0.337  
      U20647                   A3 v -> ZN v  AND3_X4   0.279  2.894    0.616  
      U10351                   B1 v -> ZN ^  OAI21_X4  0.233  3.127    0.849  
      U5090                    B1 ^ -> ZN v  OAI21_X4  0.118  3.245    0.968  
      U1758                    A1 v -> ZN ^  NOR2_X2   0.144  3.389    1.111  
      U20331                   A ^ -> ZN v   INV_X4    0.071  3.460    1.182  
      U11865                   A v -> ZN ^   INV_X8    0.153  3.613    1.336  
      U30117                   A1 ^ -> ZN v  NAND2_X2  0.072  3.686    1.408  
      U11607                   A1 v -> ZN ^  NAND3_X2  0.104  3.789    1.512  
      U8_reg_8                 D ^           SDFF_X1   0.000  3.789    1.512  
      -------------------------------------------------------------------------
Path 48: VIOLATED Setup Check with Pin U8_reg_1/CK 
Endpoint:   U8_reg_1/D (^) checked with  leading edge of 'in_rclk'
Beginpoint: in127      (v) triggered by  leading edge of 'in_rclk'
Path Groups: {in_rclk}
Other End Arrival Time          0.000
- Setup                         0.458
+ Phase Shift                   2.000
= Required Time                 1.542
- Arrival Time                  3.772
= Slack Time                   -2.230
     Clock Rise Edge                      0.000
     + Input Delay                        2.000
     = Beginpoint Arrival Time            2.000
      -------------------------------------------------------------------------
      Instance                 Arc           Cell      Delay  Arrival  Required  
                                                              Time     Time  
      -------------------------------------------------------------------------
      -                        in127 v       -         -      2.000    -0.230  
      U22607_ATdup_i14701      A v -> ZN ^   INV_X32   0.025  2.025    -0.204  
      U42417                   A1 ^ -> ZN v  NOR2_X4   0.036  2.061    -0.169  
      U38021                   A v -> ZN ^   INV_X16   0.048  2.109    -0.121  
      atop_ATls_i25429         A1 ^ -> ZN v  NOR2_X4   0.030  2.139    -0.090  
      U24194                   A1 v -> ZN ^  NAND2_X4  0.066  2.206    -0.024  
      sbn_724_ATrbuf_i14700    A ^ -> Z ^    BUF_X4    0.138  2.343    0.114  
      U33203                   A3 ^ -> ZN v  NOR3_X2   0.056  2.399    0.169  
      sbn_1155_ATgbl_i18993_4  A v -> Z v    BUF_X8    0.215  2.614    0.385  
      U20647                   A3 v -> ZN v  AND3_X4   0.279  2.894    0.664  
      U10351                   B1 v -> ZN ^  OAI21_X4  0.233  3.127    0.897  
      U5090                    B1 ^ -> ZN v  OAI21_X4  0.118  3.245    1.016  
      U1758                    A1 v -> ZN ^  NOR2_X2   0.144  3.389    1.159  
      U20331                   A ^ -> ZN v   INV_X4    0.071  3.460    1.230  
      U11865                   A v -> ZN ^   INV_X8    0.153  3.613    1.384  
      U27928                   B1 ^ -> ZN v  AOI21_X2  0.081  3.694    1.464  
      U7982                    A v -> ZN ^   INV_X2    0.078  3.772    1.542  
      U8_reg_1                 D ^           SDFF_X2   0.000  3.772    1.542  
      -------------------------------------------------------------------------
Path 49: VIOLATED Setup Check with Pin U369_reg_14/CK 
Endpoint:   U369_reg_14/D (^) checked with  leading edge of 'in_rclk'
Beginpoint: in121[3]      (v) triggered by  leading edge of 'in_rclk'
Path Groups: {in_rclk}
Other End Arrival Time          0.000
- Setup                         0.520
+ Phase Shift                   2.000
= Required Time                 1.480
- Arrival Time                  3.644
= Slack Time                   -2.165
     Clock Rise Edge                      0.000
     + Input Delay                        2.000
     = Beginpoint Arrival Time            2.000
      ---------------------------------------------------------------------------
      Instance                   Arc           Cell      Delay  Arrival  Required  
                                                                Time     Time  
      ---------------------------------------------------------------------------
      -                          in121[3] v    -         -      2.000    -0.165  
      in121_3__ATctop_i149305_1  A v -> Z v    BUF_X8    0.210  2.210    0.046  
      U780                       A1 v -> ZN ^  NAND2_X1  0.474  2.684    0.520  
      U34572                     A1 ^ -> ZN v  NOR2_X1   0.126  2.810    0.645  
      sbn_22_ATgbl_i19090_5      A v -> Z v    BUF_X4    0.210  3.020    0.856  
      U17118                     A v -> ZN ^   INV_X1    0.147  3.168    1.003  
      U37847                     A2 ^ -> ZN v  NAND2_X4  0.080  3.248    1.083  
      U24817                     A v -> ZN ^   INV_X4    0.134  3.382    1.217  
      U3410                      A3 ^ -> ZN v  NAND3_X2  0.124  3.506    1.341  
      U16765                     A v -> ZN ^   OAI21_X2  0.139  3.644    1.480  
      U369_reg_14                D ^           SDFFR_X2  0.000  3.644    1.480  
      ---------------------------------------------------------------------------
Path 50: VIOLATED Setup Check with Pin U369_reg_13/CK 
Endpoint:   U369_reg_13/D (^) checked with  leading edge of 'in_rclk'
Beginpoint: in121[3]      (v) triggered by  leading edge of 'in_rclk'
Path Groups: {in_rclk}
Other End Arrival Time          0.000
- Setup                         0.520
+ Phase Shift                   2.000
= Required Time                 1.480
- Arrival Time                  3.644
= Slack Time                   -2.165
     Clock Rise Edge                      0.000
     + Input Delay                        2.000
     = Beginpoint Arrival Time            2.000
      ---------------------------------------------------------------------------
      Instance                   Arc           Cell      Delay  Arrival  Required  
                                                                Time     Time  
      ---------------------------------------------------------------------------
      -                          in121[3] v    -         -      2.000    -0.165  
      in121_3__ATctop_i149305_1  A v -> Z v    BUF_X8    0.210  2.210    0.046  
      U780                       A1 v -> ZN ^  NAND2_X1  0.474  2.684    0.520  
      U34572                     A1 ^ -> ZN v  NOR2_X1   0.126  2.810    0.645  
      sbn_22_ATgbl_i19090_5      A v -> Z v    BUF_X4    0.210  3.020    0.856  
      U17118                     A v -> ZN ^   INV_X1    0.147  3.168    1.003  
      U37847                     A2 ^ -> ZN v  NAND2_X4  0.080  3.248    1.083  
      U24817                     A v -> ZN ^   INV_X4    0.134  3.382    1.217  
      U3410                      A3 ^ -> ZN v  NAND3_X2  0.124  3.506    1.341  
      U7663                      A v -> ZN ^   OAI21_X2  0.139  3.644    1.480  
      U369_reg_13                D ^           SDFFR_X2  0.000  3.644    1.480  
      ---------------------------------------------------------------------------
Path 51: VIOLATED Setup Check with Pin U109_reg_15/CK 
Endpoint:   U109_reg_15/D (^) checked with  leading edge of 'in_rclk'
Beginpoint: in121[3]      (v) triggered by  leading edge of 'in_rclk'
Path Groups: {in_rclk}
Other End Arrival Time          0.000
- Setup                         0.520
+ Phase Shift                   2.000
= Required Time                 1.480
- Arrival Time                  3.644
= Slack Time                   -2.165
     Clock Rise Edge                      0.000
     + Input Delay                        2.000
     = Beginpoint Arrival Time            2.000
      ---------------------------------------------------------------------------
      Instance                   Arc           Cell      Delay  Arrival  Required  
                                                                Time     Time  
      ---------------------------------------------------------------------------
      -                          in121[3] v    -         -      2.000    -0.165  
      in121_3__ATctop_i149305_1  A v -> Z v    BUF_X8    0.210  2.210    0.046  
      U780                       A1 v -> ZN ^  NAND2_X1  0.474  2.684    0.520  
      U34572                     A1 ^ -> ZN v  NOR2_X1   0.126  2.810    0.646  
      sbn_22_ATgbl_i19090_5      A v -> Z v    BUF_X4    0.210  3.020    0.856  
      U17118                     A v -> ZN ^   INV_X1    0.147  3.168    1.003  
      U37847                     A2 ^ -> ZN v  NAND2_X4  0.080  3.248    1.083  
      U24817                     A v -> ZN ^   INV_X4    0.134  3.382    1.217  
      U3410                      A3 ^ -> ZN v  NAND3_X2  0.124  3.506    1.341  
      U34416                     A v -> ZN ^   OAI21_X2  0.139  3.644    1.480  
      U109_reg_15                D ^           SDFFR_X2  0.000  3.644    1.480  
      ---------------------------------------------------------------------------
Path 52: VIOLATED Setup Check with Pin U109_reg_8/CK 
Endpoint:   U109_reg_8/D (^) checked with  leading edge of 'in_rclk'
Beginpoint: in121[3]     (v) triggered by  leading edge of 'in_rclk'
Path Groups: {in_rclk}
Other End Arrival Time          0.000
- Setup                         0.503
+ Phase Shift                   2.000
= Required Time                 1.497
- Arrival Time                  3.638
= Slack Time                   -2.141
     Clock Rise Edge                      0.000
     + Input Delay                        2.000
     = Beginpoint Arrival Time            2.000
      ---------------------------------------------------------------------------
      Instance                   Arc           Cell      Delay  Arrival  Required  
                                                                Time     Time  
      ---------------------------------------------------------------------------
      -                          in121[3] v    -         -      2.000    -0.141  
      in121_3__ATctop_i149305_1  A v -> Z v    BUF_X8    0.210  2.210    0.069  
      U780                       A1 v -> ZN ^  NAND2_X1  0.474  2.684    0.543  
      U34572                     A1 ^ -> ZN v  NOR2_X1   0.126  2.810    0.669  
      sbn_22_ATgbl_i19090_5      A v -> Z v    BUF_X4    0.210  3.020    0.879  
      U17118                     A v -> ZN ^   INV_X1    0.147  3.168    1.027  
      U37847                     A2 ^ -> ZN v  NAND2_X4  0.080  3.248    1.107  
      U24817                     A v -> ZN ^   INV_X4    0.134  3.382    1.241  
      U4968                      A3 ^ -> ZN v  NAND4_X2  0.139  3.520    1.379  
      U17165                     A2 v -> ZN ^  NAND2_X2  0.118  3.638    1.497  
      U109_reg_8                 D ^           SDFFR_X2  0.000  3.638    1.497  
      ---------------------------------------------------------------------------
Path 53: VIOLATED Setup Check with Pin U257_reg_7/CK 
Endpoint:   U257_reg_7/D (^) checked with  leading edge of 'in_rclk'
Beginpoint: in121[10]    (v) triggered by  leading edge of 'in_rclk'
Path Groups: {in_rclk}
Other End Arrival Time          0.000
- Setup                         0.840
+ Phase Shift                   2.000
= Required Time                 1.160
- Arrival Time                  3.292
= Slack Time                   -2.132
     Clock Rise Edge                      0.000
     + Input Delay                        2.000
     = Beginpoint Arrival Time            2.000
      -------------------------------------------------------------
      Instance    Arc           Cell       Delay  Arrival  Required  
                                                  Time     Time  
      -------------------------------------------------------------
      -           in121[10] v   -          -      2.000    -0.132  
      U42417      A2 v -> ZN ^  NOR2_X4    0.202  2.202    0.070  
      U17895      A1 ^ -> ZN v  NAND2_X2   0.122  2.325    0.193  
      U31598      A1 v -> ZN ^  NAND2_X2   0.181  2.506    0.374  
      U13345      C2 ^ -> ZN v  OAI211_X2  0.137  2.644    0.511  
      U11269      A v -> ZN ^   INV_X4     0.333  2.977    0.844  
      U13785      B1 ^ -> ZN v  AOI21_X1   0.147  3.124    0.991  
      U36203      A v -> ZN ^   OAI21_X2   0.168  3.292    1.160  
      U257_reg_7  D ^           SDFFRS_X1  0.000  3.292    1.160  
      -------------------------------------------------------------
Path 54: VIOLATED Setup Check with Pin U257_reg_5/CK 
Endpoint:   U257_reg_5/D (^) checked with  leading edge of 'in_rclk'
Beginpoint: in121[10]    (v) triggered by  leading edge of 'in_rclk'
Path Groups: {in_rclk}
Other End Arrival Time          0.000
- Setup                         0.833
+ Phase Shift                   2.000
= Required Time                 1.167
- Arrival Time                  3.292
= Slack Time                   -2.126
     Clock Rise Edge                      0.000
     + Input Delay                        2.000
     = Beginpoint Arrival Time            2.000
      -------------------------------------------------------------
      Instance    Arc           Cell       Delay  Arrival  Required  
                                                  Time     Time  
      -------------------------------------------------------------
      -           in121[10] v   -          -      2.000    -0.126  
      U42417      A2 v -> ZN ^  NOR2_X4    0.202  2.202    0.077  
      U17895      A1 ^ -> ZN v  NAND2_X2   0.122  2.325    0.199  
      U31598      A1 v -> ZN ^  NAND2_X2   0.181  2.506    0.381  
      U13345      C2 ^ -> ZN v  OAI211_X2  0.137  2.644    0.518  
      U11269      A v -> ZN ^   INV_X4     0.333  2.977    0.851  
      U16192      B1 ^ -> ZN v  AOI21_X1   0.147  3.124    0.998  
      U11288      A v -> ZN ^   OAI21_X2   0.168  3.292    1.167  
      U257_reg_5  D ^           SDFFRS_X2  0.000  3.292    1.167  
      -------------------------------------------------------------
Path 55: VIOLATED Setup Check with Pin U109_reg_9/CK 
Endpoint:   U109_reg_9/D (^) checked with  leading edge of 'in_rclk'
Beginpoint: in121[3]     (v) triggered by  leading edge of 'in_rclk'
Path Groups: {in_rclk}
Other End Arrival Time          0.000
- Setup                         0.503
+ Phase Shift                   2.000
= Required Time                 1.497
- Arrival Time                  3.619
= Slack Time                   -2.123
     Clock Rise Edge                      0.000
     + Input Delay                        2.000
     = Beginpoint Arrival Time            2.000
      ---------------------------------------------------------------------------
      Instance                   Arc           Cell      Delay  Arrival  Required  
                                                                Time     Time  
      ---------------------------------------------------------------------------
      -                          in121[3] v    -         -      2.000    -0.123  
      in121_3__ATctop_i149305_1  A v -> Z v    BUF_X8    0.210  2.210    0.088  
      U780                       A1 v -> ZN ^  NAND2_X1  0.474  2.684    0.562  
      U34572                     A1 ^ -> ZN v  NOR2_X1   0.126  2.810    0.687  
      sbn_22_ATgbl_i19090_5      A v -> Z v    BUF_X4    0.210  3.020    0.898  
      U17118                     A v -> ZN ^   INV_X1    0.147  3.168    1.045  
      U37847                     A2 ^ -> ZN v  NAND2_X4  0.080  3.248    1.125  
      U24817                     A v -> ZN ^   INV_X4    0.134  3.382    1.259  
      U3410                      A3 ^ -> ZN v  NAND3_X2  0.124  3.506    1.383  
      U42616                     A2 v -> ZN ^  NAND2_X2  0.114  3.619    1.497  
      U109_reg_9                 D ^           SDFFR_X1  0.000  3.619    1.497  
      ---------------------------------------------------------------------------
Path 56: VIOLATED Setup Check with Pin U109_reg_7/CK 
Endpoint:   U109_reg_7/D (^) checked with  leading edge of 'in_rclk'
Beginpoint: in121[3]     (v) triggered by  leading edge of 'in_rclk'
Path Groups: {in_rclk}
Other End Arrival Time          0.000
- Setup                         0.503
+ Phase Shift                   2.000
= Required Time                 1.497
- Arrival Time                  3.606
= Slack Time                   -2.109
     Clock Rise Edge                      0.000
     + Input Delay                        2.000
     = Beginpoint Arrival Time            2.000
      ---------------------------------------------------------------------------
      Instance                   Arc           Cell      Delay  Arrival  Required  
                                                                Time     Time  
      ---------------------------------------------------------------------------
      -                          in121[3] v    -         -      2.000    -0.109  
      in121_3__ATctop_i149305_1  A v -> Z v    BUF_X8    0.210  2.210    0.102  
      U780                       A1 v -> ZN ^  NAND2_X1  0.474  2.684    0.576  
      U34572                     A1 ^ -> ZN v  NOR2_X1   0.126  2.810    0.701  
      sbn_22_ATgbl_i19090_5      A v -> Z v    BUF_X4    0.210  3.020    0.912  
      U17118                     A v -> ZN ^   INV_X1    0.147  3.168    1.059  
      U37847                     A2 ^ -> ZN v  NAND2_X4  0.080  3.248    1.139  
      U24817                     A v -> ZN ^   INV_X4    0.134  3.382    1.273  
      U8772                      A4 ^ -> ZN v  NAND4_X2  0.118  3.500    1.391  
      U30745                     A2 v -> ZN ^  NAND2_X2  0.106  3.606    1.497  
      U109_reg_7                 D ^           SDFFR_X2  0.000  3.606    1.497  
      ---------------------------------------------------------------------------
Path 57: VIOLATED Setup Check with Pin U257_reg_6/CK 
Endpoint:   U257_reg_6/D (^) checked with  leading edge of 'in_rclk'
Beginpoint: in121[10]    (v) triggered by  leading edge of 'in_rclk'
Path Groups: {in_rclk}
Other End Arrival Time          0.000
- Setup                         0.840
+ Phase Shift                   2.000
= Required Time                 1.160
- Arrival Time                  3.265
= Slack Time                   -2.105
     Clock Rise Edge                      0.000
     + Input Delay                        2.000
     = Beginpoint Arrival Time            2.000
      -------------------------------------------------------------
      Instance    Arc           Cell       Delay  Arrival  Required  
                                                  Time     Time  
      -------------------------------------------------------------
      -           in121[10] v   -          -      2.000    -0.105  
      U42417      A2 v -> ZN ^  NOR2_X4    0.202  2.202    0.097  
      U17895      A1 ^ -> ZN v  NAND2_X2   0.122  2.325    0.220  
      U31598      A1 v -> ZN ^  NAND2_X2   0.181  2.506    0.401  
      U13345      C2 ^ -> ZN v  OAI211_X2  0.137  2.644    0.539  
      U11269      A v -> ZN ^   INV_X4     0.333  2.977    0.872  
      U6779       A2 ^ -> ZN v  AOI22_X2   0.124  3.101    0.996  
      U16103      A v -> ZN ^   OAI21_X2   0.165  3.265    1.160  
      U257_reg_6  D ^           SDFFRS_X1  0.000  3.265    1.160  
      -------------------------------------------------------------
Path 58: VIOLATED Setup Check with Pin U8_reg_0/CK 
Endpoint:   U8_reg_0/D (^) checked with  leading edge of 'in_rclk'
Beginpoint: in127      (v) triggered by  leading edge of 'in_rclk'
Path Groups: {in_rclk}
Other End Arrival Time          0.000
- Setup                         0.496
+ Phase Shift                   2.000
= Required Time                 1.504
- Arrival Time                  3.605
= Slack Time                   -2.102
     Clock Rise Edge                      0.000
     + Input Delay                        2.000
     = Beginpoint Arrival Time            2.000
      -------------------------------------------------------------------------
      Instance                 Arc           Cell      Delay  Arrival  Required  
                                                              Time     Time  
      -------------------------------------------------------------------------
      -                        in127 v       -         -      2.000    -0.102  
      U22607_ATdup_i14701      A v -> ZN ^   INV_X32   0.025  2.025    -0.076  
      U42417                   A1 ^ -> ZN v  NOR2_X4   0.036  2.061    -0.041  
      U38021                   A v -> ZN ^   INV_X16   0.048  2.109    0.007  
      atop_ATls_i25429         A1 ^ -> ZN v  NOR2_X4   0.030  2.139    0.038  
      U24194                   A1 v -> ZN ^  NAND2_X4  0.066  2.206    0.104  
      sbn_724_ATrbuf_i14700    A ^ -> Z ^    BUF_X4    0.138  2.343    0.242  
      U33203                   A3 ^ -> ZN v  NOR3_X2   0.056  2.399    0.297  
      sbn_1155_ATgbl_i18993_4  A v -> Z v    BUF_X8    0.215  2.614    0.513  
      U20647                   A3 v -> ZN v  AND3_X4   0.279  2.894    0.792  
      U10351                   B1 v -> ZN ^  OAI21_X4  0.233  3.127    1.025  
      U5090                    B1 ^ -> ZN v  OAI21_X4  0.118  3.245    1.144  
      U1758                    A1 v -> ZN ^  NOR2_X2   0.144  3.389    1.287  
      U20331                   A ^ -> ZN v   INV_X4    0.071  3.460    1.358  
      U1241                    B1 v -> ZN ^  OAI21_X2  0.145  3.605    1.504  
      U8_reg_0                 D ^           SDFF_X1   0.000  3.605    1.504  
      -------------------------------------------------------------------------
Path 59: VIOLATED Setup Check with Pin U137_reg_6/CK 
Endpoint:   U137_reg_6/D (^) checked with  leading edge of 'in_rclk'
Beginpoint: in121[10]    (v) triggered by  leading edge of 'in_rclk'
Path Groups: {in_rclk}
Other End Arrival Time          0.000
- Setup                         0.833
+ Phase Shift                   2.000
= Required Time                 1.167
- Arrival Time                  3.265
= Slack Time                   -2.098
     Clock Rise Edge                      0.000
     + Input Delay                        2.000
     = Beginpoint Arrival Time            2.000
      -------------------------------------------------------------
      Instance    Arc           Cell       Delay  Arrival  Required  
                                                  Time     Time  
      -------------------------------------------------------------
      -           in121[10] v   -          -      2.000    -0.098  
      U42417      A2 v -> ZN ^  NOR2_X4    0.202  2.202    0.104  
      U17895      A1 ^ -> ZN v  NAND2_X2   0.122  2.325    0.227  
      U31598      A1 v -> ZN ^  NAND2_X2   0.181  2.506    0.408  
      U13345      C2 ^ -> ZN v  OAI211_X2  0.137  2.644    0.545  
      U11269      A v -> ZN ^   INV_X4     0.333  2.977    0.878  
      U34443      A2 ^ -> ZN v  AOI22_X2   0.124  3.101    1.002  
      U40633      A v -> ZN ^   OAI21_X2   0.165  3.265    1.167  
      U137_reg_6  D ^           SDFFRS_X2  0.000  3.265    1.167  
      -------------------------------------------------------------
Path 60: VIOLATED Setup Check with Pin U137_reg_2/CK 
Endpoint:   U137_reg_2/D (^) checked with  leading edge of 'in_rclk'
Beginpoint: in121[10]    (v) triggered by  leading edge of 'in_rclk'
Path Groups: {in_rclk}
Other End Arrival Time          0.000
- Setup                         0.833
+ Phase Shift                   2.000
= Required Time                 1.167
- Arrival Time                  3.252
= Slack Time                   -2.085
     Clock Rise Edge                      0.000
     + Input Delay                        2.000
     = Beginpoint Arrival Time            2.000
      -------------------------------------------------------------
      Instance    Arc           Cell       Delay  Arrival  Required  
                                                  Time     Time  
      -------------------------------------------------------------
      -           in121[10] v   -          -      2.000    -0.085  
      U42417      A2 v -> ZN ^  NOR2_X4    0.202  2.202    0.117  
      U17895      A1 ^ -> ZN v  NAND2_X2   0.122  2.325    0.239  
      U31598      A1 v -> ZN ^  NAND2_X2   0.181  2.506    0.421  
      U13345      C2 ^ -> ZN v  OAI211_X2  0.137  2.644    0.558  
      U11269      A v -> ZN ^   INV_X4     0.333  2.977    0.891  
      U1777       A1 ^ -> ZN v  AOI22_X2   0.107  3.083    0.998  
      U13879      A v -> ZN ^   OAI21_X2   0.169  3.252    1.167  
      U137_reg_2  D ^           SDFFRS_X2  0.000  3.252    1.167  
      -------------------------------------------------------------
Path 61: VIOLATED Setup Check with Pin U257_reg_2/CK 
Endpoint:   U257_reg_2/D (^) checked with  leading edge of 'in_rclk'
Beginpoint: in121[10]    (v) triggered by  leading edge of 'in_rclk'
Path Groups: {in_rclk}
Other End Arrival Time          0.000
- Setup                         0.833
+ Phase Shift                   2.000
= Required Time                 1.167
- Arrival Time                  3.252
= Slack Time                   -2.085
     Clock Rise Edge                      0.000
     + Input Delay                        2.000
     = Beginpoint Arrival Time            2.000
      -------------------------------------------------------------
      Instance    Arc           Cell       Delay  Arrival  Required  
                                                  Time     Time  
      -------------------------------------------------------------
      -           in121[10] v   -          -      2.000    -0.085  
      U42417      A2 v -> ZN ^  NOR2_X4    0.202  2.202    0.117  
      U17895      A1 ^ -> ZN v  NAND2_X2   0.122  2.325    0.239  
      U31598      A1 v -> ZN ^  NAND2_X2   0.181  2.506    0.421  
      U13345      C2 ^ -> ZN v  OAI211_X2  0.137  2.644    0.558  
      U11269      A v -> ZN ^   INV_X4     0.333  2.977    0.891  
      U29117      A1 ^ -> ZN v  AOI22_X2   0.107  3.083    0.998  
      U842        A v -> ZN ^   OAI21_X2   0.169  3.252    1.167  
      U257_reg_2  D ^           SDFFRS_X2  0.000  3.252    1.167  
      -------------------------------------------------------------
Path 62: VIOLATED Setup Check with Pin U257_reg_0/CK 
Endpoint:   U257_reg_0/D (^) checked with  leading edge of 'in_rclk'
Beginpoint: in121[10]    (v) triggered by  leading edge of 'in_rclk'
Path Groups: {in_rclk}
Other End Arrival Time          0.000
- Setup                         0.833
+ Phase Shift                   2.000
= Required Time                 1.167
- Arrival Time                  3.252
= Slack Time                   -2.085
     Clock Rise Edge                      0.000
     + Input Delay                        2.000
     = Beginpoint Arrival Time            2.000
      -------------------------------------------------------------
      Instance    Arc           Cell       Delay  Arrival  Required  
                                                  Time     Time  
      -------------------------------------------------------------
      -           in121[10] v   -          -      2.000    -0.085  
      U42417      A2 v -> ZN ^  NOR2_X4    0.202  2.202    0.117  
      U17895      A1 ^ -> ZN v  NAND2_X2   0.122  2.325    0.239  
      U31598      A1 v -> ZN ^  NAND2_X2   0.181  2.506    0.421  
      U13345      C2 ^ -> ZN v  OAI211_X2  0.137  2.644    0.558  
      U11269      A v -> ZN ^   INV_X4     0.333  2.977    0.891  
      U19958      A1 ^ -> ZN v  AOI22_X2   0.107  3.083    0.998  
      U8872       A v -> ZN ^   OAI21_X2   0.169  3.252    1.167  
      U257_reg_0  D ^           SDFFRS_X2  0.000  3.252    1.167  
      -------------------------------------------------------------
Path 63: VIOLATED Setup Check with Pin U137_reg_0/CK 
Endpoint:   U137_reg_0/D (^) checked with  leading edge of 'in_rclk'
Beginpoint: in121[10]    (v) triggered by  leading edge of 'in_rclk'
Path Groups: {in_rclk}
Other End Arrival Time          0.000
- Setup                         0.833
+ Phase Shift                   2.000
= Required Time                 1.167
- Arrival Time                  3.252
= Slack Time                   -2.085
     Clock Rise Edge                      0.000
     + Input Delay                        2.000
     = Beginpoint Arrival Time            2.000
      -------------------------------------------------------------
      Instance    Arc           Cell       Delay  Arrival  Required  
                                                  Time     Time  
      -------------------------------------------------------------
      -           in121[10] v   -          -      2.000    -0.085  
      U42417      A2 v -> ZN ^  NOR2_X4    0.202  2.202    0.117  
      U17895      A1 ^ -> ZN v  NAND2_X2   0.122  2.325    0.239  
      U31598      A1 v -> ZN ^  NAND2_X2   0.181  2.506    0.421  
      U13345      C2 ^ -> ZN v  OAI211_X2  0.137  2.644    0.558  
      U11269      A v -> ZN ^   INV_X4     0.333  2.977    0.891  
      U13408      A1 ^ -> ZN v  AOI22_X2   0.107  3.083    0.998  
      U6475       A v -> ZN ^   OAI21_X2   0.169  3.252    1.167  
      U137_reg_0  D ^           SDFFRS_X2  0.000  3.252    1.167  
      -------------------------------------------------------------
Path 64: VIOLATED Setup Check with Pin U137_reg_5/CK 
Endpoint:   U137_reg_5/D (^) checked with  leading edge of 'in_rclk'
Beginpoint: in121[10]    (v) triggered by  leading edge of 'in_rclk'
Path Groups: {in_rclk}
Other End Arrival Time          0.000
- Setup                         0.833
+ Phase Shift                   2.000
= Required Time                 1.167
- Arrival Time                  3.241
= Slack Time                   -2.074
     Clock Rise Edge                      0.000
     + Input Delay                        2.000
     = Beginpoint Arrival Time            2.000
      -------------------------------------------------------------
      Instance    Arc           Cell       Delay  Arrival  Required  
                                                  Time     Time  
      -------------------------------------------------------------
      -           in121[10] v   -          -      2.000    -0.074  
      U42417      A2 v -> ZN ^  NOR2_X4    0.202  2.202    0.128  
      U17895      A1 ^ -> ZN v  NAND2_X2   0.122  2.325    0.251  
      U31598      A1 v -> ZN ^  NAND2_X2   0.181  2.506    0.432  
      U13345      C2 ^ -> ZN v  OAI211_X2  0.137  2.644    0.569  
      U11269      A v -> ZN ^   INV_X4     0.333  2.977    0.903  
      U15808      B1 ^ -> ZN v  AOI21_X2   0.105  3.081    1.007  
      U39379      A v -> ZN ^   OAI21_X2   0.159  3.241    1.167  
      U137_reg_5  D ^           SDFFRS_X2  0.000  3.241    1.167  
      -------------------------------------------------------------
Path 65: VIOLATED Setup Check with Pin U137_reg_7/CK 
Endpoint:   U137_reg_7/D (^) checked with  leading edge of 'in_rclk'
Beginpoint: in121[10]    (v) triggered by  leading edge of 'in_rclk'
Path Groups: {in_rclk}
Other End Arrival Time          0.000
- Setup                         0.833
+ Phase Shift                   2.000
= Required Time                 1.167
- Arrival Time                  3.241
= Slack Time                   -2.074
     Clock Rise Edge                      0.000
     + Input Delay                        2.000
     = Beginpoint Arrival Time            2.000
      -------------------------------------------------------------
      Instance    Arc           Cell       Delay  Arrival  Required  
                                                  Time     Time  
      -------------------------------------------------------------
      -           in121[10] v   -          -      2.000    -0.074  
      U42417      A2 v -> ZN ^  NOR2_X4    0.202  2.202    0.128  
      U17895      A1 ^ -> ZN v  NAND2_X2   0.122  2.325    0.251  
      U31598      A1 v -> ZN ^  NAND2_X2   0.181  2.506    0.432  
      U13345      C2 ^ -> ZN v  OAI211_X2  0.137  2.644    0.569  
      U11269      A v -> ZN ^   INV_X4     0.333  2.977    0.903  
      U40226      B1 ^ -> ZN v  AOI21_X2   0.105  3.081    1.007  
      U1640       A v -> ZN ^   OAI21_X2   0.159  3.241    1.167  
      U137_reg_7  D ^           SDFFRS_X2  0.000  3.241    1.167  
      -------------------------------------------------------------
Path 66: VIOLATED Setup Check with Pin U736_reg/CK 
Endpoint:   U736_reg/D (^) checked with  leading edge of 'in_rclk'
Beginpoint: in121[10]  (v) triggered by  leading edge of 'in_rclk'
Path Groups: {in_rclk}
Other End Arrival Time          0.000
- Setup                         0.520
+ Phase Shift                   2.000
= Required Time                 1.480
- Arrival Time                  3.489
= Slack Time                   -2.009
     Clock Rise Edge                      0.000
     + Input Delay                        2.000
     = Beginpoint Arrival Time            2.000
      ---------------------------------------------------------------------------
      Instance                  Arc           Cell       Delay  Arrival  Required  
                                                                Time     Time  
      ---------------------------------------------------------------------------
      -                         in121[10] v   -          -      2.000    -0.009  
      U42417                    A2 v -> ZN ^  NOR2_X4    0.202  2.202    0.193  
      U38021                    A ^ -> ZN v   INV_X16    0.045  2.247    0.238  
      atop_ATls_i25429          A1 v -> ZN ^  NOR2_X4    0.098  2.345    0.335  
      U24194                    A1 ^ -> ZN v  NAND2_X4   0.054  2.398    0.389  
      sbn_724_ATrbuf_i14700     A v -> Z v    BUF_X4     0.167  2.565    0.555  
      U33203                    A3 v -> ZN ^  NOR3_X2    0.210  2.774    0.765  
      sbn_1155_ATgbl_i18993_4   A ^ -> Z ^    BUF_X8     0.158  2.932    0.923  
      U20647                    A3 ^ -> ZN ^  AND3_X4    0.184  3.117    1.107  
      U10351                    B1 ^ -> ZN v  OAI21_X4   0.081  3.197    1.188  
      sbn_35299_ATmfs_i18996_4  A v -> Z v    CLKBUF_X3  0.156  3.354    1.344  
      U24591                    B1 v -> ZN ^  OAI21_X2   0.135  3.489    1.480  
      U736_reg                  D ^           SDFFR_X2   0.000  3.489    1.480  
      ---------------------------------------------------------------------------
Path 67: VIOLATED Setup Check with Pin U520_reg/CK 
Endpoint:   U520_reg/D (^) checked with  leading edge of 'in_rclk'
Beginpoint: in121[10]  (v) triggered by  leading edge of 'in_rclk'
Path Groups: {in_rclk}
Other End Arrival Time          0.000
- Setup                         0.528
+ Phase Shift                   2.000
= Required Time                 1.472
- Arrival Time                  3.417
= Slack Time                   -1.945
     Clock Rise Edge                      0.000
     + Input Delay                        2.000
     = Beginpoint Arrival Time            2.000
      -------------------------------------------------------------------------
      Instance                 Arc           Cell      Delay  Arrival  Required  
                                                              Time     Time  
      -------------------------------------------------------------------------
      -                        in121[10] v   -         -      2.000    0.055  
      U42417                   A2 v -> ZN ^  NOR2_X4   0.202  2.202    0.257  
      U38021                   A ^ -> ZN v   INV_X16   0.045  2.247    0.302  
      atop_ATls_i25429         A1 v -> ZN ^  NOR2_X4   0.098  2.345    0.399  
      U24194                   A1 ^ -> ZN v  NAND2_X4  0.054  2.398    0.453  
      sbn_724_ATrbuf_i14700    A v -> Z v    BUF_X4    0.167  2.565    0.619  
      U33203                   A3 v -> ZN ^  NOR3_X2   0.210  2.774    0.829  
      sbn_1155_ATgbl_i18993_4  A ^ -> Z ^    BUF_X8    0.158  2.932    0.987  
      U20647                   A3 ^ -> ZN ^  AND3_X4   0.184  3.117    1.171  
      U10351                   B1 ^ -> ZN v  OAI21_X4  0.081  3.197    1.252  
      U2064                    A v -> ZN ^   AOI21_X2  0.220  3.417    1.472  
      U520_reg                 D ^           SDFFR_X2  0.000  3.417    1.472  
      -------------------------------------------------------------------------
Path 68: VIOLATED Setup Check with Pin U173_reg_23/CK 
Endpoint:   U173_reg_23/D (^) checked with  leading edge of 'in_rclk'
Beginpoint: in121[10]     (v) triggered by  leading edge of 'in_rclk'
Path Groups: {in_rclk}
Other End Arrival Time          0.000
- Setup                         0.541
+ Phase Shift                   2.000
= Required Time                 1.459
- Arrival Time                  3.393
= Slack Time                   -1.934
     Clock Rise Edge                      0.000
     + Input Delay                        2.000
     = Beginpoint Arrival Time            2.000
      -------------------------------------------------------------------------
      Instance                 Arc           Cell      Delay  Arrival  Required  
                                                              Time     Time  
      -------------------------------------------------------------------------
      -                        in121[10] v   -         -      2.000    0.066  
      U42417                   A2 v -> ZN ^  NOR2_X4   0.202  2.202    0.268  
      U38021                   A ^ -> ZN v   INV_X16   0.045  2.247    0.313  
      atop_ATls_i25429         A1 v -> ZN ^  NOR2_X4   0.098  2.345    0.411  
      U24194                   A1 ^ -> ZN v  NAND2_X4  0.054  2.398    0.464  
      sbn_724_ATrbuf_i14700    A v -> Z v    BUF_X4    0.167  2.565    0.631  
      U33203                   A3 v -> ZN ^  NOR3_X2   0.210  2.774    0.840  
      sbn_1155_ATgbl_i18993_4  A ^ -> Z ^    BUF_X8    0.158  2.932    0.998  
      U20647                   A3 ^ -> ZN ^  AND3_X4   0.184  3.117    1.183  
      U10351                   B1 ^ -> ZN v  OAI21_X4  0.081  3.197    1.263  
      U5090                    B1 v -> ZN ^  OAI21_X4  0.195  3.393    1.459  
      U173_reg_23              D ^           SDFFR_X2  0.000  3.393    1.459  
      -------------------------------------------------------------------------
Path 69: VIOLATED Setup Check with Pin U300_reg/CK 
Endpoint:   U300_reg/D (^) checked with  leading edge of 'in_rclk'
Beginpoint: in127      (v) triggered by  leading edge of 'in_rclk'
Path Groups: {in_rclk}
Other End Arrival Time          0.000
- Setup                         0.533
+ Phase Shift                   2.000
= Required Time                 1.467
- Arrival Time                  3.376
= Slack Time                   -1.909
     Clock Rise Edge                      0.000
     + Input Delay                        2.000
     = Beginpoint Arrival Time            2.000
      -------------------------------------------------------------------------
      Instance                 Arc           Cell      Delay  Arrival  Required  
                                                              Time     Time  
      -------------------------------------------------------------------------
      -                        in127 v       -         -      2.000    0.091  
      U22607_ATdup_i14701      A v -> ZN ^   INV_X32   0.025  2.025    0.116  
      U42417                   A1 ^ -> ZN v  NOR2_X4   0.036  2.061    0.152  
      U38021                   A v -> ZN ^   INV_X16   0.048  2.109    0.199  
      atop_ATls_i25429         A1 ^ -> ZN v  NOR2_X4   0.030  2.139    0.230  
      U24194                   A1 v -> ZN ^  NAND2_X4  0.066  2.206    0.296  
      sbn_724_ATrbuf_i14700    A ^ -> Z ^    BUF_X4    0.138  2.343    0.434  
      U33203                   A3 ^ -> ZN v  NOR3_X2   0.056  2.399    0.489  
      sbn_1155_ATgbl_i18993_4  A v -> Z v    BUF_X8    0.215  2.614    0.705  
      U20647                   A3 v -> ZN v  AND3_X4   0.279  2.894    0.984  
      U10351                   B1 v -> ZN ^  OAI21_X4  0.233  3.127    1.217  
      U29662                   B1 ^ -> ZN v  OAI21_X2  0.088  3.215    1.305  
      U17958                   A1 v -> ZN ^  NAND3_X1  0.161  3.376    1.467  
      U300_reg                 D ^           SDFFR_X2  0.000  3.376    1.467  
      -------------------------------------------------------------------------
Path 70: VIOLATED Setup Check with Pin U257_reg_4/CK 
Endpoint:   U257_reg_4/D (^) checked with  leading edge of 'in_rclk'
Beginpoint: in121[10]    (v) triggered by  leading edge of 'in_rclk'
Path Groups: {in_rclk}
Other End Arrival Time          0.000
- Setup                         0.623
+ Phase Shift                   2.000
= Required Time                 1.377
- Arrival Time                  3.262
= Slack Time                   -1.885
     Clock Rise Edge                      0.000
     + Input Delay                        2.000
     = Beginpoint Arrival Time            2.000
      -------------------------------------------------------------
      Instance    Arc           Cell       Delay  Arrival  Required  
                                                  Time     Time  
      -------------------------------------------------------------
      -           in121[10] v   -          -      2.000    0.115  
      U42417      A2 v -> ZN ^  NOR2_X4    0.202  2.202    0.317  
      U17895      A1 ^ -> ZN v  NAND2_X2   0.122  2.325    0.440  
      U31598      A1 v -> ZN ^  NAND2_X2   0.181  2.506    0.621  
      U13345      C2 ^ -> ZN v  OAI211_X2  0.137  2.644    0.758  
      U11269      A v -> ZN ^   INV_X4     0.333  2.977    1.092  
      U8364       A2 ^ -> ZN v  AOI22_X2   0.124  3.101    1.215  
      U29845      A v -> ZN ^   OAI21_X2   0.162  3.262    1.377  
      U257_reg_4  D ^           SDFFS_X2   0.000  3.262    1.377  
      -------------------------------------------------------------
Path 71: VIOLATED Setup Check with Pin U137_reg_4/CK 
Endpoint:   U137_reg_4/D (^) checked with  leading edge of 'in_rclk'
Beginpoint: in121[10]    (v) triggered by  leading edge of 'in_rclk'
Path Groups: {in_rclk}
Other End Arrival Time          0.000
- Setup                         0.623
+ Phase Shift                   2.000
= Required Time                 1.377
- Arrival Time                  3.249
= Slack Time                   -1.872
     Clock Rise Edge                      0.000
     + Input Delay                        2.000
     = Beginpoint Arrival Time            2.000
      -------------------------------------------------------------
      Instance    Arc           Cell       Delay  Arrival  Required  
                                                  Time     Time  
      -------------------------------------------------------------
      -           in121[10] v   -          -      2.000    0.128  
      U42417      A2 v -> ZN ^  NOR2_X4    0.202  2.202    0.330  
      U17895      A1 ^ -> ZN v  NAND2_X2   0.122  2.325    0.453  
      U31598      A1 v -> ZN ^  NAND2_X2   0.181  2.506    0.634  
      U13345      C2 ^ -> ZN v  OAI211_X2  0.137  2.644    0.771  
      U11269      A v -> ZN ^   INV_X4     0.333  2.977    1.105  
      U30063      A1 ^ -> ZN v  AOI22_X2   0.107  3.083    1.211  
      U11767      A v -> ZN ^   OAI21_X2   0.166  3.249    1.377  
      U137_reg_4  D ^           SDFFS_X2   0.000  3.249    1.377  
      -------------------------------------------------------------
Path 72: VIOLATED Setup Check with Pin U257_reg_3/CK 
Endpoint:   U257_reg_3/D (^) checked with  leading edge of 'in_rclk'
Beginpoint: in121[10]    (v) triggered by  leading edge of 'in_rclk'
Path Groups: {in_rclk}
Other End Arrival Time          0.000
- Setup                         0.623
+ Phase Shift                   2.000
= Required Time                 1.377
- Arrival Time                  3.249
= Slack Time                   -1.872
     Clock Rise Edge                      0.000
     + Input Delay                        2.000
     = Beginpoint Arrival Time            2.000
      -------------------------------------------------------------
      Instance    Arc           Cell       Delay  Arrival  Required  
                                                  Time     Time  
      -------------------------------------------------------------
      -           in121[10] v   -          -      2.000    0.128  
      U42417      A2 v -> ZN ^  NOR2_X4    0.202  2.202    0.330  
      U17895      A1 ^ -> ZN v  NAND2_X2   0.122  2.325    0.453  
      U31598      A1 v -> ZN ^  NAND2_X2   0.181  2.506    0.634  
      U13345      C2 ^ -> ZN v  OAI211_X2  0.137  2.644    0.771  
      U11269      A v -> ZN ^   INV_X4     0.333  2.977    1.105  
      U25422      A1 ^ -> ZN v  AOI22_X2   0.107  3.083    1.211  
      U24248      A v -> ZN ^   OAI21_X2   0.166  3.249    1.377  
      U257_reg_3  D ^           SDFFS_X2   0.000  3.249    1.377  
      -------------------------------------------------------------
Path 73: VIOLATED Setup Check with Pin U257_reg_1/CK 
Endpoint:   U257_reg_1/D (^) checked with  leading edge of 'in_rclk'
Beginpoint: in121[10]    (v) triggered by  leading edge of 'in_rclk'
Path Groups: {in_rclk}
Other End Arrival Time          0.000
- Setup                         0.623
+ Phase Shift                   2.000
= Required Time                 1.377
- Arrival Time                  3.249
= Slack Time                   -1.872
     Clock Rise Edge                      0.000
     + Input Delay                        2.000
     = Beginpoint Arrival Time            2.000
      -------------------------------------------------------------
      Instance    Arc           Cell       Delay  Arrival  Required  
                                                  Time     Time  
      -------------------------------------------------------------
      -           in121[10] v   -          -      2.000    0.128  
      U42417      A2 v -> ZN ^  NOR2_X4    0.202  2.202    0.330  
      U17895      A1 ^ -> ZN v  NAND2_X2   0.122  2.325    0.453  
      U31598      A1 v -> ZN ^  NAND2_X2   0.181  2.506    0.634  
      U13345      C2 ^ -> ZN v  OAI211_X2  0.137  2.644    0.771  
      U11269      A v -> ZN ^   INV_X4     0.333  2.977    1.105  
      U30291      A1 ^ -> ZN v  AOI22_X2   0.107  3.083    1.211  
      U38644      A v -> ZN ^   OAI21_X2   0.166  3.249    1.377  
      U257_reg_1  D ^           SDFFS_X2   0.000  3.249    1.377  
      -------------------------------------------------------------
Path 74: VIOLATED Setup Check with Pin U137_reg_3/CK 
Endpoint:   U137_reg_3/D (^) checked with  leading edge of 'in_rclk'
Beginpoint: in121[10]    (v) triggered by  leading edge of 'in_rclk'
Path Groups: {in_rclk}
Other End Arrival Time          0.000
- Setup                         0.622
+ Phase Shift                   2.000
= Required Time                 1.378
- Arrival Time                  3.249
= Slack Time                   -1.871
     Clock Rise Edge                      0.000
     + Input Delay                        2.000
     = Beginpoint Arrival Time            2.000
      -------------------------------------------------------------
      Instance    Arc           Cell       Delay  Arrival  Required  
                                                  Time     Time  
      -------------------------------------------------------------
      -           in121[10] v   -          -      2.000    0.129  
      U42417      A2 v -> ZN ^  NOR2_X4    0.202  2.202    0.331  
      U17895      A1 ^ -> ZN v  NAND2_X2   0.122  2.325    0.453  
      U31598      A1 v -> ZN ^  NAND2_X2   0.181  2.506    0.635  
      U13345      C2 ^ -> ZN v  OAI211_X2  0.137  2.644    0.772  
      U11269      A v -> ZN ^   INV_X4     0.333  2.977    1.105  
      U35645      A1 ^ -> ZN v  AOI22_X2   0.107  3.083    1.212  
      U27453      A v -> ZN ^   OAI21_X2   0.166  3.249    1.378  
      U137_reg_3  D ^           SDFFS_X1   0.000  3.249    1.378  
      -------------------------------------------------------------
Path 75: VIOLATED Setup Check with Pin U137_reg_1/CK 
Endpoint:   U137_reg_1/D (^) checked with  leading edge of 'in_rclk'
Beginpoint: in121[10]    (v) triggered by  leading edge of 'in_rclk'
Path Groups: {in_rclk}
Other End Arrival Time          0.000
- Setup                         0.622
+ Phase Shift                   2.000
= Required Time                 1.378
- Arrival Time                  3.249
= Slack Time                   -1.871
     Clock Rise Edge                      0.000
     + Input Delay                        2.000
     = Beginpoint Arrival Time            2.000
      -------------------------------------------------------------
      Instance    Arc           Cell       Delay  Arrival  Required  
                                                  Time     Time  
      -------------------------------------------------------------
      -           in121[10] v   -          -      2.000    0.129  
      U42417      A2 v -> ZN ^  NOR2_X4    0.202  2.202    0.331  
      U17895      A1 ^ -> ZN v  NAND2_X2   0.122  2.325    0.454  
      U31598      A1 v -> ZN ^  NAND2_X2   0.181  2.506    0.635  
      U13345      C2 ^ -> ZN v  OAI211_X2  0.137  2.644    0.772  
      U11269      A v -> ZN ^   INV_X4     0.333  2.977    1.105  
      U28586      A1 ^ -> ZN v  AOI22_X2   0.107  3.083    1.212  
      U23079      A v -> ZN ^   OAI21_X2   0.166  3.249    1.378  
      U137_reg_1  D ^           SDFFS_X1   0.000  3.249    1.378  
      -------------------------------------------------------------
Path 76: VIOLATED Setup Check with Pin U116_reg_13/CK 
Endpoint:   U116_reg_13/D (^) checked with  leading edge of 'in_rclk'
Beginpoint: U33_reg_3/QN  (^) triggered by  leading edge of 'in_rclk'
Path Groups: {in_rclk}
Other End Arrival Time          0.000
- Setup                         0.528
+ Phase Shift                   2.000
= Required Time                 1.472
- Arrival Time                  3.163
= Slack Time                   -1.692
     Clock Rise Edge                 0.000
     + Clock Network Latency (Ideal) 0.000
     = Beginpoint Arrival Time       0.000
      ---------------------------------------------------------------------------
      Instance                  Arc           Cell       Delay  Arrival  Required  
                                                                Time     Time  
      ---------------------------------------------------------------------------
      U33_reg_3                 CK ^          -          -      0.000    -1.692  
      U33_reg_3                 CK ^ -> QN ^  SDFF_X2    0.311  0.311    -1.381  
      U40839                    A ^ -> ZN v   INV_X4     0.031  0.342    -1.350  
      sbn_36393_ATmdrc_i3577    A v -> Z v    BUF_X16    0.358  0.700    -0.992  
      U39993                    A2 v -> ZN ^  NOR2_X2    0.237  0.937    -0.755  
      U23229                    A ^ -> ZN v   INV_X4     0.059  0.997    -0.695  
      U11845                    A3 v -> ZN ^  NAND3_X2   0.188  1.184    -0.508  
      U7182                     A1 ^ -> ZN v  NAND2_X4   0.097  1.281    -0.411  
      U1800                     B1 v -> ZN ^  AOI21_X2   0.161  1.442    -0.250  
      U9833                     A ^ -> ZN ^   XNOR2_X2   0.244  1.686    -0.006  
      U36601                    B2 ^ -> ZN v  OAI21_X4   0.104  1.790    0.098  
      U34181                    B1 v -> ZN ^  OAI22_X2   0.277  2.068    0.376  
      U12775                    A ^ -> ZN v   INV_X4     0.061  2.129    0.437  
      U38309                    A2 v -> ZN ^  NAND2_X4   0.098  2.227    0.535  
      U5505                     B2 ^ -> ZN v  OAI21_X2   0.059  2.286    0.594  
      sbn_35971_ATgbl_i19150_1  A v -> Z v    BUF_X16    0.406  2.691    1.000  
      U15359                    A v -> ZN ^   INV_X8     0.195  2.887    1.195  
      U35468                    A3 ^ -> ZN v  NAND3_X4   0.102  2.989    1.297  
      U24842                    B v -> ZN ^   OAI211_X2  0.175  3.163    1.472  
      U116_reg_13               D ^           SDFFR_X1   0.000  3.163    1.472  
      ---------------------------------------------------------------------------
Path 77: VIOLATED Setup Check with Pin U227_reg_9/CK 
Endpoint:   U227_reg_9/D (v) checked with  leading edge of 'in_rclk'
Beginpoint: U151_reg_5/Q (v) triggered by  leading edge of 'in_rclk'
Path Groups: {in_rclk}
Other End Arrival Time          0.000
- Setup                         0.379
+ Phase Shift                   2.000
= Required Time                 1.621
- Arrival Time                  3.301
= Slack Time                   -1.681
     Clock Rise Edge                 0.000
     + Clock Network Latency (Ideal) 0.000
     = Beginpoint Arrival Time       0.000
      ---------------------------------------------------------------------------
      Instance                  Arc           Cell       Delay  Arrival  Required  
                                                                Time     Time  
      ---------------------------------------------------------------------------
      U151_reg_5                CK ^          -          -      0.000    -1.681  
      U151_reg_5                CK ^ -> Q v   SDFFR_X2   0.367  0.367    -1.313  
      mbn_284_5__ATmdrc_i3252   A v -> Z v    BUF_X32    0.592  0.959    -0.722  
      U29017                    A1 v -> ZN ^  NAND2_X2   0.173  1.132    -0.549  
      U24344                    A ^ -> ZN v   OAI21_X2   0.096  1.228    -0.453  
      U40411                    A1 v -> ZN ^  NAND2_X2   0.209  1.437    -0.244  
      U5971                     B1 ^ -> ZN v  AOI21_X4   0.084  1.521    -0.160  
      U27378                    A v -> ZN ^   INV_X4     0.075  1.596    -0.085  
      U19327                    A2 ^ -> ZN v  NAND2_X4   0.046  1.642    -0.038  
      U6292                     A v -> ZN ^   INV_X4     0.104  1.746    0.065  
      U30045                    A ^ -> ZN v   INV_X8     0.059  1.804    0.124  
      U31685                    B1 v -> ZN ^  OAI21_X2   0.234  2.038    0.358  
      U26164                    A1 ^ -> ZN v  NAND2_X2   0.084  2.122    0.441  
      U40678                    C2 v -> ZN ^  OAI211_X2  0.242  2.364    0.684  
      U30041                    A2 ^ -> ZN v  NOR2_X4    0.089  2.454    0.773  
      U32048                    A1 v -> ZN ^  NAND2_X4   0.095  2.549    0.868  
      U18788                    A1 ^ -> ZN v  NAND2_X2   0.051  2.600    0.919  
      sbn_34823_ATmfs_i20124_2  A v -> Z v    BUF_X16    0.425  3.025    1.344  
      U32256                    A1 v -> ZN ^  NAND4_X2   0.162  3.187    1.506  
      U9850                     A ^ -> ZN v   OAI211_X4  0.115  3.301    1.621  
      U227_reg_9                D v           SDFFR_X2   0.000  3.301    1.621  
      ---------------------------------------------------------------------------
Path 78: VIOLATED Setup Check with Pin U227_reg_10/CK 
Endpoint:   U227_reg_10/D (v) checked with  leading edge of 'in_rclk'
Beginpoint: U151_reg_5/Q  (v) triggered by  leading edge of 'in_rclk'
Path Groups: {in_rclk}
Other End Arrival Time          0.000
- Setup                         0.379
+ Phase Shift                   2.000
= Required Time                 1.621
- Arrival Time                  3.301
= Slack Time                   -1.681
     Clock Rise Edge                 0.000
     + Clock Network Latency (Ideal) 0.000
     = Beginpoint Arrival Time       0.000
      ---------------------------------------------------------------------------
      Instance                  Arc           Cell       Delay  Arrival  Required  
                                                                Time     Time  
      ---------------------------------------------------------------------------
      U151_reg_5                CK ^          -          -      0.000    -1.681  
      U151_reg_5                CK ^ -> Q v   SDFFR_X2   0.367  0.367    -1.313  
      mbn_284_5__ATmdrc_i3252   A v -> Z v    BUF_X32    0.592  0.959    -0.722  
      U29017                    A1 v -> ZN ^  NAND2_X2   0.173  1.132    -0.549  
      U24344                    A ^ -> ZN v   OAI21_X2   0.096  1.228    -0.453  
      U40411                    A1 v -> ZN ^  NAND2_X2   0.209  1.437    -0.244  
      U5971                     B1 ^ -> ZN v  AOI21_X4   0.084  1.521    -0.160  
      U27378                    A v -> ZN ^   INV_X4     0.075  1.596    -0.085  
      U19327                    A2 ^ -> ZN v  NAND2_X4   0.046  1.642    -0.038  
      U6292                     A v -> ZN ^   INV_X4     0.104  1.746    0.065  
      U30045                    A ^ -> ZN v   INV_X8     0.059  1.804    0.124  
      U31685                    B1 v -> ZN ^  OAI21_X2   0.234  2.038    0.358  
      U26164                    A1 ^ -> ZN v  NAND2_X2   0.084  2.122    0.441  
      U40678                    C2 v -> ZN ^  OAI211_X2  0.242  2.364    0.684  
      U30041                    A2 ^ -> ZN v  NOR2_X4    0.089  2.454    0.773  
      U32048                    A1 v -> ZN ^  NAND2_X4   0.095  2.549    0.868  
      U18788                    A1 ^ -> ZN v  NAND2_X2   0.051  2.600    0.919  
      sbn_34823_ATmfs_i20124_2  A v -> Z v    BUF_X16    0.425  3.025    1.344  
      U9202                     A1 v -> ZN ^  NAND4_X2   0.162  3.187    1.506  
      U4088                     A ^ -> ZN v   OAI211_X4  0.115  3.301    1.621  
      U227_reg_10               D v           SDFFR_X2   0.000  3.301    1.621  
      ---------------------------------------------------------------------------
Path 79: VIOLATED Setup Check with Pin U227_reg_12/CK 
Endpoint:   U227_reg_12/D (v) checked with  leading edge of 'in_rclk'
Beginpoint: U151_reg_5/Q  (v) triggered by  leading edge of 'in_rclk'
Path Groups: {in_rclk}
Other End Arrival Time          0.000
- Setup                         0.379
+ Phase Shift                   2.000
= Required Time                 1.621
- Arrival Time                  3.301
= Slack Time                   -1.681
     Clock Rise Edge                 0.000
     + Clock Network Latency (Ideal) 0.000
     = Beginpoint Arrival Time       0.000
      ---------------------------------------------------------------------------
      Instance                  Arc           Cell       Delay  Arrival  Required  
                                                                Time     Time  
      ---------------------------------------------------------------------------
      U151_reg_5                CK ^          -          -      0.000    -1.681  
      U151_reg_5                CK ^ -> Q v   SDFFR_X2   0.367  0.367    -1.313  
      mbn_284_5__ATmdrc_i3252   A v -> Z v    BUF_X32    0.592  0.959    -0.722  
      U29017                    A1 v -> ZN ^  NAND2_X2   0.173  1.132    -0.549  
      U24344                    A ^ -> ZN v   OAI21_X2   0.096  1.228    -0.453  
      U40411                    A1 v -> ZN ^  NAND2_X2   0.209  1.437    -0.244  
      U5971                     B1 ^ -> ZN v  AOI21_X4   0.084  1.521    -0.160  
      U27378                    A v -> ZN ^   INV_X4     0.075  1.596    -0.085  
      U19327                    A2 ^ -> ZN v  NAND2_X4   0.046  1.642    -0.038  
      U6292                     A v -> ZN ^   INV_X4     0.104  1.746    0.065  
      U30045                    A ^ -> ZN v   INV_X8     0.059  1.804    0.124  
      U31685                    B1 v -> ZN ^  OAI21_X2   0.234  2.038    0.358  
      U26164                    A1 ^ -> ZN v  NAND2_X2   0.084  2.122    0.441  
      U40678                    C2 v -> ZN ^  OAI211_X2  0.242  2.364    0.684  
      U30041                    A2 ^ -> ZN v  NOR2_X4    0.089  2.454    0.773  
      U32048                    A1 v -> ZN ^  NAND2_X4   0.095  2.549    0.868  
      U18788                    A1 ^ -> ZN v  NAND2_X2   0.051  2.600    0.919  
      sbn_34823_ATmfs_i20124_2  A v -> Z v    BUF_X16    0.425  3.025    1.344  
      U23833                    A1 v -> ZN ^  NAND4_X2   0.162  3.187    1.506  
      U32181                    A ^ -> ZN v   OAI211_X4  0.115  3.301    1.621  
      U227_reg_12               D v           SDFFR_X2   0.000  3.301    1.621  
      ---------------------------------------------------------------------------
Path 80: VIOLATED Setup Check with Pin U227_reg_7/CK 
Endpoint:   U227_reg_7/D (v) checked with  leading edge of 'in_rclk'
Beginpoint: U151_reg_5/Q (v) triggered by  leading edge of 'in_rclk'
Path Groups: {in_rclk}
Other End Arrival Time          0.000
- Setup                         0.379
+ Phase Shift                   2.000
= Required Time                 1.621
- Arrival Time                  3.301
= Slack Time                   -1.681
     Clock Rise Edge                 0.000
     + Clock Network Latency (Ideal) 0.000
     = Beginpoint Arrival Time       0.000
      ---------------------------------------------------------------------------
      Instance                  Arc           Cell       Delay  Arrival  Required  
                                                                Time     Time  
      ---------------------------------------------------------------------------
      U151_reg_5                CK ^          -          -      0.000    -1.681  
      U151_reg_5                CK ^ -> Q v   SDFFR_X2   0.367  0.367    -1.313  
      mbn_284_5__ATmdrc_i3252   A v -> Z v    BUF_X32    0.592  0.959    -0.721  
      U29017                    A1 v -> ZN ^  NAND2_X2   0.173  1.132    -0.549  
      U24344                    A ^ -> ZN v   OAI21_X2   0.096  1.228    -0.453  
      U40411                    A1 v -> ZN ^  NAND2_X2   0.209  1.437    -0.243  
      U5971                     B1 ^ -> ZN v  AOI21_X4   0.084  1.521    -0.160  
      U27378                    A v -> ZN ^   INV_X4     0.075  1.596    -0.085  
      U19327                    A2 ^ -> ZN v  NAND2_X4   0.046  1.642    -0.038  
      U6292                     A v -> ZN ^   INV_X4     0.104  1.746    0.065  
      U30045                    A ^ -> ZN v   INV_X8     0.059  1.804    0.124  
      U31685                    B1 v -> ZN ^  OAI21_X2   0.234  2.038    0.358  
      U26164                    A1 ^ -> ZN v  NAND2_X2   0.084  2.122    0.441  
      U40678                    C2 v -> ZN ^  OAI211_X2  0.242  2.364    0.684  
      U30041                    A2 ^ -> ZN v  NOR2_X4    0.089  2.454    0.773  
      U32048                    A1 v -> ZN ^  NAND2_X4   0.095  2.549    0.868  
      U18788                    A1 ^ -> ZN v  NAND2_X2   0.051  2.600    0.919  
      sbn_34823_ATmfs_i20124_2  A v -> Z v    BUF_X16    0.425  3.025    1.344  
      U42464                    A1 v -> ZN ^  NAND4_X2   0.162  3.187    1.506  
      U21346                    A ^ -> ZN v   OAI211_X4  0.115  3.301    1.621  
      U227_reg_7                D v           SDFFR_X1   0.000  3.301    1.621  
      ---------------------------------------------------------------------------
Path 81: VIOLATED Setup Check with Pin U227_reg_3/CK 
Endpoint:   U227_reg_3/D (v) checked with  leading edge of 'in_rclk'
Beginpoint: U151_reg_5/Q (v) triggered by  leading edge of 'in_rclk'
Path Groups: {in_rclk}
Other End Arrival Time          0.000
- Setup                         0.378
+ Phase Shift                   2.000
= Required Time                 1.622
- Arrival Time                  3.301
= Slack Time                   -1.679
     Clock Rise Edge                 0.000
     + Clock Network Latency (Ideal) 0.000
     = Beginpoint Arrival Time       0.000
      ---------------------------------------------------------------------------
      Instance                  Arc           Cell       Delay  Arrival  Required  
                                                                Time     Time  
      ---------------------------------------------------------------------------
      U151_reg_5                CK ^          -          -      0.000    -1.679  
      U151_reg_5                CK ^ -> Q v   SDFFR_X2   0.367  0.367    -1.312  
      mbn_284_5__ATmdrc_i3252   A v -> Z v    BUF_X32    0.592  0.959    -0.720  
      U29017                    A1 v -> ZN ^  NAND2_X2   0.173  1.132    -0.547  
      U24344                    A ^ -> ZN v   OAI21_X2   0.096  1.228    -0.451  
      U40411                    A1 v -> ZN ^  NAND2_X2   0.209  1.437    -0.242  
      U5971                     B1 ^ -> ZN v  AOI21_X4   0.084  1.521    -0.158  
      U27378                    A v -> ZN ^   INV_X4     0.075  1.596    -0.083  
      U19327                    A2 ^ -> ZN v  NAND2_X4   0.046  1.642    -0.037  
      U6292                     A v -> ZN ^   INV_X4     0.104  1.746    0.067  
      U30045                    A ^ -> ZN v   INV_X8     0.059  1.804    0.125  
      U31685                    B1 v -> ZN ^  OAI21_X2   0.234  2.038    0.359  
      U26164                    A1 ^ -> ZN v  NAND2_X2   0.084  2.122    0.443  
      U40678                    C2 v -> ZN ^  OAI211_X2  0.242  2.364    0.685  
      U30041                    A2 ^ -> ZN v  NOR2_X4    0.089  2.454    0.775  
      U32048                    A1 v -> ZN ^  NAND2_X4   0.095  2.549    0.869  
      U18788                    A1 ^ -> ZN v  NAND2_X2   0.051  2.600    0.921  
      sbn_34823_ATmfs_i20124_2  A v -> Z v    BUF_X16    0.425  3.025    1.346  
      U26000                    A1 v -> ZN ^  NAND4_X2   0.162  3.187    1.507  
      U35017                    A ^ -> ZN v   OAI211_X4  0.115  3.301    1.622  
      U227_reg_3                D v           SDFFR_X2   0.000  3.301    1.622  
      ---------------------------------------------------------------------------
Path 82: VIOLATED Setup Check with Pin U227_reg_8/CK 
Endpoint:   U227_reg_8/D (v) checked with  leading edge of 'in_rclk'
Beginpoint: U151_reg_5/Q (v) triggered by  leading edge of 'in_rclk'
Path Groups: {in_rclk}
Other End Arrival Time          0.000
- Setup                         0.382
+ Phase Shift                   2.000
= Required Time                 1.618
- Arrival Time                  3.283
= Slack Time                   -1.665
     Clock Rise Edge                 0.000
     + Clock Network Latency (Ideal) 0.000
     = Beginpoint Arrival Time       0.000
      ---------------------------------------------------------------------------
      Instance                  Arc           Cell       Delay  Arrival  Required  
                                                                Time     Time  
      ---------------------------------------------------------------------------
      U151_reg_5                CK ^          -          -      0.000    -1.665  
      U151_reg_5                CK ^ -> Q v   SDFFR_X2   0.367  0.367    -1.298  
      mbn_284_5__ATmdrc_i3252   A v -> Z v    BUF_X32    0.592  0.959    -0.706  
      U29017                    A1 v -> ZN ^  NAND2_X2   0.173  1.132    -0.533  
      U24344                    A ^ -> ZN v   OAI21_X2   0.096  1.228    -0.437  
      U40411                    A1 v -> ZN ^  NAND2_X2   0.209  1.437    -0.228  
      U5971                     B1 ^ -> ZN v  AOI21_X4   0.084  1.521    -0.144  
      U27378                    A v -> ZN ^   INV_X4     0.075  1.596    -0.069  
      U19327                    A2 ^ -> ZN v  NAND2_X4   0.046  1.642    -0.023  
      U6292                     A v -> ZN ^   INV_X4     0.104  1.746    0.081  
      U30045                    A ^ -> ZN v   INV_X8     0.059  1.804    0.140  
      U31685                    B1 v -> ZN ^  OAI21_X2   0.234  2.038    0.373  
      U26164                    A1 ^ -> ZN v  NAND2_X2   0.084  2.122    0.457  
      U40678                    C2 v -> ZN ^  OAI211_X2  0.242  2.364    0.699  
      U30041                    A2 ^ -> ZN v  NOR2_X4    0.089  2.454    0.789  
      U32048                    A1 v -> ZN ^  NAND2_X4   0.095  2.549    0.884  
      U18788                    A1 ^ -> ZN v  NAND2_X2   0.051  2.600    0.935  
      sbn_34823_ATmfs_i20124_2  A v -> Z v    BUF_X16    0.425  3.025    1.360  
      U37241                    A1 v -> ZN ^  NAND4_X2   0.142  3.167    1.502  
      U7326                     A ^ -> ZN v   OAI211_X2  0.116  3.283    1.618  
      U227_reg_8                D v           SDFFR_X1   0.000  3.283    1.618  
      ---------------------------------------------------------------------------
Path 83: VIOLATED Setup Check with Pin U227_reg_5/CK 
Endpoint:   U227_reg_5/D (v) checked with  leading edge of 'in_rclk'
Beginpoint: U151_reg_5/Q (v) triggered by  leading edge of 'in_rclk'
Path Groups: {in_rclk}
Other End Arrival Time          0.000
- Setup                         0.381
+ Phase Shift                   2.000
= Required Time                 1.619
- Arrival Time                  3.283
= Slack Time                   -1.664
     Clock Rise Edge                 0.000
     + Clock Network Latency (Ideal) 0.000
     = Beginpoint Arrival Time       0.000
      ---------------------------------------------------------------------------
      Instance                  Arc           Cell       Delay  Arrival  Required  
                                                                Time     Time  
      ---------------------------------------------------------------------------
      U151_reg_5                CK ^          -          -      0.000    -1.664  
      U151_reg_5                CK ^ -> Q v   SDFFR_X2   0.367  0.367    -1.297  
      mbn_284_5__ATmdrc_i3252   A v -> Z v    BUF_X32    0.592  0.959    -0.705  
      U29017                    A1 v -> ZN ^  NAND2_X2   0.173  1.132    -0.533  
      U24344                    A ^ -> ZN v   OAI21_X2   0.096  1.228    -0.437  
      U40411                    A1 v -> ZN ^  NAND2_X2   0.209  1.437    -0.227  
      U5971                     B1 ^ -> ZN v  AOI21_X4   0.084  1.521    -0.143  
      U27378                    A v -> ZN ^   INV_X4     0.075  1.596    -0.068  
      U19327                    A2 ^ -> ZN v  NAND2_X4   0.046  1.642    -0.022  
      U6292                     A v -> ZN ^   INV_X4     0.104  1.746    0.082  
      U30045                    A ^ -> ZN v   INV_X8     0.059  1.804    0.140  
      U31685                    B1 v -> ZN ^  OAI21_X2   0.234  2.038    0.374  
      U26164                    A1 ^ -> ZN v  NAND2_X2   0.084  2.122    0.458  
      U40678                    C2 v -> ZN ^  OAI211_X2  0.242  2.364    0.700  
      U30041                    A2 ^ -> ZN v  NOR2_X4    0.089  2.454    0.789  
      U32048                    A1 v -> ZN ^  NAND2_X4   0.095  2.549    0.884  
      U18788                    A1 ^ -> ZN v  NAND2_X2   0.051  2.600    0.936  
      sbn_34823_ATmfs_i20124_2  A v -> Z v    BUF_X16    0.425  3.025    1.360  
      U39697                    A1 v -> ZN ^  NAND4_X2   0.142  3.167    1.502  
      U18456                    A ^ -> ZN v   OAI211_X2  0.116  3.283    1.619  
      U227_reg_5                D v           SDFFR_X1   0.000  3.283    1.619  
      ---------------------------------------------------------------------------
Path 84: VIOLATED Setup Check with Pin U227_reg_6/CK 
Endpoint:   U227_reg_6/D (v) checked with  leading edge of 'in_rclk'
Beginpoint: U151_reg_5/Q (v) triggered by  leading edge of 'in_rclk'
Path Groups: {in_rclk}
Other End Arrival Time          0.000
- Setup                         0.381
+ Phase Shift                   2.000
= Required Time                 1.619
- Arrival Time                  3.283
= Slack Time                   -1.664
     Clock Rise Edge                 0.000
     + Clock Network Latency (Ideal) 0.000
     = Beginpoint Arrival Time       0.000
      ---------------------------------------------------------------------------
      Instance                  Arc           Cell       Delay  Arrival  Required  
                                                                Time     Time  
      ---------------------------------------------------------------------------
      U151_reg_5                CK ^          -          -      0.000    -1.664  
      U151_reg_5                CK ^ -> Q v   SDFFR_X2   0.367  0.367    -1.296  
      mbn_284_5__ATmdrc_i3252   A v -> Z v    BUF_X32    0.592  0.959    -0.704  
      U29017                    A1 v -> ZN ^  NAND2_X2   0.173  1.132    -0.532  
      U24344                    A ^ -> ZN v   OAI21_X2   0.096  1.228    -0.436  
      U40411                    A1 v -> ZN ^  NAND2_X2   0.209  1.437    -0.226  
      U5971                     B1 ^ -> ZN v  AOI21_X4   0.084  1.521    -0.143  
      U27378                    A v -> ZN ^   INV_X4     0.075  1.596    -0.068  
      U19327                    A2 ^ -> ZN v  NAND2_X4   0.046  1.642    -0.021  
      U6292                     A v -> ZN ^   INV_X4     0.104  1.746    0.082  
      U30045                    A ^ -> ZN v   INV_X8     0.059  1.804    0.141  
      U31685                    B1 v -> ZN ^  OAI21_X2   0.234  2.038    0.375  
      U26164                    A1 ^ -> ZN v  NAND2_X2   0.084  2.122    0.458  
      U40678                    C2 v -> ZN ^  OAI211_X2  0.242  2.364    0.701  
      U30041                    A2 ^ -> ZN v  NOR2_X4    0.089  2.454    0.790  
      U32048                    A1 v -> ZN ^  NAND2_X4   0.095  2.549    0.885  
      U18788                    A1 ^ -> ZN v  NAND2_X2   0.051  2.600    0.936  
      sbn_34823_ATmfs_i20124_2  A v -> Z v    BUF_X16    0.425  3.025    1.361  
      U12870                    A1 v -> ZN ^  NAND4_X2   0.142  3.167    1.503  
      U16256                    A ^ -> ZN v   OAI211_X2  0.116  3.283    1.619  
      U227_reg_6                D v           SDFFR_X2   0.000  3.283    1.619  
      ---------------------------------------------------------------------------
Path 85: VIOLATED Setup Check with Pin U227_reg_14/CK 
Endpoint:   U227_reg_14/D (v) checked with  leading edge of 'in_rclk'
Beginpoint: U151_reg_5/Q  (v) triggered by  leading edge of 'in_rclk'
Path Groups: {in_rclk}
Other End Arrival Time          0.000
- Setup                         0.381
+ Phase Shift                   2.000
= Required Time                 1.619
- Arrival Time                  3.283
= Slack Time                   -1.663
     Clock Rise Edge                 0.000
     + Clock Network Latency (Ideal) 0.000
     = Beginpoint Arrival Time       0.000
      ---------------------------------------------------------------------------
      Instance                  Arc           Cell       Delay  Arrival  Required  
                                                                Time     Time  
      ---------------------------------------------------------------------------
      U151_reg_5                CK ^          -          -      0.000    -1.663  
      U151_reg_5                CK ^ -> Q v   SDFFR_X2   0.367  0.367    -1.296  
      mbn_284_5__ATmdrc_i3252   A v -> Z v    BUF_X32    0.592  0.959    -0.704  
      U29017                    A1 v -> ZN ^  NAND2_X2   0.173  1.132    -0.532  
      U24344                    A ^ -> ZN v   OAI21_X2   0.096  1.228    -0.436  
      U40411                    A1 v -> ZN ^  NAND2_X2   0.209  1.437    -0.226  
      U5971                     B1 ^ -> ZN v  AOI21_X4   0.084  1.521    -0.142  
      U27378                    A v -> ZN ^   INV_X4     0.075  1.596    -0.067  
      U19327                    A2 ^ -> ZN v  NAND2_X4   0.046  1.642    -0.021  
      U6292                     A v -> ZN ^   INV_X4     0.104  1.746    0.082  
      U30045                    A ^ -> ZN v   INV_X8     0.059  1.804    0.141  
      U31685                    B1 v -> ZN ^  OAI21_X2   0.234  2.038    0.375  
      U26164                    A1 ^ -> ZN v  NAND2_X2   0.084  2.122    0.458  
      U40678                    C2 v -> ZN ^  OAI211_X2  0.242  2.364    0.701  
      U30041                    A2 ^ -> ZN v  NOR2_X4    0.089  2.454    0.790  
      U32048                    A1 v -> ZN ^  NAND2_X4   0.095  2.549    0.885  
      U18788                    A1 ^ -> ZN v  NAND2_X2   0.051  2.600    0.936  
      sbn_34823_ATmfs_i20124_2  A v -> Z v    BUF_X16    0.425  3.025    1.361  
      U40802                    A1 v -> ZN ^  NAND4_X2   0.142  3.167    1.503  
      U40867                    A ^ -> ZN v   OAI211_X2  0.116  3.283    1.619  
      U227_reg_14               D v           SDFFR_X2   0.000  3.283    1.619  
      ---------------------------------------------------------------------------
Path 86: VIOLATED Setup Check with Pin U227_reg_13/CK 
Endpoint:   U227_reg_13/D (v) checked with  leading edge of 'in_rclk'
Beginpoint: U151_reg_5/Q  (v) triggered by  leading edge of 'in_rclk'
Path Groups: {in_rclk}
Other End Arrival Time          0.000
- Setup                         0.381
+ Phase Shift                   2.000
= Required Time                 1.619
- Arrival Time                  3.283
= Slack Time                   -1.663
     Clock Rise Edge                 0.000
     + Clock Network Latency (Ideal) 0.000
     = Beginpoint Arrival Time       0.000
      ---------------------------------------------------------------------------
      Instance                  Arc           Cell       Delay  Arrival  Required  
                                                                Time     Time  
      ---------------------------------------------------------------------------
      U151_reg_5                CK ^          -          -      0.000    -1.663  
      U151_reg_5                CK ^ -> Q v   SDFFR_X2   0.367  0.367    -1.296  
      mbn_284_5__ATmdrc_i3252   A v -> Z v    BUF_X32    0.592  0.959    -0.704  
      U29017                    A1 v -> ZN ^  NAND2_X2   0.173  1.132    -0.532  
      U24344                    A ^ -> ZN v   OAI21_X2   0.096  1.228    -0.436  
      U40411                    A1 v -> ZN ^  NAND2_X2   0.209  1.437    -0.226  
      U5971                     B1 ^ -> ZN v  AOI21_X4   0.084  1.521    -0.142  
      U27378                    A v -> ZN ^   INV_X4     0.075  1.596    -0.067  
      U19327                    A2 ^ -> ZN v  NAND2_X4   0.046  1.642    -0.021  
      U6292                     A v -> ZN ^   INV_X4     0.104  1.746    0.082  
      U30045                    A ^ -> ZN v   INV_X8     0.059  1.804    0.141  
      U31685                    B1 v -> ZN ^  OAI21_X2   0.234  2.038    0.375  
      U26164                    A1 ^ -> ZN v  NAND2_X2   0.084  2.122    0.458  
      U40678                    C2 v -> ZN ^  OAI211_X2  0.242  2.364    0.701  
      U30041                    A2 ^ -> ZN v  NOR2_X4    0.089  2.454    0.790  
      U32048                    A1 v -> ZN ^  NAND2_X4   0.095  2.549    0.885  
      U18788                    A1 ^ -> ZN v  NAND2_X2   0.051  2.600    0.936  
      sbn_34823_ATmfs_i20124_2  A v -> Z v    BUF_X16    0.425  3.025    1.361  
      U26706                    A1 v -> ZN ^  NAND4_X2   0.142  3.167    1.503  
      U37990                    A ^ -> ZN v   OAI211_X2  0.116  3.283    1.619  
      U227_reg_13               D v           SDFFR_X2   0.000  3.283    1.619  
      ---------------------------------------------------------------------------
Path 87: VIOLATED Setup Check with Pin U227_reg_11/CK 
Endpoint:   U227_reg_11/D (v) checked with  leading edge of 'in_rclk'
Beginpoint: U151_reg_5/Q  (v) triggered by  leading edge of 'in_rclk'
Path Groups: {in_rclk}
Other End Arrival Time          0.000
- Setup                         0.381
+ Phase Shift                   2.000
= Required Time                 1.619
- Arrival Time                  3.283
= Slack Time                   -1.663
     Clock Rise Edge                 0.000
     + Clock Network Latency (Ideal) 0.000
     = Beginpoint Arrival Time       0.000
      ---------------------------------------------------------------------------
      Instance                  Arc           Cell       Delay  Arrival  Required  
                                                                Time     Time  
      ---------------------------------------------------------------------------
      U151_reg_5                CK ^          -          -      0.000    -1.663  
      U151_reg_5                CK ^ -> Q v   SDFFR_X2   0.367  0.367    -1.296  
      mbn_284_5__ATmdrc_i3252   A v -> Z v    BUF_X32    0.592  0.959    -0.704  
      U29017                    A1 v -> ZN ^  NAND2_X2   0.173  1.132    -0.532  
      U24344                    A ^ -> ZN v   OAI21_X2   0.096  1.228    -0.436  
      U40411                    A1 v -> ZN ^  NAND2_X2   0.209  1.437    -0.226  
      U5971                     B1 ^ -> ZN v  AOI21_X4   0.084  1.521    -0.142  
      U27378                    A v -> ZN ^   INV_X4     0.075  1.596    -0.067  
      U19327                    A2 ^ -> ZN v  NAND2_X4   0.046  1.642    -0.021  
      U6292                     A v -> ZN ^   INV_X4     0.104  1.746    0.082  
      U30045                    A ^ -> ZN v   INV_X8     0.059  1.804    0.141  
      U31685                    B1 v -> ZN ^  OAI21_X2   0.234  2.038    0.375  
      U26164                    A1 ^ -> ZN v  NAND2_X2   0.084  2.122    0.458  
      U40678                    C2 v -> ZN ^  OAI211_X2  0.242  2.364    0.701  
      U30041                    A2 ^ -> ZN v  NOR2_X4    0.089  2.454    0.790  
      U32048                    A1 v -> ZN ^  NAND2_X4   0.095  2.549    0.885  
      U18788                    A1 ^ -> ZN v  NAND2_X2   0.051  2.600    0.936  
      sbn_34823_ATmfs_i20124_2  A v -> Z v    BUF_X16    0.425  3.025    1.361  
      U29116                    A1 v -> ZN ^  NAND4_X2   0.142  3.167    1.503  
      U866                      A ^ -> ZN v   OAI211_X2  0.116  3.283    1.619  
      U227_reg_11               D v           SDFFR_X2   0.000  3.283    1.619  
      ---------------------------------------------------------------------------
Path 88: VIOLATED Setup Check with Pin U227_reg_4/CK 
Endpoint:   U227_reg_4/D (v) checked with  leading edge of 'in_rclk'
Beginpoint: U151_reg_5/Q (v) triggered by  leading edge of 'in_rclk'
Path Groups: {in_rclk}
Other End Arrival Time          0.000
- Setup                         0.381
+ Phase Shift                   2.000
= Required Time                 1.619
- Arrival Time                  3.283
= Slack Time                   -1.663
     Clock Rise Edge                 0.000
     + Clock Network Latency (Ideal) 0.000
     = Beginpoint Arrival Time       0.000
      ---------------------------------------------------------------------------
      Instance                  Arc           Cell       Delay  Arrival  Required  
                                                                Time     Time  
      ---------------------------------------------------------------------------
      U151_reg_5                CK ^          -          -      0.000    -1.663  
      U151_reg_5                CK ^ -> Q v   SDFFR_X2   0.367  0.367    -1.296  
      mbn_284_5__ATmdrc_i3252   A v -> Z v    BUF_X32    0.592  0.959    -0.704  
      U29017                    A1 v -> ZN ^  NAND2_X2   0.173  1.132    -0.532  
      U24344                    A ^ -> ZN v   OAI21_X2   0.096  1.228    -0.436  
      U40411                    A1 v -> ZN ^  NAND2_X2   0.209  1.437    -0.226  
      U5971                     B1 ^ -> ZN v  AOI21_X4   0.084  1.521    -0.142  
      U27378                    A v -> ZN ^   INV_X4     0.075  1.596    -0.067  
      U19327                    A2 ^ -> ZN v  NAND2_X4   0.046  1.642    -0.021  
      U6292                     A v -> ZN ^   INV_X4     0.104  1.746    0.082  
      U30045                    A ^ -> ZN v   INV_X8     0.059  1.804    0.141  
      U31685                    B1 v -> ZN ^  OAI21_X2   0.234  2.038    0.375  
      U26164                    A1 ^ -> ZN v  NAND2_X2   0.084  2.122    0.458  
      U40678                    C2 v -> ZN ^  OAI211_X2  0.242  2.364    0.701  
      U30041                    A2 ^ -> ZN v  NOR2_X4    0.089  2.454    0.790  
      U32048                    A1 v -> ZN ^  NAND2_X4   0.095  2.549    0.885  
      U18788                    A1 ^ -> ZN v  NAND2_X2   0.051  2.600    0.936  
      sbn_34823_ATmfs_i20124_2  A v -> Z v    BUF_X16    0.425  3.025    1.361  
      U22586                    A1 v -> ZN ^  NAND4_X2   0.142  3.167    1.503  
      U29169                    A ^ -> ZN v   OAI211_X2  0.116  3.283    1.619  
      U227_reg_4                D v           SDFFR_X2   0.000  3.283    1.619  
      ---------------------------------------------------------------------------
Path 89: VIOLATED Setup Check with Pin U227_reg_1/CK 
Endpoint:   U227_reg_1/D (v) checked with  leading edge of 'in_rclk'
Beginpoint: U151_reg_5/Q (v) triggered by  leading edge of 'in_rclk'
Path Groups: {in_rclk}
Other End Arrival Time          0.000
- Setup                         0.380
+ Phase Shift                   2.000
= Required Time                 1.620
- Arrival Time                  3.283
= Slack Time                   -1.663
     Clock Rise Edge                 0.000
     + Clock Network Latency (Ideal) 0.000
     = Beginpoint Arrival Time       0.000
      ---------------------------------------------------------------------------
      Instance                  Arc           Cell       Delay  Arrival  Required  
                                                                Time     Time  
      ---------------------------------------------------------------------------
      U151_reg_5                CK ^          -          -      0.000    -1.663  
      U151_reg_5                CK ^ -> Q v   SDFFR_X2   0.367  0.367    -1.296  
      mbn_284_5__ATmdrc_i3252   A v -> Z v    BUF_X32    0.592  0.959    -0.704  
      U29017                    A1 v -> ZN ^  NAND2_X2   0.173  1.132    -0.531  
      U24344                    A ^ -> ZN v   OAI21_X2   0.096  1.228    -0.435  
      U40411                    A1 v -> ZN ^  NAND2_X2   0.209  1.437    -0.226  
      U5971                     B1 ^ -> ZN v  AOI21_X4   0.084  1.521    -0.142  
      U27378                    A v -> ZN ^   INV_X4     0.075  1.596    -0.067  
      U19327                    A2 ^ -> ZN v  NAND2_X4   0.046  1.642    -0.021  
      U6292                     A v -> ZN ^   INV_X4     0.104  1.746    0.083  
      U30045                    A ^ -> ZN v   INV_X8     0.059  1.804    0.141  
      U31685                    B1 v -> ZN ^  OAI21_X2   0.234  2.038    0.375  
      U26164                    A1 ^ -> ZN v  NAND2_X2   0.084  2.122    0.459  
      U40678                    C2 v -> ZN ^  OAI211_X2  0.242  2.364    0.701  
      U30041                    A2 ^ -> ZN v  NOR2_X4    0.089  2.454    0.791  
      U32048                    A1 v -> ZN ^  NAND2_X4   0.095  2.549    0.885  
      U18788                    A1 ^ -> ZN v  NAND2_X2   0.051  2.600    0.937  
      sbn_34823_ATmfs_i20124_2  A v -> Z v    BUF_X16    0.425  3.025    1.362  
      U19957                    A1 v -> ZN ^  NAND4_X2   0.142  3.167    1.504  
      U36347                    A ^ -> ZN v   OAI211_X2  0.116  3.283    1.620  
      U227_reg_1                D v           SDFFR_X2   0.000  3.283    1.620  
      ---------------------------------------------------------------------------
Path 90: VIOLATED Setup Check with Pin U227_reg_2/CK 
Endpoint:   U227_reg_2/D (v) checked with  leading edge of 'in_rclk'
Beginpoint: U151_reg_5/Q (v) triggered by  leading edge of 'in_rclk'
Path Groups: {in_rclk}
Other End Arrival Time          0.000
- Setup                         0.380
+ Phase Shift                   2.000
= Required Time                 1.620
- Arrival Time                  3.283
= Slack Time                   -1.663
     Clock Rise Edge                 0.000
     + Clock Network Latency (Ideal) 0.000
     = Beginpoint Arrival Time       0.000
      ---------------------------------------------------------------------------
      Instance                  Arc           Cell       Delay  Arrival  Required  
                                                                Time     Time  
      ---------------------------------------------------------------------------
      U151_reg_5                CK ^          -          -      0.000    -1.663  
      U151_reg_5                CK ^ -> Q v   SDFFR_X2   0.367  0.367    -1.296  
      mbn_284_5__ATmdrc_i3252   A v -> Z v    BUF_X32    0.592  0.959    -0.704  
      U29017                    A1 v -> ZN ^  NAND2_X2   0.173  1.132    -0.531  
      U24344                    A ^ -> ZN v   OAI21_X2   0.096  1.228    -0.435  
      U40411                    A1 v -> ZN ^  NAND2_X2   0.209  1.437    -0.226  
      U5971                     B1 ^ -> ZN v  AOI21_X4   0.084  1.521    -0.142  
      U27378                    A v -> ZN ^   INV_X4     0.075  1.596    -0.067  
      U19327                    A2 ^ -> ZN v  NAND2_X4   0.046  1.642    -0.021  
      U6292                     A v -> ZN ^   INV_X4     0.104  1.746    0.083  
      U30045                    A ^ -> ZN v   INV_X8     0.059  1.804    0.141  
      U31685                    B1 v -> ZN ^  OAI21_X2   0.234  2.038    0.375  
      U26164                    A1 ^ -> ZN v  NAND2_X2   0.084  2.122    0.459  
      U40678                    C2 v -> ZN ^  OAI211_X2  0.242  2.364    0.701  
      U30041                    A2 ^ -> ZN v  NOR2_X4    0.089  2.454    0.791  
      U32048                    A1 v -> ZN ^  NAND2_X4   0.095  2.549    0.885  
      U18788                    A1 ^ -> ZN v  NAND2_X2   0.051  2.600    0.937  
      sbn_34823_ATmfs_i20124_2  A v -> Z v    BUF_X16    0.425  3.025    1.362  
      U14370                    A1 v -> ZN ^  NAND4_X2   0.142  3.167    1.504  
      U21405                    A ^ -> ZN v   OAI211_X2  0.116  3.283    1.620  
      U227_reg_2                D v           SDFFR_X2   0.000  3.283    1.620  
      ---------------------------------------------------------------------------
Path 91: VIOLATED Setup Check with Pin U116_reg_12/CK 
Endpoint:   U116_reg_12/D (^) checked with  leading edge of 'in_rclk'
Beginpoint: U33_reg_3/QN  (^) triggered by  leading edge of 'in_rclk'
Path Groups: {in_rclk}
Other End Arrival Time          0.000
- Setup                         0.528
+ Phase Shift                   2.000
= Required Time                 1.472
- Arrival Time                  3.133
= Slack Time                   -1.662
     Clock Rise Edge                 0.000
     + Clock Network Latency (Ideal) 0.000
     = Beginpoint Arrival Time       0.000
      ---------------------------------------------------------------------------
      Instance                  Arc           Cell       Delay  Arrival  Required  
                                                                Time     Time  
      ---------------------------------------------------------------------------
      U33_reg_3                 CK ^          -          -      0.000    -1.662  
      U33_reg_3                 CK ^ -> QN ^  SDFF_X2    0.311  0.311    -1.350  
      U40839                    A ^ -> ZN v   INV_X4     0.031  0.342    -1.320  
      sbn_36393_ATmdrc_i3577    A v -> Z v    BUF_X16    0.358  0.700    -0.961  
      U39993                    A2 v -> ZN ^  NOR2_X2    0.237  0.937    -0.724  
      U23229                    A ^ -> ZN v   INV_X4     0.059  0.997    -0.665  
      U11845                    A3 v -> ZN ^  NAND3_X2   0.188  1.184    -0.477  
      U7182                     A1 ^ -> ZN v  NAND2_X4   0.097  1.281    -0.381  
      U1800                     B1 v -> ZN ^  AOI21_X2   0.161  1.442    -0.220  
      U9833                     A ^ -> ZN ^   XNOR2_X2   0.244  1.686    0.024  
      U36601                    B2 ^ -> ZN v  OAI21_X4   0.104  1.790    0.129  
      U34181                    B1 v -> ZN ^  OAI22_X2   0.277  2.068    0.406  
      U12775                    A ^ -> ZN v   INV_X4     0.061  2.129    0.467  
      U38309                    A2 v -> ZN ^  NAND2_X4   0.098  2.227    0.565  
      U5505                     B2 ^ -> ZN v  OAI21_X2   0.059  2.286    0.624  
      sbn_35971_ATgbl_i19150_1  A v -> Z v    BUF_X16    0.406  2.691    1.030  
      U15359                    A v -> ZN ^   INV_X8     0.195  2.887    1.225  
      U14129                    A2 ^ -> ZN v  NAND3_X2   0.096  2.983    1.321  
      U19803                    A v -> ZN ^   OAI211_X2  0.151  3.133    1.472  
      U116_reg_12               D ^           SDFFR_X1   0.000  3.133    1.472  
      ---------------------------------------------------------------------------
Path 92: VIOLATED Setup Check with Pin U116_reg_8/CK 
Endpoint:   U116_reg_8/D (^) checked with  leading edge of 'in_rclk'
Beginpoint: U33_reg_3/QN (^) triggered by  leading edge of 'in_rclk'
Path Groups: {in_rclk}
Other End Arrival Time          0.000
- Setup                         0.528
+ Phase Shift                   2.000
= Required Time                 1.472
- Arrival Time                  3.133
= Slack Time                   -1.662
     Clock Rise Edge                 0.000
     + Clock Network Latency (Ideal) 0.000
     = Beginpoint Arrival Time       0.000
      ---------------------------------------------------------------------------
      Instance                  Arc           Cell       Delay  Arrival  Required  
                                                                Time     Time  
      ---------------------------------------------------------------------------
      U33_reg_3                 CK ^          -          -      0.000    -1.662  
      U33_reg_3                 CK ^ -> QN ^  SDFF_X2    0.311  0.311    -1.350  
      U40839                    A ^ -> ZN v   INV_X4     0.031  0.342    -1.320  
      sbn_36393_ATmdrc_i3577    A v -> Z v    BUF_X16    0.358  0.700    -0.961  
      U39993                    A2 v -> ZN ^  NOR2_X2    0.237  0.937    -0.724  
      U23229                    A ^ -> ZN v   INV_X4     0.059  0.997    -0.665  
      U11845                    A3 v -> ZN ^  NAND3_X2   0.188  1.184    -0.477  
      U7182                     A1 ^ -> ZN v  NAND2_X4   0.097  1.281    -0.381  
      U1800                     B1 v -> ZN ^  AOI21_X2   0.161  1.442    -0.220  
      U9833                     A ^ -> ZN ^   XNOR2_X2   0.244  1.686    0.024  
      U36601                    B2 ^ -> ZN v  OAI21_X4   0.104  1.790    0.129  
      U34181                    B1 v -> ZN ^  OAI22_X2   0.277  2.068    0.406  
      U12775                    A ^ -> ZN v   INV_X4     0.061  2.129    0.467  
      U38309                    A2 v -> ZN ^  NAND2_X4   0.098  2.227    0.565  
      U5505                     B2 ^ -> ZN v  OAI21_X2   0.059  2.286    0.624  
      sbn_35971_ATgbl_i19150_1  A v -> Z v    BUF_X16    0.406  2.691    1.030  
      U15359                    A v -> ZN ^   INV_X8     0.195  2.887    1.225  
      U19576                    A2 ^ -> ZN v  NAND3_X2   0.096  2.983    1.321  
      U30957                    A v -> ZN ^   OAI211_X2  0.151  3.133    1.472  
      U116_reg_8                D ^           SDFFR_X1   0.000  3.133    1.472  
      ---------------------------------------------------------------------------
Path 93: VIOLATED Setup Check with Pin U116_reg_9/CK 
Endpoint:   U116_reg_9/D (^) checked with  leading edge of 'in_rclk'
Beginpoint: U33_reg_3/QN (^) triggered by  leading edge of 'in_rclk'
Path Groups: {in_rclk}
Other End Arrival Time          0.000
- Setup                         0.528
+ Phase Shift                   2.000
= Required Time                 1.472
- Arrival Time                  3.133
= Slack Time                   -1.661
     Clock Rise Edge                 0.000
     + Clock Network Latency (Ideal) 0.000
     = Beginpoint Arrival Time       0.000
      ---------------------------------------------------------------------------
      Instance                  Arc           Cell       Delay  Arrival  Required  
                                                                Time     Time  
      ---------------------------------------------------------------------------
      U33_reg_3                 CK ^          -          -      0.000    -1.661  
      U33_reg_3                 CK ^ -> QN ^  SDFF_X2    0.311  0.311    -1.350  
      U40839                    A ^ -> ZN v   INV_X4     0.031  0.342    -1.320  
      sbn_36393_ATmdrc_i3577    A v -> Z v    BUF_X16    0.358  0.700    -0.961  
      U39993                    A2 v -> ZN ^  NOR2_X2    0.237  0.937    -0.724  
      U23229                    A ^ -> ZN v   INV_X4     0.059  0.997    -0.665  
      U11845                    A3 v -> ZN ^  NAND3_X2   0.188  1.184    -0.477  
      U7182                     A1 ^ -> ZN v  NAND2_X4   0.097  1.281    -0.381  
      U1800                     B1 v -> ZN ^  AOI21_X2   0.161  1.442    -0.219  
      U9833                     A ^ -> ZN ^   XNOR2_X2   0.244  1.686    0.025  
      U36601                    B2 ^ -> ZN v  OAI21_X4   0.104  1.790    0.129  
      U34181                    B1 v -> ZN ^  OAI22_X2   0.277  2.068    0.406  
      U12775                    A ^ -> ZN v   INV_X4     0.061  2.129    0.467  
      U38309                    A2 v -> ZN ^  NAND2_X4   0.098  2.227    0.566  
      U5505                     B2 ^ -> ZN v  OAI21_X2   0.059  2.286    0.624  
      sbn_35971_ATgbl_i19150_1  A v -> Z v    BUF_X16    0.406  2.691    1.030  
      U15359                    A v -> ZN ^   INV_X8     0.195  2.887    1.225  
      U34522                    A2 ^ -> ZN v  NAND3_X2   0.096  2.983    1.321  
      U34732                    A v -> ZN ^   OAI211_X2  0.150  3.133    1.472  
      U116_reg_9                D ^           SDFFR_X2   0.000  3.133    1.472  
      ---------------------------------------------------------------------------
Path 94: VIOLATED Setup Check with Pin U116_reg_7/CK 
Endpoint:   U116_reg_7/D (^) checked with  leading edge of 'in_rclk'
Beginpoint: U33_reg_3/QN (^) triggered by  leading edge of 'in_rclk'
Path Groups: {in_rclk}
Other End Arrival Time          0.000
- Setup                         0.528
+ Phase Shift                   2.000
= Required Time                 1.472
- Arrival Time                  3.133
= Slack Time                   -1.661
     Clock Rise Edge                 0.000
     + Clock Network Latency (Ideal) 0.000
     = Beginpoint Arrival Time       0.000
      ---------------------------------------------------------------------------
      Instance                  Arc           Cell       Delay  Arrival  Required  
                                                                Time     Time  
      ---------------------------------------------------------------------------
      U33_reg_3                 CK ^          -          -      0.000    -1.661  
      U33_reg_3                 CK ^ -> QN ^  SDFF_X2    0.311  0.311    -1.350  
      U40839                    A ^ -> ZN v   INV_X4     0.031  0.342    -1.319  
      sbn_36393_ATmdrc_i3577    A v -> Z v    BUF_X16    0.358  0.700    -0.961  
      U39993                    A2 v -> ZN ^  NOR2_X2    0.237  0.937    -0.724  
      U23229                    A ^ -> ZN v   INV_X4     0.059  0.997    -0.665  
      U11845                    A3 v -> ZN ^  NAND3_X2   0.188  1.184    -0.477  
      U7182                     A1 ^ -> ZN v  NAND2_X4   0.097  1.281    -0.381  
      U1800                     B1 v -> ZN ^  AOI21_X2   0.161  1.442    -0.219  
      U9833                     A ^ -> ZN ^   XNOR2_X2   0.244  1.686    0.025  
      U36601                    B2 ^ -> ZN v  OAI21_X4   0.104  1.790    0.129  
      U34181                    B1 v -> ZN ^  OAI22_X2   0.277  2.068    0.406  
      U12775                    A ^ -> ZN v   INV_X4     0.061  2.129    0.467  
      U38309                    A2 v -> ZN ^  NAND2_X4   0.098  2.227    0.566  
      U5505                     B2 ^ -> ZN v  OAI21_X2   0.059  2.286    0.624  
      sbn_35971_ATgbl_i19150_1  A v -> Z v    BUF_X16    0.406  2.691    1.030  
      U15359                    A v -> ZN ^   INV_X8     0.195  2.887    1.225  
      U31846                    A2 ^ -> ZN v  NAND3_X2   0.096  2.983    1.321  
      U26085                    A v -> ZN ^   OAI211_X2  0.150  3.133    1.472  
      U116_reg_7                D ^           SDFFR_X2   0.000  3.133    1.472  
      ---------------------------------------------------------------------------
Path 95: VIOLATED Setup Check with Pin U116_reg_1/CK 
Endpoint:   U116_reg_1/D (^) checked with  leading edge of 'in_rclk'
Beginpoint: U33_reg_3/QN (^) triggered by  leading edge of 'in_rclk'
Path Groups: {in_rclk}
Other End Arrival Time          0.000
- Setup                         0.528
+ Phase Shift                   2.000
= Required Time                 1.472
- Arrival Time                  3.133
= Slack Time                   -1.661
     Clock Rise Edge                 0.000
     + Clock Network Latency (Ideal) 0.000
     = Beginpoint Arrival Time       0.000
      ---------------------------------------------------------------------------
      Instance                  Arc           Cell       Delay  Arrival  Required  
                                                                Time     Time  
      ---------------------------------------------------------------------------
      U33_reg_3                 CK ^          -          -      0.000    -1.661  
      U33_reg_3                 CK ^ -> QN ^  SDFF_X2    0.311  0.311    -1.350  
      U40839                    A ^ -> ZN v   INV_X4     0.031  0.342    -1.319  
      sbn_36393_ATmdrc_i3577    A v -> Z v    BUF_X16    0.358  0.700    -0.961  
      U39993                    A2 v -> ZN ^  NOR2_X2    0.237  0.937    -0.724  
      U23229                    A ^ -> ZN v   INV_X4     0.059  0.997    -0.665  
      U11845                    A3 v -> ZN ^  NAND3_X2   0.188  1.184    -0.477  
      U7182                     A1 ^ -> ZN v  NAND2_X4   0.097  1.281    -0.381  
      U1800                     B1 v -> ZN ^  AOI21_X2   0.161  1.442    -0.219  
      U9833                     A ^ -> ZN ^   XNOR2_X2   0.244  1.686    0.025  
      U36601                    B2 ^ -> ZN v  OAI21_X4   0.104  1.790    0.129  
      U34181                    B1 v -> ZN ^  OAI22_X2   0.277  2.068    0.406  
      U12775                    A ^ -> ZN v   INV_X4     0.061  2.129    0.467  
      U38309                    A2 v -> ZN ^  NAND2_X4   0.098  2.227    0.566  
      U5505                     B2 ^ -> ZN v  OAI21_X2   0.059  2.286    0.624  
      sbn_35971_ATgbl_i19150_1  A v -> Z v    BUF_X16    0.406  2.691    1.030  
      U15359                    A v -> ZN ^   INV_X8     0.195  2.887    1.225  
      U16634                    A2 ^ -> ZN v  NAND3_X2   0.096  2.983    1.321  
      U28332                    A v -> ZN ^   OAI211_X2  0.150  3.133    1.472  
      U116_reg_1                D ^           SDFFR_X2   0.000  3.133    1.472  
      ---------------------------------------------------------------------------
Path 96: VIOLATED Setup Check with Pin U116_reg_3/CK 
Endpoint:   U116_reg_3/D (^) checked with  leading edge of 'in_rclk'
Beginpoint: U33_reg_3/QN (^) triggered by  leading edge of 'in_rclk'
Path Groups: {in_rclk}
Other End Arrival Time          0.000
- Setup                         0.528
+ Phase Shift                   2.000
= Required Time                 1.472
- Arrival Time                  3.133
= Slack Time                   -1.661
     Clock Rise Edge                 0.000
     + Clock Network Latency (Ideal) 0.000
     = Beginpoint Arrival Time       0.000
      ---------------------------------------------------------------------------
      Instance                  Arc           Cell       Delay  Arrival  Required  
                                                                Time     Time  
      ---------------------------------------------------------------------------
      U33_reg_3                 CK ^          -          -      0.000    -1.661  
      U33_reg_3                 CK ^ -> QN ^  SDFF_X2    0.311  0.311    -1.350  
      U40839                    A ^ -> ZN v   INV_X4     0.031  0.342    -1.319  
      sbn_36393_ATmdrc_i3577    A v -> Z v    BUF_X16    0.358  0.700    -0.961  
      U39993                    A2 v -> ZN ^  NOR2_X2    0.237  0.937    -0.724  
      U23229                    A ^ -> ZN v   INV_X4     0.059  0.997    -0.665  
      U11845                    A3 v -> ZN ^  NAND3_X2   0.188  1.184    -0.477  
      U7182                     A1 ^ -> ZN v  NAND2_X4   0.097  1.281    -0.381  
      U1800                     B1 v -> ZN ^  AOI21_X2   0.161  1.442    -0.219  
      U9833                     A ^ -> ZN ^   XNOR2_X2   0.244  1.686    0.025  
      U36601                    B2 ^ -> ZN v  OAI21_X4   0.104  1.790    0.129  
      U34181                    B1 v -> ZN ^  OAI22_X2   0.277  2.068    0.406  
      U12775                    A ^ -> ZN v   INV_X4     0.061  2.129    0.467  
      U38309                    A2 v -> ZN ^  NAND2_X4   0.098  2.227    0.566  
      U5505                     B2 ^ -> ZN v  OAI21_X2   0.059  2.286    0.624  
      sbn_35971_ATgbl_i19150_1  A v -> Z v    BUF_X16    0.406  2.691    1.030  
      U15359                    A v -> ZN ^   INV_X8     0.195  2.887    1.225  
      U38                       A2 ^ -> ZN v  NAND3_X2   0.096  2.983    1.321  
      U39554                    A v -> ZN ^   OAI211_X2  0.150  3.133    1.472  
      U116_reg_3                D ^           SDFFR_X2   0.000  3.133    1.472  
      ---------------------------------------------------------------------------
Path 97: VIOLATED Setup Check with Pin U116_reg_2/CK 
Endpoint:   U116_reg_2/D (^) checked with  leading edge of 'in_rclk'
Beginpoint: U33_reg_3/QN (^) triggered by  leading edge of 'in_rclk'
Path Groups: {in_rclk}
Other End Arrival Time          0.000
- Setup                         0.528
+ Phase Shift                   2.000
= Required Time                 1.472
- Arrival Time                  3.133
= Slack Time                   -1.661
     Clock Rise Edge                 0.000
     + Clock Network Latency (Ideal) 0.000
     = Beginpoint Arrival Time       0.000
      ---------------------------------------------------------------------------
      Instance                  Arc           Cell       Delay  Arrival  Required  
                                                                Time     Time  
      ---------------------------------------------------------------------------
      U33_reg_3                 CK ^          -          -      0.000    -1.661  
      U33_reg_3                 CK ^ -> QN ^  SDFF_X2    0.311  0.311    -1.350  
      U40839                    A ^ -> ZN v   INV_X4     0.031  0.342    -1.319  
      sbn_36393_ATmdrc_i3577    A v -> Z v    BUF_X16    0.358  0.700    -0.961  
      U39993                    A2 v -> ZN ^  NOR2_X2    0.237  0.937    -0.724  
      U23229                    A ^ -> ZN v   INV_X4     0.059  0.997    -0.665  
      U11845                    A3 v -> ZN ^  NAND3_X2   0.188  1.184    -0.477  
      U7182                     A1 ^ -> ZN v  NAND2_X4   0.097  1.281    -0.381  
      U1800                     B1 v -> ZN ^  AOI21_X2   0.161  1.442    -0.219  
      U9833                     A ^ -> ZN ^   XNOR2_X2   0.244  1.686    0.025  
      U36601                    B2 ^ -> ZN v  OAI21_X4   0.104  1.790    0.129  
      U34181                    B1 v -> ZN ^  OAI22_X2   0.277  2.068    0.406  
      U12775                    A ^ -> ZN v   INV_X4     0.061  2.129    0.467  
      U38309                    A2 v -> ZN ^  NAND2_X4   0.098  2.227    0.566  
      U5505                     B2 ^ -> ZN v  OAI21_X2   0.059  2.286    0.624  
      sbn_35971_ATgbl_i19150_1  A v -> Z v    BUF_X16    0.406  2.691    1.030  
      U15359                    A v -> ZN ^   INV_X8     0.195  2.887    1.225  
      U9367                     A2 ^ -> ZN v  NAND3_X2   0.096  2.983    1.321  
      U23249                    A v -> ZN ^   OAI211_X2  0.150  3.133    1.472  
      U116_reg_2                D ^           SDFFR_X2   0.000  3.133    1.472  
      ---------------------------------------------------------------------------
Path 98: VIOLATED Setup Check with Pin U116_reg_4/CK 
Endpoint:   U116_reg_4/D (^) checked with  leading edge of 'in_rclk'
Beginpoint: U33_reg_3/QN (^) triggered by  leading edge of 'in_rclk'
Path Groups: {in_rclk}
Other End Arrival Time          0.000
- Setup                         0.528
+ Phase Shift                   2.000
= Required Time                 1.472
- Arrival Time                  3.133
= Slack Time                   -1.661
     Clock Rise Edge                 0.000
     + Clock Network Latency (Ideal) 0.000
     = Beginpoint Arrival Time       0.000
      ---------------------------------------------------------------------------
      Instance                  Arc           Cell       Delay  Arrival  Required  
                                                                Time     Time  
      ---------------------------------------------------------------------------
      U33_reg_3                 CK ^          -          -      0.000    -1.661  
      U33_reg_3                 CK ^ -> QN ^  SDFF_X2    0.311  0.311    -1.350  
      U40839                    A ^ -> ZN v   INV_X4     0.031  0.342    -1.319  
      sbn_36393_ATmdrc_i3577    A v -> Z v    BUF_X16    0.358  0.700    -0.961  
      U39993                    A2 v -> ZN ^  NOR2_X2    0.237  0.937    -0.724  
      U23229                    A ^ -> ZN v   INV_X4     0.059  0.997    -0.665  
      U11845                    A3 v -> ZN ^  NAND3_X2   0.188  1.184    -0.477  
      U7182                     A1 ^ -> ZN v  NAND2_X4   0.097  1.281    -0.381  
      U1800                     B1 v -> ZN ^  AOI21_X2   0.161  1.442    -0.219  
      U9833                     A ^ -> ZN ^   XNOR2_X2   0.244  1.686    0.025  
      U36601                    B2 ^ -> ZN v  OAI21_X4   0.104  1.790    0.129  
      U34181                    B1 v -> ZN ^  OAI22_X2   0.277  2.068    0.406  
      U12775                    A ^ -> ZN v   INV_X4     0.061  2.129    0.467  
      U38309                    A2 v -> ZN ^  NAND2_X4   0.098  2.227    0.566  
      U5505                     B2 ^ -> ZN v  OAI21_X2   0.059  2.286    0.624  
      sbn_35971_ATgbl_i19150_1  A v -> Z v    BUF_X16    0.406  2.691    1.030  
      U15359                    A v -> ZN ^   INV_X8     0.195  2.887    1.225  
      U12298                    A2 ^ -> ZN v  NAND3_X2   0.096  2.983    1.321  
      U2137                     A v -> ZN ^   OAI211_X2  0.150  3.133    1.472  
      U116_reg_4                D ^           SDFFR_X2   0.000  3.133    1.472  
      ---------------------------------------------------------------------------
Path 99: VIOLATED Setup Check with Pin U116_reg_6/CK 
Endpoint:   U116_reg_6/D (^) checked with  leading edge of 'in_rclk'
Beginpoint: U33_reg_3/QN (^) triggered by  leading edge of 'in_rclk'
Path Groups: {in_rclk}
Other End Arrival Time          0.000
- Setup                         0.528
+ Phase Shift                   2.000
= Required Time                 1.472
- Arrival Time                  3.133
= Slack Time                   -1.661
     Clock Rise Edge                 0.000
     + Clock Network Latency (Ideal) 0.000
     = Beginpoint Arrival Time       0.000
      ---------------------------------------------------------------------------
      Instance                  Arc           Cell       Delay  Arrival  Required  
                                                                Time     Time  
      ---------------------------------------------------------------------------
      U33_reg_3                 CK ^          -          -      0.000    -1.661  
      U33_reg_3                 CK ^ -> QN ^  SDFF_X2    0.311  0.311    -1.350  
      U40839                    A ^ -> ZN v   INV_X4     0.031  0.342    -1.319  
      sbn_36393_ATmdrc_i3577    A v -> Z v    BUF_X16    0.358  0.700    -0.961  
      U39993                    A2 v -> ZN ^  NOR2_X2    0.237  0.937    -0.724  
      U23229                    A ^ -> ZN v   INV_X4     0.059  0.997    -0.665  
      U11845                    A3 v -> ZN ^  NAND3_X2   0.188  1.184    -0.477  
      U7182                     A1 ^ -> ZN v  NAND2_X4   0.097  1.281    -0.381  
      U1800                     B1 v -> ZN ^  AOI21_X2   0.161  1.442    -0.219  
      U9833                     A ^ -> ZN ^   XNOR2_X2   0.244  1.686    0.025  
      U36601                    B2 ^ -> ZN v  OAI21_X4   0.104  1.790    0.129  
      U34181                    B1 v -> ZN ^  OAI22_X2   0.277  2.068    0.406  
      U12775                    A ^ -> ZN v   INV_X4     0.061  2.129    0.467  
      U38309                    A2 v -> ZN ^  NAND2_X4   0.098  2.227    0.566  
      U5505                     B2 ^ -> ZN v  OAI21_X2   0.059  2.286    0.624  
      sbn_35971_ATgbl_i19150_1  A v -> Z v    BUF_X16    0.406  2.691    1.030  
      U15359                    A v -> ZN ^   INV_X8     0.195  2.887    1.225  
      U39143                    A2 ^ -> ZN v  NAND3_X2   0.096  2.983    1.321  
      U36697                    A v -> ZN ^   OAI211_X2  0.150  3.133    1.472  
      U116_reg_6                D ^           SDFFR_X2   0.000  3.133    1.472  
      ---------------------------------------------------------------------------
Path 100: VIOLATED Setup Check with Pin U116_reg_5/CK 
Endpoint:   U116_reg_5/D (^) checked with  leading edge of 'in_rclk'
Beginpoint: U33_reg_3/QN (^) triggered by  leading edge of 'in_rclk'
Path Groups: {in_rclk}
Other End Arrival Time          0.000
- Setup                         0.528
+ Phase Shift                   2.000
= Required Time                 1.472
- Arrival Time                  3.133
= Slack Time                   -1.661
     Clock Rise Edge                 0.000
     + Clock Network Latency (Ideal) 0.000
     = Beginpoint Arrival Time       0.000
      ---------------------------------------------------------------------------
      Instance                  Arc           Cell       Delay  Arrival  Required  
                                                                Time     Time  
      ---------------------------------------------------------------------------
      U33_reg_3                 CK ^          -          -      0.000    -1.661  
      U33_reg_3                 CK ^ -> QN ^  SDFF_X2    0.311  0.311    -1.350  
      U40839                    A ^ -> ZN v   INV_X4     0.031  0.342    -1.319  
      sbn_36393_ATmdrc_i3577    A v -> Z v    BUF_X16    0.358  0.700    -0.961  
      U39993                    A2 v -> ZN ^  NOR2_X2    0.237  0.937    -0.724  
      U23229                    A ^ -> ZN v   INV_X4     0.059  0.997    -0.665  
      U11845                    A3 v -> ZN ^  NAND3_X2   0.188  1.184    -0.477  
      U7182                     A1 ^ -> ZN v  NAND2_X4   0.097  1.281    -0.381  
      U1800                     B1 v -> ZN ^  AOI21_X2   0.161  1.442    -0.219  
      U9833                     A ^ -> ZN ^   XNOR2_X2   0.244  1.686    0.025  
      U36601                    B2 ^ -> ZN v  OAI21_X4   0.104  1.790    0.129  
      U34181                    B1 v -> ZN ^  OAI22_X2   0.277  2.068    0.406  
      U12775                    A ^ -> ZN v   INV_X4     0.061  2.129    0.467  
      U38309                    A2 v -> ZN ^  NAND2_X4   0.098  2.227    0.566  
      U5505                     B2 ^ -> ZN v  OAI21_X2   0.059  2.286    0.624  
      sbn_35971_ATgbl_i19150_1  A v -> Z v    BUF_X16    0.406  2.691    1.030  
      U15359                    A v -> ZN ^   INV_X8     0.195  2.887    1.225  
      U5865                     A2 ^ -> ZN v  NAND3_X2   0.096  2.983    1.321  
      U11696                    A v -> ZN ^   OAI211_X2  0.150  3.133    1.472  
      U116_reg_5                D ^           SDFFR_X2   0.000  3.133    1.472  
      ---------------------------------------------------------------------------

